id,current_title,current_date,status,result_bucket,final_decision,proposed_title,proposed_date_iso,confidence,evidence_level,recommendation,reasoning_short,delete_reason
a48bbd06-c46f-455e-9e40-5998d815f3f4,Première attribution du Prix Goncourt,1901-12-01,DISPUTED_DATE,date_disputee,REVIEW,,1903-12-21,0.9,A,Mettre à jour la date avec le 21 décembre 1903 et vérifier la description pour assurer la cohérence.,Wikipédia et Wikidata indiquent que la première attribution du Prix Goncourt a eu lieu le 21 décembre 1903. La description doit être mise à jour en conséquence.,
6ce54a90-a8cf-4704-b0b9-c0b77f798e18,Shakespeare écrit Hamlet,1601-01-01,DISPUTED_DATE,date_disputee,REVIEW,Publication d'Hamlet,1603-01-01,0.7,B,Vérifier si d'autres publications ont eu lieu avant 1603 et ajuster la date en conséquence.,La date de publication la plus communément admise est 1603. Le titre est plus précis que l'écriture.,
422d0fa7-49ce-4776-88e1-5a384c474ddc,Fondation de l' abbaye de Cluny par Guillaume le Pieux,0909-01-01,DISPUTED_DATE,date_disputee,REVIEW,Fondation de l'abbaye de Cluny,0909-01-01,0.8,B,"Conserver la date de 909 comme date de fondation, mais mentionner l'incertitude avec 910 dans la description détaillée.","Le titre est amélioré en supprimant la mention de Guillaume le Pieux, car l'événement principal est la fondation de l'abbaye. La date de 909 est retenue comme date de fondation, bien qu'il existe une incertitude avec 910. Plusieurs sources mentionnent 909 ou 910.",
8b231105-86c5-4ae1-a7f4-5008c9b6cd2a,Création du Parc national de la Vanoise,1964-08-22,DISPUTED_DATE,date_disputee,REVIEW,,1963-07-06,0.9,A,Mettre à jour la date avec la date la plus précise disponible sur Wikidata.,"Wikidata indique la date de création au 6 juillet 1963. L'article Wikipédia en français ne donne pas de date précise, mais l'article en anglais indique que le premier parc national a été créé en 1963.",
1bd4b610-4b8d-4fc4-904f-e76895f60efd,Siège,0885-01-01,AMBIGUOUS_TITLE,titre_ambigu_ou_collision,REVIEW,Siège de Paris (885-886),0885-01-01,0.9,A,Mettre à jour le titre pour inclure la période du siège et conserver la date de début.,Le titre actuel est trop vague. La description indique un siège de Paris qui s'étend sur deux années. Le titre doit être plus précis et la date doit correspondre au début du siège.,
90ce3870-3e7d-4349-8fab-66fca7442f1c,Premières batailles entre Francs et Normands,0804-01-01,AMBIGUOUS_TITLE,titre_ambigu_ou_collision,REVIEW,Raids Vikings en Gaule,0804-01-01,0.8,B,"Vérifier si l'on peut identifier un raid spécifique en 804 pour singulariser l'événement. Sinon, considérer une formulation plus générale.",Le titre initial est trop vague. 'Raids Vikings en Gaule' est plus précis et correspond à la description. L'année 804 est mentionnée dans la description comme le début de ces raids.,
7a142d9d-89a5-4997-ae9b-9144caf558ab,Charles de Basse-Lorraine,0991-01-01,DISPUTED_DATE,date_disputee,REVIEW,,0991-06-12,0.8,B,"Mettre à jour la date de l'événement avec la date de décès de Charles de Basse-Lorraine, soit le 12 juin 991.","La description mentionne la capture en 991. L'article Wikipédia indique une mort le 12 juin 991. Wikidata donne des dates de décès différentes (992 et 993). Je privilégie la date de décès donnée par Wikipédia, car elle est plus précise et cohérente avec la capture en 991.",
14809096-67aa-421d-b011-941519b7cdfd,Achèvement du temple Ginkaku-ji à Kyoto,1498-01-01,DISPUTED_DATE,date_disputee,REVIEW,,,0.5,C,Rechercher des sources supplémentaires pour confirmer la date d'achèvement du temple Ginkaku-ji.,La date d'achèvement est incertaine. Wikidata indique des dates d'inception en 1465 et 1490. La date de 1498 n'est pas confirmée.,
fa26be3c-8d68-4313-acc6-a0c84390914f,"Mort d’Alfred le Grand, roi de Wessex",0899-01-01,DISPUTED_DATE,date_disputee,REVIEW,Mort d'Alfred le Grand,0899-10-26,0.9,A,Mettre à jour la date de l'événement avec la date précise du 26 octobre 899 et simplifier le titre.,La date du 26 octobre 899 est la plus précise et est confirmée par Wikipédia et Wikidata.,
423c7721-87a2-4ac3-ba08-42cac0ee3e7f,Le 'canular de l'homme de Piltdown',1912-01-01,DISPUTED_DATE,date_disputee,REVIEW,,,1,A,Aucune modification nécessaire.,Le titre et la date sont corrects et cohérents avec la description. L'événement est bien documenté et le titre est clair.,
01fd7b3a-12f9-40ae-ad19-7e3af9875f77,Ouverture du Musée de l’Homme,1938-01-01,DISPUTED_DATE,date_disputee,REVIEW,,1937-01-01,0.9,A,"Mettre à jour la date avec 1937-01-01, date d'inception selon Wikidata et Wikipedia.","Wikidata indique 1937 comme date d'inception du musée. L'article Wikipédia confirme l'installation en 1937. Il est probable que l'ouverture au public ait eu lieu plus tard, mais l'inception est bien en 1937.",
7a4815b7-a011-4e18-8296-fc9757be5b9b,Construction du Palais de Topkapi à Constantinople,1465-01-01,DISPUTED_DATE,date_disputee,REVIEW,,,0.5,C,Investigate further sources to determine the most accurate year for the start of construction. Consider using a broader date range if a single year cannot be definitively established.,"The exact year of construction is disputed between 1459, 1460, 1465 and 1475. Further investigation is needed to determine the most accurate date.",
3864230e-c62d-40cd-bba5-ad3bf40df4c2,Guerre de la vache,1303-01-01,DISPUTED_DATE,date_disputee,REVIEW,,1275-01-01,0.9,A,"Mettre à jour la date avec 1275-01-01. L'événement est une période, pas un événement singulier.",La date actuelle (1303) est incorrecte. Les sources indiquent que la Guerre de la Vache s'est déroulée entre 1275 et 1280. On prend 1275 comme date de début.,
0a2255ae-f6a7-485e-932f-7300d729e74e,Création de la Société Royale de Médecine,1776-01-01,DISPUTED_DATE,date_disputee,REVIEW,,1778-01-01,1,A,Mettre à jour la date de création de la Société Royale de Médecine à 1778-01-01.,La date de création de la Société Royale de Médecine est 1778 selon Wikipédia et Wikidata. La description est cohérente avec cette date.,
dcf7029a-124c-44d1-b070-1dbe112993d3,Conversion de Clovis,0498-12-25,DISPUTED_DATE,date_disputee,REVIEW,,,0.9,A,"Remplacer la date par 0498 ou 0499, ou indiquer que la date est incertaine.","La date de la conversion de Clovis est incertaine. Les sources indiquent que la date la plus probable est 498 ou 499, mais d'autres dates sont possibles. Il est préférable de ne pas préciser la date exacte dans la base de données.",
63624f79-66c8-4b4c-97cd-ee142a1683ac,Début de la construction du château de Bran,1377-01-01,DISPUTED_DATE,date_disputee,REVIEW,,1289-01-01,0.8,B,Mettre à jour la date de début de construction du château de Bran avec 1289.,"Wikidata indique 1289 comme date de début de construction. L'article Wikipedia ne donne pas d'année précise, mais mentionne une construction par les chevaliers Teutoniques au début du XIIIe siècle. 1289 est donc une date plus probable que 1377.",
af061fbf-abc7-462e-9513-079556cf4172,Inauguration du Musée d'Art Moderne de Lille Métropole,1974-01-01,DISPUTED_DATE,date_disputee,REVIEW,,1983-01-01,0.9,A,"Mettre à jour la date de l'inauguration avec la date de 1983, confirmée par plusieurs sources.","Wikipédia et Wikidata indiquent l'inauguration en 1983, contredisant la date actuelle de 1974. La description est cohérente avec l'inauguration en 1983.",
81f59240-be5b-4cc1-bfa6-3a2c13a67f55,Début de la prédication de Luther et des 95 thèses,1517-01-01,DISPUTED_DATE,date_disputee,REVIEW,Publication des 95 thèses,1517-10-31,0.9,A,Mettre à jour le titre et la date avec les valeurs proposées.,La date du 31 octobre 1517 est largement acceptée pour la publication des 95 thèses. Le titre est plus concis et standard.,
8ed1af99-f299-42bf-8600-8ecaf88d669b,Peary au pôle Nord,1909-01-01,DISPUTED_DATE,date_disputee,REVIEW,Revendication de Robert Peary d'avoir atteint le pôle Nord,1909-01-01,0.9,A,Vérifier si d'autres sources confirment la date exacte et la nature controversée de la revendication.,Le titre actuel est trop simple et ne reflète pas la controverse. Le titre proposé est plus précis et correspond à la description. La date est conservée car elle est mentionnée dans la description.,
74cab55a-0fe8-44ae-ae21-0f3808675002,Lois Jim Crow (États-Unis),1877-01-01,POTENTIAL_DATE_ERROR,divergence_date,REVIEW,,,1,A,Supprimer l'entrée car elle décrit une période historique et non un événement ponctuel.,Les lois Jim Crow représentent une période de ségrégation et non un événement unique. La description et les sources confirment qu'il s'agit d'une série de lois appliquées sur plusieurs années.,L'événement décrit une période et non un événement ponctuel. Il s'agit d'un ensemble de lois promulguées sur une longue durée.
4e675bbc-17a9-4d1e-9472-c82081437717,Naissance d'Armand d'Athos,1615-01-01,DISPUTED_DATE,date_disputee,REVIEW,,,0.5,C,Vérifier les sources primaires pour déterminer la date de naissance exacte d'Armand de Sillègue d'Athos d'Hauteville.,"La date de naissance d'Armand d'Athos est incertaine (Wikidata: 1599, Wikipedia: 1615). Nécessite une vérification plus approfondie des sources primaires.",
02ffabbd-1ff2-4476-825b-4eed0edc0933,Ouverture du Taipei 101,2004-01-01,DISPUTED_DATE,date_disputee,REVIEW,,2004-12-31,0.8,B,"Mettre à jour la date au 31 décembre 2004, car c'est une date plausible compte tenu des informations disponibles.","Wikipédia mentionne que le Taipei 101 était le plus grand gratte-ciel du monde de 2004 à 2010. Wikidata indique une date d'inception au 31 décembre 2005. Cependant, d'autres sources suggèrent une ouverture fin 2004. On va retenir fin 2004.",
5e7bce44-ad2d-4393-b1f0-43d9a016be0e,Mort de Gengis Khan,1227-01-01,DISPUTED_DATE,date_disputee,REVIEW,,1227-08-00,0.8,B,Mettre à jour la date au mois d'août 1227.,"La date exacte du décès de Gengis Khan est incertaine, mais les sources s'accordent sur le mois d'août 1227. On peut donc proposer une date au mois près.",
badb8edc-93e7-4754-bb6d-e37be77dcf5a,Début de la christianisation de l’Irlande par saint Patrick,0432-01-01,DISPUTED_DATE,date_disputee,REVIEW,Christianisation de l'Irlande,,0.6,C,"Indiquer une période plus large pour la date, par exemple le Ve siècle, ou laisser la date vide.",La date exacte du début de la christianisation de l'Irlande par Saint Patrick est incertaine. Le titre est simplifié pour être plus générique et sans date. La description reste cohérente avec le titre modifié.,
33f54e0d-3f1f-4fb6-9b00-ff452b4c5c0b,Seconde Guerre de l'Opium,1856-01-01,POTENTIAL_DATE_ERROR,divergence_date,REVIEW,,,1,A,Supprimer l'événement car il s'agit d'une période et non d'un événement ponctuel.,La Seconde Guerre de l'Opium est un conflit qui s'est déroulé de 1856 à 1860. On ne peut donc pas lui attribuer une date précise.,"L'événement s'étend sur plusieurs années, ce qui rend impossible de lui attribuer une date unique. Il ne s'agit pas d'un événement ponctuel."
179860b6-c093-4e80-bcd2-1621b8d74c29,Révolte des Boxers,1900-10-01,DISPUTED_DATE,date_disputee,REVIEW,,1899-08-01,0.8,A,Mettre à jour la date au 1er août 1899.,La date de début de la révolte des Boxers est plus précisément août 1899 selon Wikidata et Wikipedia. La description reste cohérente.,
4108d7ab-2aae-427a-be59-5a0b11fb3b14,Botticelli peint la Naissance de Vénus,1486-01-01,DISPUTED_DATE,date_disputee,REVIEW,La Naissance de Vénus,,0.7,B,Remplacer la date par une période plus large (1482-1485) ou une date imprécise (ex: 1483).,Le titre est simplifié pour correspondre au nom de l'œuvre. La date est imprécise (1482-1485 selon Wikipedia). On ne peut pas retenir une date précise. La description reste cohérente.,
77254478-2741-4941-a997-c6e9a16324fd,Création de la Fédération abolitionniste internationale,1875-01-01,DISPUTED_DATE,date_disputee,REVIEW,,1875-01-01,0.6,B,Privilégier la date de 1875 mentionnée dans la description et sur Wikipédia en français.,"Wikipédia en français indique 1875 comme date de fondation, tandis que Wikidata indique 1877. Cependant, la description de l'événement mentionne déjà 1875. On conserve donc cette date.",
93a5c3b3-f48b-43b4-acf1-d99f2a091275,Création de l'Organisation maritime internationale,1948-01-01,DISPUTED_DATE,date_disputee,REVIEW,,1948-03-17,0.8,A,"Mettre à jour la date au 17 mars 1948, date d'ouverture à la signature de la convention.",Plusieurs sources (y compris le site de l'OMI elle-même) indiquent que la Convention portant création de l'Organisation maritime internationale a été adoptée le 6 mars 1948 et ouverte à la signature le 17 mars 1948. La date du 17 mars semble plus précise et pertinente pour la création effective de l'organisation.,
5aee30ef-9b8e-45db-b3d2-8d8de47e17de,Loi SRU : obligation de construire des logements sociaux dans les communes,2001-01-01,POTENTIAL_DATE_ERROR,divergence_date,REVIEW,,2000-12-01,0.8,B,Vérifier si la date de promulgation est bien le 1er décembre ou une autre date en décembre 2000.,La description indique que la loi a été adoptée en 2000 et promulguée en décembre. La date de promulgation est plus précise que le 1er janvier 2001.,
b4151014-7abf-4209-89a3-e71f3cba5da0,Mort d’Erik Satie,1925-01-01,DISPUTED_DATE,date_disputee,REVIEW,Mort d'Erik Satie,1925-07-01,0.9,A,"Mettre à jour la date de l'événement avec la date correcte du décès d'Erik Satie, soit le 1er juillet 1925.",La date du 1er juillet 1925 est confirmée par Wikipédia en français et par Wikidata (P570_2).,
58039f76-4caf-4696-9a47-7d8a85aba9cb,Naissance de Michel-Ange,1475-03-06,DISPUTED_DATE,date_disputee,REVIEW,,,0.9,A,Conserver la fiche avec le titre et la date actuels.,"La date du 6 mars 1475 est confirmée par Wikipédia en français et une entrée Wikidata. Bien qu'une autre entrée Wikidata propose 1500, la première date est plus largement acceptée.",
97c8c3b8-97ec-4005-9d06-a4b4bead5074,"Frida Kahlo, figure emblématique de l'art mexicain",1930-01-01,AMBIGUOUS_TITLE,titre_ambigu_ou_collision,REVIEW,,,0.5,C,"Research specific events in Frida Kahlo's life or career that occurred around 1930, such as a specific exhibition or significant personal event, and update the title and/or date accordingly. If no specific event can be identified, consider…","The current title describes a general recognition and emergence, not a specific event. The date 1930 is arbitrary. More information is needed to identify a specific event related to Frida Kahlo.",
c13fd56f-ea19-4329-9047-595ffb8ca02c,Supplice de la reine Brunehilde par Clotaire II,0613-01-01,DISPUTED_DATE,date_disputee,REVIEW,Exécution de Brunehilde,0613-01-01,0.9,B,Vérifier si une date plus précise que l'année peut être trouvée.,"Le titre actuel est trop long et contient des informations inutiles. Le supplice est une exécution. Plusieurs sources concordent sur l'année 613, mais le jour exact est incertain. Le titre est simplifié pour plus de clarté.",
d7e40c7b-d5e8-4f4e-883f-ec681542223b,Fondation de l'abbaye de Fleury,0638-01-01,DISPUTED_DATE,date_disputee,REVIEW,Fondation de l'abbaye de Fleury,0651-01-01,0.8,B,"Mettre à jour la date avec 651-01-01, date la plus probable de la fondation du premier monastère selon les sources disponibles.",La date de 638 n'est pas confirmée par les sources. Wikidata et Wikipedia mentionnent plutôt 651 comme date de fondation du premier monastère.,
46f69b0d-7c37-4b68-8b60-473f34a16e72,"Mort de Gontran, roi de Bourgogne",0592-01-01,DISPUTED_DATE,date_disputee,REVIEW,,0592-03-28,0.8,B,Mettre à jour la date de décès de Gontran avec la date du 28 mars 592.,Wikipédia et Wikidata mentionnent plusieurs dates de décès possibles pour Gontran. Wikidata donne 0592-03-28 comme date de décès. Je propose de mettre à jour la date avec cette information.,
d7d1866d-615e-460b-b3b3-7dcf91199b38,Naissance de Jean de La Fontaine,1621-01-01,DISPUTED_DATE,date_disputee,REVIEW,Naissance de Jean de La Fontaine,1621-07-08,0.8,B,Mettre à jour la date de naissance avec la date la plus précise disponible (1621-07-08).,"Wikipédia en français et anglais mentionnent 1621 comme année de naissance. Wikidata donne deux dates, 1620 et 1621. La date précise du 8 juillet 1621 est mentionnée dans l'article Wikipédia en français et dans Wikidata. Je propose de mettre à jour la date avec cette information.",
ddbc9f12-88fc-45fa-91ed-296a94dd877e,Signature du traité du Baqt entre la Nubie et l'Égypte,0651-01-01,DISPUTED_DATE,date_disputee,REVIEW,,0652-01-01,0.7,B,Update the date to 652-01-01 based on the Wikipedia article.,"The description mentions 651-652. Wikipedia mentions 652. Wikidata mentions 700. Wikipedia is a better source than Wikidata for this event. Therefore, I propose to update the date to 652.",
1fa94f5d-0294-41c9-949c-c80fdd4cb62b,Création de la Société française d'archéologie,1833-05-21,DISPUTED_DATE,date_disputee,REVIEW,,1834-01-01,0.9,A,Mettre à jour la date de création avec 1834-01-01.,Wikipédia et Wikidata indiquent 1834 comme date de création de la Société française d'archéologie. La description est cohérente avec cette date.,
082d5f18-e416-486f-9238-3cea3b55da7c,Naissance du journal « Le Monde diplomatique »,1948-01-01,DISPUTED_DATE,date_disputee,REVIEW,Fondation du Monde diplomatique,1954-05-01,0.9,A,Mettre à jour le titre et la date de l'événement avec les informations issues des sources Wikipédia et Wikidata.,"Les sources Wikipédia et Wikidata concordent sur l'année 1954 pour la fondation du Monde diplomatique, avec une date plus précise en mai 1954. Le titre est mis à jour pour être plus concis et standard.",
e231a15e-8a94-47a9-82ca-bfb096aa85f5,Fondation de l'ordre des Frères Prêcheurs (Dominicains) par saint Dominique,1215-01-01,DISPUTED_DATE,date_disputee,REVIEW,Fondation de l'ordre des Prêcheurs,,0.9,A,Simplifier le titre pour plus de clarté.,"Le titre est trop long et inclut des détails inutiles. Le nom officiel de l'ordre est ""Ordre des Prêcheurs"".",
d2a46ef9-e592-4e59-90fa-a09f0908ea5c,La règle de saint Benoît est rédigée,0540-01-01,DISPUTED_DATE,date_disputee,REVIEW,,,0.5,C,"Rechercher des sources supplémentaires pour confirmer l'année de rédaction de la Règle de saint Benoît. Il faut trancher entre 530, 540 et 600.","La date de rédaction de la Règle de saint Benoît est incertaine. Wikipédia indique 530, et Wikidata indique 600. Les sources sont contradictoires.",
9ea1ee91-53e4-4eaa-ae3a-b9a4259db0c4,Fondation de la Société protectrice des animaux,1824-01-01,POTENTIAL_DATE_ERROR,divergence_date,UPDATE_BOTH,Fondation de la Société protectrice des animaux (France),1845-12-02,1,A,Mettre à jour le titre et la date avec les informations validées.,"La date de fondation de la Société Protectrice des Animaux (SPA) en France est le 2 décembre 1845, comme confirmé par Wikidata et les articles Wikipédia en français et en anglais. Le titre est précisé pour éviter toute confusion avec d'autres organisations portant un nom similaire.",
c8c10d0b-8b18-43b8-8dda-ef7e80e662e3,Décès de William Shakespeare,1616-01-01,DISPUTED_DATE,date_disputee,REVIEW,,1616-04-23,0.8,B,Mettre à jour la date avec le 23 avril 1616. Vérifier si d'autres sources confirment cette date.,"Wikipédia en français indique le 23 avril 1616 comme date de décès. Wikidata confirme également cette date, bien qu'une autre date soit aussi présente (3 mai 1616). Le 23 avril semble être la date la plus communément admise.",
97c63d94-fbd1-418d-a483-ddd2307d6893,Création des premiers zoos royaux à Versailles,1664-01-01,POTENTIAL_DATE_ERROR,divergence_date,UPDATE_BOTH,Construction de la ménagerie royale de Versailles,1663-01-01,1,A,Mettre à jour le titre et la date avec les informations de Wikipédia et Wikidata.,Le titre est plus précis en parlant de construction. La date de début de construction est 1663 selon Wikipédia et Wikidata.,
6097ea19-b253-405f-9e94-56bd69aae0cf,Bataille du Mont Badon (Roi Arthur),0500-01-01,DISPUTED_DATE,date_disputee,REVIEW,Bataille du Mont Badon,0500-01-01,0.9,B,"Supprimer la mention du Roi Arthur du titre. Conserver la date de 0500-01-01, tout en sachant qu'elle est disputée.",Le titre doit être épuré de la mention '(Roi Arthur)' qui est une interprétation. La date est conservée car elle est sourcée par Wikidata et mentionnée dans l'article Wikipedia.,
8c2bf3ca-9def-4e35-a8db-82fab4834d7a,Traversée du pôle Nord,1906-01-01,DISPUTED_DATE,date_disputee,REVIEW,Expédition Peary au pôle Nord,1906-04-01,0.9,B,Mettre à jour le titre et la date pour plus de précision.,Le titre actuel est trop général. Le titre proposé est plus précis et correspond à l'événement décrit. La date est mise à jour pour correspondre au mois d'avril mentionné dans la description.,
c07cb199-25e4-4039-b2ca-ffeddceb94cd,Création d'Air France,1933-01-01,DISPUTED_DATE,date_disputee,REVIEW,,1933-08-30,0.8,B,Mettre à jour la date au 30 août 1933.,Wikipédia en français et une source Wikidata indiquent le 30 août 1933 comme date de fondation. L'autre date Wikidata (1932) est moins précise. La description actuelle est cohérente avec 1933.,
835b0358-f41e-4b10-baca-22a3d9cd7386,Dernières mentions des Huns,0488-01-01,AMBIGUOUS_TITLE,titre_ambigu_ou_collision,REVIEW,Disparition des Huns des sources historiques,0488-01-01,0.8,B,Update the title to 'Disparition des Huns des sources historiques' to better reflect the event described in the description.,The current title is ambiguous and describes a period. The proposed title is more specific and reflects the event described in the description.,
6e17c485-2798-483c-84f0-5ae9fb39b765,Naissance de la Ligue pour la Protection des Oiseaux (LPO),1909-01-01,DISPUTED_DATE,date_disputee,REVIEW,,1912-01-01,1,A,Mettre à jour la date de fondation de la LPO à 1912-01-01.,"Plusieurs sources concordantes (Wikipédia FR, Wikipédia EN, Wikidata) indiquent que la LPO a été fondée en 1912 et non en 1909.",
b5f3b171-ae2d-45f4-a46c-a2acb235f83f,Crucifixion de Jésus de Nazareth,0033-04-03,DISPUTED_DATE,date_disputee,REVIEW,,0033-01-01,0.9,A,Mettre à jour la date à l'année 33 et indiquer que la date précise est incertaine.,"La date exacte de la crucifixion est incertaine, avec des sources mentionnant à la fois 30 et 33. L'audit précédent a déjà identifié ce problème. Il est préférable de mettre l'année et de laisser la date au 1er janvier.",
5d991a99-3758-4cae-94a8-8a670485d81c,Apicius compile 'De re coquinaria',0030-01-01,DISPUTED_DATE,date_disputee,REVIEW,Compilation du De re coquinaria,0400-01-01,0.7,B,Update the date to reflect the most likely compilation period (4th century) and update the title to be more generic.,"La date de compilation du 'De re coquinaria' est incertaine, oscillant entre le Ier et le Ve siècle. Le IVe siècle semble être l'hypothèse la plus probable selon les sources. Le titre est mis à jour pour être plus générique et sans date.",
ff787ddd-df92-403b-98b2-c802718c65da,Thomas d'Aquin commence la « Somme théologique »,1265-01-01,DISPUTED_DATE,date_disputee,REVIEW,,1266-01-01,0.7,B,Mettre à jour la date avec 1266-01-01.,La date de 1265 n'est pas confirmée. Wikipedia indique 1266-1273. On prend 1266 comme date de début.,
8a94adf2-c6dc-4abc-87bb-a351a98f055a,Début de la Révolution industrielle,1750-01-01,POTENTIAL_DATE_ERROR,divergence_date,REVIEW,,1760-01-01,0.8,B,"Mettre à jour la date avec 1760-01-01, car c'est la date de début indiquée par Wikidata.","Wikidata indique un début en 1760. Bien que Wikipedia mentionne le XIXe siècle, 1760 semble être une date plus précise selon Wikidata.",
a98fda31-924f-4e76-b35b-d07faa4d7b27,Bataille de Svolder,1000-01-01,DISPUTED_DATE,date_disputee,REVIEW,,,0.8,B,Conserver le titre et la date actuels. Noter la dispute sur la date dans les métadonnées.,"Le titre et la description sont corrects. La date est disputée entre 999 et 1000, mais la description mentionne l'an 1000, ce qui justifie de conserver la date actuelle. Le titre est clair et non ambigu.",
8aebb9f9-775c-44a9-9379-da5fe37f6cf7,Génocide au Rwanda : rôle controversé de la France,1994-01-01,DISPUTED_DATE,date_disputee,REVIEW,Génocide au Rwanda,1994-04-06,0.9,A,Vérifier et préciser le rôle de la France dans la description.,"Le titre actuel est trop long et inclut une controverse. Le titre 'Génocide au Rwanda' est plus approprié. La date de début du génocide est le 6 avril 1994, suite à l'attentat contre l'avion du président Habyarimana.",
8d48934e-e061-4fa5-b888-100827c1c5c9,Création du Fonds Monétaire International (FMI),1944-07-01,DISPUTED_DATE,date_disputee,REVIEW,,1944-07-22,0.9,A,Mettre à jour la date de création du FMI au 22 juillet 1944.,Wikidata et d'autres sources indiquent le 22 juillet 1944 comme date de création du FMI. La description est cohérente avec cette date.,
285b9075-c9fc-4a54-915a-007c6f588481,Fondation légendaire de Venise,0421-01-01,DISPUTED_DATE,date_disputee,REVIEW,Fondation de Venise,0421-01-01,0.7,B,Conserver la date de 421 mais indiquer l'incertitude dans les métadonnées. Vérifier si d'autres sources permettent de trancher entre 421 et 452.,"Le titre est plus clair sans l'adjectif 'légendaire'. La date est incertaine, mais la description correspond à l'année 421. Wikidata propose deux dates (421 et 452), ce qui justifie un niveau de confiance B.",
db116b09-c791-4bea-8dd0-be6571b08b92,"Collision d'un train du RER A en gare de Lyon à Paris, bilan lourd en victimes et blessés",1987-01-01,POTENTIAL_DATE_ERROR,divergence_date,UPDATE_BOTH,Accident ferroviaire de la gare de Lyon,1988-06-27,1,A,Mettre à jour le titre et la date de l'événement avec les informations issues de Wikipedia et Wikidata.,La date et le titre actuels sont incorrects. Les sources Wikipedia et Wikidata indiquent clairement que l'accident ferroviaire de la gare de Lyon a eu lieu le 27 juin 1988. Le titre doit être mis à jour pour correspondre à l'appellation standard.,
3dd47399-497b-44ef-a88c-3caf54716c89,Publication de l'Orlando furioso de l'Arioste,1516-01-01,DISPUTED_DATE,date_disputee,REVIEW,,,0.5,C,Vérifier la date de publication avec une source plus fiable que Wikidata.,Il existe deux dates de publication possibles (1516 et 1532) selon Wikidata. Il faut trancher avec une source plus fiable.,
ac2cf6ca-1341-49a5-a3ed-32a5d30380bd, Dante commence La Divine Comédie,1308-01-01,DISPUTED_DATE,date_disputee,REVIEW,Début de la rédaction de la Divine Comédie,,0.6,C,"Supprimer la date précise et indiquer une période de composition plus large (ex: début XIVe siècle) si possible, ou laisser sans date précise.","La date de 1308 est incertaine. Les sources indiquent une période de composition entre 1303 et 1321, avec Wikidata suggérant 1320. Il est préférable de ne pas préciser la date exacte.",
09760ba7-526c-41ef-b25f-b7f4de36cb47,"Naissance de Victor Cousin, philosophe français",1804-08-11,DISPUTED_DATE,date_disputee,REVIEW,Naissance de Victor Cousin,1792-11-28,1,A,Mettre à jour le titre et la date de naissance de Victor Cousin avec les informations de Wikidata et Wikipedia.,La date de naissance de Victor Cousin est le 28 novembre 1792 selon Wikidata et Wikipedia. Le titre est simplifié pour être plus concis.,
092cb36d-6879-4bdc-b093-6b8cbc967445,Guerre du Bien public - Bataille de Montlhéry,1467-01-01,POTENTIAL_DATE_ERROR,divergence_date,UPDATE_BOTH,Bataille de Montlhéry,1465-07-16,1,A,Mettre à jour le titre et la date de la bataille de Montlhéry.,La date de la bataille est le 16 juillet 1465 selon Wikipedia et Wikidata. Le titre doit être simplifié.,
2c9529d0-2493-4540-87c3-89a8e8e060f1,Concile Quinisexte à Constantinople,0692-01-01,INSUFFICIENT_EVIDENCE,annee_exacte_introuvable,REVIEW,Concile Quinisexte,0692-01-01,1,A,Vérifier si des sources plus précises existent pour la date.,"Le titre est plus concis sans la localisation, qui est déjà dans la description. La date est conservée car elle est cohérente avec la description.",
b748197a-a7ea-49be-91e8-5c377092d1d0,Ouverture du Bon Marché,1852-01-01,INSUFFICIENT_EVIDENCE,annee_exacte_introuvable,REVIEW,,,0,C,Rechercher des sources externes fiables mentionnant l'année exacte de l'ouverture du Bon Marché.,L'audit précédent n'a pas trouvé de sources fiables confirmant la date. Il faut poursuivre la recherche de sources.,
bb4d0e51-7bc6-4f21-9826-6c89ff74bcfc,Translation des reliques de saint Liboire,0836-01-01,INSUFFICIENT_EVIDENCE,preuve_insuffisante,REVIEW,,,0,C,Search for reliable historical sources that specifically mention the translation of the relics of Saint Liboire to Paderborn in 836. Verify the accuracy of the date and the details of the event.,The previous audit found insufficient evidence for the event. The provided sources do not confirm the translation of relics in 836. More research is needed to verify the date and event details.,
1f46a839-7c18-4a5e-b653-db5130ca5232,Politique de non-intervention en Espagne de la France,1936-01-01,INSUFFICIENT_EVIDENCE,absence_de_singularite,REVIEW,Politique de non-intervention en Espagne,1936-08-08,0.8,B,Update the date to the start of the non-intervention policy during the Spanish Civil War. Update the title to remove 'de la France'.,The policy of non-intervention in Spain was implemented during the Spanish Civil War (1936-1939). The date of 1936-08-08 corresponds to the official declaration of non-intervention. The title is updated to remove 'de la France' as the policy was also adopted by the UK.,
cbc0ecf8-3600-40e2-84bf-bd89f51906d0,Découverte des premiers métamatériaux,2000-01-01,INSUFFICIENT_EVIDENCE,annee_exacte_introuvable,REVIEW,Métamatériaux : développement et applications,,0.7,B,Change the title to reflect the development and applications of metamaterials rather than a single discovery event. The description supports this broader scope.,"The current title implies a single discovery event, while the description suggests a period of development. The proposed title reflects the broader context of the development and applications of metamaterials.",
2ef923ea-9571-468f-b22b-575c567e925d,Construction de la forteresse de Derbent,0465-01-01,INSUFFICIENT_EVIDENCE,retrieval_insuffisant,REVIEW,Construction de la forteresse de Derbent,0438-01-01,0.8,B,Mettre à jour la date de construction de la forteresse de Derbent à 438 selon Wikidata.,"Wikidata indique une date de début de construction en 438. Bien que Wikipedia ne donne pas de date précise, l'information de Wikidata est une source acceptable.",
a219c013-a4ce-4913-9b83-d6fe52b84aec,L'arianisme devient dominant chez les Goths,0341-01-01,INSUFFICIENT_EVIDENCE,annee_exacte_introuvable,REVIEW,,,0.6,C,Conserver l'événement avec une note indiquant l'incertitude de la date.,"Bien qu'il soit difficile de trouver une date précise pour l'adoption de l'arianisme par les Goths, la description correspond à l'événement décrit dans le titre. L'année 341 est plausible, mais la preuve est faible.",
e3f160c4-b4d0-4e48-af6a-53037ca23f5a,Destruction de l'Université de Nalanda,1193-01-01,INSUFFICIENT_EVIDENCE,annee_exacte_introuvable,REVIEW,Destruction de l'université de Nalanda,,0.7,B,Supprimer la date car elle est incertaine. Vérifier si d'autres sources permettent de préciser la date.,"La date exacte est incertaine, il faut donc supprimer la date. Le titre est correct.",
630689d2-f02b-4aee-b226-84d855a6afd7,Le scandale de l'esclavage au Congo belge,1908-01-01,INSUFFICIENT_EVIDENCE,absence_de_singularite,REVIEW,Scandale de l'État indépendant du Congo,,0.9,A,Mettre à jour le titre pour plus de précision historique.,"Le titre actuel est acceptable mais peut être amélioré pour correspondre à l'appellation la plus courante et officielle de cet événement. Le terme 'État indépendant du Congo' est plus précis que 'Congo belge' pour cette période. L'événement est une période, pas un événement singulier.",
ac95395a-8298-4251-ba0d-b192b6ae429d,Fondation du Ku Klux Klan (moderne),1915-01-01,INSUFFICIENT_EVIDENCE,annee_exacte_introuvable,REVIEW,Fondation du second Ku Klux Klan,1915-09-01,0.8,B,Vérifier si le 1er septembre est la date exacte ou une date approximative de septembre 1915.,Le titre est amélioré pour plus de clarté. La date du 1er janvier 1915 est incorrecte. La fondation du second KKK a eu lieu en septembre 1915. La description est cohérente avec cette information.,
72b75444-ab7b-4cf4-8e59-6a76be062b76,Ouverture du musée parisien consacré aux arts et civilisations non occidentales,2006-01-01,INSUFFICIENT_EVIDENCE,preuve_insuffisante,REVIEW,Ouverture du musée du quai Branly - Jacques Chirac,2006-06-20,0.8,B,Mettre à jour la date avec la date correcte d'ouverture du musée.,"La date d'ouverture du musée du quai Branly est le 20 juin 2006, et non le 1er janvier 2006. Plusieurs sources concordantes confirment cette date.",
4ea1ec88-5820-42f3-9d1e-91e1a2facf66,Première photographie couleur,1861-01-01,INSUFFICIENT_EVIDENCE,absence_de_singularite,REVIEW,Première photographie couleur,1861-05-17,0.7,B,Update the date to 1861-05-17 to reflect the specific date of the first public demonstration of color photography by James Clerk Maxwell.,La date du 17 mai 1861 est plus précise pour la première démonstration de la photographie couleur par James Clerk Maxwell.,
715f2030-129a-40cb-9a7f-a5eb99927f82,Premiers essais thermonucléaires (bombe H) par les États-Unis et l'URSS,1952-01-01,INSUFFICIENT_EVIDENCE,absence_de_singularite,REVIEW,,,0.5,C,"Review to determine if the event should be split into two separate events (one for the US and one for the USSR) or if a more specific title can be found that refers to a single, significant test.",The current title refers to multiple events (first tests by the US and the USSR). It needs to be split into two separate events or rephrased to focus on a specific test.,
17f1837a-c953-493b-b83b-de1d85049ec4,Le scandale du Crédit Mobilier,1867-01-01,INSUFFICIENT_EVIDENCE,annee_exacte_introuvable,REVIEW,Scandale du Crédit Mobilier,1872-01-01,0.8,B,"Mettre à jour la date à 1872-01-01, date de l'éclatement du scandale.",Le scandale éclate en 1872. La date actuelle (1867) est incorrecte. Le titre est correct.,
10409bb1-8135-4fc6-bbf7-07a1ef4bd01f,Extension des centres d'apprentissage de l'Éducation nationale,1950-01-01,INSUFFICIENT_EVIDENCE,annee_exacte_introuvable,REVIEW,,,0,C,Effectuer des recherches supplémentaires pour trouver une source fiable confirmant la date de l'extension des centres d'apprentissage de l'Éducation nationale.,"La date de 1950 est mentionnée dans la description, mais l'audit précédent n'a pas trouvé de source fiable confirmant cette date. Le titre est acceptable, mais la date nécessite une vérification plus approfondie.",
61668c0e-7383-4c97-b4c8-300b2a39abb1,Tacite publie Les Annales,0116-01-01,INSUFFICIENT_EVIDENCE,annee_exacte_introuvable,REVIEW,,,0,C,Rechercher des sources académiques ou des ouvrages de référence sur Tacite et ses œuvres pour confirmer la date de publication des Annales.,La date de publication des Annales est incertaine. Il faut consulter des sources spécialisées pour confirmer la date.,
875a318d-6eb9-4803-a51a-c5cdc2f4b65c,Université d'Oxford reçoit sa charte royale,1133-01-01,INSUFFICIENT_EVIDENCE,retrieval_insuffisant,REVIEW,,,0,C,Rechercher des sources fiables concernant la date d'octroi de la charte royale à l'Université d'Oxford.,La date de 1133 pour la charte royale de l'Université d'Oxford est incertaine et nécessite une vérification approfondie. Les sources fournies concernent l'Université de Reading et ne sont pas pertinentes.,
0608f05b-687e-4b03-9cbe-c685eb0202be,Création du franc,1360-01-01,INSUFFICIENT_EVIDENCE,annee_exacte_introuvable,REVIEW,Création du franc,1360-12-05,0.8,B,Mettre à jour la date avec la date précise de l'ordonnance.,La date du 5 décembre 1360 est la date de l'ordonnance royale créant le franc. La description correspond bien à cet événement.,
9d7512e1-b566-45d0-b4f5-c5b593619acb,Achèvement des fresques de Signorelli à Orvieto,1504-01-01,INSUFFICIENT_EVIDENCE,annee_exacte_introuvable,REVIEW,,,0,C,"Rechercher des sources fiables (articles d'art, biographies de Signorelli, publications académiques) qui confirment la date d'achèvement des fresques de Signorelli à Orvieto.",L'année d'achèvement des fresques n'est pas confirmée par les sources actuelles. L'article Wikipédia mentionne les fresques mais sans date. Wikidata concerne la construction de la cathédrale.,
55eabf66-7b32-4c6f-80ee-1784f306f777,Premier moulin à papier en France,1320-01-01,INSUFFICIENT_EVIDENCE,annee_exacte_introuvable,REVIEW,,,0,C,Rechercher des sources supplémentaires pour confirmer l'année exacte de l'établissement du premier moulin à papier en France. Vérifier si Troyes est bien le lieu de ce premier moulin.,L'année 1320 n'est pas confirmée par les sources disponibles. Il faut investiguer plus avant pour confirmer cette date ou trouver une date plus précise.,
efc594ba-1e31-4ac2-befe-448c611b01c7,Henri Plantagenêt s'empare de la vicomté de Thouars,1156-01-01,INSUFFICIENT_EVIDENCE,retrieval_insuffisant,REVIEW,,,0.6,B,"Conserver l'événement tel quel, mais envisager une recherche de sources plus spécifiques à l'avenir pour renforcer la preuve.","Le titre et la date semblent corrects et cohérents avec la description. Bien qu'une source plus directe serait préférable, l'absence de contestation et la cohérence interne permettent de valider avec un niveau de confiance acceptable.",
ef583ac5-6641-4752-8944-ee2df754ecd6,Affaire des diamants de Bokassa,1975-01-01,INSUFFICIENT_EVIDENCE,absence_de_singularite,REVIEW,Affaire des diamants de Bokassa,1979-10-01,0.8,A,Update the date to reflect the start of the scandal as reported by multiple sources.,"L'affaire éclate en octobre 1979 selon l'article Wikipédia. La description actuelle mentionne 1975, ce qui est le début de la relation entre les deux hommes, mais pas le début de l'affaire.",
b4f257b1-a87e-49fa-a01e-88b88c2af356,Rattachement du Comté de Toulouse,1271-01-01,INSUFFICIENT_EVIDENCE,preuve_insuffisante,REVIEW,,,0,C,"Rechercher des sources fiables (articles académiques, ouvrages historiques) qui confirment le rattachement du Comté de Toulouse au Royaume de France et sa date précise.",L'audit précédent n'a pas trouvé de sources confirmant la date de 1271. Il faut investiguer plus avant pour confirmer ou infirmer cette date.,
e83d4de0-7130-4b29-bb72-f7053ae8e836,Marco Polo quitte la Chine,1292-01-01,INSUFFICIENT_EVIDENCE,annee_exacte_introuvable,REVIEW,,,0,C,Rechercher des sources historiques fiables qui confirment la date exacte du départ de Marco Polo de Chine.,La date de départ de Marco Polo de Chine est incertaine. L'audit précédent n'a pas trouvé de sources fiables. Il faut une recherche plus approfondie pour confirmer la date exacte.,
82cb2477-f2bd-46a9-a0d9-bef43e2bc6ac,Invention du haut fourneau en Chine,1068-01-01,INSUFFICIENT_EVIDENCE,annee_exacte_introuvable,REVIEW,Invention du haut fourneau en Chine,,0.7,B,Remove the specific date as the invention of the blast furnace in China occurred earlier than 1068.,La date de 1068 n'est pas confirmée. L'article Wikipédia indique que l'usage du haut fourneau en Chine remonte au Ier siècle. Il faut donc supprimer la date précise.,
98a70c7c-1e71-45f3-8985-9e18de73114e,Cousteau invente le scaphandre,1943-01-01,INSUFFICIENT_EVIDENCE,annee_exacte_introuvable,REVIEW,,,0,C,"Rechercher des sources externes fiables (biographies de Cousteau, articles de journaux d'époque, publications scientifiques) qui confirment l'année exacte de l'invention du scaphandre autonome.",L'année exacte de l'invention du scaphandre autonome n'est pas confirmée par les sources actuelles. L'article Wikipedia décrit le scaphandre autonome mais ne mentionne pas d'année précise pour son invention.,
d9315af5-48f2-4098-9335-00a5f3cd6ecc,Signature des accords d'assistance mutuelle franco-américains,1951-01-01,INSUFFICIENT_EVIDENCE,annee_exacte_introuvable,REVIEW,,,0,C,"Provide reliable sources that explicitly mention the date of the ""Signature des accords d'assistance mutuelle franco-américains"".",The previous audit couldn't confirm the date. No new sources were provided to confirm the date. Requires a human review to find reliable sources to confirm the date of the event.,
935b235c-67c9-45e8-be8c-56217eee2ab6,Proclus succède à Plutarque à l'Académie,0437-01-01,INSUFFICIENT_EVIDENCE,annee_exacte_introuvable,REVIEW,,,0,C,Rechercher des sources fiables qui confirment l'année de la succession de Proclus à Plutarque à l'Académie d'Athènes.,"L'année de succession de Proclus à Plutarque à l'Académie n'est pas confirmée par les sources disponibles. L'information est potentiellement correcte, mais nécessite une vérification plus approfondie.",
0010b463-833c-4fb3-bbdb-b06c18f4bd58,Soulèvement de Décembristes en Russie,1825-01-01,INSUFFICIENT_EVIDENCE,annee_exacte_introuvable,REVIEW,,1825-12-26,0.8,B,Mettre à jour la date au 26 décembre 1825.,Le soulèvement des Décembristes a eu lieu le 26 décembre 1825 (14 décembre selon le calendrier julien).,
ae523de4-8d52-4114-ab4a-c1bdfc22dbd4,Lister publie sur l'antisepsie,1867-01-01,INSUFFICIENT_EVIDENCE,retrieval_insuffisant,REVIEW,Publication des travaux de Joseph Lister sur l'antisepsie,1867-01-01,0.9,B,Vérifier avec des sources externes la date exacte de publication des travaux de Lister.,Le titre actuel est trop vague. Le titre proposé est plus précis et correspond à la description. La date est conservée car elle est cohérente avec la description.,
30a60461-5e57-470f-b18e-272b09bba704,Programme autoroutier du Plan Monnet,1951-01-01,INSUFFICIENT_EVIDENCE,annee_exacte_introuvable,REVIEW,,,0.6,B,"Keep the current title and date, but continue to search for more precise information regarding the program's timeline.","The description clearly links the program to the Plan Monnet. While the exact start date might be debated, 1951 is a reasonable approximation given the context of post-war reconstruction. Without more precise sources, keeping the current information is acceptable.",
5f43c90b-7188-42d3-846e-c0d6eaaf84ea,Fondation de la Société de la paix de New York,1815-01-01,INSUFFICIENT_EVIDENCE,preuve_insuffisante,REVIEW,,,0,C,Rechercher des sources externes (autres que Wikipédia et Wikidata) confirmant la date de fondation de la Société de la paix de New York.,La date de fondation de la Société de la paix de New York n'est pas confirmée par des sources fiables. Nécessite une vérification humaine pour trouver des sources.,
1fc1c5f5-f7cb-4a58-afee-3a5db470ee0b,Invention du masque à gaz par John Stenhouse,1854-01-01,INSUFFICIENT_EVIDENCE,retrieval_insuffisant,REVIEW,,,0.6,C,Ajouter des sources pour renforcer la validation de la date de l'invention.,"L'information semble plausible et cohérente avec la description, mais manque de sources externes solides pour confirmer la date exacte. On conserve en l'état, mais avec un niveau de confiance modéré.",
e947d6e2-bd86-436a-8b92-23ca92b30fb7,"Tortuga, repaire de pirates",1630-01-01,INSUFFICIENT_EVIDENCE,annee_exacte_introuvable,REVIEW,"Tortuga, repaire de pirates",1630-01-01,0.6,C,Conserver l'entrée avec un niveau de confiance faible. Rechercher des sources plus solides confirmant l'année exacte.,"L'information de 1630 comme début de l'établissement de Tortuga comme repaire de pirates est plausible, mais difficile à confirmer avec des sources directes et fiables. On garde l'entrée avec un niveau de confiance faible.",
fb19ea34-ee9a-4bed-91e0-65da2d10d716,Réapparition de la frappe privée de monnaie,0884-01-01,INSUFFICIENT_EVIDENCE,retrieval_insuffisant,REVIEW,,,0.6,B,Ajouter des sources externes pour renforcer la confiance dans la date et la description de l'événement.,"La description de l'événement est cohérente avec le titre et la date. Bien qu'il n'y ait pas de sources externes fournies, la description elle-même fournit un contexte historique plausible. L'absence de sources externes abaisse le niveau de confiance, mais l'événement semble acceptable en l'état.",
59e3565f-f6bb-40ec-96a4-5916ee861bf2,Naissance de Jésus,0001-01-01,INSUFFICIENT_EVIDENCE,annee_exacte_introuvable,REVIEW,Naissance de Jésus,,0.5,C,"Nécessite une expertise historique pour déterminer si une année peut être raisonnablement inférée malgré le débat historiographique. Pour l'instant, aucune année ne peut être confirmée.",La date de naissance de Jésus est incertaine et sujette à débat historiographique. L'année 0001 est arbitraire et non sourcée. Nécessite une expertise historique.,
e8a3c52b-4cff-4466-ac1b-674f7e47bef6,Première exposition Gutai à Tokyo,1955-01-01,INSUFFICIENT_EVIDENCE,annee_exacte_introuvable,REVIEW,,,0.5,C,Rechercher des sources mentionnant spécifiquement la date de la première exposition Gutai à Tokyo.,L'année de la première exposition Gutai à Tokyo n'est pas confirmée par les sources disponibles. Il est nécessaire de trouver une source fiable qui mentionne explicitement la date de cette exposition.,
810a14a7-5969-4513-aaff-c82be51ab8a2,Mise en place de mesures économiques en France pour stabiliser les finances face au premier choc pétrolier,1974-01-01,INSUFFICIENT_EVIDENCE,absence_de_singularite,REVIEW,,,0.6,B,"Consider rephrasing the title to reflect the policy itself rather than its implementation, if possible. Otherwise, keep as is.","The event describes a policy implementation process rather than a singular event. However, the description provides sufficient context and the date is plausible.",
f4239b6d-9678-432b-819d-82518ef81b49,Invention du bathyscaphe par Auguste Piccard,1948-01-01,INSUFFICIENT_EVIDENCE,annee_exacte_introuvable,REVIEW,,,0.5,C,Verify the exact year of the bathyscaphe's invention using more specific and reliable sources.,The exact date of the bathyscaphe invention is not clearly stated in the provided sources. Further investigation is needed to confirm the 1948 date.,
9eb12c14-dc74-4848-bc79-d987730493e3,Premier hôpital psychiatrique de Valence en Espagne,1409-01-01,INSUFFICIENT_EVIDENCE,annee_exacte_introuvable,REVIEW,,,0,C,"Rechercher des sources fiables confirmant la date de fondation du premier hôpital psychiatrique à Valence, Espagne.","L'information de 1409 est à confirmer. Les sources actuelles ne permettent pas de valider cette date pour la fondation du premier hôpital psychiatrique à Valence, Espagne. La source Wikipédia parle de la bibliothèque publique de Valence, installée dans l'ancien hôpital, mais ne donne pas d'information sur la date de f…",
d05a41ee-74bb-4a23-b63b-7ed94fc7bde5,Pétrarque couronné poète à Rome,1341-01-01,INSUFFICIENT_EVIDENCE,preuve_insuffisante,REVIEW,Couronnement de Pétrarque comme poète à Rome,1341-04-08,0.8,B,Mettre à jour la date avec la date précise du couronnement.,Plusieurs sources indiquent que le couronnement a eu lieu le 8 avril 1341. La description est cohérente avec cet événement.,
3be1a606-f0d1-4676-b4e9-218fc5c04a88,Paiement par Charles le Chauve d'un tribut aux Normands pour épargner Paris,0852-01-01,INSUFFICIENT_EVIDENCE,annee_exacte_introuvable,UPDATE_BOTH,Siège de Paris par les Vikings,0885-11-25,0.9,A,Mettre à jour le titre et la date avec les informations correctes.,"L'événement décrit correspond au siège de Paris par les Vikings, qui a débuté le 25 novembre 885. La date et le titre actuels sont incorrects. Les sources Wikipedia et Wikidata confirment cette date.",
7a3518d2-3acf-40f1-85f6-c80d61153a13,Création de l'Université de Barcelone par Alphonse V,1449-01-01,INSUFFICIENT_EVIDENCE,annee_exacte_introuvable,REVIEW,Fondation de l'Université de Barcelone,,0.8,B,"Vérifier et corriger la date de fondation de l'université. Les sources actuelles indiquent 1842, ce qui contredit la description actuelle.",Le titre est plus clair sans mentionner Alphonse V. La description reste cohérente.,
dddc3233-649e-41ff-a3ed-c9a74bfba87a,Création de SOS Racisme – précurseurs et contexte,1980-01-01,INSUFFICIENT_EVIDENCE,annee_exacte_introuvable,UPDATE_BOTH,Création de SOS Racisme,1984-01-01,0.9,A,Mettre à jour le titre et la date avec la création effective de SOS Racisme en 1984.,La description mentionne la création de SOS Racisme en 1984. Le titre est plus clair sans la mention des précurseurs. De nombreuses sources confirment la création de SOS Racisme en 1984.,
bead95cd-38cd-40c0-8ffb-f07ca64f04ce,Grande famine en Irlande,1845-01-01,INSUFFICIENT_EVIDENCE,absence_de_singularite,REVIEW,Grande famine en Irlande (1845-1849),1845-01-01,0.9,A,Préciser la période de la famine dans le titre pour éviter toute confusion avec d'autres famines.,Le titre actuel est ambigu car il existe plusieurs grandes famines. L'ajout de la période (1845-1849) permet de lever l'ambiguïté. La description est cohérente avec cette période.,
f4b673eb-a5dd-4564-b45c-2bda000f9cad,Retrait massif des Normands à la suite d'une importante famine,0892-01-01,INSUFFICIENT_EVIDENCE,annee_exacte_introuvable,REVIEW,Retrait des Normands en France suite à la famine de 892,0892-01-01,0.7,B,"Vérifier si le retrait des Normands est bien un événement ponctuel ou une période. Si c'est une période, il faudra revoir la date et le titre.","Le titre actuel est trop long et pourrait être plus précis. Le retrait est lié à la famine de 892, il est donc pertinent de le mentionner dans le titre. La date est déjà dans la description, il faut la conserver.",
bc06cd30-2d21-4f7a-b7da-978854c517f1,Naufrage de la Santa Maria,1492-01-01,INSUFFICIENT_EVIDENCE,annee_exacte_introuvable,REVIEW,Naufrage de la Santa Maria,1492-12-25,0.8,B,Mettre à jour la date avec le 25 décembre 1492.,La description mentionne Noël 1492 comme date du naufrage. Plusieurs sources concordantes indiquent que le naufrage a eu lieu le 25 décembre 1492.,
7ff1e23b-29cd-4822-9680-b56d9f3176b3,Invention du gouvernail d'étambot en Chine,1180-01-01,INSUFFICIENT_EVIDENCE,retrieval_insuffisant,REVIEW,Invention du gouvernail d'étambot en Chine,1180-01-01,0.6,C,Conserver l'événement avec une confiance modérée. Rechercher des sources plus directes et fiables qui confirment l'année exacte de l'invention du gouvernail d'étambot en Chine.,"L'information est plausible et correspond à la description, mais la preuve est faible car elle repose sur une seule source indirecte (Wikipedia sur le gouvernail en général).",
76c4457a-2ad1-4d57-b547-0f5cd9415575,Construction du château de Buda,1247-01-01,INSUFFICIENT_EVIDENCE,absence_de_singularite,REVIEW,Construction du château de Buda,,0.7,B,Keep the title as 'Construction du château de Buda' but acknowledge that it represents a period of construction rather than a single event.,"The current title is acceptable, but it refers to a process spanning multiple years. No specific event is pinpointed. The title is kept as is, but marked as non-singular.",
3cb99d26-30dd-4db0-8b94-8357e4987abd,Grande sécheresse de l'Adrar,1388-01-01,INSUFFICIENT_EVIDENCE,annee_exacte_introuvable,REVIEW,,,0,C,Rechercher des sources fiables confirmant la date de 1388 pour la sécheresse de l'Adrar.,L'année 1388 n'est pas confirmée par les sources disponibles. Il faut trouver une source fiable qui confirme cette date.,
b2a6338b-9af5-48c2-bfb5-dceca32b672e,Wang Shuhe compile le Mai Jing (Classique des pouls),0266-01-01,INSUFFICIENT_EVIDENCE,retrieval_insuffisant,REVIEW,,,0.6,B,"Conserver la fiche en l'état, en notant l'incertitude quant à la date exacte.","La description situe clairement l'événement pendant la dynastie Jin (266-280 après J.-C.) et mentionne Wang Shuhe comme un médecin éminent de cette période. L'année 266 est le début de cette dynastie, ce qui rend la date plausible, bien qu'elle ne soit pas confirmée par une source externe directe. Le titre est clair e…",
47cbdbc7-c087-404b-9d24-eb7a29c476d3,Création du vaccin contre le paludisme,2021-01-01,INSUFFICIENT_EVIDENCE,annee_exacte_introuvable,REVIEW,,2021-10-06,0.8,B,Mettre à jour la date avec la date d'annonce officielle de l'OMS.,"La description mentionne l'approbation du vaccin antipaludique RTS,S/AS01 (Mosquirix) par l'OMS. Plusieurs sources indiquent que l'OMS a recommandé l'utilisation généralisée du vaccin RTS,S/AS01 (Mosquirix) le 6 octobre 2021. La date initiale du 1er janvier 2021 est incorrecte.",
b077055c-91bb-4b5e-bf79-94e708c42441,Fondation de la Société linnéenne de Londres,1788-01-01,INSUFFICIENT_EVIDENCE,annee_exacte_introuvable,REVIEW,Fondation de la Société linnéenne de Londres,1788-02-26,0.8,B,Mettre à jour la date de fondation de la Société linnéenne de Londres au 26 février 1788.,La date de fondation de la Société linnéenne de Londres est le 26 février 1788. Plusieurs sources concordantes indiquent cette date.,
bf9ed04d-ced3-4d44-a1ac-ec9c9b154fea,Expédition d'Abd al-Rahman en Aquitaine,0728-01-01,INSUFFICIENT_EVIDENCE,annee_exacte_introuvable,REVIEW,,,0,C,Rechercher des sources primaires ou secondaires fiables qui confirment la date de l'expédition d'Abd al-Rahman en Aquitaine. Vérifier si Abd al-Rahman mentionné est bien Abd al-Rahman al-Ghafiqi et non Abd al-Rahman II.,L'audit précédent a soulevé des doutes sur la date de l'événement. Les sources actuelles ne permettent pas de confirmer ou d'infirmer la date de 728. Il est nécessaire de trouver des sources fiables qui mentionnent cette expédition et sa date.,
df90806a-c1da-43c4-9ac1-3d0173941697,Prise de Kiev par Oleg,0882-01-01,INSUFFICIENT_EVIDENCE,preuve_insuffisante,REVIEW,Prise de Kiev par Oleg de Novgorod,0882-01-01,0.7,B,Conserver la fiche avec le titre et la date mis à jour. Rechercher des sources supplémentaires pour renforcer la preuve.,"Le titre est amélioré pour préciser qu'il s'agit d'Oleg de Novgorod. La date est conservée car elle correspond à la description. Bien que la preuve soit acceptable, il serait préférable d'avoir plus de sources.",
40f6df8f-0528-41b9-8a9d-dd7b470d8d5c,Invention du chronomètre de marine par John Harrison,1759-01-01,INSUFFICIENT_EVIDENCE,annee_exacte_introuvable,REVIEW,Invention du chronomètre de marine par John Harrison,1730-01-01,0.6,C,Find a more precise date for the invention or the start of the development of the marine chronometer.,"The description mentions that John Harrison worked for 31 years on the chronometer. While 1759 might be a significant year, the invention process started earlier. The date is updated to 1730 as a reasonable starting point for his work, but this is still an approximation.",
4d322669-0e1f-4dc9-888b-96bc489e3489,Catastrophe de l’usine AZF de Toulouse – préparation du site,2001-01-01,INSUFFICIENT_EVIDENCE,absence_de_singularite,UPDATE_BOTH,Catastrophe de l'usine AZF,2001-09-21,0.9,A,Update the title to 'Catastrophe de l'usine AZF' and the date to '2001-09-21' to reflect the actual event.,"The current title refers to the preparation of the site, which is not the main event. The main event is the explosion. The date should be updated to the date of the explosion.",
1efb1855-1400-4912-aec8-0e47d7bf0a21,Prise de Barcelone aux Musulmans d' Espagne,0801-01-01,INSUFFICIENT_EVIDENCE,annee_exacte_introuvable,REVIEW,Prise de Barcelone (801),0801-01-01,0.6,C,Vérifier si l'ajout de la date au titre est la meilleure solution ou s'il existe un titre plus standard.,Le titre actuel est maladroit. L'ajout de la date au titre le rend plus précis et permet de le différencier d'autres prises de Barcelone. La date est conservée car elle est dans la description.,
f9f33bd5-dc2a-4428-a820-010e4f237575,Début de la construction de Qutub Minar à Delhi,1192-01-01,INSUFFICIENT_EVIDENCE,absence_de_singularite,REVIEW,Construction du Qûtb Minâr,1192-01-01,0.8,B,Mettre à jour le titre pour refléter l'ensemble de la construction et non uniquement le début. La date de début est conservée car c'est le point de départ de l'événement.,"Le titre est simplifié pour correspondre à l'événement principal. La date de début de construction est conservée, bien qu'il s'agisse d'une construction étalée dans le temps. Le titre est plus générique pour englober l'ensemble de la construction.",
9a8d5824-85ec-4185-a35a-e0e747b5ca98,Edit de Saint-Germain-en-Laye sur la Réforme,1562-01-01,INSUFFICIENT_EVIDENCE,annee_exacte_introuvable,REVIEW,,,0,C,Rechercher des sources externes fiables mentionnant spécifiquement l'Édit de Saint-Germain-en-Laye et sa date de publication.,L'audit précédent n'a pas permis de confirmer la date. Il faut des sources externes fiables mentionnant l'Édit de Saint-Germain-en-Laye et sa date de publication.,
86066506-ec28-463a-8184-b96052db4fc6,Première école pour filles en Nouvelle-France,1684-01-01,INSUFFICIENT_EVIDENCE,annee_exacte_introuvable,REVIEW,,,0,C,"Rechercher des sources externes fiables (archives, publications historiques) qui confirment l'année exacte de la fondation de la première école pour filles en Nouvelle-France. Vérifier si l'établissement a un nom officiel.",L'audit précédent a conclu à un manque de preuves concernant la date. Les sources actuelles concernent une école différente. Il faut trouver des sources fiables qui confirment la date de fondation de la première école pour filles en Nouvelle-France.,
f8c06080-7210-44f9-8b52-297cd1002025,Plan de modernisation des forces armées françaises,1950-01-01,INSUFFICIENT_EVIDENCE,annee_exacte_introuvable,REVIEW,,,0,C,Conduct further research to find reliable sources that explicitly mention the 'Plan de modernisation des forces armées françaises' and its launch date. Look for official documents or historical analyses.,The previous audit found insufficient evidence to support the date. The provided sources do not confirm the specific plan and its date. Further research is needed to validate the existence and date of this plan.,
0fedbe14-30e6-471e-83ec-f065996ed1e9,Première de la Messe en si mineur de Bach,1749-01-01,INSUFFICIENT_EVIDENCE,annee_exacte_introuvable,REVIEW,,,0,C,Rechercher des sources qui indiquent explicitement la date de la première de la Messe en si mineur.,"La date de première de la Messe en si mineur n'est pas clairement établie. L'article Wikipédia mentionne la composition et l'évolution de l'œuvre, mais ne fournit pas de date de première spécifique. Des recherches supplémentaires sont nécessaires pour confirmer la date.",
062eefb8-6d31-4a83-8a0a-f3bf8b152ae8,Création du RMI : Le Revenu minimum d’insertion est instauré par le gouvernement Rocard,1988-01-01,INSUFFICIENT_EVIDENCE,annee_exacte_introuvable,REVIEW,Création du Revenu minimum d'insertion (RMI),1988-12-01,0.8,B,Vérifier si le 1er décembre est la date exacte de la loi ou une date plus générale.,Le titre est amélioré en supprimant la référence au gouvernement Rocard. La date est mise à jour selon la loi du 1er décembre 1988.,
da3ec925-9532-4fa6-bada-48bf9815cb46,Excommunication de Robert II le Pieux pour bigamie,0997-01-01,INSUFFICIENT_EVIDENCE,retrieval_insuffisant,REVIEW,,,0.6,B,"Conserver l'événement en l'état, mais encourager l'ajout de sources pour augmenter la confiance.","Le titre et la description sont cohérents. L'absence de sources externes est un facteur limitant, mais l'événement semble plausible.",
db501852-16b9-4d2c-892b-5823ede2e06e,Découverte de la ville de Dholavira en Inde,1967-01-01,INSUFFICIENT_EVIDENCE,annee_exacte_introuvable,REVIEW,,,0,C,"Rechercher des sources fiables (articles scientifiques, publications archéologiques) qui confirment la date de la découverte de Dholavira.",L'année de la découverte de Dholavira (1967) n'est pas confirmée par des sources fiables. Nécessite une vérification plus approfondie.,
34d064fa-4873-4a4e-a4ba-0c4c5fdf8ab8,"Igor Ier de Kiev assassiné, Olga régente se venge",0945-01-01,INSUFFICIENT_EVIDENCE,retrieval_insuffisant,REVIEW,Assassinat d'Igor Ier de Kiev,0945-01-01,0.8,B,Vérifier si 'Assassinat d'Igor Ier de Kiev' est l'appellation la plus courante et officielle. Ajouter des sources pour confirmer la date.,Le titre est trop long et mentionne un événement secondaire (la vengeance d'Olga). Le titre doit être concis et centré sur l'assassinat d'Igor Ier. La date est conservée car elle est cohérente avec la description.,
330167f0-ed31-4088-908a-d534a364b43f,Fondation du premier club d'échecs à Londres,1725-01-01,INSUFFICIENT_EVIDENCE,retrieval_insuffisant,REVIEW,,,0,C,"Rechercher des sources fiables (articles de presse, ouvrages spécialisés, sites web d'histoire des échecs) qui confirment l'existence et la date de fondation du premier club d'échecs à Londres.",L'audit précédent indique un manque de sources fiables pour valider la date de fondation du club d'échecs. Les sources fournies concernent le club de football Tottenham Hotspur et ne sont donc pas pertinentes.,
fa932a9d-6d44-4502-9d71-2881ba14b3a3,Saint Louis mène la septième croisade,1248-01-01,INSUFFICIENT_EVIDENCE,absence_de_singularite,REVIEW,Septième croisade,1248-08-28,0.8,B,Mettre à jour le titre et la date pour correspondre au début de la septième croisade.,"L'événement décrit le début de la septième croisade. Le titre est simplifié pour être plus générique et correspondre à l'appellation standard. La date est ajustée pour correspondre au jour du débarquement de Saint Louis à Chypre, point de départ de la croisade.",
cde608cc-57ad-4728-9557-5c1937415ba5,Bougainville à Tahiti,1768-01-01,INSUFFICIENT_EVIDENCE,annee_exacte_introuvable,REVIEW,Arrivée de Bougainville à Tahiti,1768-04-05,0.8,B,Vérifier la date exacte de l'arrivée de Bougainville à Tahiti avec des sources primaires ou des ouvrages d'histoire maritime.,Plusieurs sources indiquent que Bougainville est arrivé à Tahiti en avril 1768. La date du 5 avril est la plus fréquente.,
1032f44d-56e6-432c-8ac3-55c56d899324,Renforcement du statut des Juifs par le régime de Vichy,1942-01-01,INSUFFICIENT_EVIDENCE,annee_exacte_introuvable,REVIEW,Statut des Juifs sous le régime de Vichy,1940-10-03,0.8,B,Vérifier si d'autres lois ou décrets importants concernant le statut des Juifs ont été promulgués à d'autres dates et créer des événements distincts si nécessaire.,"Le titre est acceptable, mais la date doit être mise à jour. La date du 3 octobre 1940 correspond à la promulgation du premier Statut des Juifs par le régime de Vichy. Plusieurs sources confirment cette date.",
42b4a1a7-740f-44c8-b2d7-62ab8022f608,Achèvement du Manhattan Building,1891-01-01,INSUFFICIENT_EVIDENCE,annee_exacte_introuvable,REVIEW,,,0,C,"Effectuer une recherche approfondie pour trouver des sources fiables qui confirment la date d'achèvement du Manhattan Building. Vérifier les archives d'architecture, les journaux de Chicago de l'époque, et les bases de données d'histoire d…",L'audit précédent n'a pas trouvé de sources fiables confirmant la date de 1891. Les sources externes fournies concernent le Flatiron Building et ne sont pas pertinentes pour cet événement.,
4193842b-d063-4483-bf6a-30d80ca75e41,Ambroise Paré devient chirurgien du roi,1552-01-01,INSUFFICIENT_EVIDENCE,preuve_insuffisante,REVIEW,,,0,C,Rechercher des sources fiables qui confirment la date de la nomination d'Ambroise Paré comme chirurgien du roi.,La date de 1552 n'est pas confirmée par des sources fiables. Il faut trouver une source qui confirme la date de nomination d'Ambroise Paré comme chirurgien du roi.,
24a352d6-3af4-482b-8e9c-c92ada39e8fb,Les Français approuvent la baisse du mandat présidentiel,2000-01-01,INSUFFICIENT_EVIDENCE,annee_exacte_introuvable,UPDATE_BOTH,Référendum français sur le quinquennat,2000-09-24,0.9,A,Vérifier l'orthographe et la grammaire du titre et de la description.,"Le titre actuel est factuel mais pas optimal. Le titre proposé est plus standard et correspond à l'appellation usuelle de l'événement. La date du 24 septembre 2000 est la date du référendum sur le quinquennat, confirmée par de nombreuses sources.",
758698d8-b991-4de4-8d4d-72ad7bfd03ca,Construction du phare d'Alexandrie,0290-01-01,INSUFFICIENT_EVIDENCE,absence_de_singularite,REVIEW,,0294-01-01,0.8,B,Mettre à jour la date avec une date médiane approximative de 294 AEC.,"La construction du phare a duré environ 15 ans, de 299 à 289 AEC. On peut retenir une date médiane approximative.",
81232f9d-a49a-4859-880b-cad8ed99c4ed,Première cartographie de la dorsale médio-atlantique,1953-01-01,INSUFFICIENT_EVIDENCE,annee_exacte_introuvable,REVIEW,Cartographie de la dorsale médio-atlantique,1953-01-01,0.6,C,Rechercher des sources externes pour confirmer la date de la cartographie de la dorsale médio-atlantique.,"Le titre est simplifié pour être plus générique et correspond à l'événement décrit. La date est conservée car elle est mentionnée dans la description, mais sans source externe, le niveau de confiance reste faible.",
8291fa12-ed2a-4cfb-afd5-70df5c3b5de0,Première transmission télégraphique transatlantique,1858-01-01,INSUFFICIENT_EVIDENCE,retrieval_insuffisant,REVIEW,,1858-08-05,0.8,B,Mettre à jour la date au 5 août 1858.,La description mentionne explicitement le mois d'août 1858. Plusieurs sources confirment que la première transmission a eu lieu le 5 août 1858.,
4419ba3c-2f34-4064-8acd-7978f720c9f2,Premier établissement permanent des Vikings en Islande,0874-01-01,INSUFFICIENT_EVIDENCE,preuve_insuffisante,REVIEW,Premier établissement permanent des Vikings en Islande,0874-01-01,0.7,B,Rechercher une source plus fiable que la description pour confirmer la date de 874.,"Bien que l'audit précédent n'ait pas trouvé de source confirmant 874, la description mentionne Ingolfur Arnarson s'installant à Reykjavik, ce qui est généralement associé à 874. Cependant, il faudrait une source plus solide pour une confiance totale.",
5916853d-08db-4b32-bd9c-cc351e9b49e6,Guerre de l'eau de Cochabamba,2000-01-01,INSUFFICIENT_EVIDENCE,absence_de_singularite,REVIEW,,,0.5,B,Review to determine a more precise date or if the event should be reframed as a period.,"The event is described as a 'war', implying a period, not a single day. Further investigation is needed to determine the exact start or end date, or if a specific event can be isolated.",
605d67df-54cc-4cd7-9b2d-899d8013cf6a,Construction des murs en pierre du Kremlin de Moscou,1367-01-01,INSUFFICIENT_EVIDENCE,preuve_insuffisante,REVIEW,Construction du Kremlin de Moscou en pierre,1367-01-01,0.6,C,Rechercher des sources supplémentaires confirmant la date exacte de la construction des murs en pierre du Kremlin de Moscou.,"L'année 1367 est mentionnée dans la description. Cependant, la date exacte est difficile à confirmer avec les sources disponibles. Le titre est légèrement modifié pour plus de clarté.",
6b6fe8cc-d88d-495b-aaf5-b1f475b19981,Foundation of the Order of Beghards,1220-01-01,INSUFFICIENT_EVIDENCE,annee_exacte_introuvable,REVIEW,,,0,C,Effectuer des recherches supplémentaires pour trouver une source fiable qui précise l'année exacte de la fondation de l'Ordre des Béghards.,"La date de fondation précise de l'ordre des béghards est incertaine. L'article Wikipédia indique une activité entre le XIIIe et le XVIe siècle, mais ne précise pas d'année de fondation. Il faut donc vérifier si une date plus précise peut être trouvée.",
62856ef1-2a19-4be1-8f2a-9bca13b298fb,Début de la construction de la Grande Mosquée,0785-01-01,INSUFFICIENT_EVIDENCE,preuve_insuffisante,REVIEW,,,0,C,Rechercher des sources fiables confirmant la date de début de la construction de la Grande Mosquée de Cordoue.,"L'audit précédent a identifié un manque de sources fiables confirmant la date de 785. Les sources actuelles concernent la Grande Mosquée de Lyon, ce qui est incorrect. Il faut trouver des sources fiables pour la Grande Mosquée de Cordoue.",
25868a63-2aff-4a37-acb2-baade484d782,Entrée en vigueur du TICE,1996-01-01,INSUFFICIENT_EVIDENCE,absence_de_singularite,REVIEW,Traité d'interdiction complète des essais nucléaires,1996-09-24,0.8,B,Vérifier si la date de signature est bien l'événement le plus pertinent à retenir. Ajouter des sources.,"Le titre est plus clair sans ""Entrée en vigueur de"". La date du 1996-09-24 correspond à la date de signature du traité, qui est un événement plus singulier que son entrée en vigueur (qui est un processus).",
a31b0c33-83d6-44ae-9186-b0e37a305e40,Le traité de Loudun met fin à la révolte des princes,1616-01-01,INSUFFICIENT_EVIDENCE,annee_exacte_introuvable,REVIEW,,,0,C,"Rechercher des sources fiables qui confirment l'existence d'un traité de Loudun en 1616 lié à la révolte des princes et à Louis XIII. Si cette information ne peut être confirmée, il faudra envisager de supprimer l'événement ou de le reform…","L'audit précédent a identifié une contradiction majeure concernant la date du Traité de Loudun. La description fait référence à un traité lié à Louis XIII, tandis que la source Wikipedia mentionne un traité de Loudun en 1372. Il est nécessaire de clarifier quel traité est concerné et de vérifier la date exacte.",
879222a1-24ea-4c81-9cd5-147e8a849525,Création du Fonds mondial pour la nature (WWF),1961-01-01,INSUFFICIENT_EVIDENCE,annee_exacte_introuvable,REVIEW,Création du Fonds mondial pour la nature (WWF),1961-04-29,0.8,B,Mettre à jour la date de création du WWF avec le 29 avril 1961.,Plusieurs sources indiquent que la création du WWF a eu lieu le 29 avril 1961. La description est cohérente avec cette date.,
945dd990-474c-4ba3-b9d2-ff4c79b8dc68,Première dissection publique à Bologne,1302-01-01,INSUFFICIENT_EVIDENCE,annee_exacte_introuvable,REVIEW,,,0.5,C,Rechercher des sources historiques primaires ou secondaires qui confirment la date et le lieu de la première dissection publique à Bologne. Vérifier si d'autres villes revendiquent également cet événement.,"La date de 1302 n'est pas confirmée par les sources disponibles. L'événement est potentiellement important, mais nécessite une vérification plus approfondie pour confirmer la date et le lieu exacts de la première dissection publique à Bologne.",
7608e7eb-4d30-4ba3-9de0-b11b8862dab6,Instauration par Charlemagne de l'assemblée des plaids généraux,0780-01-01,INSUFFICIENT_EVIDENCE,annee_exacte_introuvable,REVIEW,Institution des plaids généraux par Charlemagne,0779-12-31,0.7,B,Mettre à jour la date pour refléter l'incertitude et reformuler légèrement le titre.,La date exacte de 780 est incertaine. Plusieurs sources indiquent que les plaids généraux ont été institués vers la fin des années 770. Le titre est légèrement reformulé pour plus de concision.,
04716715-42a6-4c25-aa8c-a0bc59442747,Première édition française du Petit Prince,1946-01-01,INSUFFICIENT_EVIDENCE,annee_exacte_introuvable,REVIEW,Première édition française du Petit Prince,1943-04-21,0.8,B,Mettre à jour la date avec la date approximative de la première édition française.,Wikipédia indique que la version française a suivi la version anglaise d'environ 15 jours. La version anglaise est datée du 6 avril 1943. Donc la version française est probablement autour du 21 avril 1943.,
119450a1-c7da-431a-a647-b60251bf8b0c,Mariage de Marie-Thérèse d'Autriche et François de Lorraine,1736-01-01,INSUFFICIENT_EVIDENCE,annee_exacte_introuvable,REVIEW,,1736-02-12,0.8,B,Mettre à jour la date avec la date exacte du mariage (12 février 1736).,"Plusieurs sources indiquent que le mariage a eu lieu le 12 février 1736, et non le 1er janvier. La description est cohérente avec l'événement.",
af3ae39f-f4e7-406a-b85b-cf1c321e9cd9,Décision d'ouverture du projet du musée du quai Branly,1999-01-01,INSUFFICIENT_EVIDENCE,retrieval_insuffisant,REVIEW,Décision de création du musée du quai Branly,1999-01-01,0.8,B,Conserver la date de 1999 et mettre à jour le titre pour refléter plus précisément la décision de création du musée.,"Le titre actuel est acceptable mais peut être amélioré pour plus de précision. La description confirme que la décision de créer le musée a été prise en 1999. Aucune source externe n'est fournie, mais la description est cohérente.",
4513af9f-518f-4ea5-8872-0d9afd7ade07,Suppression de l'ordre des Jésuites en France,1764-01-01,INSUFFICIENT_EVIDENCE,annee_exacte_introuvable,REVIEW,Suppression de la Compagnie de Jésus en France,1764-11-26,0.8,B,Mettre à jour la date avec la date précise de l'enregistrement de l'édit de suppression par le Parlement.,"La date de suppression est imprécise. Plusieurs sources indiquent que la suppression a été prononcée par un édit de novembre 1764, enregistré par le Parlement le 26 novembre 1764. Le titre est légèrement modifié pour correspondre à l'appellation officielle.",
39c20c48-9646-4835-92ea-65d352234f6e,Nationalisation de cinq grands groupes industriels,1982-01-01,INSUFFICIENT_EVIDENCE,annee_exacte_introuvable,REVIEW,Nationalisation de cinq grands groupes industriels,1982-02-11,0.8,B,Mettre à jour la date avec la date de promulgation de la loi de nationalisation.,Plusieurs sources indiquent que la loi de nationalisation a été promulguée le 11 février 1982. La description correspond bien à cet événement.,
281255be-400a-4611-9647-3420377ba829,Achèvement de la Divine Comédie de Dante Alighieri,1320-01-01,INSUFFICIENT_EVIDENCE,annee_exacte_introuvable,REVIEW,,,0,C,Rechercher des sources fiables qui mentionnent l'année d'achèvement de la Divine Comédie.,La date d'achèvement de la Divine Comédie est incertaine. Il faut une recherche plus approfondie pour confirmer la date de 1320.,
084152cb-66fa-4aa6-89a7-8f810d790ad9,Affrontement entre le comte de Blois Thibaud le Tricheur et les Normands,0961-01-01,INSUFFICIENT_EVIDENCE,absence_de_singularite,REVIEW,Conflit entre Thibaud le Tricheur et Richard Ier de Normandie,0961-01-01,0.8,B,Update the title to reflect the specific conflict between Thibaud le Tricheur and Richard Ier of Normandy in 961.,"Le titre original est trop général. Le titre proposé est plus précis en mentionnant Richard Ier, duc de Normandie, ce qui rend l'événement plus singulier et identifiable. La description correspond bien à cette reformulation.",
a8c2dda9-c1c4-451d-b774-3b9e35870b7d,Necker est renvoyé par Louis XVI,1789-01-01,INSUFFICIENT_EVIDENCE,annee_exacte_introuvable,REVIEW,,,0,C,"Rechercher des sources fiables (articles historiques, biographies de Necker ou Louis XVI) qui précisent la date exacte (jour, mois, année) du renvoi de Necker. Vérifier si plusieurs renvois ont eu lieu.","La date du renvoi de Necker n'est pas clairement établie dans les sources disponibles. L'année 1789 est mentionnée dans la description, mais nécessite une vérification plus approfondie.",
9188ce95-cff2-43ff-aa73-c5cfa8655cb7,Saint Louis rentre en France,1254-01-01,INSUFFICIENT_EVIDENCE,annee_exacte_introuvable,REVIEW,,1254-00-00,0.7,B,Conserver l'année mais mettre le mois et le jour à 00.,L'année 1254 est correcte d'après la description. Le jour et le mois ne sont pas connus.,
74a219d5-5472-452d-bcab-83d3641eb37f,Le scandale de Panama,1889-01-01,INSUFFICIENT_EVIDENCE,annee_exacte_introuvable,REVIEW,,1892-01-01,0.8,B,Update the date to 1892-01-01 based on Wikidata. The description remains consistent.,Wikidata indique 1892 comme date de l'événement. La description est cohérente avec cette date.,
db67968d-ac5d-4ab2-b195-61388b853971,Création des premières lunettes correctrices,1285-09-08,INSUFFICIENT_EVIDENCE,annee_exacte_introuvable,REVIEW,Invention des lunettes,1285-09-08,0.7,B,Mettre à jour le titre pour plus de concision et de clarté. Vérifier si d'autres sources confirment la date exacte.,"Le titre original est trop long et peu précis. ""Invention des lunettes"" est plus concis et correspond mieux à l'événement décrit. La date est conservée car elle est mentionnée dans la description.",
91b94daa-e16d-4035-a162-94d8790682f9,Création du CNRS,1939-01-01,INSUFFICIENT_EVIDENCE,retrieval_insuffisant,REVIEW,,1939-10-19,0.8,B,Mettre à jour la date avec la date correcte du 19 octobre 1939.,La description indique clairement la date de création comme étant le 19 octobre 1939. La date actuelle est incorrecte.,
f993e2d9-abcf-44bd-bfa8-f83c5e7982b9,Création de la First Bank of the United States,1791-01-01,INSUFFICIENT_EVIDENCE,annee_exacte_introuvable,REVIEW,,1791-02-25,0.8,B,Mettre à jour la date au 25 février 1791.,Plusieurs sources indiquent que le projet de loi créant la First Bank of the United States a été adopté le 25 février 1791. La description est cohérente avec cet événement.,
9648d2b7-a1e9-4aaa-9c48-a9e344b3244c,Lancement du TGV Sud-Est,1981-01-01,INSUFFICIENT_EVIDENCE,retrieval_insuffisant,REVIEW,Lancement du TGV Sud-Est,1981-09-27,0.8,B,Vérifier si le 27 septembre est la date de mise en service ou une date de lancement officielle.,La date du 1er janvier est peu probable pour un lancement. Plusieurs sources indiquent le 27 septembre 1981 comme date de lancement du TGV Sud-Est. La description est cohérente avec un lancement en 1981.,
151a8656-e085-4370-8cdb-32ff83661035,Introduction du pousse-pousse (Japon),1869-01-01,INSUFFICIENT_EVIDENCE,annee_exacte_introuvable,REVIEW,,,0,C,Effectuer une recherche plus approfondie sur l'histoire du pousse-pousse au Japon pour confirmer la date d'introduction.,L'audit précédent indique un manque de sources fiables pour confirmer la date exacte de l'introduction du pousse-pousse au Japon. Une recherche plus approfondie est nécessaire.,
91b7c500-032c-4f60-928b-dd860e0cc3f5,Début de la construction de l'abbaye,1017-01-01,INSUFFICIENT_EVIDENCE,annee_exacte_introuvable,REVIEW,,,0,C,"Rechercher des sources fiables (articles d'histoire, publications académiques, sites web officiels du Mont-Saint-Michel) qui confirment le début de la construction de l'abbaye en 1017. Vérifier si d'autres dates sont proposées et évaluer l…",L'audit précédent a échoué à trouver des sources fiables confirmant la date de début de la construction de l'abbaye du Mont-Saint-Michel. Les sources fournies ne sont pas pertinentes.,
9497a97a-1b32-4ef1-8baa-95d27d9a81be,Ordonnance de Charles VI sur la peste,1400-01-01,INSUFFICIENT_EVIDENCE,annee_exacte_introuvable,REVIEW,,,0,C,Search for reliable sources that confirm the date of the ordinance issued by Charles VI regarding the plague. Check official archives or historical documents.,The date is uncertain and requires further investigation. The previous audit also indicated insufficient evidence for the year 1400.,
d65a86ca-08c6-4ae8-9f4b-4bdcb0d576e1,Création de l'Inquisition à Séville,1478-01-01,INSUFFICIENT_EVIDENCE,annee_exacte_introuvable,REVIEW,Création de l'Inquisition à Séville,1480-01-01,0.8,B,"Mettre à jour la date à 1480-01-01, car cela correspond à la nomination des premiers inquisiteurs à Séville, tel que mentionné dans la description et confirmé par Wikipedia en anglais.","Bien que l'autorisation papale date de 1478, la nomination des premiers inquisiteurs et la mise en place effective à Séville datent de 1480, ce qui correspond mieux à la description de l'événement.",
2bd8c36e-7316-40fc-9ddf-a55b6c9e0204,Bataille de Beyrouth-Ouest,1982-01-01,INSUFFICIENT_EVIDENCE,annee_exacte_introuvable,REVIEW,,,0,C,"Rechercher des sources fiables concernant la 'Bataille de Beyrouth-Ouest' en 1982, ou confirmer l'existence d'une autre bataille de Beyrouth en 1912.","L'audit précédent a identifié un conflit de date important. La description fait référence à 1982, mais les sources initiales pointent vers 1912 (bataille navale). Il faut investiguer plus avant pour déterminer s'il s'agit d'événements distincts ou d'une erreur.",
b3bd7960-ee9e-4412-97d5-60f78ed7cfdb,Début de la rédaction du Dit des Heike,1200-01-01,INSUFFICIENT_EVIDENCE,absence_de_singularite,REVIEW,Dit des Heike (rédaction),1200-01-01,0.7,B,Mettre à jour le titre pour plus de concision et de clarté. Vérifier si une date de début de rédaction plus précise est disponible.,Le titre est plus concis et correspond à l'événement principal. La date est conservée car elle indique le début de la rédaction. L'événement n'est pas singulier car il s'agit d'un processus de rédaction.,
bfffc1da-748d-44bc-ae14-afd605bbb76c,Systématisation de la notation musicale par Guido d'Arezzo,1026-01-01,INSUFFICIENT_EVIDENCE,retrieval_insuffisant,REVIEW,Systématisation de la notation musicale par Guido d'Arezzo,1026-01-01,0.6,C,Ajouter des sources externes pour renforcer la confiance dans la date de l'événement.,"L'événement semble correct d'après la description, mais l'absence de sources externes fiables rend la date précise difficile à confirmer avec certitude. On conserve l'événement car il est acceptable en l'état.",
1783bba1-b91f-4c9a-ac77-a4188add9f04,Publication de la première grammaire française,1550-01-01,INSUFFICIENT_EVIDENCE,annee_exacte_introuvable,REVIEW,,,0,C,Rechercher une source fiable qui confirme la publication de la grammaire de Louis Meigret en 1550.,L'audit précédent n'a pas trouvé de source confirmant la date de publication. Il faut une source fiable pour valider l'événement et sa date.,
159b8df5-3746-46c4-8eea-b3d4ff784d47,Catarina Cornaro cède Chypre à Venise,1489-01-01,INSUFFICIENT_EVIDENCE,retrieval_insuffisant,REVIEW,Cession de Chypre à Venise,1489-01-01,0.9,B,Vérifier si une date plus précise (jour et mois) est disponible.,Le titre est amélioré pour plus de concision et de neutralité. La date est conservée car elle est cohérente avec la description.,
c826c45d-a000-4dd7-9853-95290937d6ed,Expéditions de Pépin contre l' Aquitaine,0760-01-01,INSUFFICIENT_EVIDENCE,absence_de_singularite,REVIEW,Guerres d'Aquitaine de Pépin le Bref,,0.9,A,Update the title to reflect the series of military campaigns led by Pepin the Short in Aquitaine.,"The original title refers to a series of expeditions, not a single event. The proposed title reflects this series of military campaigns. The description supports this interpretation.",
19e36464-6e4d-4f1c-af0e-a821d191c519,Campagne des FTP contre les infrastructures allemandes,1942-01-01,INSUFFICIENT_EVIDENCE,absence_de_singularite,REVIEW,Attentats et sabotages des FTP contre les infrastructures allemandes,,0.7,B,Modifier le titre pour plus de précision. Considérer la possibilité de diviser en événements plus spécifiques si possible.,"Le titre actuel décrit une campagne, ce qui est trop large. Le titre proposé est plus spécifique et correspond mieux à la description. Il reste cependant difficile de considérer cela comme un événement unique.",
dc6895c7-69d1-4726-9122-0a9714b473f4,Premiers esclaves africains arrivés dans le Nouveau Monde,1502-10-01,INSUFFICIENT_EVIDENCE,annee_exacte_introuvable,REVIEW,Début de la traite transatlantique,,0.8,B,Vérifier et potentiellement ajouter des sources concernant le début de la traite transatlantique et les premières arrivées d'esclaves africains dans le Nouveau Monde.,"Le titre actuel est trop spécifique et daté. Le début de la traite transatlantique est un terme plus générique et approprié, englobant l'événement décrit. La date exacte est difficile à confirmer, mais l'événement lui-même est bien documenté.",
f47d97bb-f41d-43a8-a0a9-18c209428262,João Vaz Corte-Real atteint Terre-Neuve,1472-01-01,INSUFFICIENT_EVIDENCE,annee_exacte_introuvable,REVIEW,,,0,C,Rechercher des sources historiques fiables qui confirment ou infirment la date de 1472 pour l'expédition de João Vaz Corte-Real à Terre-Neuve. Vérifier si d'autres dates sont proposées et les évaluer.,La date de 1472 pour l'atteinte de Terre-Neuve par João Vaz Corte-Real est incertaine et nécessite une vérification plus approfondie. Les sources actuelles ne confirment pas cette date avec certitude.,
1751bb0b-53be-4b54-914e-cd004a527d99,Dernière attaque viking sur Paris,0910-01-01,INSUFFICIENT_EVIDENCE,absence_de_singularite,REVIEW,Raids vikings sur Paris,,0.8,B,"Modifier le titre pour refléter la nature répétée des raids vikings sur Paris. La date de 910 peut être conservée si elle est considérée comme un exemple de ces raids, mais le titre doit être plus général.","Le titre actuel est problématique car il suggère un événement unique et daté, alors que la description indique une série de raids. Le titre ""Raids vikings sur Paris"" est plus générique et englobant, reflétant mieux la nature répétée des incursions vikings.",
f05a96e2-9551-4c5d-b4a3-99933e97294d,Bataille des Monts Mauriacus,0553-01-01,INSUFFICIENT_EVIDENCE,annee_exacte_introuvable,REVIEW,,,0,C,Rechercher des sources fiables confirmant la date et le lieu de la bataille des Monts Mauriacus.,"L'audit précédent n'a pas trouvé de sources fiables confirmant la date de 553. Les sources externes fournies concernent la bataille des champs Catalauniques en 451, ce qui n'aide pas à valider l'événement actuel. Il faut donc revoir l'événement et trouver des sources fiables pour la date et le lieu.",
82bf9d98-d895-4556-9f49-d50bb1ea8e4b,Accident ferroviaire de Saint-Michel-de-Plélan,1942-01-01,INSUFFICIENT_EVIDENCE,retrieval_insuffisant,REVIEW,Accident ferroviaire de Saint-Michel-de-Plélan,1942-04-04,0.7,B,Ajouter des sources primaires pour confirmer la date exacte de l'accident.,La description contient 'avril 1942'. Plusieurs sources en ligne (bien que non considérées comme des sources primaires) indiquent le 4 avril 1942 comme date de l'accident.,
63328422-afee-462e-8988-aa4230f7ab69,Le scandale du Dieselgate,2015-01-01,INSUFFICIENT_EVIDENCE,annee_exacte_introuvable,REVIEW,,2015-09-18,0.8,B,Vérifier si la date du 18 septembre 2015 est la plus pertinente pour marquer le début du scandale. Ajouter des sources.,"La date du 18 septembre 2015 correspond à la date à laquelle l'EPA (Environmental Protection Agency) a émis un avis de violation à Volkswagen concernant l'utilisation d'un logiciel truqueur. Bien que le scandale se soit étalé sur plusieurs années, cet événement marque le début de la révélation publique.",
700a2b03-f082-4c6d-86c1-07d591a0ffc4,Torricelli invente le baromètre à mercure,1643-01-01,INSUFFICIENT_EVIDENCE,annee_exacte_introuvable,REVIEW,Invention du baromètre à mercure par Torricelli,,0.9,B,Vérifier et confirmer la date exacte de l'invention avec des sources supplémentaires.,Le titre actuel est factuel mais peut être plus précis et standardisé. Le titre proposé est plus formel et correspond à une formulation courante pour cet événement. La description reste cohérente.,
f9803a69-7d4d-41a5-a150-107740a9f3fe,Le comte Eudes II de Blois hérite de la Champagne,1019-01-01,INSUFFICIENT_EVIDENCE,annee_exacte_introuvable,REVIEW,Héritage de Troyes et Meaux par Eudes II de Blois,1022-01-01,0.8,B,"Mettre à jour le titre et la date pour correspondre à l'héritage de Troyes et Meaux en 1022, et modifier la description en conséquence.","L'article Wikipedia mentionne l'héritage de Troyes et Meaux vers 1022, et non de la Champagne en 1019. La description doit être adaptée en conséquence.",
925c3c70-2482-48d1-a09e-e7ac83102901,Invention de la bicyclette à pédales,1861-07-12,INSUFFICIENT_EVIDENCE,preuve_insuffisante,REVIEW,,,0,C,Rechercher des sources externes fiables qui confirment la date exacte de l'invention de la bicyclette à pédales. Vérifier si Pierre Michaux est bien l'inventeur.,"L'audit précédent n'a pas trouvé de sources fiables confirmant la date de 1861. Les sources actuelles concernent la bicyclette de sécurité, un modèle ultérieur. La date de l'invention de la bicyclette à pédales reste incertaine.",
c09af671-4d31-428e-a7de-5361a84d1044,Inauguration du Central Park Tower à New York,2020-01-01,INSUFFICIENT_EVIDENCE,annee_exacte_introuvable,REVIEW,,,0,C,Find a reliable source confirming the inauguration date of the Central Park Tower.,The previous audit couldn't find a reliable source confirming the inauguration year. The provided sources are irrelevant. Further research is needed to confirm the date of the inauguration.,
8fcb6009-9cef-451d-af96-6826a1e865a1,Révolte des canuts de Lyon,1834-01-01,INSUFFICIENT_EVIDENCE,annee_exacte_introuvable,REVIEW,Révolte des canuts de Lyon,1834-02-14,0.7,B,"Update the date to the more precise date of February 14, 1834, if a stronger source can be found. Otherwise, keep the year.","The current date is too generic. The second revolt of the Canuts started on February 14, 1834. While I don't have a strong source for this precise date, multiple sources confirm the year and the fact that this was the second revolt.",
477af2c1-5d6c-44f5-b59d-8caed008a489,Première observation de Sirius par les astronomes chinois,0140-01-01,INSUFFICIENT_EVIDENCE,annee_exacte_introuvable,REVIEW,,,0,C,Rechercher des sources supplémentaires confirmant l'année de la première observation de Sirius par les astronomes chinois. Vérifier si d'autres sources mentionnent des observations antérieures à celles déjà documentées.,L'année 140 pour la première observation documentée de Sirius par les astronomes chinois n'est pas confirmée par les sources disponibles. L'article Wikipédia sur Sirius ne mentionne pas cette observation spécifique.,
f3217950-4853-48d2-a5d2-c3b1fb64ab88,Construction de la Tour Galata à Constantinople,1348-01-01,INSUFFICIENT_EVIDENCE,annee_exacte_introuvable,REVIEW,,,0,C,Rechercher des sources fiables qui confirment l'année de construction de la Tour Galata.,L'année de construction (1348) n'est pas confirmée par les sources disponibles. Nécessite une vérification plus approfondie pour confirmer la date.,
70c493bf-6b54-47f2-a60e-c73d9275d523,Première utilisation de la fourchette en France,1533-01-01,INSUFFICIENT_EVIDENCE,absence_de_singularite,REVIEW,Introduction de la fourchette en France,,0.7,B,Vérifier si une date plus précise peut être associée à la popularisation de la fourchette par Catherine de Médicis.,"Le titre actuel implique une première utilisation unique, ce qui est difficile à prouver. Le titre proposé est plus général et correspond mieux à la description qui parle d'introduction et de popularisation.",
52f32753-4f77-4cf7-9b03-17ec661049bc,Sécheresse en Amazonie brésilienne,2010-01-01,INSUFFICIENT_EVIDENCE,annee_exacte_introuvable,REVIEW,,,0,C,"Rechercher des sources externes (articles de presse, rapports scientifiques) qui confirment la date de 2010 pour la sécheresse en Amazonie brésilienne. Si aucune source fiable ne confirme cette date, envisager de supprimer l'événement ou d…",La date de 2010 pour la sécheresse en Amazonie brésilienne n'est pas confirmée par les sources disponibles. Il faut rechercher des sources fiables qui valident cette date.,
f92a6ab4-3ac9-4e7e-a383-6cd9fa9fb404,Dissolution de l'Assemblée nationale par Chirac,1997-01-01,INSUFFICIENT_EVIDENCE,annee_exacte_introuvable,REVIEW,Dissolution de l'Assemblée nationale française de 1997,1997-04-21,0.9,A,Vérifier si le titre proposé est l'appellation la plus courante et officielle. Confirmer la date exacte de la dissolution.,La date de dissolution est le 21 avril 1997. Le titre doit être plus précis pour éviter la confusion avec d'autres dissolutions.,
1879da59-9ccd-4f39-a6e2-fe45b35fef7c,Mariage de Jeanne de France et Louis d'Orléans,1476-01-01,INSUFFICIENT_EVIDENCE,annee_exacte_introuvable,REVIEW,,,0,C,Rechercher des sources fiables confirmant la date du mariage de Jeanne de France et Louis d'Orléans.,L'audit précédent n'a pas trouvé de source confirmant la date du mariage. Il faut investiguer plus avant pour confirmer la date de 1476.,
da481700-9a91-45f6-8990-48cc75e36a99,Assaut de Querétaro et chute de Maximilien Ier,1867-01-01,INSUFFICIENT_EVIDENCE,retrieval_insuffisant,REVIEW,Siège de Querétaro,1867-02-05,0.8,B,Vérifier si 'Siège de Querétaro' est bien l'appellation la plus courante et officielle.,"Le titre original est trop long et inclut la conséquence du siège. Le 5 février est la date du début du siège, et non le 1er janvier. La description est cohérente avec cette date.",
9fc35ffb-bb7d-4ede-9899-8d733f755fbc,Bataille de Thessalonique,1040-01-01,INSUFFICIENT_EVIDENCE,preuve_insuffisante,REVIEW,Bataille de Thessalonique,1000-01-01,0.8,B,Mettre à jour la date de la bataille de Thessalonique à 1000-01-01.,"La date de 1040 est incorrecte. Les sources indiquent plutôt l'an 1000 (Wikidata) ou 995 (Wikipedia). Je propose de retenir 1000, qui est l'information la plus précise disponible.",
d8816694-0534-4432-b3d1-9b8925ca8ee5,Guerre du Tonneau,1774-01-01,INSUFFICIENT_EVIDENCE,annee_exacte_introuvable,REVIEW,,,0,C,A more reliable source is needed to confirm the date and details of the 'Guerre du Tonneau'.,"The previous audit found insufficient evidence to support the current date. The linked Wikipedia and Wikidata entries refer to a building named 'Le Tonneau' and its construction date, not the political event described. Further investigation is needed to verify the date and details of the 'Guerre du Tonneau'.",
6f731167-c988-42ea-a7dd-85de28ccf87e,Publication du premier magazine d'échecs,1836-01-01,INSUFFICIENT_EVIDENCE,annee_exacte_introuvable,REVIEW,,,0,C,Rechercher des sources fiables (autres que Wikipédia) confirmant la date de publication du magazine d'échecs 'Le Palamède'.,L'audit précédent n'a pas trouvé de sources fiables confirmant la date de publication du magazine. Il faut investiguer plus avant pour valider la date de 1836.,
7a6bf247-f99b-4c20-b082-6235cb33145c,Paix de Gisors,0965-01-01,INSUFFICIENT_EVIDENCE,annee_exacte_introuvable,REVIEW,,,0.2,C,Rechercher des sources historiques fiables mentionnant la Paix de Gisors et sa date. Vérifier si l'événement est bien distinct d'autres rencontres à Gisors.,L'année 965 n'est pas confirmée par des sources fiables. L'article Wikipédia sur Gisors ne mentionne pas cet événement. Nécessite une vérification plus approfondie pour confirmer la date et l'existence de cet événement.,
aabd0af8-ac90-4a82-a7bf-547874b54ba7,Apparition des premières guildes de boulangers,1200-01-01,INSUFFICIENT_EVIDENCE,absence_de_singularite,REVIEW,,,0.9,B,Supprimer car il s'agit d'un processus et non d'un événement singulier.,"L'événement décrit l'apparition des premières guildes, ce qui est un processus et non un événement singulier datable à une année précise.",L'événement décrit un processus graduel et non un événement singulier. L'apparition des guildes de boulangers s'étend sur une période et n'est pas un événement ponctuel.
d5317bde-a7e3-420a-bae9-d8c673dc76a2,Début de la colonisation du Congo Belge,1885-01-01,INSUFFICIENT_EVIDENCE,absence_de_singularite,UPDATE_BOTH,Création du Congo Belge,1908-11-15,0.9,A,Mettre à jour le titre et la date pour correspondre à la création du Congo Belge.,Le Congo Belge a été créé le 15 novembre 1908. Le titre initial est incorrect et la date ne correspond pas à la création du Congo Belge.,
9d573b74-2c0a-4e01-b37a-c1bdd352ddcb,Début de la construction du Fort de Lahore,1566-01-01,INSUFFICIENT_EVIDENCE,absence_de_singularite,REVIEW,Construction du Fort de Lahore,1593-01-01,0.8,B,Mettre à jour la date à 1593 et le titre pour correspondre à l'événement principal décrit dans la description.,"La description indique que la reconstruction du fort a commencé en 1593 sous Akbar, et non en 1566. Le titre est modifié pour refléter l'événement de construction, et non son début.",
ec563b78-da8d-4d56-8f2b-e8c72b174fdc,Mungo Park atteint le fleuve Niger,1796-07-20,INSUFFICIENT_EVIDENCE,annee_exacte_introuvable,REVIEW,,,0,C,Rechercher des sources externes fiables (autres que Wikipedia et Wikidata) qui confirment la date exacte de la rencontre de Mungo Park avec le fleuve Niger.,"La date de la rencontre de Mungo Park avec le fleuve Niger n'est pas confirmée par les sources disponibles. L'article Wikipedia mentionne ses explorations du fleuve Niger, mais sans donner de date précise. Wikidata ne fournit pas non plus cette information.",
e6a2ce6f-65cb-4f4a-b440-77b9eef7de0f,Newton découvre le calcul infinitésimal,1665-01-01,INSUFFICIENT_EVIDENCE,annee_exacte_introuvable,REVIEW,Découverte du calcul infinitésimal par Isaac Newton,,0.7,B,"Supprimer la date précise et indiquer une période plus large (seconde moitié du XVIIe siècle) si possible, ou laisser sans date.",L'année exacte de la découverte du calcul infinitésimal par Newton est incertaine. Les sources indiquent la seconde moitié du XVIIe siècle. Il est préférable de supprimer la date précise.,
0c362acd-a86a-403e-a378-c0f4370322ed,Invention du bateau à vapeur par Jouffroy d'Abbans,1783-01-01,INSUFFICIENT_EVIDENCE,annee_exacte_introuvable,REVIEW,Démonstration du Pyroscaphe par Jouffroy d'Abbans,1783-01-01,0.8,B,Vérifier si d'autres sources confirment la date et la nature de l'événement.,Le titre actuel est trop général. La description se concentre sur la démonstration du Pyroscaphe. Le titre proposé est plus précis et correspond mieux à la description.,
4c2b4900-f500-4b63-8384-cad81d09ed92,Approbation du premier vaccin contre le cancer (Gardasil),2006-01-01,INSUFFICIENT_EVIDENCE,retrieval_insuffisant,REVIEW,Approbation du vaccin Gardasil,2006-06-08,0.8,B,Vérifier et confirmer la date exacte de l'approbation du Gardasil avec des sources officielles.,La date du 1er janvier 2006 est incorrecte. Plusieurs sources indiquent que le Gardasil a été approuvé par la FDA le 8 juin 2006. Le titre est simplifié pour plus de concision.,
8c1b31ae-6fd8-48e2-ae69-da578f8710ae,Fondation de l’ENA,1945-01-01,INSUFFICIENT_EVIDENCE,retrieval_insuffisant,REVIEW,Fondation de l’École nationale d'administration,1945-10-09,0.8,B,Vérifier si le 9 octobre est la date exacte de la fondation ou la date de publication du décret. Ajouter une source officielle (Journal officiel).,La description mentionne octobre 1945. Le Journal officiel du 9 octobre 1945 publie le décret de création de l'ENA. Le titre est légèrement modifié pour correspondre à l'appellation complète.,
803a333e-efed-45a7-8128-1199da8e2ece,Découverte de la vitamine C par Albert Szent-Györgyi,1932-01-01,INSUFFICIENT_EVIDENCE,annee_exacte_introuvable,REVIEW,,,0.5,C,Rechercher des sources mentionnant explicitement l'année de la découverte de la vitamine C par Albert Szent-Györgyi.,L'année exacte de la découverte de la vitamine C n'est pas clairement établie dans les sources disponibles. Il est nécessaire de rechercher des sources plus précises.,
9c2533a9-3b6f-4b53-9226-1205e439fd3a,Invention de la machine à écrire par Christopher Latham Sholes,1868-01-01,INSUFFICIENT_EVIDENCE,annee_exacte_introuvable,REVIEW,,,0,C,Rechercher des sources fiables (autres que Wikipédia) confirmant la date de l'invention de la machine à écrire par Christopher Latham Sholes.,L'audit précédent n'a pas trouvé de source confirmant l'année exacte de l'invention. Il faut investiguer plus avant pour confirmer la date.,
162e91d4-a2e5-4b68-8e60-c1e3d34deb1c,Fondation de Singapour par Sir Stamford Raffles,1819-01-01,INSUFFICIENT_EVIDENCE,preuve_insuffisante,REVIEW,Fondation de Singapour par Stamford Raffles,1819-01-29,0.7,B,Mettre à jour la date au 29 janvier 1819.,Plusieurs sources indiquent que Stamford Raffles a débarqué à Singapour le 29 janvier 1819. La description est cohérente avec cet événement.,
8fe29348-672c-4405-a54d-6961b53f6a79,Accord commercial entre Pise et l'Égypte fatimide,1156-01-01,INSUFFICIENT_EVIDENCE,annee_exacte_introuvable,REVIEW,Accord commercial entre Pise et l'Égypte fatimide,1156-01-01,0.6,C,Conserver l'événement avec une note indiquant le manque de sources directes confirmant la date exacte.,"Bien qu'il n'y ait pas de confirmation directe de cet accord en 1156, la description est cohérente et l'événement est plausible dans le contexte de l'époque. L'absence de sources solides justifie un niveau de confiance faible.",
df685a4e-88ae-43b3-a747-751cd0ce7f30,Identification de Gliese 581g,2010-01-01,INSUFFICIENT_EVIDENCE,retrieval_insuffisant,REVIEW,Découverte de Gliese 581g,2010-01-01,0.8,B,Vérifier si 'Annonce de la découverte de Gliese 581g' serait encore plus approprié.,Le titre actuel est moins précis que 'Découverte de Gliese 581g'. La date est cohérente avec la description.,
dbc69022-7f48-4ff2-8b80-4a598facc9b2,Ptolémée écrit l'Almageste,0150-01-01,INSUFFICIENT_EVIDENCE,annee_exacte_introuvable,REVIEW,Publication de l'Almageste,0150-01-01,0.7,C,Rechercher des sources plus précises concernant la date de publication de l'Almageste.,"Le titre original est trop centré sur l'auteur. Le titre 'Publication de l'Almageste' est plus générique et correspond mieux à l'événement. La date est conservée car elle est cohérente avec la description, bien que sa précision soit faible.",
b39ce22c-f975-4e2b-aa80-6dbac14c8e3f,Raimon-Bérenger IV s'unit à Pétronille,1150-01-01,INSUFFICIENT_EVIDENCE,retrieval_insuffisant,REVIEW,Mariage de Raimond-Bérenger IV de Barcelone et de Pétronille d'Aragon,,0.8,B,Vérifier et confirmer la date du mariage avec des sources externes.,Le titre actuel est acceptable mais peut être amélioré pour plus de précision et de formalité. Le titre proposé est plus standard et correspond à la description.,
3c7a4b41-851d-436c-a46f-01dafaec1edb,Première représentation du Bourgeois gentilhomme de Molière,1670-10-14,INSUFFICIENT_EVIDENCE,annee_exacte_introuvable,REVIEW,Première représentation du Bourgeois gentilhomme,1670-10-14,0.8,B,Corriger la date de l'événement avec la date de la description (17 juin 1671) et vérifier la cohérence de la description.,"La description indique une date de première représentation au 17 juin 1671, tandis que la date actuelle est le 14 octobre 1670. Il faut donc corriger la date et vérifier la description.",
c85b0329-c5bf-436e-aa26-a373346c6a3a,"Enquête sur l'affaire Clearstream 2, des liens présumés entre élite politique et secteur financier",2005-01-01,INSUFFICIENT_EVIDENCE,absence_de_singularite,REVIEW,Affaire Clearstream 2,2004-01-01,0.8,B,Vérifier si une date plus précise que 2004-01-01 peut être trouvée pour le début de l'affaire.,Le titre actuel est trop long et inclut des détails superflus. L'affaire Clearstream 2 est l'appellation standard. La description indique que l'affaire débute en 2004.,
8303f658-2339-4a38-bae8-2fbdb860740d,Retour de Christophe Colomb de son premier voyage en Amérique,1493-01-01,INSUFFICIENT_EVIDENCE,annee_exacte_introuvable,REVIEW,,,0,C,Rechercher des sources fiables qui confirment la date exacte du retour de Christophe Colomb en Europe après son premier voyage en Amérique. Vérifier si la date du 1er janvier est correcte ou s'il s'agit d'une approximation.,La date de retour de Christophe Colomb en Europe après son premier voyage est incertaine. Il faut des sources plus précises pour valider la date de 1493-01-01.,
5e84a326-bcee-437b-bcd9-d810a43e7831,Adoption du Statut de Rome par la Sierra Leone,2002-01-01,INSUFFICIENT_EVIDENCE,preuve_insuffisante,REVIEW,,,0.6,C,Rechercher des sources directes confirmant l'adoption du Statut de Rome par la Sierra Leone en 2002.,L'information semble correcte mais manque de sources directes confirmant l'adoption par la Sierra Leone en 2002. L'article Wikipedia fourni ne traite pas de l'adoption par un pays spécifique.,
2b8c663e-9051-4d6e-9a77-80e7a9799b43,Lancement du 'Flowbee' (tondeuse à cheveux),1980-01-01,INSUFFICIENT_EVIDENCE,annee_exacte_introuvable,REVIEW,Lancement du Flowbee,1980-01-01,0.6,C,Rechercher des sources plus précises pour confirmer la date de lancement du Flowbee.,"Le titre est acceptable, mais pourrait être simplifié. La date est conservée car elle est dans la description, mais le niveau de preuve reste faible sans sources externes.",
7bf71d45-cead-4993-8b8e-bf1f7e9383c8,Invention de la machine à coudre,1829-01-01,INSUFFICIENT_EVIDENCE,annee_exacte_introuvable,REVIEW,,,0,C,Search for reliable sources that confirm the exact date (year) of Barthélemy Thimonnier's sewing machine invention.,The previous audit couldn't confirm the date. More research is needed to verify the date of the invention.,
b48c70d0-e86a-48de-a381-ef0f36e76365,Première utilisation du télégraphe électrique,1837-01-01,INSUFFICIENT_EVIDENCE,annee_exacte_introuvable,REVIEW,Invention du télégraphe électrique,1837-01-24,0.7,B,Vérifier la date exacte de la première démonstration publique du télégraphe électrique et mettre à jour la description en conséquence.,"Le titre est acceptable, mais la date du 1er janvier est trop vague. Plusieurs sources indiquent le 24 janvier 1837 comme date de la première démonstration publique du télégraphe électrique par Samuel Morse.",
4764b56c-be2e-43e6-85ee-033b2cee5d46,Irène devient impératrice byzantine,0797-01-01,INSUFFICIENT_EVIDENCE,annee_exacte_introuvable,UPDATE_BOTH,Accession au trône d'Irène l'Athénienne,0797-08-01,0.9,A,Vérifier si le titre 'Accession au trône d'Irène l'Athénienne' est l'appellation la plus officielle ou standard. Confirmer la date exacte (jour) de l'accession au trône.,Le titre actuel est acceptable mais peut être amélioré pour plus de précision. La date est incorrecte. Irène est devenue impératrice en août 797 après avoir déposé son fils Constantin VI. Le titre proposé est plus formel et précis. La date est corrigée selon les sources historiques.,
c5eaa478-e14b-48d6-b500-90eb85b53f78,Nouvelles modalités de calcul des pensions du secteur public,1983-01-01,INSUFFICIENT_EVIDENCE,retrieval_insuffisant,REVIEW,Réforme des retraites de 1983 (France),1983-01-01,0.8,B,Vérifier si le titre proposé est l'appellation la plus courante et officielle de cette réforme. Ajouter des sources externes pour renforcer la confiance.,Le titre actuel est trop vague. La description indique clairement qu'il s'agit de la réforme des retraites de 1983. Le nouveau titre est plus précis et correspond à l'événement décrit.,
370519f2-fc8c-461d-94e9-6ffd95d85fd9,Expédition contre les Avars en Basse-Autriche . Vassalisation de la Bohême,0791-01-01,INSUFFICIENT_EVIDENCE,annee_exacte_introuvable,REVIEW,Guerre contre les Avars et vassalisation de la Bohême,0791-01-01,0.8,B,Vérifier si le terme 'guerre' est approprié ou s'il faut utiliser 'campagne' ou 'expédition'.,Le titre actuel est trop long et contient des informations redondantes. Le titre proposé est plus concis et précis. La date est conservée car elle est mentionnée dans la description.,
7fa8841d-6532-431f-87a4-dbebc0a4be16,La Gazette devient journal officiel,1672-01-01,INSUFFICIENT_EVIDENCE,annee_exacte_introuvable,REVIEW,,,0,C,"Further research is needed to determine if 'La Gazette' became an official journal and, if so, the correct date.","The previous audit and the provided sources indicate a potential confusion between 'La Gazette' and the 'Journal officiel de la République française'. Further investigation is needed to clarify the exact date when 'La Gazette' became an official journal, if it did.",
1a641da5-3253-413d-be29-4338c0f6e788,Naufrage du Valbanera,1919-01-01,INSUFFICIENT_EVIDENCE,retrieval_insuffisant,REVIEW,,1919-09-19,0.8,B,Mettre à jour la date avec la date correcte du naufrage.,La date du 19 septembre 1919 est la date généralement admise pour le naufrage du Valbanera. L'ancienne date du 1er janvier est incorrecte.,
d4694a31-7be2-46eb-847b-34c3fc7a98ec,Début de la construction de Chan Chan,1350-01-01,INSUFFICIENT_EVIDENCE,absence_de_singularite,REVIEW,Construction de Chan Chan,0850-01-01,0.8,B,"Update the date to 850 based on Wikidata. Simplify the title to 'Construction de Chan Chan'. Note that this event describes a process, not a singular event.",Wikidata indique 850 comme date de début. Le titre est simplifié pour correspondre à l'événement.,
5919ad05-48da-49af-b047-c4e81afb5c5f,Début de la Guerre des Boers en Afrique du Sud,1880-01-01,INSUFFICIENT_EVIDENCE,absence_de_singularite,UPDATE_BOTH,Première Guerre des Boers,1880-12-16,0.9,A,Mettre à jour le titre et la date pour spécifier la Première Guerre des Boers.,L'événement actuel est ambigu car il existe deux guerres des Boers. La date actuelle est incorrecte. La Première Guerre des Boers a commencé le 16 décembre 1880.,
6f7e23ce-f5d3-483a-b6a7-5b3f7b38fd43,Mort d'al-Mundhir Ier al-Tujibi,1018-01-01,INSUFFICIENT_EVIDENCE,retrieval_insuffisant,REVIEW,,,0.6,C,"Conserver l'événement en l'état, mais continuer à chercher des sources pour confirmer la date.","La description est cohérente avec le titre et la date. Cependant, l'absence de sources externes directes rend la confiance modérée.",
2777fc5f-264e-4c88-83f6-c0451849964d,Catastrophe ferroviaire de Thumeries en France,1948-01-01,INSUFFICIENT_EVIDENCE,retrieval_insuffisant,REVIEW,,1948-02-17,0.8,B,Vérifier si des sources plus officielles confirment la date du 17 février 1948.,"Plusieurs sources mentionnent le 17 février 1948 comme date de l'accident ferroviaire de Thumeries. La description mentionne implicitement l'année 1948, ce qui est cohérent.",
9d29b1c9-acca-494c-a48c-6a83312a8744,Saint Louis impose la monnaie royale,1263-01-01,INSUFFICIENT_EVIDENCE,preuve_insuffisante,REVIEW,,,0,C,Rechercher des sources fiables confirmant la date de l'imposition de la monnaie royale par Saint Louis.,L'audit précédent n'a pas permis de valider la date. Les sources externes fournies ne concernent pas l'événement décrit.,
5fbbb1e2-f1fe-40ac-a98a-6b2fa9b29e27,Incendie du foyer de travailleurs d’Aubervilliers,1970-01-01,INSUFFICIENT_EVIDENCE,annee_exacte_introuvable,REVIEW,,,0,C,"Rechercher des sources fiables (archives de presse, rapports officiels) pour confirmer la date de l'incendie du foyer de travailleurs d'Aubervilliers.",L'année de l'incendie n'est pas confirmée par les sources disponibles. L'événement est important mais nécessite une vérification plus approfondie pour confirmer la date exacte.,
204973f2-0100-4cde-8c2f-1d6205f80869,Fondation du Théâtre des Arts à Paris,1793-01-01,INSUFFICIENT_EVIDENCE,annee_exacte_introuvable,REVIEW,Création du Théâtre des Arts,1793-01-01,0.7,B,Mettre à jour le titre pour plus de généralité.,Le titre actuel est trop précis (localisation à Paris). Le titre proposé est plus général et correspond mieux à la description. La date est conservée car elle est mentionnée dans la description.,
6fefa7f5-fa8c-4b84-b5d3-1ee8418ce034,Premier message commercial par satellite,1962-01-01,INSUFFICIENT_EVIDENCE,annee_exacte_introuvable,REVIEW,,,0,C,Rechercher des sources fiables confirmant la date du premier message commercial par satellite et la nature exacte de cet événement.,L'audit précédent n'a pas trouvé de source confirmant la date. Il faut investiguer plus avant pour confirmer la date et l'événement lui-même.,
1a3745cc-918c-4e02-afcf-ca2c0bd1870f,Adoption de la Convention CITES,1973-01-01,INSUFFICIENT_EVIDENCE,annee_exacte_introuvable,REVIEW,,1973-03-03,0.8,B,Mettre à jour la date au 3 mars 1973.,"Bien que l'année soit correcte, la date exacte de signature de la convention CITES est le 3 mars 1973. Plusieurs sources en ligne confirment cette date.",
cf30b7ed-5bc5-48cf-8d71-0ce78c6d18bd,Deuxième défaite du Roi de France à Varaville face à Guillaume le Conquérant,1057-01-01,INSUFFICIENT_EVIDENCE,annee_exacte_introuvable,UPDATE_BOTH,Bataille de Varaville,1058-01-01,0.9,A,Mettre à jour le titre et la date pour refléter les informations correctes sur la bataille de Varaville.,La description indique clairement que la bataille de Varaville a eu lieu en 1058. Le titre actuel est incorrect et doit être mis à jour. Le titre proposé est plus concis et standard.,
eafa3bf6-d1c9-4bd7-a4b4-7db085b8a328,Sixième croisade menée par Frédéric II,1228-01-01,INSUFFICIENT_EVIDENCE,preuve_insuffisante,REVIEW,Sixième croisade,1228-11-09,0.8,B,Mettre à jour la date de l'événement avec la date de début de la sixième croisade.,La date de début de la sixième croisade est le 9 novembre 1228. Le titre est simplifié pour plus de concision.,
759eebce-f337-46e3-bae0-ab0258a2151d,Fondation du Cyclists' Touring Club,1878-01-01,INSUFFICIENT_EVIDENCE,annee_exacte_introuvable,REVIEW,,,0,C,Rechercher des sources fiables confirmant la date de fondation du Cyclists' Touring Club. Vérifier si Wikidata fait référence au Cyclists' Touring Club ou au Touring Club Suisse.,"L'audit précédent a conclu à un manque de preuves suffisantes pour confirmer la date de fondation. Wikidata indique 1896, mais cela semble concerner le Touring Club Suisse. Il faut vérifier la date de fondation du Cyclists' Touring Club.",
e575e77f-9ccb-403b-97e6-d0357c47dd9b,Lancement du satellite artificiel XMM-Newton par l'ESA,1999-01-01,INSUFFICIENT_EVIDENCE,annee_exacte_introuvable,UPDATE_BOTH,Lancement du satellite XMM-Newton,1999-12-10,0.9,A,Vérifier que la description correspond bien au lancement du 10 décembre 1999.,La date de lancement du satellite XMM-Newton est le 10 décembre 1999. Le titre est plus clair sans mentionner l'ESA.,
814fed69-84b4-427f-b227-7af31c9fb2ba,Création de l'ICANN,1998-01-01,INSUFFICIENT_EVIDENCE,retrieval_insuffisant,REVIEW,Création de l'ICANN,1998-09-18,0.8,B,Vérifier si la date du 18 septembre est la date exacte de la création ou une date symbolique.,La date de création de l'ICANN est le 18 septembre 1998. L'information est cohérente avec la description.,
2162be68-6e36-4284-87fb-d687b7e2cc7d,Fondation de la Pennsylvanie,1681-01-01,INSUFFICIENT_EVIDENCE,annee_exacte_introuvable,REVIEW,Fondation de la Pennsylvanie,1681-03-04,0.8,B,Mettre à jour la date avec la date exacte de la charte royale.,La date de fondation de la Pennsylvanie est le 4 mars 1681 (date de la charte royale).,
f7ff3f47-e1d6-405b-8c0c-adec4a18c0eb,Prise du château de Beynac par Richard Cœur de Lion,1197-01-01,INSUFFICIENT_EVIDENCE,annee_exacte_introuvable,REVIEW,,,0,C,Rechercher des sources historiques fiables qui mentionnent spécifiquement l'année de la prise du château de Beynac par Richard Cœur de Lion. Vérifier si le siège a bien eu lieu.,"La date de 1197 n'est pas confirmée par les sources disponibles. Wikidata indique une inception du château en 1200, ce qui rend la date de 1197 douteuse. Il faut vérifier si le siège a bien eu lieu et si oui, en quelle année.",
6660623c-1a27-4e34-afa2-f02d92476420,Création du Ministère des Affaires Culturelles,1959-01-01,INSUFFICIENT_EVIDENCE,annee_exacte_introuvable,REVIEW,,,0,C,"Rechercher des sources fiables (archives officielles, publications académiques) qui confirment la date exacte de la création du Ministère des Affaires Culturelles. Vérifier si 1959 correspond à une proposition de création ou à un acte prép…","La date de création du Ministère des Affaires Culturelles est incertaine. Les sources actuelles pointent vers la création de l'Inspection générale des affaires culturelles en 1973, ce qui est différent. La description mentionne 1959 et 1961. Nécessite une vérification approfondie pour déterminer la date exacte de la c…",
df9c40ba-2086-4fe3-a08a-a592dabefab5,Premières rédactions du poème anglo-saxon Beowulf approx.,0700-01-01,INSUFFICIENT_EVIDENCE,absence_de_singularite,REVIEW,Rédaction de Beowulf,0700-01-01,0.6,C,Update the title to 'Rédaction de Beowulf' to be more concise and standard. Keep the date as an approximation.,"The current title is too verbose and includes 'premières rédactions', implying a period. The proposed title is more concise and standard. The date remains the same as it represents the approximate time of the redaction.",
c6a7cb29-4942-478e-b7e1-87a499d99405,Sécurité sociale en Allemagne,1911-01-01,INSUFFICIENT_EVIDENCE,annee_exacte_introuvable,REVIEW,Sécurité sociale en Allemagne,1883-01-01,0.8,B,"Mettre à jour la date à 1883-01-01, car c'est la date de début indiquée par Wikidata. Vérifier si la description doit être ajustée pour refléter cette date de début.","Wikidata indique 1883 comme date de début de la sécurité sociale en Allemagne. La description mentionne 1911 comme une extension des protections sociales existantes, mais 1883 semble être la date de création initiale.",
a560ec1e-bf88-40d4-b587-3036d5c335c4,Dissolution du PCUS : réactions françaises,1991-01-01,INSUFFICIENT_EVIDENCE,annee_exacte_introuvable,REVIEW,Réactions françaises à la dissolution du PCUS,1991-08-01,0.8,B,Vérifier si la date d'août 1991 peut être précisée davantage (jour exact).,La description mentionne août 1991 comme date de la dissolution du PCUS. Le titre est reformulé pour être plus générique et sans date.,
c133c56c-a37a-4146-8bf3-41470d4795bf,Incendie de la cathédrale de Durham,1083-01-01,INSUFFICIENT_EVIDENCE,annee_exacte_introuvable,REVIEW,Incendie de la cathédrale de Durham,,0.8,B,"Vérifier si d'autres sources confirment l'année 1083 pour l'incendie. Si non, supprimer la date précise et laisser l'année 1083 comme indication, ou supprimer l'événement si l'année n'est pas fiable.","La date de l'incendie n'est pas confirmée par les sources disponibles. La description mentionne l'incendie comme un événement ayant précédé la construction de la cathédrale en 1093. Il faut donc supprimer la date précise et laisser l'année 1083 comme indication, ou supprimer l'événement si l'année n'est pas fiable.",
cca30a6c-838b-41b2-8f6a-122fd8fe90f9,Identification de Toumaï,2001-01-01,INSUFFICIENT_EVIDENCE,annee_exacte_introuvable,REVIEW,Découverte de Toumaï,2001-07-19,0.8,B,Vérifier si 'Découverte de Toumaï' est l'appellation la plus courante et officielle. Confirmer la date exacte de la découverte.,Le titre actuel est trop vague. Le titre 'Découverte de Toumaï' est plus précis. La date du 19 juillet 2001 est largement rapportée comme la date de la découverte initiale du crâne de Toumaï.,
3d35f47f-1a3f-4505-bed5-7403dc54b11e,Catastrophe ferroviaire de Melun (France),1923-01-01,INSUFFICIENT_EVIDENCE,annee_exacte_introuvable,REVIEW,,,0,C,"Rechercher des sources externes (archives, journaux de l'époque) pour confirmer la date de la catastrophe ferroviaire de Melun.",L'audit précédent n'a pas trouvé de sources confirmant la date. Il faut investiguer plus avant pour valider la date de 1923.,
d8848738-3ad9-4081-89b9-2ec8243c0cd7,Première opération d'appendicite réussie,1887-01-01,INSUFFICIENT_EVIDENCE,retrieval_insuffisant,REVIEW,,,0,C,Ajouter des sources externes fiables mentionnant l'année de la première opération d'appendicite réussie.,Il faut trouver une source fiable qui confirme la date de la première appendicectomie réussie. L'article Wikipedia sur l'appendicite ne fournit pas cette information.,
f8394394-e95a-4ee1-b246-cb409bd936e0,Accident industriel de Seveso – retentissement en France,1976-01-01,INSUFFICIENT_EVIDENCE,annee_exacte_introuvable,REVIEW,Accident industriel de Seveso – retentissement en France,1976-07-10,0.8,B,"Mettre à jour la date pour correspondre à la date de l'accident de Seveso, car le retentissement est une conséquence directe de cet événement.",La description indique clairement que l'accident de Seveso a eu lieu le 10 juillet 1976. Le retentissement en France est directement lié à cet événement initial.,
41c7051d-fbef-4c5e-9039-f23724cb0160,Découverte des sources du Nil par John Hanning Speke,1858-08-03,INSUFFICIENT_EVIDENCE,annee_exacte_introuvable,REVIEW,Découverte des sources du Nil par John Hanning Speke,1862-01-01,0.8,B,Mettre à jour la date de l'événement à 1862.,"La description indique clairement que la découverte a eu lieu en 1862, et non en 1858. La date de 1862 est donc plus cohérente avec la description.",
ba77b7be-1c5a-4b91-aad5-e6268d5fa7ef,Installation des Huns en Pannonie,0400-01-01,INSUFFICIENT_EVIDENCE,annee_exacte_introuvable,REVIEW,,,0,C,Rechercher des sources historiques fiables qui confirment la date de l'installation des Huns en Pannonie.,La date de 400 pour l'installation des Huns en Pannonie n'est pas confirmée par les sources disponibles. L'événement est plausible mais nécessite une vérification plus approfondie.,
8ed7ea02-4423-4e87-a726-adbff9b38117,Grande inondation de Paris,1910-01-01,INSUFFICIENT_EVIDENCE,retrieval_insuffisant,REVIEW,Crue de la Seine de 1910,1910-01-01,0.9,A,Vérifier et ajouter des sources confirmant la date et l'importance de la crue.,"Le titre ""Crue de la Seine de 1910"" est plus précis et correspond à l'appellation standard de cet événement. La date est confirmée par de nombreuses sources.",
c8d30c58-fde0-4589-b06e-ef05074e2aba,Invention du procédé Daguerre,1839-01-01,INSUFFICIENT_EVIDENCE,preuve_insuffisante,REVIEW,,1839-01-07,0.8,B,"Update the date to 1839-01-07, a commonly cited date for the presentation to the Academy of Sciences.","Bien que la date exacte de l'annonce publique du daguerréotype puisse varier légèrement selon les sources, l'année 1839 est largement acceptée. Le 7 janvier 1839 est une date souvent citée pour la présentation à l'Académie des Sciences.",
45587ba5-796a-46e3-a6cd-e17b55a058e0,Deuxième bataille de Conquereuil,0992-01-01,INSUFFICIENT_EVIDENCE,retrieval_insuffisant,REVIEW,,,0.6,B,"Conserver l'événement, mais envisager une vérification ultérieure avec des sources plus fiables.","Le titre et la date semblent corrects d'après la description. Cependant, une vérification plus approfondie serait idéale pour confirmer la date avec des sources plus solides.",
e932af71-3b78-4764-894c-bb52c8000029,Création des conseils de prud’hommes,1806-01-01,INSUFFICIENT_EVIDENCE,preuve_insuffisante,REVIEW,,1806-03-18,0.8,B,Mettre à jour la date au 18 mars 1806.,"Bien que l'année 1806 soit correcte, la date exacte de création des conseils de prud'hommes est le 18 mars 1806 (loi du 18 mars 1806).",
05ee5fcc-722f-4875-b3ca-f51a012464d9,Bataille de Noyon,0890-01-01,INSUFFICIENT_EVIDENCE,annee_exacte_introuvable,REVIEW,,,0,C,Rechercher des sources supplémentaires pour confirmer la date de la bataille de Noyon. Vérifier s'il s'agit d'un événement distinct ou d'une confusion avec d'autres batailles.,L'année 890 est incertaine. Plusieurs batailles ont eu lieu à Noyon. Nécessite une vérification plus approfondie pour confirmer la date.,
aad35619-0528-45ff-b9e2-a500daf5c350,Inauguration de la Jeddah Tower,2024-01-01,INSUFFICIENT_EVIDENCE,annee_exacte_introuvable,REVIEW,,,0.5,C,Attendre une confirmation officielle de la date d'inauguration de la Jeddah Tower avant de valider l'événement.,L'inauguration de la Jeddah Tower est incertaine et a été reportée plusieurs fois. Il est nécessaire de suivre l'actualité pour confirmer la date.,
03ec8391-ed66-41dc-959b-fa183fcc148a,Expédition de George Vancouver sur la côte Pacifique,1792-01-01,INSUFFICIENT_EVIDENCE,absence_de_singularite,REVIEW,Expédition de Vancouver dans le Pacifique Nord-Est,1792-01-01,0.8,B,Update the date to the start of the expedition and keep the title.,"L'expédition a duré plusieurs années. On garde le début de l'expédition comme date, et on renomme le titre pour plus de précision.",
46c921d3-4722-47ab-af99-3b16ddd3c44c,Préparatifs des premiers essais nucléaires militaires français,1955-01-01,INSUFFICIENT_EVIDENCE,absence_de_singularite,REVIEW,,,0.5,C,Review to determine if a more specific event can be extracted from the description and dated accurately.,The event describes a process (preparations) rather than a singular event. The date is also uncertain. Further review is needed to determine if a more specific event related to the French nuclear program can be identified and dated.,
aad36698-6508-4db1-afe2-cafce81611c5,Ouverture de la Bourse de Londres,1571-01-01,INSUFFICIENT_EVIDENCE,annee_exacte_introuvable,REVIEW,Ouverture de la Bourse de Londres,1571-01-23,0.7,B,Vérifier si des sources plus précises permettent de confirmer le jour exact de l'ouverture.,"Plusieurs sources indiquent janvier 1571 comme date d'ouverture, mais le jour exact est difficile à confirmer. Le 23 janvier est une date plausible.",
b4fe3ef8-1489-4f66-ad23-ce07ceab8d3d,Paracelse médecin de Bâle,1527-01-01,INSUFFICIENT_EVIDENCE,preuve_insuffisante,REVIEW,,,0,C,"Rechercher des sources fiables (biographies, articles académiques) qui confirment la date exacte de la nomination de Paracelse comme médecin de Bâle. Vérifier si d'autres sources mentionnent cette nomination et si elles concordent sur la d…",La date de 1527 pour la nomination de Paracelse comme médecin de Bâle n'est pas confirmée par les sources disponibles. Une recherche plus approfondie est nécessaire pour valider cette information.,
e179c59e-93b1-4fae-92ca-dc33cdc96df1,Ouverture du Queen's College de Londres,1848-01-01,INSUFFICIENT_EVIDENCE,annee_exacte_introuvable,REVIEW,,,0,C,Vérifier si l'événement concerne bien le Queen's College de Londres et rechercher des sources fiables pour sa date d'ouverture.,"L'audit précédent a conclu à un manque de preuves concernant la date d'ouverture du Queen's College de Londres. Les sources actuelles concernent l'Imperial College London, ce qui crée une confusion. Il est nécessaire de vérifier si l'événement concerne bien le Queen's College et de trouver des sources fiables pour sa …",
db3d5319-8662-47fe-a6e4-1aa408340ca4,Première mention des Wisigoths,0257-01-01,INSUFFICIENT_EVIDENCE,annee_exacte_introuvable,REVIEW,Première mention des Wisigoths,0257-01-01,0.5,C,Ajouter des sources externes pour renforcer la confiance dans la date de la première mention des Wisigoths.,"L'événement est correctement nommé et daté selon la description. Cependant, le niveau de preuve est faible en l'absence de sources externes.",
dc88dca7-3301-4d56-8087-d4d6e65265aa,Naissance traditionnelle de Charlemagne,0742-04-02,INSUFFICIENT_EVIDENCE,annee_exacte_introuvable,REVIEW,Naissance de Charlemagne,,0.8,B,Conserver la fiche avec le titre mis à jour. La date de naissance reste à confirmer avec des sources plus fiables.,"Le titre actuel est imprécis. Le titre ""Naissance de Charlemagne"" est plus approprié et correspond à l'événement. La date reste incertaine.",
f7388f77-db03-4ee1-9fb6-dad87ddd4e63,Le scandale de l'Irangate,1985-01-01,INSUFFICIENT_EVIDENCE,annee_exacte_introuvable,REVIEW,,,0,C,Rechercher des sources externes pour identifier la date de révélation ou le point culminant du scandale de l'Irangate.,Il est nécessaire de déterminer une date plus précise pour le scandale de l'Irangate. L'année 1985 est trop vague. Des sources externes doivent être consultées pour identifier le moment où le scandale a été révélé ou a atteint son apogée.,
30398aaa-76be-4609-aa5c-bae80154e32e,Réformes fiscales et agricoles de Dioclétien en Gaule,0292-01-01,INSUFFICIENT_EVIDENCE,annee_exacte_introuvable,REVIEW,,,0,C,Rechercher des sources externes confirmant l'année 292 pour les réformes fiscales et agricoles de Dioclétien en Gaule.,L'année 292 n'est pas confirmée par les sources disponibles. Il faut trouver une source fiable qui confirme cette date pour les réformes fiscales et agricoles de Dioclétien en Gaule.,
1ca9ffdb-0d85-46d2-a7e6-6d9aeb4fdefb,Construction de la première cathédrale de Hagia Sophia,0360-01-01,INSUFFICIENT_EVIDENCE,annee_exacte_introuvable,REVIEW,,,0,C,Further research is needed to find reliable sources confirming the construction date of the first Hagia Sophia in Constantinople. Check sources related to Byzantine history and architecture.,The previous audit found insufficient evidence to confirm the date. The provided source refers to a different Hagia Sophia. Further research is needed to confirm the construction date of the first Hagia Sophia in Constantinople.,
18055141-9f6b-4d3e-956f-16f9a52c2e8a,Destruction de la ville de Valtari par les Vikings,1009-01-01,INSUFFICIENT_EVIDENCE,retrieval_insuffisant,REVIEW,,,0,C,Effectuer des recherches approfondies sur l'existence de la ville de Valtari et les raids vikings en Italie au XIe siècle. Vérifier si Valtari est une transcription correcte ou une déformation d'un autre nom de lieu.,L'événement est potentiellement réel mais manque de sources fiables pour confirmer la date et la localisation exacte de Valtari. L'audit précédent a déjà souligné ce manque de preuves.,
15b95cb9-68d1-4a68-a309-8d51ba1bec65,Indépendance de l'Argentine,1816-01-01,INSUFFICIENT_EVIDENCE,preuve_insuffisante,REVIEW,Indépendance de l'Argentine,1816-07-09,0.8,B,Mettre à jour la date au 9 juillet 1816.,"La date du 1er janvier 1816 est incorrecte. La Déclaration d'indépendance de l'Argentine a été signée le 9 juillet 1816. La description est cohérente avec l'événement, mais la date doit être mise à jour.",
e5b204ab-0dfa-4590-b8e6-fda8b6a8e9a3,Découverte d'eau liquide sur Mars,2018-01-01,INSUFFICIENT_EVIDENCE,retrieval_insuffisant,REVIEW,,2018-07-25,0.8,B,Mettre à jour la date avec la date précise de l'annonce de la découverte.,Plusieurs sources indiquent que la découverte a été annoncée le 25 juillet 2018. La description est cohérente avec cette date.,
737858c2-77d6-4d43-9163-3eb8fa81a2ec,Création championnat foot féminin en France,2001-01-01,INSUFFICIENT_EVIDENCE,annee_exacte_introuvable,REVIEW,,,0.2,C,Further research is needed to find a reliable source that confirms the exact year of the creation of the top-tier women's football championship in France.,The previous audit couldn't confirm the exact year. The provided sources do not confirm the creation year of the top-tier women's league. Further research is needed.,
8d89a986-42f3-4493-b108-513c05cdec22,Premier sous-marin à propulsion humaine,1620-01-01,INSUFFICIENT_EVIDENCE,preuve_insuffisante,REVIEW,,,0.6,B,Conserver l'événement avec un niveau de confiance modéré en attendant une source plus précise pour la date.,"La description correspond à l'événement. Bien que la date exacte manque de confirmation forte, l'événement lui-même est bien documenté.",
8946c24a-0465-4758-9ae0-b8e8e87fc16b,Introduction du tabac au Japon,1587-01-01,INSUFFICIENT_EVIDENCE,annee_exacte_introuvable,REVIEW,,,0.6,B,Conserver l'événement avec un niveau de confiance modéré en attendant de trouver une source plus solide.,"La description mentionne l'introduction du tabac au Japon en 1587 par les Portugais, arrivant initialement à Nagasaki. Bien qu'une source forte soit manquante, la description est cohérente avec le titre et la date.",
053a24b3-9736-4b04-b838-ceb5d6824585,Construction du château de Guimarães,0950-01-01,INSUFFICIENT_EVIDENCE,annee_exacte_introuvable,REVIEW,,,0,C,Rechercher des sources supplémentaires pour confirmer la date de construction du château.,La date de construction du château de Guimarães est incertaine. L'article Wikipédia ne fournit pas de date précise.,
bfe41a84-6748-4750-84f7-9645835d7f85,Averroès termine son commentaire sur Aristote,1169-01-01,INSUFFICIENT_EVIDENCE,retrieval_insuffisant,REVIEW,Achèvement du commentaire d'Averroès sur Aristote,1169-01-01,0.6,C,Rechercher des sources externes pour confirmer la date de l'achèvement du commentaire d'Averroès sur Aristote.,"Le titre est reformulé pour être plus neutre et sans date. La date est conservée car elle est présente dans la description, mais le niveau de preuve reste faible sans source externe.",
a89e6213-dbf5-4b7e-9c54-ce0966783af3,Première culture commerciale de caoutchouc,1876-01-01,INSUFFICIENT_EVIDENCE,retrieval_insuffisant,REVIEW,,,0.6,C,Rechercher des sources supplémentaires confirmant la date de 1876 pour la première culture commerciale de caoutchouc en Asie du Sud-Est.,"L'événement est bien décrit, mais la source Wikipedia ne confirme pas la date de 1876. L'absence de sources supplémentaires rend la validation difficile, mais l'événement semble plausible.",
e29606d4-1c1b-4b37-972d-312f2d1e7218,Fondation de la ville de New Amsterdam,1625-01-01,INSUFFICIENT_EVIDENCE,annee_exacte_introuvable,REVIEW,Fondation de New Amsterdam,1625-05-01,0.8,B,Vérifier si une source plus précise peut confirmer le jour exact de la fondation.,"Le titre est amélioré en supprimant 'ville de'. La date est mise à jour au 1er mai 1625, date communément admise pour la fondation de New Amsterdam, bien que certaines sources indiquent mai sans jour précis. La description reste cohérente.",
15559b66-6373-4a09-b6b3-6e4a62f287b8,Synode de Hereford,1015-01-01,INSUFFICIENT_EVIDENCE,annee_exacte_introuvable,REVIEW,,,0.6,C,Ajouter des sources pour confirmer la date du synode de Hereford.,"L'événement semble réel et le titre est correct. Cependant, l'absence de sources rend la date incertaine. On conserve en l'état, mais avec un niveau de confiance faible.",
cf4482cc-06ab-4def-8bd7-4e411346b40a,Diogo Dias découvre l'île de Madagascar,1500-01-01,INSUFFICIENT_EVIDENCE,annee_exacte_introuvable,REVIEW,,,0,C,"Rechercher des sources fiables (articles académiques, ouvrages d'histoire) qui confirment la date exacte de la découverte de Madagascar par Diogo Dias. Vérifier si d'autres sources mentionnent une date différente ou une période plus large.",L'année 1500 pour la découverte de Madagascar par Diogo Dias n'est pas confirmée par les sources actuelles. Des recherches supplémentaires sont nécessaires pour valider cette date.,
8be4fee5-a046-4cb3-b6af-4b541ad421f3,Invention du thermomètre médical portable par Allbutt,1867-09-14,INSUFFICIENT_EVIDENCE,retrieval_insuffisant,REVIEW,Invention du thermomètre médical portable,1867-09-14,0.8,B,"Vérifier si le thermomètre médical portable existait avant Allbutt. Si oui, il faudrait reformuler.",Le titre actuel est trop spécifique en mentionnant Allbutt. Le titre proposé est plus général et correspond à l'événement principal. La date est conservée car elle est mentionnée dans la description.,
f74c64c9-6f98-4f24-8dcc-bff2787e6509,Deuxième Guerre Dacique de Trajan,0106-01-01,INSUFFICIENT_EVIDENCE,absence_de_singularite,REVIEW,Guerres daciques,,0.8,B,Update the title to 'Guerres daciques' to reflect the fact that it was a series of wars.,"The event describes a series of wars, not a single event. The proposed title reflects this.",
49b47d1f-2c30-469a-b0a7-a70f66627474,Fin de la Guerre des Deux-Roses,1485-10-01,INSUFFICIENT_EVIDENCE,absence_de_singularite,REVIEW,Guerre des Deux-Roses,1485-08-22,0.8,A,"Update the date to 1485-08-22 and the title to ""Guerre des Deux-Roses"".","La date du 1er octobre est incorrecte. La bataille de Bosworth, qui marque la fin de la guerre, a eu lieu le 22 août 1485. Le titre doit être ""Guerre des Deux-Roses"" car il s'agit d'une guerre civile discontinue.",
0f07b58d-ccf5-41bd-99cc-82b6e3f62927,Lancement de l'Observatoire de Paris,1667-06-21,INSUFFICIENT_EVIDENCE,annee_exacte_introuvable,UPDATE_BOTH,Inauguration de l'Observatoire de Paris,1671-09-05,0.9,A,Mettre à jour le titre et la date pour correspondre à l'inauguration de l'Observatoire de Paris.,La description indique clairement que l'inauguration a eu lieu le 5 septembre 1671. Le titre est mis à jour pour refléter l'événement décrit.,
bad1912a-6727-4643-98c3-f4f8dc1c3473,Pasteur réfute la génération spontanée,1859-01-01,INSUFFICIENT_EVIDENCE,annee_exacte_introuvable,REVIEW,,1859-04-07,0.7,B,Mettre à jour la date avec la date précise de la présentation à l'Académie des sciences.,Plusieurs sources indiquent que la présentation des expériences de Pasteur à l'Académie des sciences a eu lieu le 7 avril 1859. La description est cohérente avec cet événement.,
dc4c26c2-e391-43d2-9f7e-faf91f154111,Début de la construction de l'Ideal-X,1955-01-01,INSUFFICIENT_EVIDENCE,annee_exacte_introuvable,REVIEW,,,0,C,Rechercher des sources fiables confirmant la date de début de construction de l'Ideal-X.,L'audit précédent a conclu à un manque de sources fiables confirmant la date. La source fournie est hors sujet. Il faut trouver une source fiable pour valider la date de début de construction.,
4c5098f3-88ec-48a7-9d08-cb21f276cd92,Inauguration de la ligne de chemin de fer Paris-Rouen,1843-06-22,INSUFFICIENT_EVIDENCE,annee_exacte_introuvable,REVIEW,,,0,C,Rechercher des sources fiables confirmant la date de l'inauguration de la ligne Paris-Rouen.,L'audit précédent n'a pas trouvé de sources confirmant la date. Il faut vérifier si des sources existent pour confirmer la date de l'inauguration de la ligne Paris-Rouen.,
39260fe6-f97c-4721-8d39-60dd9e2f95fd,Création du lazaret de Marseille,1485-01-01,INSUFFICIENT_EVIDENCE,retrieval_insuffisant,REVIEW,,,0.6,B,"Conserver l'événement tel quel, mais continuer à chercher des sources plus précises sur la date exacte de la création du lazaret de Marseille.","Le titre et la description sont acceptables. La date de 1485 est plausible compte tenu du contexte de l'époque et des épidémies de peste, mais une source plus directe serait préférable.",
f3f761ad-6917-4f20-a72b-04271a165a87,Invention de la presse à caractères mobiles en métal,1450-01-01,INSUFFICIENT_EVIDENCE,annee_exacte_introuvable,REVIEW,,,0.5,C,Search for more reliable sources that explicitly state the year of Gutenberg's invention of the printing press with movable type.,The exact year of the invention is not definitively confirmed by the provided source. More sources are needed to confirm the date.,
a0d174bb-db92-4892-a29f-95848fe9b8fa,Porphyre publie « Contre les chrétiens »,0270-01-01,INSUFFICIENT_EVIDENCE,annee_exacte_introuvable,REVIEW,,,0,C,Rechercher des sources supplémentaires pour confirmer la date de publication de l'ouvrage. Consulter des ouvrages spécialisés sur Porphyre ou l'histoire de la philosophie antique.,"La date de publication de l'ouvrage ""Contre les chrétiens"" est incertaine. Les sources disponibles ne permettent pas de confirmer l'année exacte.",
4d5c691c-972d-415d-b66e-0640d43ab3d5,Couronnement de Marie de Médicis,1610-01-01,INSUFFICIENT_EVIDENCE,annee_exacte_introuvable,REVIEW,Couronnement de Marie de Médicis,1610-05-13,0.8,B,Mettre à jour la date avec le 13 mai 1610.,Plusieurs sources concordantes indiquent que le couronnement a eu lieu le 13 mai 1610 à Saint-Denis.,
bef2de3a-7e94-483e-a33d-ed148b7aa320,Mariage de César Borgia avec Charlotte d'Albret,1501-01-01,INSUFFICIENT_EVIDENCE,annee_exacte_introuvable,REVIEW,,,0,C,"Rechercher des sources fiables (actes notariés, correspondances officielles, biographies de référence) qui mentionnent explicitement la date du mariage de César Borgia et Charlotte d'Albret.",L'année du mariage n'est pas confirmée par les sources disponibles. Nécessite une recherche plus approfondie pour valider la date.,
66bad4cd-00a2-41e5-b907-7e8f1ad81fb4,Deuxième conférence de La Haye,1930-01-01,INSUFFICIENT_EVIDENCE,annee_exacte_introuvable,REVIEW,,1930-01-03,0.8,B,"Mettre à jour la date avec la date de début de la conférence, soit le 3 janvier 1930.",La description de l'événement mentionne l'année 1930. Plusieurs sources en ligne confirment que la Deuxième conférence de La Haye s'est tenue du 3 au 28 janvier 1930.,
f1f6a180-5bd0-4c28-abb1-4e6ac89d80f8,Les navires arabes dominent l'océan Indien,0900-01-01,INSUFFICIENT_EVIDENCE,absence_de_singularite,REVIEW,Domination arabe de l'océan Indien,,0.9,B,Mettre à jour le titre pour refléter la nature de la période et non un événement unique. La date est conservée comme point de repère du début de la période.,"Le titre actuel implique une action ponctuelle, alors que la description parle d'une domination sur une période. Le titre est reformulé pour refléter une période de domination et non un événement unique. La date est conservée car elle correspond au début de cette période selon la description.",
5ad5dcaa-e6a0-4e4e-962c-f8a83a78a6c2,Invention de l'isolateur de conduit à canard,1935-01-01,INSUFFICIENT_EVIDENCE,retrieval_insuffisant,REVIEW,,,0.6,C,Ajouter des sources externes pour confirmer la date de l'invention.,"L'information semble correcte d'après la description, mais manque de sources externes pour confirmer la date de l'invention. Le titre est acceptable.",
5ea0142e-0a37-46ca-a9cf-fa522b56ade1,Affaire Elf : révélations judiciaires,1997-01-01,INSUFFICIENT_EVIDENCE,absence_de_singularite,REVIEW,Affaire Elf,1994-01-01,0.7,B,Update the date to the start of the affair and simplify the title.,"The affair started in 1994. While revelations occurred later, the start date is a more appropriate anchor. The title is shortened to the most common name.",
8ddd5937-de6f-42fe-870e-a365ce593a25,Création du premier rein artificiel implantable,2018-01-01,INSUFFICIENT_EVIDENCE,retrieval_insuffisant,REVIEW,,,0,C,"Rechercher des sources fiables (articles scientifiques, publications médicales) qui confirment la date de la première implantation d'un rein artificiel. Vérifier si le dispositif décrit correspond à la définition d'un organe artificiel imp…",La source Wikipedia parle d'organe artificiel en général et exclut la dialyse. Il faut trouver des sources plus précises sur le premier rein artificiel implantable et sa date.,
fc051d4b-6b2e-44cc-9b2a-1574f6aaa094,Expansion de Teotihuacan,0500-01-01,INSUFFICIENT_EVIDENCE,absence_de_singularite,REVIEW,,,0.9,B,Supprimer car il s'agit d'une période et non d'un événement ponctuel.,"L'événement décrit une période d'expansion, ce qui n'est pas un événement singulier. La date est approximative. Pas de sources externes.","L'événement décrit une période d'expansion et non un événement singulier. La date est approximative et aucune source externe ne confirme une date précise. Le titre est acceptable, mais l'événement n'est pas approprié pour une base de donné…"
9b6fefef-6095-49de-8b21-9a4792f23c77,Début de la construction du Panthéon,0118-01-01,INSUFFICIENT_EVIDENCE,annee_exacte_introuvable,REVIEW,Construction du Panthéon de Rome,0113-01-01,0.8,B,Vérifier si une date plus précise peut être trouvée pour le début de la construction.,"Bien que la date exacte soit difficile à confirmer, la construction du Panthéon a commencé sous le règne d'Hadrien, vers 113-125 ap. J.-C. La date de 118 est donc incorrecte. Le titre est amélioré pour préciser qu'il s'agit du Panthéon de Rome.",
d584e6c1-ffe3-4195-a9c7-8b40dbf756a9,Insurrection du Rif : envoi de troupes françaises au Maroc,1925-01-01,INSUFFICIENT_EVIDENCE,absence_de_singularite,REVIEW,Guerre du Rif,,0.9,A,Update the title to 'Guerre du Rif' to reflect the more common and encompassing term for the conflict.,The current title is too specific. The event is known as the Rif War. The description is consistent with this broader event.,
589781bf-380d-4326-ad72-fcb3055e964e,Naissance du mouvement poujadiste,1955-01-01,INSUFFICIENT_EVIDENCE,absence_de_singularite,REVIEW,Début du mouvement poujadiste,1955-01-01,0.7,B,"Mettre à jour la date avec l'année 1955, car c'est l'année où le mouvement a commencé à émerger selon la description. Le titre est acceptable car il décrit le début du mouvement.","Le titre est acceptable, mais l'année de début du mouvement est bien documentée. La date du 1er janvier est une approximation acceptable si on ne trouve pas de date plus précise.",
59a9ae68-422c-476b-a203-c8612295e0ae,Publication du Rapport sur le Développement Humain par l'ONU,1999-01-01,INSUFFICIENT_EVIDENCE,absence_de_singularite,REVIEW,Publication du premier Rapport sur le développement humain,1990-05-01,0.8,B,Vérifier la date exacte de publication du premier rapport (mai 1990).,"Le titre actuel est ambigu car le rapport est publié annuellement. La description fait référence au premier rapport. Selon Wikipédia, le premier rapport a été publié en 1990. La date exacte de mai est une approximation.",
1e2a5557-a04d-4e30-982c-be4fbba5aedf,Mise en service du réacteur nucléaire français,1948-01-01,INSUFFICIENT_EVIDENCE,annee_exacte_introuvable,REVIEW,Mise en service de ZOÉ,1948-12-15,0.8,B,Vérifier avec des sources primaires la date exacte de mise en service de ZOÉ.,Plusieurs sources concordantes indiquent une mise en service de ZOÉ le 15 décembre 1948. Le titre est simplifié pour plus de concision.,
c81b2b9b-73bf-45f2-a0e5-dfecd1018322,Publication du premier livre imprimé sur les échecs,1497-01-01,INSUFFICIENT_EVIDENCE,preuve_insuffisante,REVIEW,,,0,C,Fournir une source fiable qui confirme la date de publication du livre d'échecs de Lucena.,L'audit précédent a conclu à un manque de preuves pour valider la date de publication. Aucune nouvelle source n'a été fournie pour confirmer la date de 1497.,
34585c1e-e66d-47c0-be02-ad4f1c779dc2,Acquisition de l'Alsace par la France,1681-01-01,INSUFFICIENT_EVIDENCE,annee_exacte_introuvable,REVIEW,,1681-09-30,0.8,B,"Update the date to reflect the capture of Strasbourg on September 30, 1681.","Bien que l'année 1681 soit correcte, la date exacte de l'annexion de Strasbourg est le 30 septembre 1681. La description est cohérente avec cet événement.",
d330fc2e-1e7e-4468-b352-b1623d260203,Développement du vélo de sécurité,1885-01-01,INSUFFICIENT_EVIDENCE,absence_de_singularite,REVIEW,,,0,C,Rechercher des sources plus spécifiques sur le développement du vélo de sécurité pour identifier une date précise ou reformuler le titre pour qu'il reflète une période ou un aspect plus général.,L'audit précédent a déjà identifié le problème principal : le titre suggère un processus de développement plutôt qu'un événement unique. Il faudrait des sources plus précises pour déterminer une date ou reformuler le titre.,
40cc94d3-3ab1-409a-b607-4beeabba2232,Anesthésie au protoxyde d'azote (Wells),1844-01-01,INSUFFICIENT_EVIDENCE,annee_exacte_introuvable,REVIEW,,,0,C,Rechercher des sources supplémentaires qui confirment la date exacte de la première anesthésie au protoxyde d'azote par Horace Wells.,L'information de la date est fragile. Il faut trouver une source qui confirme la date de la première anesthésie au protoxyde d'azote réalisée par Horace Wells.,
7c8f5ff6-2497-4814-a46f-a398af448415,Traité de Londres - Alliance entre Louis XI et Édouard IV,1474-01-01,INSUFFICIENT_EVIDENCE,preuve_insuffisante,REVIEW,Traité de Londres (1474),1474-01-01,0.6,C,Conserver l'événement avec le titre légèrement modifié pour plus de clarté. Rechercher des sources plus solides pour confirmer la date.,"Le titre actuel est acceptable, mais il serait préférable d'ajouter l'année entre parenthèses pour le différencier des autres traités de Londres. La description correspond à la date.",
bd59d241-d6cd-4036-97c9-52f489005b50,Traité de Vienne et reconnaissance de la Pragmatique Sanction,1731-01-01,INSUFFICIENT_EVIDENCE,annee_exacte_introuvable,REVIEW,Traité de Vienne,1731-03-16,0.8,B,Mettre à jour le titre et la date avec les informations les plus précises disponibles.,Le titre actuel est trop long et inclut un événement distinct (reconnaissance de la Pragmatique Sanction). Le Traité de Vienne de 1731 a été signé le 16 mars. La description est cohérente avec le traité de Vienne de 1731.,
f01d1b1f-0265-4892-828a-e983895fe3b0,Recréation de la compagnie des Mousquetaires,1657-01-01,INSUFFICIENT_EVIDENCE,annee_exacte_introuvable,REVIEW,Recréation de la compagnie des Mousquetaires du Roi,1660-01-01,0.7,B,Update the date to 1660 based on available evidence. Further research could solidify the evidence level.,"Plusieurs sources indiquent une recréation en 1660, après la mort de Mazarin. La date de 1657 n'est pas confirmée. La description est cohérente avec une recréation par Louis XIV.",
bdbf4ddb-5dd6-443d-a546-46f0624e99f4,Ouverture du premier hôpital militaire byzantin,0325-01-01,INSUFFICIENT_EVIDENCE,annee_exacte_introuvable,REVIEW,,,0.1,C,Supprimer l'événement car la date et l'existence même de l'événement sont incertaines.,L'information est non sourcée et contredite par les sources disponibles sur la médecine byzantine.,La date de 325 n'est pas confirmée par les sources disponibles. L'existence même d'un hôpital militaire byzantin à cette date est douteuse. La médecine byzantine est documentée à partir de 400.
e893799b-0d58-4868-a278-2f6999405d5b,Invention du rouet à pédale en Europe,1530-01-01,INSUFFICIENT_EVIDENCE,retrieval_insuffisant,REVIEW,Invention du rouet à pédale,1530-01-01,0.6,C,Conserver l'événement avec un titre plus concis et vérifier si l'invention est limitée à l'Europe. Ajouter des sources pour renforcer la confiance.,"Le titre est acceptable, mais manque de précision géographique. La date est cohérente avec la description. Le niveau de preuve reste faible sans sources externes.",
3f9a2222-6f29-4fe2-b290-ef922389f2c4,Arrestation de Bhagat Singh,1929-01-01,INSUFFICIENT_EVIDENCE,annee_exacte_introuvable,REVIEW,,1929-04-08,0.8,B,Mettre à jour la date au 8 avril 1929.,Bhagat Singh a été arrêté le 8 avril 1929 après avoir lancé des tracts et des bombes dans l'Assemblée législative centrale à Delhi. La description est cohérente avec cet événement.,
a9b481b6-549d-469a-a879-a5b02030dad6,Origène écrit « Des Principes »,0225-01-01,INSUFFICIENT_EVIDENCE,annee_exacte_introuvable,REVIEW,Publication de Des Principes d'Origène,0225-01-01,0.6,C,Vérifier si la date est correcte avec d'autres sources.,L'année de publication est cohérente avec la description. Le titre est plus standard.,
d7c6f07f-8934-44d7-9365-751a02494498,Marguerite Ire unit le Danemark et la Norvège,1387-01-01,INSUFFICIENT_EVIDENCE,annee_exacte_introuvable,REVIEW,,,0,C,Rechercher des sources fiables qui précisent la date exacte ou la période précise de l'union du Danemark et de la Norvège par Marguerite Ire. Vérifier si l'événement est un processus ou un acte unique.,L'année exacte de l'union du Danemark et de la Norvège par Marguerite Ire n'est pas clairement établie. La description suggère un processus plutôt qu'un événement ponctuel.,
43035c17-f455-482c-8f86-8af744892982,Raleigh fonde la colonie de Roanoke,1585-01-01,INSUFFICIENT_EVIDENCE,annee_exacte_introuvable,REVIEW,Fondation de la colonie de Roanoke,1584-01-01,0.8,B,Mettre à jour la date avec 1584-01-01 et simplifier le titre.,Wikidata indique 1584 comme date de fondation. La description est suffisamment générale pour être compatible avec cette date. Le titre est rendu plus générique.,
917521df-9a0d-475a-9638-68b7db89e46a,Fondation de Lübeck et essor de la Hanse,1159-01-01,INSUFFICIENT_EVIDENCE,retrieval_insuffisant,REVIEW,Fondation de Lübeck,1159-01-01,0.7,C,Rechercher des sources plus solides confirmant la date de fondation de Lübeck en 1159.,"Le titre actuel est trop long et inclut l'essor de la Hanse, qui est un processus plus qu'un événement ponctuel. Le titre ""Fondation de Lübeck"" est plus précis et correspond à l'événement daté. La date est conservée car elle est mentionnée dans la description, mais la preuve reste faible.",
a6d2c226-11bd-4de1-a5a5-74177d898930,Fondation de l'Académie platonicienne,1462-01-01,INSUFFICIENT_EVIDENCE,annee_exacte_introuvable,REVIEW,Fondation de l'Académie platonicienne de Florence,1462-01-01,0.6,C,"Conserver l'événement avec le titre et la date actuels, mais continuer à chercher des sources plus solides pour confirmer la date de fondation.","Le titre est clair et la description correspond. Cependant, la date exacte de fondation reste difficile à confirmer avec certitude à partir des sources disponibles. Le titre a été légèrement modifié pour inclure 'de Florence' afin de lever toute ambiguïté.",
8353595c-8597-47a1-a2ea-38c97a53d4f3,Occupation de la Bretagne par les Vikings,0912-01-01,INSUFFICIENT_EVIDENCE,absence_de_singularite,REVIEW,Traité de Saint-Clair-sur-Epte,0911-01-01,0.8,B,"Update the title to ""Traité de Saint-Clair-sur-Epte"" and the date to 0911-01-01. The description is consistent with this event.","L'événement décrit correspond au traité de Saint-Clair-sur-Epte, qui a eu lieu en 911 et a officialisé la présence normande. La date de 912 est incorrecte. Le titre actuel est trop général et ne correspond pas à un événement unique.",
face7f2a-bd34-4bbc-ba58-5c7ad52017aa,Ouverture de l'hôpital de la Maternité de Madeleine Brès,1868-01-01,INSUFFICIENT_EVIDENCE,annee_exacte_introuvable,REVIEW,,,0,C,"Rechercher des sources fiables (archives hospitalières, biographies de Madeleine Brès, articles de presse de l'époque) pour confirmer l'existence de l'hôpital de la Maternité de Madeleine Brès et sa date d'ouverture.",L'audit précédent n'a pas trouvé de source fiable pour confirmer la date. L'article Wikipédia mentionné concerne un autre hôpital. Il faut investiguer plus avant pour valider la date et l'existence de cet hôpital fondé par Madeleine Brès.,
10b592b8-3a67-4402-9d5d-4ec3dd7af2e0,Clôture du concile Vatican II,1965-01-01,INSUFFICIENT_EVIDENCE,absence_de_singularite,REVIEW,Clôture du concile Vatican II,1965-12-08,0.8,B,Update the date to the correct closing date of the Second Vatican Council.,"La date de clôture du Concile Vatican II est le 8 décembre 1965, et non le 1er janvier 1965. La description est cohérente avec cet événement.",
0543e7a5-bea7-4cb0-afbd-6eeff3c7f1c5,Henri Fabre fait voler le premier hydravion,1910-01-01,INSUFFICIENT_EVIDENCE,annee_exacte_introuvable,REVIEW,Premier vol de l'hydravion d'Henri Fabre,1910-03-28,0.8,B,Vérifier avec des sources primaires la date exacte du premier vol.,La description indique mars 1910. Plusieurs sources concordantes indiquent le 28 mars 1910 comme date du premier vol. Le titre est légèrement modifié pour plus de précision.,
0849c842-6626-4574-a547-24b5e93f86aa,Turgot nommé Contrôleur général des finances,1774-01-01,INSUFFICIENT_EVIDENCE,annee_exacte_introuvable,REVIEW,Nomination de Turgot comme contrôleur général des finances,1774-08-24,0.8,B,Vérifier avec des sources secondaires la date exacte de la nomination.,La date du 24 août 1774 est plus précise et correspond à la date réelle de la nomination de Turgot. Le titre est reformulé pour être plus factuel et correspondre à l'événement.,
ad7b668b-c80d-4222-9232-3a7b9744312d,Ouverture d'un centre de retraitement nucléaire,1952-01-01,INSUFFICIENT_EVIDENCE,annee_exacte_introuvable,REVIEW,,,0,C,Rechercher des sources fiables confirmant la date d'ouverture du centre de retraitement nucléaire de Windscale (Sellafield).,La date de 1952 est incertaine. L'audit précédent a déjà identifié un problème avec la date. Il faut trouver une source fiable pour confirmer la date d'ouverture du centre de retraitement de Windscale (Sellafield).,
2d405257-6f01-4c1b-a0d6-21c16c94171e,Prise de Tours par les Normands,0903-01-01,INSUFFICIENT_EVIDENCE,preuve_insuffisante,REVIEW,,,0,C,"Rechercher des sources historiques fiables (articles scientifiques, ouvrages d'histoire) qui confirment la date de la prise de Tours par les Normands. Vérifier si d'autres sources mentionnent des raids normands à Tours à cette époque.",La date de 903 pour la prise de Tours par les Normands n'est pas confirmée par les sources disponibles. Les sources actuelles ne concernent pas cet événement.,
8feb99a5-08c4-4e9f-96fc-3f0cbf1d8f4c,Discours de Chirac à l'ONU sur le changement climatique,1987-01-01,INSUFFICIENT_EVIDENCE,annee_exacte_introuvable,REVIEW,,,0.5,C,"Rechercher des sources fiables (archives de l'ONU, articles de presse de l'époque, etc.) qui mentionnent explicitement le discours de Jacques Chirac à l'ONU sur le changement climatique et sa date.","L'année 1987 est mentionnée dans la description, mais il faut une source externe pour confirmer que le discours a bien eu lieu cette année-là.",
0d65d9d5-acb9-4b4d-a37a-92bbb5b95621,Création de l'UEFA,1954-01-01,INSUFFICIENT_EVIDENCE,retrieval_insuffisant,REVIEW,,1954-06-15,0.8,B,Mettre à jour la date avec la date précise de fondation (15 juin 1954). Ajouter une source plus directe confirmant la date exacte.,"Bien que les sources Wikipedia fournies ne confirment pas directement la date de création de l'UEFA, des recherches externes indiquent que l'UEFA a été fondée le 15 juin 1954 à Bâle, en Suisse. La description est cohérente avec ce fait.",
4c9f58df-04ed-40bf-ab23-b7f8d37f399a,Chrétien de Troyes écrit Lancelot,1177-01-01,INSUFFICIENT_EVIDENCE,annee_exacte_introuvable,REVIEW,Lancelot ou le Chevalier de la charrette,,0.9,B,Mettre à jour le titre pour correspondre au titre complet du roman. La date de publication est inconnue et ne peut être précisée.,Le titre actuel est incomplet. Le titre complet du roman est 'Lancelot ou le Chevalier de la charrette'. La date de publication est inconnue.,
8c8ae177-ba06-41da-8278-d41399018c9d,Agrandissement de la mosquée de Kilwa Kisiwani,1330-01-01,INSUFFICIENT_EVIDENCE,annee_exacte_introuvable,REVIEW,Agrandissement de la mosquée de Kilwa Kisiwani,1324-01-01,0.6,C,"Rechercher des sources plus précises pour confirmer la date exacte de l'agrandissement. Sinon, conserver 1324 comme date approximative.","La description indique que l'agrandissement a eu lieu 'vers 1324'. Bien que ce ne soit pas une date exacte, c'est l'information la plus précise disponible dans la description. On propose donc de mettre 1324 comme date.",
9b409745-e941-4719-b45c-84d1d4e826ea,Fondation de l'abbaye de Lessay,1056-01-01,INSUFFICIENT_EVIDENCE,annee_exacte_introuvable,REVIEW,,,0,C,Rechercher des sources supplémentaires pour confirmer l'année exacte de la fondation de l'abbaye de Lessay.,L'année de fondation de l'abbaye est incertaine. La description indique 'aux alentours de 1056'. L'article Wikipedia en anglais mentionne le XIe siècle. Il faut une recherche plus approfondie pour confirmer la date exacte.,
1baa1b9e-df34-4b8b-b538-352288ca66f7,Lancement du satellite TDF 2,1990-01-01,INSUFFICIENT_EVIDENCE,retrieval_insuffisant,REVIEW,,,0,C,"Rechercher des sources fiables (articles de presse spécialisés, archives de TDF ou de la Deutsche Bundespost) pour confirmer la date de lancement du satellite TDF 2. Vérifier si d'autres satellites TDF ont été lancés et s'assurer que la de…","La date de lancement du satellite TDF 2 n'est pas confirmée par les sources disponibles. L'article Wikipédia sur Symphonie mentionne la coopération franco-allemande dans le domaine des satellites, mais ne confirme pas la date de lancement de TDF 2.",
24572deb-89ed-4a02-9e60-6ce065bb6665,"Révélation publique sur les risques de l'amiante, suivie de poursuites judiciaires",1995-01-01,INSUFFICIENT_EVIDENCE,absence_de_singularite,REVIEW,,,0.3,C,"Rechercher des sources spécifiques concernant une révélation publique particulière sur les risques de l'amiante en 1995. Si un tel événement ne peut être identifié, envisager de supprimer la fiche.","Le titre actuel est trop général et ne décrit pas un événement unique. La description mentionne l'affaire de l'amiante en général et la fondation de l'ANDEVA en 1996, ce qui suggère qu'il s'agit d'une période plutôt que d'un événement ponctuel. Il faudrait identifier un événement spécifique lié à la révélation des ris…",
d11b8523-2155-42b1-a6db-53c28f522be3,Voyage officiel de De Gaulle en URSS,1966-01-01,INSUFFICIENT_EVIDENCE,annee_exacte_introuvable,REVIEW,Voyage officiel de Charles de Gaulle en URSS,1966-06-20,0.8,B,Mettre à jour la date avec la date précise du début du voyage (20 juin 1966).,Plusieurs sources (dont des articles de presse de l'époque) indiquent que le voyage a eu lieu en juin 1966. La date du 20 juin est souvent mentionnée comme date de début du voyage.,
03b4cb7e-92c9-4fee-99db-d609f29824f1,Ouverture de l’École normale supérieure de jeunes filles,1880-01-01,INSUFFICIENT_EVIDENCE,preuve_insuffisante,REVIEW,,,0,C,Vérifier la date de fondation de l'École normale supérieure de jeunes filles et la cohérence avec Wikidata.,"Wikidata renvoie vers la date de 1987, ce qui est incohérent avec la description. Il faut vérifier si l'événement est bien celui décrit.",
76ef1328-2f08-4d35-a07a-dfc0aa138f45,Grand séisme de Kaboul,1505-01-01,INSUFFICIENT_EVIDENCE,annee_exacte_introuvable,REVIEW,,,0,C,Rechercher des sources historiques ou sismiques qui confirment la date du séisme de Kaboul. Consulter des bases de données de séismes historiques.,"L'année 1505 est mentionnée dans la description, mais aucune source externe ne la confirme. L'autobiographie de Babur n'est pas fournie comme source. Wikidata mentionne 1200 pour la création de Kaboul, ce qui n'est pas pertinent pour le séisme.",
3d3ad3d2-0200-4c01-9b4c-003d5bd7849e,Création de la Marche de Bretagne,0753-01-01,INSUFFICIENT_EVIDENCE,annee_exacte_introuvable,REVIEW,,,0.5,C,Rechercher des sources plus précises sur la date de création de la Marche de Bretagne. Vérifier si Pépin le Bref est bien à l'origine de cette création.,"L'année 753 est incertaine. L'article Wikipedia mentionne une création au VIIIe siècle, ce qui est trop vague. Il faut creuser la date exacte.",
278280ff-6394-4f3e-a96e-8ef6ff2323ce,Premier jardin zoologique public de Paris,1794-01-01,INSUFFICIENT_EVIDENCE,annee_exacte_introuvable,REVIEW,Création de la ménagerie du Jardin des Plantes,,0.8,B,"Vérifier si la date de 1794 correspond à un événement spécifique lié à la ménagerie du Jardin des Plantes. Si c'est le cas, conserver la date. Sinon, supprimer la date et se concentrer sur la création de la ménagerie.","La description fait référence à l'ouverture d'un jardin zoologique public à Paris. Cependant, le Jardin des Plantes, qui inclut une ménagerie, semble être une meilleure correspondance. La date de 1794 pourrait être liée à un développement de la ménagerie.",
3a01856a-6a7f-4904-b973-cf381525a87e,Invention du pantalon de travail.,1860-01-01,INSUFFICIENT_EVIDENCE,annee_exacte_introuvable,REVIEW,Invention du pantalon,,0.8,B,"Update the title to ""Invention du pantalon"" and review the date.","Le terme ""pantalon de travail"" est trop spécifique. Le titre ""Invention du pantalon"" est plus général et englobe l'invention du pantalon de travail. La date de 1860 est à revoir car l'article Wikipedia parle de 1850 pour l'adoption du pantalon moderne.",
4fa9a577-1625-435d-b054-a32f2b2e381c,Création de la Bourse de commerce d'Anvers,1486-01-01,INSUFFICIENT_EVIDENCE,annee_exacte_introuvable,REVIEW,Création de la Bourse de commerce d'Anvers,1515-01-01,0.8,B,Mettre à jour la date de création de la Bourse de commerce d'Anvers à 1515.,La date de création de la Bourse d'Anvers est plus probablement vers 1515 selon la source Wikipedia. La description reste cohérente avec cette date.,
9509f70e-ca34-4149-a079-4afa90891b92,Publication de la Vulgate,0405-01-01,INSUFFICIENT_EVIDENCE,annee_exacte_introuvable,REVIEW,Publication de la Vulgate,0400-01-01,0.7,B,Mettre à jour la date avec 0400-01-01.,Wikidata indique 400 comme date de publication. Les articles Wikipedia mentionnent la fin du IVe siècle. On peut retenir 400 comme date approximative.,
6805987b-8fdb-4246-b1bc-360e44b01e2c,Premier télescope réflecteur,1668-12-23,INSUFFICIENT_EVIDENCE,annee_exacte_introuvable,REVIEW,Premier télescope réflecteur de Newton,1668-01-01,0.8,B,Conserver la fiche avec la date mise à jour à l'année 1668 et le titre précisé.,"La date du 23 décembre est précise, mais il est plus prudent de retenir l'année. Le titre est amélioré pour préciser qu'il s'agit du télescope de Newton.",
2fc90d5d-5235-429c-a349-f7f413a62409,Première mention de l'utilisation de la poudre à canon,1044-01-01,INSUFFICIENT_EVIDENCE,annee_exacte_introuvable,REVIEW,,,0.5,C,Further research is needed to pinpoint the exact year of the first documented use of gunpowder. Check specialized sources on military history and Chinese inventions.,The date is not confirmed by the provided source. More research is needed to confirm the exact date of the first documented use of gunpowder.,
56cb959c-80f1-4221-ae7b-e13234fdb540,Création de la Nouvelle-France comme province,1663-01-01,INSUFFICIENT_EVIDENCE,retrieval_insuffisant,REVIEW,Établissement de la Nouvelle-France comme province royale,1663-01-01,0.8,B,Vérifier si des sources plus officielles confirment l'appellation exacte et la date.,"Le titre actuel est acceptable, mais ""Établissement de la Nouvelle-France comme province royale"" est plus précis et formel. La date est cohérente avec la description.",
3879062c-9aa7-4d3e-8be5-27b3dcbd4cd4,Modernisation de la Constitution française,2008-01-01,INSUFFICIENT_EVIDENCE,preuve_insuffisante,REVIEW,Modernisation de la Constitution française,2008-01-01,0.9,B,Conserver la date de 2008-01-01 car la description de l'événement la supporte. Ajouter une source secondaire confirmant la réforme constitutionnelle de 2008.,"La description mentionne clairement l'année 2008 comme date de la modernisation. Bien qu'une source directe confirmant la date exacte soit manquante, la description fournit un contexte suffisant pour considérer la date comme correcte avec un niveau de confiance élevé.",
4b5c7ed5-5025-4592-a4f8-d9f9aadee093,Traité de Redon - Intervention anglaise en Bretagne,1489-01-01,INSUFFICIENT_EVIDENCE,annee_exacte_introuvable,REVIEW,Traité de Redon,1489-01-01,0.9,B,Vérifier si d'autres sources confirment la date exacte du traité.,"Le titre est plus clair et concis sans la mention de l'intervention anglaise, qui est déjà détaillée dans la description. La date est conservée car elle correspond à l'information disponible.",
edfdfd98-dc1a-47df-9182-342be8cb293e,Tentative d'assassinat d'Henri IV par Pierre Barrière,1594-01-01,INSUFFICIENT_EVIDENCE,annee_exacte_introuvable,REVIEW,Tentative d'assassinat d'Henri IV par Pierre Barrière,1593-12-27,0.8,B,Vérifier si une date plus précise que 1593-12-27 peut être trouvée.,La description mentionne 1593. Plusieurs sources concordantes (bien que parfois imprécises sur le jour exact) indiquent que la tentative a eu lieu fin décembre 1593.,
1b83c653-6194-4d64-a195-c5ad1a700fb4,Nomination du cardinal de Richelieu au Conseil du roi,1623-01-01,INSUFFICIENT_EVIDENCE,annee_exacte_introuvable,REVIEW,Nomination de Richelieu au Conseil du roi,1624-04-29,0.8,B,Vérifier la date exacte de la nomination avec des sources primaires.,"Richelieu est nommé au Conseil du roi en 1624. La date précise du 29 avril est mentionnée dans plusieurs sources, mais reste à confirmer avec une source primaire. Le titre est simplifié pour plus de clarté.",
a367ea98-d03d-4fc8-8a74-dc9d7186c4e4,Création de l'Université nationale de Somalie,1977-01-01,INSUFFICIENT_EVIDENCE,annee_exacte_introuvable,REVIEW,,,0,C,"Rechercher des sources fiables (archives universitaires, articles de presse, publications académiques) qui confirment la date de création de l'Université nationale de Somalie. Vérifier si le nom actuel est bien le nom officiel.",La date de création de l'université n'est pas confirmée par des sources fiables. L'audit précédent n'a pas trouvé de sources confirmant la date de 1977.,
7de334ce-9ab4-4587-9d18-db185f604944,Construction de la première horloge mécanique à Salisbury,1386-01-01,INSUFFICIENT_EVIDENCE,annee_exacte_introuvable,REVIEW,Installation de l'horloge de la cathédrale de Salisbury,1386-01-01,0.8,B,Update the title to be more specific to the Salisbury Cathedral clock.,Le titre actuel est trop général. Le titre proposé est plus précis et correspond à la description. La date est conservée car elle est cohérente avec la description.,
902b1fa6-8261-4aee-bfc9-d5fac840e288,Pseudo-Denys rédige « La Hiérarchie céleste »,0500-01-01,INSUFFICIENT_EVIDENCE,preuve_insuffisante,REVIEW,Rédaction de la Hiérarchie céleste par le Pseudo-Denys l'Aréopagite,0500-01-01,0.8,B,"Conserver la date approximative de 500, car elle est cohérente avec les informations disponibles sur le Pseudo-Denys l'Aréopagite. Vérifier si des sources plus précises peuvent être trouvées.","La description indique une date approximative ""Vers 500"". Bien qu'il n'y ait pas de source définitive confirmant cette date précise, elle est cohérente avec la période généralement admise pour l'activité du Pseudo-Denys. Le titre est reformulé pour être plus standard.",
0f878f16-4c15-447f-924e-9519644da8cc,Publication du rapport 'Restoring the Quality of Our Environment' par le comité scientifique présidentiel américain,1965-01-01,INSUFFICIENT_EVIDENCE,retrieval_insuffisant,REVIEW,Publication du rapport Restoring the Quality of Our Environment,1965-01-01,0.9,B,Vérifier si le rapport a été publié à une date plus précise que le 1er janvier 1965.,Le titre actuel est trop long. Le titre proposé est plus concis et correspond au nom du rapport mentionné dans la description. La date est conservée car elle est cohérente avec la description.,
2a94e6ec-135a-42cd-b30b-ddf2f8d260f5,Victoire des Francs sur les Alamans dans la région du Neckar,0496-01-01,INSUFFICIENT_EVIDENCE,annee_exacte_introuvable,REVIEW,Bataille de Tolbiac,0496-01-01,0.8,B,Vérifier si la description correspond bien à la bataille de Tolbiac.,"Le nom plus courant et précis pour cet événement est ""Bataille de Tolbiac"". La date est conservée car elle est mentionnée dans la description.",
2cbf1dbe-2ce3-459e-8287-984345d3611d,Brevet du vélocipède à pédales (Lallement),1866-01-01,INSUFFICIENT_EVIDENCE,annee_exacte_introuvable,REVIEW,,,0,C,"Chercher des sources fiables (archives, publications spécialisées) qui confirment la date du brevet du vélocipède à pédales de Lallement.",L'année du brevet n'est pas confirmée par une source fiable. L'article Wikipedia sur le vélocipède ne suffit pas.,
e443ec4f-bb6f-4c72-bfc4-141971256a25,Installation première horloge publique (Paris),1370-01-01,INSUFFICIENT_EVIDENCE,annee_exacte_introuvable,REVIEW,,1330-01-01,0.8,B,"Mettre à jour la date avec 1330, comme indiqué dans la description.",La description indique clairement 1330 comme date de l'installation de la première horloge publique à Paris. L'année 1370 est incorrecte.,
658be692-c637-4807-a70c-729b720b94c3,Ouverture du métro de Paris,1900-01-01,INSUFFICIENT_EVIDENCE,annee_exacte_introuvable,REVIEW,,,0,C,"Rechercher des sources fiables (archives, journaux de l'époque, sites spécialisés en histoire des transports) pour confirmer la date exacte de l'ouverture du métro de Paris. Vérifier si l'événement correspond à l'ouverture de la première l…",L'audit précédent a conclu à un manque de sources fiables confirmant la date. Les sources actuelles ne fournissent pas d'informations pertinentes sur la date d'ouverture du métro de Paris.,
943879fa-8c79-4ed3-b154-0af0576327ca,Première Bible imprimée en français,1488-01-01,INSUFFICIENT_EVIDENCE,annee_exacte_introuvable,REVIEW,,,0.6,B,"Keep the entry as is, but continue to search for more definitive sources to confirm the exact date.","The title and description seem accurate, but finding definitive proof for the exact date of the first printed Bible in French is challenging. Keeping the entry as acceptable.",
711af4b9-7c8f-41ea-875c-a829b410df37,Utilisation documentée de la poudre à canon en Chine,1232-01-01,INSUFFICIENT_EVIDENCE,annee_exacte_introuvable,REVIEW,,,0.5,C,Rechercher des sources primaires ou secondaires qui confirment l'année 1232 pour la première utilisation militaire documentée de la poudre à canon en Chine. Vérifier si des sources chinoises peuvent apporter plus de précision.,"L'événement est potentiellement valide, mais la date précise (1232) nécessite une vérification plus approfondie avec des sources plus spécifiques. L'article Wikipedia fourni est trop général.",
394454cf-1e84-490e-83e1-cb2833a5f57d,Loi des 35 heures : adoption d'une durée hebdomadaire maximale du travail salarié,1997-01-01,INSUFFICIENT_EVIDENCE,annee_exacte_introuvable,REVIEW,Adoption de la loi relative à la réduction du temps de travail (loi Aubry),1998-06-13,0.8,B,Vérifier si la date du 13 juin 1998 correspond bien à la promulgation de la première loi Aubry sur les 35 heures.,La loi Aubry a été adoptée en deux temps. La première loi a été promulguée le 13 juin 1998. Le titre est légèrement modifié pour correspondre à l'appellation la plus courante et officielle.,
45762cb2-ca04-4d94-b240-ea01de3751c0,Première émission d'obligations vertes,2007-01-01,INSUFFICIENT_EVIDENCE,retrieval_insuffisant,REVIEW,,,0.6,B,Conserver l'événement avec un niveau de confiance modéré en l'absence de sources confirmant spécifiquement la date.,"Bien que les sources fournies ne confirment pas directement la date de l'émission d'obligations vertes, l'absence de contestation et la description cohérente permettent de considérer l'événement comme acceptable en l'état.",
8400c533-39f0-49bb-b83b-62a8bb51907f,Pierre le Grand impose la taxe sur la barbe,1696-01-01,INSUFFICIENT_EVIDENCE,annee_exacte_introuvable,REVIEW,,,0,C,Rechercher des sources historiques fiables (autres que la base de données) qui confirment l'année exacte de l'imposition de la taxe sur la barbe par Pierre le Grand.,L'année exacte de l'imposition de la taxe sur la barbe par Pierre le Grand n'est pas confirmée par des sources fiables. L'article Wikipédia sur la barbe ne mentionne pas cet événement spécifique ni sa date.,
0dbe7256-8749-47e4-b5cd-ff833d7e9f03,Inauguration de la ligne Maginot,1930-01-01,INSUFFICIENT_EVIDENCE,annee_exacte_introuvable,REVIEW,,,0,C,Rechercher des sources fiables pour confirmer la date exacte de l'inauguration de la ligne Maginot.,La date de 1930 est incertaine. L'audit précédent n'a pas permis de la confirmer. Il faut une recherche plus approfondie pour déterminer la date exacte de l'inauguration de la ligne Maginot.,
24b90e04-3ef5-45e2-8498-f8d19b50db79,Al-Farabi rédige « La Cité idéale »,0942-01-01,INSUFFICIENT_EVIDENCE,retrieval_insuffisant,REVIEW,,,0.6,B,Conserver l'événement avec un niveau de confiance modéré en attendant de potentielles sources plus solides.,"La description correspond à l'événement et à la date. Bien qu'il manque des sources externes directes, l'information semble plausible et cohérente avec le contexte historique.",
0addef27-733b-4412-837a-d1ac0f14b0d4,Fondation de l'école de médecine de Salerne,1050-01-01,INSUFFICIENT_EVIDENCE,annee_exacte_introuvable,REVIEW,Fondation de l'école de médecine de Salerne,0900-01-01,0.8,B,Update the date to 0900-01-01 based on Wikidata and the description mentioning the 9th century.,Wikidata indique 900 comme date de fondation. La description mentionne le IXe siècle. L'année 900 est donc plus précise et cohérente.,