id,current_title,current_date,current_description,status,result_bucket,original_decision,model_decision,proposed_title,proposed_date_iso,confidence,evidence_level,reasoning_short,recommendation,delete_reason,final_decision,reclassification_reason
a48bbd06-c46f-455e-9e40-5998d815f3f4,Première attribution du Prix Goncourt,1901-12-01,"Le 1er décembre 1901, le premier Prix Goncourt est attribué à John-Antoine Nau pour ""Force ennemie"", inaugurant le plus prestigieux prix littéraire français.",DISPUTED_DATE,date_disputee,REVIEW,UPDATE_DATE,,1903-12-21,1,A,"La date de la première attribution du Prix Goncourt est le 21 décembre 1903, selon Wikipédia et Wikidata. La description doit être mise à jour pour refléter cette date.",Mettre à jour la date à 1903-12-21 et modifier la description pour qu'elle corresponde à la date correcte.,,REVIEW,Cas disputé conservé en revue faute de titre assez précis ou de convention de date suffisamment stabilisée.
6ce54a90-a8cf-4704-b0b9-c0b77f798e18,Shakespeare écrit Hamlet,1601-01-01,"William Shakespeare écrit 'Hamlet', une tragédie majeure explorant la vengeance, la moralité et la folie. Cette œuvre emblématique a profondément influencé le théâtre et la littérature mondiale, et reste l'une des pièces les plus jouées et étudiées au monde.",DISPUTED_DATE,date_disputee,REVIEW,UPDATE_TITLE,Première publication d'Hamlet,1603-01-01,0.8,B,La première publication d'Hamlet date de 1603. Le titre est plus précis que 'Shakespeare écrit Hamlet'.,"Vérifier s'il existe des preuves de publications antérieures à 1603, malgré la prédominance de cette date dans les sources.",,REVIEW,Cas disputé conservé en revue faute de titre assez précis ou de convention de date suffisamment stabilisée.
422d0fa7-49ce-4776-88e1-5a384c474ddc,Fondation de l' abbaye de Cluny par Guillaume le Pieux,0909-01-01,"En 909, Guillaume Ier, duc d'Aquitaine, surnommé Guillaume le Pieux, fonde l'abbaye de Cluny. Cette fondation est notable car Guillaume renonce à tout contrôle sur l'abbaye, la plaçant directement sous l'autorité du pape, une décision novatrice qui contribue à l'indépendance et au prestige de Cluny.",DISPUTED_DATE,date_disputee,REVIEW,UPDATE_BOTH,Fondation de l'abbaye de Cluny,0910-09-11,0.8,B,"Le titre est amélioré en supprimant la mention de Guillaume le Pieux, car l'événement principal est la fondation de l'abbaye. La date la plus précise et la plus souvent mentionnée est le 11 septembre 910.",Mettre à jour la date au 11 septembre 910 et mentionner l'incertitude avec 909 dans la description détaillée.,,REVIEW,Cas disputé conservé en revue faute de titre assez précis ou de convention de date suffisamment stabilisée.
90ce3870-3e7d-4349-8fab-66fca7442f1c,Premières batailles entre Francs et Normands,0804-01-01,"En 804, sous le règne de Charlemagne, les premières escarmouches entre les Francs et les Vikings (souvent appelés 'Normands' de manière anachronique à cette époque) ont lieu le long des côtes de la Gaule franque. Ces raids initiaux, bien que de faible envergure, marquent le début d'une longue période de tensions et de conflits.",AMBIGUOUS_TITLE,titre_ambigu_ou_collision,REVIEW,UPDATE_TITLE,Premiers raids vikings en Gaule franque,0804-01-01,0.9,B,"Le titre 'Raids Vikings en Gaule' est acceptable, mais 'Premiers raids vikings en Gaule franque' est plus précis et correspond mieux à la description. L'année 804 est mentionnée dans la description comme le début de ces raids. On considère cet événement comme singulier car il marque le début d'une série de raids.",Vérifier si des sources permettent de préciser la localisation exacte des raids. Croiser avec d'autres sources pour confirmer la date et la nature des raids.,,REVIEW,Cas conservé en revue manuelle après application des règles éditoriales renforcées.
14809096-67aa-421d-b011-941519b7cdfd,Achèvement du temple Ginkaku-ji à Kyoto,1498-01-01,"Le Ginkaku-ji (Temple du Pavillon d'Argent) fut achevé sous la supervision du shogun Ashikaga Yoshimasa qui en fit sa villa de retraite. Ce temple zen reflète l'apogée de la culture Higashiyama, période d'épanouissement des arts japonais.",DISPUTED_DATE,date_disputee,REVIEW,REVIEW,,,0.5,C,"La date d'achèvement du temple Ginkaku-ji est incertaine. Les sources actuelles indiquent des dates de début de construction en 1465 et 1490, mais pas de date d'achèvement claire. La date de 1498 reste non confirmée.",Rechercher des sources supplémentaires pour confirmer la date d'achèvement du temple Ginkaku-ji. Vérifier si la date de 1498 correspond à un événement significatif lié au temple.,,REVIEW,Cas disputé conservé en revue faute de titre assez précis ou de convention de date suffisamment stabilisée.
423c7721-87a2-4ac3-ba08-42cac0ee3e7f,Le 'canular de l'homme de Piltdown',1912-01-01,"Piltdown, 1912 : la ""découverte"" d'un crâne, faussement présenté comme l'""homme chaînon manquant"", enflamme la science. Ce canular retentissant ébranla la paléontologie et révéla les biais et ambitions qui peuvent obscurcir la recherche de nos origines.",DISPUTED_DATE,date_disputee,REVIEW,KEEP,,,1,A,Le titre et la date sont corrects et cohérents avec la description. L'événement est bien documenté et le titre est clair.,Aucune modification nécessaire.,,REVIEW,Cas disputé conservé en revue faute de titre assez précis ou de convention de date suffisamment stabilisée.
7a4815b7-a011-4e18-8296-fc9757be5b9b,Construction du Palais de Topkapi à Constantinople,1465-01-01,"Mehmed II le Conquérant fait construire le Palais de Topkapi comme nouveau siège du pouvoir ottoman après la prise de Constantinople (1453). L'architecte principal Atik Sinan supervise la première phase de construction sur la pointe du Sarayburnu, dominant le Bosphore.",DISPUTED_DATE,date_disputee,REVIEW,UPDATE_DATE,,1460-01-01,0.7,B,"Wikidata indique 1460 comme date de début de construction, ce qui est cohérent avec la description qui mentionne le début de la construction après la prise de Constantinople en 1453.","Mettre à jour la date avec 1460-01-01, car c'est la date la plus ancienne et la plus fréquente dans les sources.",,REVIEW,Cas disputé conservé en revue faute de titre assez précis ou de convention de date suffisamment stabilisée.
dcf7029a-124c-44d1-b070-1dbe112993d3,Conversion de Clovis,0498-12-25,"Le 25 décembre 496, Clovis se convertit au christianisme à Reims, marquant l'alliance entre les Francs et l'Église catholique.",DISPUTED_DATE,date_disputee,REVIEW,UPDATE_DATE,,,0.9,A,"La date exacte de la conversion de Clovis est incertaine et débattue par les historiens. Les sources suggèrent 498 ou 499 comme dates possibles, mais d'autres hypothèses existent.",Supprimer la date précise et indiquer une période plus large (fin du Ve siècle) ou mentionner l'incertitude de la date dans la description.,,REVIEW,Cas disputé conservé en revue faute de titre assez précis ou de convention de date suffisamment stabilisée.
63624f79-66c8-4b4c-97cd-ee142a1683ac,Début de la construction du château de Bran,1377-01-01,"En 1377, la construction du château de Bran débute. Forteresse stratégique en Transylvanie médiévale, elle contrôlait une importante route commerciale reliant la Valachie et la Transylvanie. Son histoire est souvent associée à la légende de Dracula.",DISPUTED_DATE,date_disputee,REVIEW,UPDATE_DATE,,1289-01-01,0.9,B,"Wikidata indique 1289 comme date de début de construction. L'article Wikipedia ne donne pas d'année précise, mais mentionne une construction par les chevaliers Teutoniques au début du XIIIe siècle. 1289 est donc une date plus probable que 1377.",Mettre à jour la date de début de construction du château de Bran avec 1289.,,REVIEW,Cas disputé conservé en revue faute de titre assez précis ou de convention de date suffisamment stabilisée.
74cab55a-0fe8-44ae-ae21-0f3808675002,Lois Jim Crow (États-Unis),1877-01-01,"Les lois Jim Crow, nées en 1877, instaurent une ségrégation raciale stricte aux États-Unis. Elles privent les Afro-Américains de leurs droits civiques, les marginalisant et perpétuant l'inégalité jusqu'au milieu du XXe siècle.",POTENTIAL_DATE_ERROR,divergence_date,REVIEW,DELETE,,,1,A,Les lois Jim Crow représentent une période de ségrégation et non un événement unique. La description et les sources confirment qu'il s'agit d'une série de lois appliquées sur plusieurs années.,Supprimer l'entrée car elle décrit une période historique et non un événement ponctuel.,L'événement décrit une période et non un événement ponctuel. Il s'agit d'un ensemble de lois promulguées sur une longue durée.,REVIEW,Cas conservé en revue manuelle après application des règles éditoriales renforcées.
4e675bbc-17a9-4d1e-9472-c82081437717,Naissance d'Armand d'Athos,1615-01-01,"Naissance d'Armand d'Athos, figure emblématique popularisée par le roman ""Les Trois Mousquetaires"" d'Alexandre Dumas. Sa vie, bien que romancée, s'inspire probablement d'un personnage réel ayant vécu au XVIIe siècle en France.",DISPUTED_DATE,date_disputee,REVIEW,UPDATE_DATE,Naissance d'Armand de Sillègue d'Athos d'Hauteville,1615-01-01,0.7,B,"Bien que Wikidata indique 1599, l'article Wikipédia en français mentionne 1615 comme date de naissance d'Armand de Sillègue d'Athos d'Hauteville, le personnage historique derrière le roman. Je privilégie la source Wikipédia en français, plus précise et contextualisée.",Mettre à jour la date de naissance à 1615-01-01 et le titre pour plus de précision.,,REVIEW,Cas disputé conservé en revue faute de titre assez précis ou de convention de date suffisamment stabilisée.
02ffabbd-1ff2-4476-825b-4eed0edc0933,Ouverture du Taipei 101,2004-01-01,"L'ouverture du Taipei 101 en 2004 marque l'inauguration d'un emblème architectural. Ce gratte-ciel combine modernité et motifs traditionnels chinois, symbolisant la prospérité et l'innovation taïwanaise.",DISPUTED_DATE,date_disputee,REVIEW,UPDATE_DATE,,2004-12-31,0.9,B,Wikipédia mentionne que le Taipei 101 était le plus grand gratte-ciel du monde de 2004 à 2010. Wikidata indique une date d'inception au 31 décembre 2005. Plusieurs sources concordent sur une ouverture fin 2004.,"Mettre à jour la date au 31 décembre 2004, car c'est la date d'ouverture la plus probable.",,REVIEW,Cas disputé conservé en revue faute de titre assez précis ou de convention de date suffisamment stabilisée.
5e7bce44-ad2d-4393-b1f0-43d9a016be0e,Mort de Gengis Khan,1227-01-01,"Gengis Khan décède en août 1227, probablement des suites de blessures subies lors d'une campagne contre la dynastie Jin. Sa mort marque la fin du règne du fondateur de l'Empire mongol, mais n'arrête pas l'expansion de celui-ci.",DISPUTED_DATE,date_disputee,REVIEW,UPDATE_DATE,,1227-08-00,0.9,A,"Plusieurs sources, dont Wikipédia et Wikidata, indiquent que Gengis Khan est décédé en août 1227. Wikidata donne même des dates précises (18 et 25 août), mais il y a une incertitude sur le jour exact. Il est donc prudent de retenir le mois d'août 1227.",Mettre à jour la date au mois d'août 1227 (1227-08-00).,,REVIEW,Cas disputé conservé en revue faute de titre assez précis ou de convention de date suffisamment stabilisée.
badb8edc-93e7-4754-bb6d-e37be77dcf5a,Début de la christianisation de l’Irlande par saint Patrick,0432-01-01,"En 432, saint Patrick commence l'évangélisation de l'Irlande, transformant profondément la société celtique et établissant de nombreux monastères.",DISPUTED_DATE,date_disputee,REVIEW,UPDATE_DATE,Christianisation de l'Irlande,,0.7,B,"La date précise du début de la christianisation de l'Irlande par Saint Patrick est incertaine. Plusieurs sources indiquent des dates de naissance et de mort différentes pour Saint Patrick, ce qui rend difficile de déterminer une date précise pour le début de son activité missionnaire. Il est préférable de ne pas spéci…",Ne pas spécifier de date pour cet événement en raison de l'incertitude entourant la vie de Saint Patrick et le début de la christianisation de l'Irlande.,,REVIEW,Cas disputé conservé en revue faute de titre assez précis ou de convention de date suffisamment stabilisée.
33f54e0d-3f1f-4fb6-9b00-ff452b4c5c0b,Seconde Guerre de l'Opium,1856-01-01,"La Seconde Guerre de l'Opium (1856-1860) opposa la Chine aux forces britanniques et françaises. Elle fut motivée par le commerce de l'opium et aboutit à de nouveaux traités inégaux imposés à la Chine, renforçant l'influence occidentale.",POTENTIAL_DATE_ERROR,divergence_date,REVIEW,DELETE,,,1,A,La Seconde Guerre de l'Opium est un conflit qui s'est déroulé de 1856 à 1860. On ne peut donc pas lui attribuer une date précise.,Supprimer l'événement car il s'agit d'une période et non d'un événement ponctuel.,"L'événement s'étend sur plusieurs années, ce qui rend impossible de lui attribuer une date unique. Il ne s'agit pas d'un événement ponctuel.",REVIEW,Cas conservé en revue manuelle après application des règles éditoriales renforcées.
179860b6-c093-4e80-bcd2-1621b8d74c29,Révolte des Boxers,1900-10-01,La révolte des Boxers éclate en Chine contre l'influence occidentale. Ce soulèvement nationaliste et xénophobe aboutit à l'intervention des puissances étrangères et affaiblit davantage la dynastie Qing.,DISPUTED_DATE,date_disputee,REVIEW,UPDATE_DATE,,1899-08-01,0.9,A,La date de début de la révolte des Boxers est plus précisément août 1899 selon Wikidata et Wikipedia. La description reste cohérente.,Mettre à jour la date au 1er août 1899.,,REVIEW,Cas disputé conservé en revue faute de titre assez précis ou de convention de date suffisamment stabilisée.
4108d7ab-2aae-427a-be59-5a0b11fb3b14,Botticelli peint la Naissance de Vénus,1486-01-01,"En 1486, Sandro Botticelli peint ""La Naissance de Vénus"" à Florence. Cette œuvre emblématique de la Renaissance italienne, commandée probablement par les Médicis, représente la déesse Vénus émergeant de l'écume de mer.",DISPUTED_DATE,date_disputee,REVIEW,UPDATE_BOTH,La Naissance de Vénus,1483-01-01,0.7,B,Le titre est simplifié pour correspondre au nom de l'œuvre. La date est imprécise (1482-1485 selon Wikipedia). On retient la date médiane de 1483. La description reste cohérente.,Remplacer le titre et la date par les valeurs proposées.,,REVIEW,Cas disputé conservé en revue faute de titre assez précis ou de convention de date suffisamment stabilisée.
77254478-2741-4941-a997-c6e9a16324fd,Création de la Fédération abolitionniste internationale,1875-01-01,"La Fédération abolitionniste internationale (FAI) fut fondée à Genève en 1875 par des abolitionnistes de divers pays, dont William Lloyd Garrison Jr. et Édouard Des Moulins, dans le but de coordonner les efforts internationaux pour l'abolition de l'esclavage et de la traite négrière, encore présents dans certaines régions du monde.",DISPUTED_DATE,date_disputee,REVIEW,KEEP,,,1,A,"La date de 1875 est cohérente avec la description et l'article Wikipédia en français. Bien que Wikidata indique 1877, la source Wikipédia est plus détaillée et confirme 1875. Le titre est clair et correspond à l'appellation standard.",Conserver la fiche telle quelle.,,REVIEW,Cas disputé conservé en revue faute de titre assez précis ou de convention de date suffisamment stabilisée.
58039f76-4caf-4696-9a47-7d8a85aba9cb,Naissance de Michel-Ange,1475-03-06,"Le 6 mars 1475 naît Michel-Ange Buonarroti à Caprese, artiste qui deviendra l'un des plus grands maîtres de la Renaissance italienne.",DISPUTED_DATE,date_disputee,REVIEW,KEEP,,,1,A,"La date de naissance de Michel-Ange est bien le 6 mars 1475, comme confirmé par de multiples sources (Wikipédia FR, Wikidata).",Conserver la fiche telle quelle.,,REVIEW,Cas disputé conservé en revue faute de titre assez précis ou de convention de date suffisamment stabilisée.
97c8c3b8-97ec-4005-9d06-a4b4bead5074,"Frida Kahlo, figure emblématique de l'art mexicain",1930-01-01,"Dans le Mexique post-révolutionnaire des années 1930, une période de nationalisme culturel intense, Frida Kahlo émerge comme une figure artistique majeure. Le gouvernement encourage l'expression artistique indigène, et des artistes comme Diego Rivera, son mari, jouent un rôle central dans ce mouvement.",AMBIGUOUS_TITLE,titre_ambigu_ou_collision,REVIEW,UPDATE_TITLE,Début de la carrière artistique de Frida Kahlo,1930-01-01,0.6,B,"The original title was too general. The proposed title is more specific and reflects the description, which mentions Frida Kahlo's emergence as a major artistic figure in the 1930s. The date remains the same as it is the beginning of the decade.","Further research could pinpoint a more precise event or exhibition that marked the beginning of Frida Kahlo's career around 1930. If a specific event is found, update the title and date accordingly.",,REVIEW,Cas conservé en revue manuelle après application des règles éditoriales renforcées.
c13fd56f-ea19-4329-9047-595ffb8ca02c,Supplice de la reine Brunehilde par Clotaire II,0613-01-01,"Brunehilde, reine franque d'Austrasie, est livrée à Clotaire II, roi de Neustrie, après des décennies de conflits sanglants pour le pouvoir. Clotaire II, fils de Frédégonde, voit en Brunehilde la responsable de la mort de nombreux membres de sa famille et de la prolongation des guerres civiles mérovingiennes.",DISPUTED_DATE,date_disputee,REVIEW,UPDATE_BOTH,Exécution de Brunehilde,0613-02-28,0.9,B,"Le titre actuel est trop long et contient des informations inutiles. Le supplice est une exécution. Wikidata donne deux dates de mort, dont une au 28 février 613. On retient cette date plus précise.",Aucune.,,REVIEW,Cas disputé conservé en revue faute de titre assez précis ou de convention de date suffisamment stabilisée.
ddbc9f12-88fc-45fa-91ed-296a94dd877e,Signature du traité du Baqt entre la Nubie et l'Égypte,0651-01-01,"Le Baqt, un important traité commercial et de non-agression entre le royaume de Makuria (Nubie) et l'Égypte, a été signé vers 651-652.",DISPUTED_DATE,date_disputee,REVIEW,UPDATE_DATE,,0652-01-01,0.8,B,"La description mentionne 651-652. L'article Wikipédia en français indique 652 comme date de signature du traité. Wikidata propose 700, mais l'article Wikipédia est plus précis et pertinent. Mise à jour de la date vers 652.","Mettre à jour la date de l'événement au 1er janvier 652, en se basant sur l'article Wikipédia en français.",,REVIEW,Cas disputé conservé en revue faute de titre assez précis ou de convention de date suffisamment stabilisée.
d2a46ef9-e592-4e59-90fa-a09f0908ea5c,La règle de saint Benoît est rédigée,0540-01-01,"En 540, Benoît de Nursie codifie une règle monastique qui influencera durablement la vie religieuse en Occident. Cette 'Règle de saint Benoît', prônant l'équilibre entre prière, travail et étude, devient un modèle d'organisation pour d'innombrables monastères à travers l'Europe.",DISPUTED_DATE,date_disputee,REVIEW,REVIEW,,,0.5,C,"La date de rédaction de la Règle de saint Benoît est incertaine. Wikipédia indique 530, et Wikidata indique 600. La description indique 540. Les sources sont contradictoires.","Rechercher des sources supplémentaires pour confirmer l'année de rédaction de la Règle de saint Benoît. Il faut trancher entre 530, 540 et 600.",,REVIEW,Cas disputé conservé en revue faute de titre assez précis ou de convention de date suffisamment stabilisée.
6097ea19-b253-405f-9e94-56bd69aae0cf,Bataille du Mont Badon (Roi Arthur),0500-01-01,"La bataille du Mont Badon est un événement légendaire survenu vers l'an 500. Elle opposa les armées bretonnes, menées selon la légende par le roi Arthur, aux envahisseurs saxons. Cette bataille est l'une des plus importantes de la légende arthurienne et marque un tournant dans la résistance bretonne contre l'invasion saxonne. Bien que son existence historique soit débattue, elle reste un symbole fort de la mythologie celtique.",DISPUTED_DATE,date_disputee,REVIEW,UPDATE_TITLE,Bataille du Mont Badon,0500-01-01,0.9,B,Le titre doit être épuré de la mention '(Roi Arthur)' qui est une interprétation. La date est conservée car elle est sourcée par Wikidata et mentionnée dans l'article Wikipedia.,"Supprimer la mention du Roi Arthur du titre. Conserver la date de 0500-01-01, tout en sachant qu'elle est disputée.",,REVIEW,Cas disputé conservé en revue faute de titre assez précis ou de convention de date suffisamment stabilisée.
8c2bf3ca-9def-4e35-a8db-82fab4834d7a,Traversée du pôle Nord,1906-01-01,"En avril 1906, Robert Peary affirme avoir atteint le pôle Nord, réalisant ainsi la première traversée du pôle Nord. Cette expédition est un exploit majeur de l'exploration polaire, bien que la véracité de l'affirmation de Peary soit encore débattue aujourd'hui. Elle contribue à la fascination pour les régions polaires et à l'exploration scientifique de l'Arctique.",DISPUTED_DATE,date_disputee,REVIEW,UPDATE_BOTH,Expédition de Robert Peary au pôle Nord,1909-04-06,0.8,B,L'expédition de 1906 est contestée. L'expédition la plus connue et généralement acceptée de Peary au pôle Nord a eu lieu en 1909. Le titre est rendu plus précis en incluant le nom de l'explorateur.,Mettre à jour le titre et la date pour refléter l'expédition la plus reconnue de Peary au pôle Nord.,,REVIEW,Cas disputé conservé en revue faute de titre assez précis ou de convention de date suffisamment stabilisée.
835b0358-f41e-4b10-baca-22a3d9cd7386,Dernières mentions des Huns,0488-01-01,"488 marque la disparition des Huns des sources historiques. Après Attila, leur empire s'effondre, absorbé par d'autres peuples. Ce silence sonne le glas d'une puissance nomade qui a ébranlé l'Europe.",AMBIGUOUS_TITLE,titre_ambigu_ou_collision,REVIEW,KEEP_ACCEPTABLE,,,0.9,B,"The previous audit suggested a title change, but the current title is acceptable as is. The description clearly indicates the event.",Keep the current title and date as they are.,,REVIEW,Cas conservé en revue manuelle après application des règles éditoriales renforcées.
5d991a99-3758-4cae-94a8-8a670485d81c,Apicius compile 'De re coquinaria',0030-01-01,"Apicius compile 'De re coquinaria', un recueil de recettes romaines au 1er siècle. Ce témoignage précieux offre un aperçu unique des pratiques culinaires et des ingrédients prisés de l'époque romaine.",DISPUTED_DATE,date_disputee,REVIEW,UPDATE_BOTH,De re coquinaria,0400-01-01,0.8,B,"Le titre original mentionne Apicius, mais le livre est une compilation ultérieure. Le titre est donc simplifié au titre de l'ouvrage. La date est mise à jour selon les sources.",Update the title to 'De re coquinaria' and the date to 400-01-01 based on the compilation date.,,REVIEW,Cas disputé conservé en revue faute de titre assez précis ou de convention de date suffisamment stabilisée.
ff787ddd-df92-403b-98b2-c802718c65da,Thomas d'Aquin commence la « Somme théologique »,1265-01-01,"En 1265, Thomas d'Aquin, théologien et philosophe italien, entreprend la rédaction de la « Somme théologique ». Cette œuvre monumentale, restée inachevée, vise à synthétiser l'ensemble de la doctrine chrétienne en utilisant la méthode scolastique. La « Somme théologique » constitue une référence majeure de la pensée catholique et a profondément influencé la philosophie et la théologie occidentales. Thomas d'Aquin y meurt en 1274.",DISPUTED_DATE,date_disputee,REVIEW,UPDATE_DATE,,1266-01-01,0.8,B,La date de 1265 n'est pas confirmée. Wikipedia indique 1266-1273. On prend 1266 comme date de début. La description est cohérente avec cette date.,Mettre à jour la date avec 1266-01-01.,,REVIEW,Cas disputé conservé en revue faute de titre assez précis ou de convention de date suffisamment stabilisée.
8a94adf2-c6dc-4abc-87bb-a351a98f055a,Début de la Révolution industrielle,1750-01-01,"En 1750 débute la Révolution industrielle en Grande-Bretagne, transformation majeure des modes de production qui va bouleverser la société mondiale.",POTENTIAL_DATE_ERROR,divergence_date,REVIEW,UPDATE_DATE,,1760-01-01,0.9,B,Wikidata indique un début en 1760. L'article Wikipedia en anglais mentionne également 1760 comme début de la révolution industrielle en Grande-Bretagne.,"Mettre à jour la date avec 1760-01-01, car c'est la date de début indiquée par Wikidata et corroborée par l'article Wikipedia en anglais.",,REVIEW,Cas conservé en revue manuelle après application des règles éditoriales renforcées.
a98fda31-924f-4e76-b35b-d07faa4d7b27,Bataille de Svolder,1000-01-01,"En l'an 1000, la bataille de Svolder voit la défaite d'Olaf Tryggvason. Cet affrontement naval marque un tournant dans la domination de la mer Baltique et l'ascension de rois rivaux.",DISPUTED_DATE,date_disputee,REVIEW,KEEP_ACCEPTABLE,,,0.8,B,"La date est incertaine (999 ou 1000), mais la description mentionne l'an 1000. Le titre est clair et non ambigu. On conserve l'existant par défaut.",Conserver le titre et la date actuels. Noter l'incertitude sur la date dans les métadonnées.,,REVIEW,Cas disputé conservé en revue faute de titre assez précis ou de convention de date suffisamment stabilisée.
8aebb9f9-775c-44a9-9379-da5fe37f6cf7,Génocide au Rwanda : rôle controversé de la France,1994-01-01,"Le génocide rwandais de 1994 a opposé les Hutus extrémistes aux Tutsis et Hutus modérés. La France, via l'opération Turquoise, a été accusée de soutenir indirectement le gouvernement hutu responsable du génocide, bien que son rôle exact reste sujet à controverse et à des interprétations divergentes.",DISPUTED_DATE,date_disputee,REVIEW,UPDATE_BOTH,Génocide au Rwanda,1994-04-06,0.9,A,"Le titre actuel est trop long et inclut une controverse. Le titre 'Génocide au Rwanda' est plus approprié. La date de début du génocide est le 6 avril 1994, suite à l'attentat contre l'avion du président Habyarimana.",Vérifier et préciser le rôle de la France dans la description.,,REVIEW,Cas disputé conservé en revue faute de titre assez précis ou de convention de date suffisamment stabilisée.
285b9075-c9fc-4a54-915a-007c6f588481,Fondation légendaire de Venise,0421-01-01,"En 421, la tradition situe la fondation de Venise par des populations fuyant les invasions barbares, donnant naissance à l'une des plus puissantes cités maritimes médiévales.",DISPUTED_DATE,date_disputee,REVIEW,UPDATE_BOTH,Fondation de Venise,0421-03-25,0.6,B,Le titre est plus clair sans l'adjectif 'légendaire'. Wikidata propose deux dates (421-03-25 et 452-01-01). La date du 25 mars 421 semble plus précise que le 1er janvier 421. La description reste cohérente.,Utiliser la date du 25 mars 421. Indiquer l'incertitude dans les métadonnées. Vérifier si d'autres sources permettent de confirmer la date du 25 mars.,,REVIEW,Cas disputé conservé en revue faute de titre assez précis ou de convention de date suffisamment stabilisée.
3dd47399-497b-44ef-a88c-3caf54716c89,Publication de l'Orlando furioso de l'Arioste,1516-01-01,"Publication de l'Orlando furioso de l'Arioste, un poème épique majeur de la Renaissance italienne. Cette œuvre, combinant chevalerie, amour et merveilleux, eut une influence considérable sur la littérature et les arts européens.",DISPUTED_DATE,date_disputee,REVIEW,REVIEW,,,0.5,C,Wikidata donne deux dates de publication (1516 et 1532). Il faut une source plus fiable pour trancher.,Vérifier la date de publication avec une source plus fiable que Wikidata.,,REVIEW,Cas disputé conservé en revue faute de titre assez précis ou de convention de date suffisamment stabilisée.
ac2cf6ca-1341-49a5-a3ed-32a5d30380bd, Dante commence La Divine Comédie,1308-01-01,"L'exilé florentin Dante Alighieri commence la rédaction de *La Divine Comédie*, une œuvre allégorique majeure explorant l'Enfer, le Purgatoire et le Paradis. Ce poème épique, imprégné de symbolisme et de références philosophiques, marquera durablement la littérature mondiale.",DISPUTED_DATE,date_disputee,REVIEW,UPDATE_DATE,Début de la rédaction de la Divine Comédie,,0.8,B,"La date de 1308 est incertaine. Les sources indiquent une période de composition entre 1303 et 1321, avec Wikidata suggérant 1320. Le titre est mis à jour pour plus de précision et la date est supprimée car elle est incertaine.","Supprimer la date précise et indiquer une période de composition plus large (ex: début XIVe siècle) si possible, ou laisser sans date précise.",,REVIEW,Cas disputé conservé en revue faute de titre assez précis ou de convention de date suffisamment stabilisée.
cbc0ecf8-3600-40e2-84bf-bd89f51906d0,Découverte des premiers métamatériaux,2000-01-01,"L'année 2000 marque l'essor des métamatériaux, des matériaux artificiels ouvrant des perspectives inédites dans la manipulation des ondes électromagnétiques. Cette découverte promet des avancées révolutionnaires en optique et dans divers domaines technologiques.",INSUFFICIENT_EVIDENCE,annee_exacte_introuvable,REVIEW,UPDATE_TITLE,Métamatériaux : développement et applications,,0.8,B,The previous audit correctly identified that the description refers to a period of development rather than a single discovery. The proposed title better reflects this broader context.,Accept the proposed title change to reflect the development and applications of metamaterials. The description supports this broader scope.,,REVIEW,Cas conservé en revue manuelle après application des règles éditoriales renforcées.
630689d2-f02b-4aee-b226-84d855a6afd7,Le scandale de l'esclavage au Congo belge,1908-01-01,"Le scandale de l'esclavage au Congo belge dénonça l'exploitation brutale de la population congolaise sous le règne de Léopold II. Des millions de Congolais furent victimes de travaux forcés, de mutilations et d'assassinats dans la quête du caoutchouc, suscitant une indignation internationale.",INSUFFICIENT_EVIDENCE,absence_de_singularite,REVIEW,UPDATE_TITLE,Scandale de l'État indépendant du Congo,,0.9,A,"Le titre actuel est acceptable mais peut être amélioré pour correspondre à l'appellation la plus courante et officielle de cet événement. Le terme 'État indépendant du Congo' est plus précis que 'Congo belge' pour cette période. L'événement est une période, pas un événement singulier.",Mettre à jour le titre pour plus de précision historique.,,REVIEW,Cas conservé en revue manuelle après application des règles éditoriales renforcées.
ac95395a-8298-4251-ba0d-b192b6ae429d,Fondation du Ku Klux Klan (moderne),1915-01-01,"La fondation du second Ku Klux Klan en 1915 marque une résurgence de l'idéologie suprématiste blanche aux États-Unis, avec un impact durable sur la société américaine et ses relations interraciales.",INSUFFICIENT_EVIDENCE,annee_exacte_introuvable,REVIEW,UPDATE_BOTH,Fondation du second Ku Klux Klan,1915-09-01,0.8,B,Le titre est amélioré pour plus de clarté. La date du 1er janvier 1915 est incorrecte. La fondation du second KKK a eu lieu en septembre 1915. La description est cohérente avec cette information.,Vérifier si le 1er septembre est la date exacte ou une date approximative de septembre 1915.,,REVIEW,Cas conservé en revue manuelle après application des règles éditoriales renforcées.
10409bb1-8135-4fc6-bbf7-07a1ef4bd01f,Extension des centres d'apprentissage de l'Éducation nationale,1950-01-01,"Dans la France de l'après-guerre, l'extension des centres d'apprentissage de l'Éducation nationale en 1950 s'inscrit dans un effort de reconstruction et de modernisation du pays, visant à former une main-d'œuvre qualifiée pour l'industrie et l'artisanat. Le gouvernement, sous la direction de figures comme Pierre Mendès France, met l'accent sur la formation professionnelle pour répondre aux besoins économiques croissants.",INSUFFICIENT_EVIDENCE,annee_exacte_introuvable,REVIEW,KEEP_ACCEPTABLE,,,0.6,C,"La description mentionne 1950, ce qui suggère une date plausible, mais sans source externe fiable, le niveau de preuve reste faible. Le titre est acceptable.","Conserver l'événement avec la date actuelle, mais continuer à chercher des sources plus solides pour confirmer la date de 1950.",,REVIEW,Cas conservé en revue manuelle après application des règles éditoriales renforcées.
0608f05b-687e-4b03-9cbe-c685eb0202be,Création du franc,1360-01-01,"En 1360, le roi Jean II crée le franc, nouvelle monnaie destinée à payer sa rançon après sa capture à la bataille de Poitiers.",INSUFFICIENT_EVIDENCE,annee_exacte_introuvable,REVIEW,UPDATE_DATE,Création du franc,1360-12-05,0.9,B,La date du 5 décembre 1360 correspond à la date de l'ordonnance royale créant le franc. La description est cohérente avec cet événement.,Mettre à jour la date avec la date précise de l'ordonnance.,,REVIEW,Cas conservé en revue manuelle après application des règles éditoriales renforcées.
9d7512e1-b566-45d0-b4f5-c5b593619acb,Achèvement des fresques de Signorelli à Orvieto,1504-01-01,"Luca Signorelli achève son chef-d'œuvre monumental dans la Chapelle San Brizio de la cathédrale d'Orvieto, un cycle de fresques sur le Jugement dernier commandé en 1499 par les autorités de la ville. Ces fresques représentent l'apogée du style de la Haute Renaissance toscane.",INSUFFICIENT_EVIDENCE,annee_exacte_introuvable,REVIEW,REVIEW,,,0,C,La date de 1504 pour l'achèvement des fresques n'est pas confirmée par les sources fournies. Il faut des sources plus spécifiques sur l'œuvre de Signorelli à Orvieto.,Rechercher des sources d'histoire de l'art ou des biographies de Luca Signorelli qui confirment la date d'achèvement des fresques dans la chapelle San Brizio à Orvieto.,,REVIEW,Cas conservé en revue manuelle après application des règles éditoriales renforcées.
55eabf66-7b32-4c6f-80ee-1784f306f777,Premier moulin à papier en France,1320-01-01,"En 1320, le premier moulin à papier de France est établi à Troyes, marquant le début de l'industrie papetière française.",INSUFFICIENT_EVIDENCE,annee_exacte_introuvable,REVIEW,REVIEW,,,0,C,La date de 1320 pour le premier moulin à papier en France n'est pas confirmée par les sources disponibles. L'article Wikipedia sur les moulins à papier ne mentionne pas de date précise pour l'établissement du premier moulin en France.,Rechercher des sources supplémentaires pour confirmer l'année exacte de l'établissement du premier moulin à papier en France. Vérifier si Troyes est bien le lieu de ce premier moulin. Consulter des ouvrages spécialisés sur l'histoire de l'…,,REVIEW,Cas conservé en revue manuelle après application des règles éditoriales renforcées.
ef583ac5-6641-4752-8944-ee2df754ecd6,Affaire des diamants de Bokassa,1975-01-01,"En 1975, les relations entre la France et la République centrafricaine, dirigée par le président Jean-Bedel Bokassa, sont étroites. Valéry Giscard d'Estaing, alors président français, cultive une amitié personnelle avec Bokassa, qui offre régulièrement des cadeaux, dont des diamants.",INSUFFICIENT_EVIDENCE,absence_de_singularite,REVIEW,UPDATE_DATE,Déclenchement de l'affaire des diamants de Bokassa,1979-10-01,0.9,A,"La date actuelle (1975) correspond au début des relations entre Bokassa et Giscard d'Estaing, mais l'affaire éclate en octobre 1979 suite aux révélations du Canard enchaîné. La description doit être cohérente avec la date de début du scandale.",Réécrire la description sur les révélations d'octobre 1979 avant toute application.,,REVIEW,"Titre et date recentrés sur le déclenchement public du scandale, mais la description doit être réécrite pour rester cohérente."
b4f257b1-a87e-49fa-a01e-88b88c2af356,Rattachement du Comté de Toulouse,1271-01-01,"En 1271, le Comté de Toulouse est officiellement rattaché au Royaume de France sous le règne de Philippe III. Cet événement crucial renforce le pouvoir royal et consolide le territoire français.",INSUFFICIENT_EVIDENCE,preuve_insuffisante,REVIEW,UPDATE_DATE,Rattachement du comté de Toulouse au royaume de France,1271-12-04,0.8,B,Le rattachement du comté de Toulouse au royaume de France a eu lieu en décembre 1271. La date précise est le 4 décembre 1271 (source : https://www.herodote.net/4_decembre_1271-evenement-12711204.htm).,Vérifier la cohérence de la description avec la date précise du 4 décembre 1271.,,REVIEW,Cas conservé en revue manuelle après application des règles éditoriales renforcées.
e83d4de0-7130-4b29-bb72-f7053ae8e836,Marco Polo quitte la Chine,1292-01-01,"En 1292, Marco Polo, après 17 ans au service de Kubilai Khan, quitte la Chine avec sa famille et une escorte, à bord de jonques, pour escorter la princesse mongole Kökötchin jusqu'à son futur époux, le ilkhan de Perse, Ghazan. Ce voyage marque la fin de son long séjour en Asie et le début de son retour vers Venise.",INSUFFICIENT_EVIDENCE,annee_exacte_introuvable,REVIEW,REVIEW,,,0,C,La date exacte du départ de Marco Polo de Chine est incertaine et nécessite une vérification plus approfondie. Les sources actuelles sont insuffisantes pour confirmer la date.,Effectuer une recherche approfondie dans des sources historiques fiables pour confirmer la date exacte du départ de Marco Polo de Chine.,,REVIEW,Cas conservé en revue manuelle après application des règles éditoriales renforcées.
82cb2477-f2bd-46a9-a0d9-bef43e2bc6ac,Invention du haut fourneau en Chine,1068-01-01,"En 1068, la Chine révolutionne la métallurgie avec l'invention du haut fourneau. Cette innovation cruciale permet une production massive de fonte, stimulant l'économie et renforçant la puissance militaire de l'empire Song.",INSUFFICIENT_EVIDENCE,annee_exacte_introuvable,REVIEW,UPDATE_DATE,,,0.8,B,La date précise de 1068 n'est pas confirmée par la source Wikipédia. L'article indique un usage dès le Ier siècle. Il est donc préférable de supprimer la date.,Remove the specific date as the invention of the blast furnace in China occurred earlier than 1068. The description should be updated to reflect the broader timeframe.,,REVIEW,Cas conservé en revue manuelle après application des règles éditoriales renforcées.
d9315af5-48f2-4098-9335-00a5f3cd6ecc,Signature des accords d'assistance mutuelle franco-américains,1951-01-01,"Les accords d'assistance mutuelle franco-américains de 1951 s'inscrivent dans le contexte de la Guerre Froide et de la création de l'OTAN. Ils visaient à renforcer la sécurité collective et la coopération militaire entre la France et les États-Unis face à la menace soviétique, avec des figures clés comme Dean Acheson (Secrétaire d'État américain) et Robert Schuman (Ministre des Affaires étrangères français) impliquées.",INSUFFICIENT_EVIDENCE,annee_exacte_introuvable,REVIEW,REVIEW,,,0,C,The previous audit couldn't confirm the date. No new sources were provided to confirm the date. Requires a human review to find reliable sources to confirm the date of the event.,"Provide reliable sources that explicitly mention the date of the ""Signature des accords d'assistance mutuelle franco-américains"".",,REVIEW,Cas conservé en revue manuelle après application des règles éditoriales renforcées.
935b235c-67c9-45e8-be8c-56217eee2ab6,Proclus succède à Plutarque à l'Académie,0437-01-01,"En 437, Proclus, philosophe néoplatonicien, succède à Plutarque à la tête de l'Académie d'Athènes. Il y enseigne la philosophie de Platon et de Plotin et devient l'un des principaux représentants du néoplatonisme tardif. Proclus est l'auteur de nombreux commentaires sur les œuvres de Platon et d'Aristote, ainsi que d'un ouvrage original intitulé « Éléments de théologie ». Il meurt en 485 à Athènes.",INSUFFICIENT_EVIDENCE,annee_exacte_introuvable,REVIEW,REVIEW,,,0,C,"L'année de succession de Proclus à Plutarque à l'Académie n'est pas confirmée par les sources disponibles. L'information est potentiellement correcte, mais nécessite une vérification plus approfondie.",Rechercher des sources fiables qui confirment l'année de la succession de Proclus à l'Académie d'Athènes.,,REVIEW,Cas conservé en revue manuelle après application des règles éditoriales renforcées.
5f43c90b-7188-42d3-846e-c0d6eaaf84ea,Fondation de la Société de la paix de New York,1815-01-01,"Après la guerre de 1812, des pacifistes fondent la New York Peace Society. Un élan novateur pour promouvoir la paix et l'arbitrage international, loin des conflits armés.",INSUFFICIENT_EVIDENCE,preuve_insuffisante,REVIEW,REVIEW,,,0,C,La date de fondation de la Société de la paix de New York n'est pas confirmée par des sources fiables. Nécessite une vérification humaine pour trouver des sources.,Rechercher des sources externes (autres que Wikipédia et Wikidata) confirmant la date de fondation de la Société de la paix de New York.,,REVIEW,Cas conservé en revue manuelle après application des règles éditoriales renforcées.
e947d6e2-bd86-436a-8b92-23ca92b30fb7,"Tortuga, repaire de pirates",1630-01-01,"Dès 1630, l'île de la Tortue devient un refuge notoire pour les pirates et flibustiers, principalement français, anglais et hollandais. Cette plaque tournante de la piraterie conteste la domination espagnole dans les Caraïbes et perturbe le commerce maritime.",INSUFFICIENT_EVIDENCE,annee_exacte_introuvable,REVIEW,KEEP_ACCEPTABLE,"Tortuga, repaire de pirates",1630-01-01,0.6,C,"L'information de 1630 comme début de l'établissement de Tortuga comme repaire de pirates est plausible, mais difficile à confirmer avec des sources directes et fiables. On garde l'entrée avec un niveau de confiance faible.",Conserver l'entrée avec un niveau de confiance faible. Rechercher des sources plus solides confirmant l'année exacte.,,REVIEW,Cas conservé en revue manuelle après application des règles éditoriales renforcées.
59e3565f-f6bb-40ec-96a4-5916ee861bf2,Naissance de Jésus,0001-01-01,"La naissance de Jésus se situe dans un contexte de domination romaine sur la Judée, sous le règne de l'empereur Auguste et du roi Hérode le Grand. Les tensions entre les populations juives et l'autorité romaine étaient palpables, avec des attentes messianiques fortes.",INSUFFICIENT_EVIDENCE,annee_exacte_introuvable,REVIEW,REVIEW,Naissance de Jésus,,0.5,C,La date de naissance de Jésus est incertaine et sujette à débat historiographique. L'année 0001 est arbitraire et non sourcée. Nécessite une expertise historique.,"Nécessite une expertise historique pour déterminer si une année peut être raisonnablement inférée malgré le débat historiographique. Pour l'instant, aucune année ne peut être confirmée.",,REVIEW,Cas conservé en revue manuelle après application des règles éditoriales renforcées.
e8a3c52b-4cff-4466-ac1b-674f7e47bef6,Première exposition Gutai à Tokyo,1955-01-01,"Le groupe d'avant-garde Gutai, fondé par Jiro Yoshihara à Osaka, organise sa première exposition majeure à l'Ohara Kaikan de Tokyo, présentant des œuvres révolutionnaires mêlant performance et matérialité. Cette exposition marque l'émergence d'un art japonais post-guerre radicalement nouveau.",INSUFFICIENT_EVIDENCE,annee_exacte_introuvable,REVIEW,REVIEW,,,0.5,C,La date de la première exposition Gutai à Tokyo n'est pas confirmée. Les sources actuelles ne permettent pas de valider la date de 1955-01-01.,Rechercher des sources fiables qui confirment la date de la première exposition Gutai à Tokyo.,,REVIEW,Cas conservé en revue manuelle après application des règles éditoriales renforcées.
810a14a7-5969-4513-aaff-c82be51ab8a2,Mise en place de mesures économiques en France pour stabiliser les finances face au premier choc pétrolier,1974-01-01,"Suite au premier choc pétrolier de 1973, le gouvernement français, sous la présidence de Georges Pompidou puis de Valéry Giscard d'Estaing et avec le Premier ministre Jacques Chirac, initie une politique de rigueur économique visant à maîtriser l'inflation et réduire le déficit commercial. Cette politique se traduit par des mesures d'austérité budgétaire et un contrôle des salaires.",INSUFFICIENT_EVIDENCE,absence_de_singularite,REVIEW,UPDATE_TITLE,Politique de rigueur économique en France suite au premier choc pétrolier,,0.8,B,The original title describes a process rather than a specific event. The proposed title is more concise and focuses on the policy itself. The description supports this change.,"Update the title to reflect the policy itself. Keep the date as is, as it represents the beginning of the policy implementation.",,REVIEW,Cas conservé en revue manuelle après application des règles éditoriales renforcées.
f4239b6d-9678-432b-819d-82518ef81b49,Invention du bathyscaphe par Auguste Piccard,1948-01-01,"En 1948, Auguste Piccard invente le bathyscaphe, un submersible révolutionnaire. Cet appareil permit d'explorer les profondeurs océaniques comme jamais auparavant, ouvrant une nouvelle ère dans l'exploration scientifique marine.",INSUFFICIENT_EVIDENCE,annee_exacte_introuvable,REVIEW,UPDATE_TITLE,Invention du bathyscaphe,1948-01-01,0.8,B,The title is more concise and standard without mentioning Auguste Piccard. The date remains consistent with the description.,Keep the event with the updated title. Verify the exact date of the invention with more specific sources if possible.,,REVIEW,Cas conservé en revue manuelle après application des règles éditoriales renforcées.
9eb12c14-dc74-4848-bc79-d987730493e3,Premier hôpital psychiatrique de Valence en Espagne,1409-01-01,"La construction du premier hôpital psychiatrique à Valence en 1409 témoigne d'une prise de conscience progressive des problèmes de santé mentale. Cet établissement, bien que rudimentaire selon les normes modernes, a marqué une étape importante dans la prise en charge des personnes souffrant de troubles mentaux.",INSUFFICIENT_EVIDENCE,annee_exacte_introuvable,REVIEW,REVIEW,,,0,C,"La date de 1409 pour la fondation du premier hôpital psychiatrique à Valence n'est pas confirmée par les sources actuelles. Les sources disponibles concernent la bibliothèque publique de Valence, située dans l'ancien hôpital, mais ne fournissent pas d'informations sur la date de fondation de l'hôpital lui-même.","Rechercher des sources fiables (articles académiques, ouvrages d'histoire de la médecine, archives hospitalières) qui confirment la date de fondation du premier hôpital psychiatrique à Valence.",,REVIEW,Cas conservé en revue manuelle après application des règles éditoriales renforcées.
7a3518d2-3acf-40f1-85f6-c80d61153a13,Création de l'Université de Barcelone par Alphonse V,1449-01-01,"Alphonse V d'Aragon, dit le Magnanime, établit l'Estudi General (Université) de Barcelone par privilège royal, consolidant ainsi le rayonnement intellectuel de la Couronne d'Aragon en plein âge d'or catalan. Cette fondation s'inscrit dans le mouvement humaniste méditerranéen, alors que Barcelone est un centre commercial majeur.",INSUFFICIENT_EVIDENCE,annee_exacte_introuvable,REVIEW,UPDATE_BOTH,Fondation de l'Université de Barcelone,1842-01-01,0.9,A,"La date de fondation communément admise est 1842, contredisant la description actuelle qui mentionne Alphonse V (XVème siècle). Le titre est plus clair sans mentionner Alphonse V.",Modifier la description pour qu'elle corresponde à la date de fondation de 1842.,,REVIEW,Cas conservé en revue manuelle après application des règles éditoriales renforcées.
bead95cd-38cd-40c0-8ffb-f07ca64f04ce,Grande famine en Irlande,1845-01-01,"La Grande Famine, tragédie irlandaise du XIXe siècle, décima la population et bouleversa le pays. La dépendance à la pomme de terre et la politique britannique sont au cœur de ce désastre aux conséquences durables.",INSUFFICIENT_EVIDENCE,absence_de_singularite,REVIEW,UPDATE_TITLE,Grande famine irlandaise,1845-01-01,0.9,A,"Le titre actuel est ambigu car il existe plusieurs grandes famines. Le terme ""Grande famine irlandaise"" est plus spécifique et courant.","Remplacer le titre par ""Grande famine irlandaise"" pour plus de clarté et de précision.",,REVIEW,Cas conservé en revue manuelle après application des règles éditoriales renforcées.
f4b673eb-a5dd-4564-b45c-2bda000f9cad,Retrait massif des Normands à la suite d'une importante famine,0892-01-01,"En 892, une famine sévère frappe le nord de la France, exacerbée par les raids incessants des Vikings et les troubles politiques. Les Normands, installés dans la région depuis plusieurs années, sont particulièrement touchés et décident de se retirer massivement vers d'autres territoires moins éprouvés, notamment vers l'Angleterre.",INSUFFICIENT_EVIDENCE,annee_exacte_introuvable,REVIEW,UPDATE_TITLE,Retrait des Normands de France,0892-01-01,0.8,B,"Le titre précédent était trop long et contenait une date. La famine est la cause, mais le retrait est l'événement principal. Simplification du titre pour plus de clarté.","Vérifier si d'autres événements similaires de retrait des Normands ont eu lieu en France à d'autres dates. Si oui, il faudra envisager une formulation plus générale ou un regroupement.",,REVIEW,Cas conservé en revue manuelle après application des règles éditoriales renforcées.
7ff1e23b-29cd-4822-9680-b56d9f3176b3,Invention du gouvernail d'étambot en Chine,1180-01-01,"1180 : La Chine révolutionne la navigation avec le gouvernail d'étambot ! Manœuvrabilité accrue, navires plus grands... Une innovation qui propulse la puissance maritime chinoise et influence le monde.",INSUFFICIENT_EVIDENCE,retrieval_insuffisant,REVIEW,REVIEW,,,0.5,C,"La date et le lieu de l'invention sont plausibles, mais nécessitent une vérification plus approfondie. La source actuelle est insuffisante pour confirmer l'information.",Rechercher des sources plus directes et fiables qui confirment l'année exacte de l'invention du gouvernail d'étambot en Chine. Vérifier si d'autres sources mentionnent cette invention et sa date.,,REVIEW,Cas conservé en revue manuelle après application des règles éditoriales renforcées.
3cb99d26-30dd-4db0-8b94-8357e4987abd,Grande sécheresse de l'Adrar,1388-01-01,"La grande sécheresse de l'Adrar en 1388 a dévasté la région de l'Adrar en Mauritanie, entraînant famine et déplacements de populations. Les tribus nomades Sanhadja, déjà fragilisées par les conflits internes et la pression des Almoravides, furent particulièrement touchées.",INSUFFICIENT_EVIDENCE,annee_exacte_introuvable,REVIEW,REVIEW,,,0,C,La date de 1388 pour la sécheresse de l'Adrar n'est pas confirmée par les sources disponibles. Il faut trouver une source fiable qui confirme cette date.,Rechercher des sources fiables confirmant la date de 1388 pour la sécheresse de l'Adrar.,,REVIEW,Cas conservé en revue manuelle après application des règles éditoriales renforcées.
df90806a-c1da-43c4-9ac1-3d0173941697,Prise de Kiev par Oleg,0882-01-01,"En 882, Oleg s'empare de Kiev, marquant la naissance de la Rus' de Kiev. Cet événement crucial unifie les tribus slaves orientales et pose les fondations d'un puissant État médiéval.",INSUFFICIENT_EVIDENCE,preuve_insuffisante,REVIEW,UPDATE_TITLE,Prise de Kiev par Oleg de Novgorod,,0.8,B,"Le titre est amélioré pour préciser qu'il s'agit d'Oleg de Novgorod, ce qui rend l'événement plus univoque. La date est correcte et cohérente avec la description.",Conserver la fiche avec le titre mis à jour. La date est déjà correcte. Rechercher des sources supplémentaires pour renforcer la preuve.,,REVIEW,Cas conservé en revue manuelle après application des règles éditoriales renforcées.
40f6df8f-0528-41b9-8a9d-dd7b470d8d5c,Invention du chronomètre de marine par John Harrison,1759-01-01,"1759 : John Harrison révolutionne la navigation avec son chronomètre de marine. Finis les calculs approximatifs en mer ! Sa précision permet enfin de déterminer la longitude avec exactitude, ouvrant de nouvelles perspectives pour l'exploration et le commerce maritime.",INSUFFICIENT_EVIDENCE,annee_exacte_introuvable,REVIEW,UPDATE_DATE,Invention du chronomètre de marine par John Harrison,1759-01-01,0.7,B,"Bien que le développement ait pris plusieurs années, 1759 est l'année où John Harrison a présenté son chronomètre de marine (H4) qui a réussi les tests de précision en mer. Plusieurs sources confirment cette date comme un jalon important.",Vérifier si 1759 correspond à la date de présentation du H4 ou à une autre étape significative dans le développement du chronomètre.,,REVIEW,Cas conservé en revue manuelle après application des règles éditoriales renforcées.
1efb1855-1400-4912-aec8-0e47d7bf0a21,Prise de Barcelone aux Musulmans d' Espagne,0801-01-01,"Les forces carolingiennes menées par Guillaume de Gellone libèrent Barcelone de la domination musulmane, créant une base stratégique pour la Marche d Espagne.",INSUFFICIENT_EVIDENCE,annee_exacte_introuvable,REVIEW,UPDATE_TITLE,Prise de Barcelone,,0.7,B,"Le titre actuel est maladroit. Le titre ""Prise de Barcelone"" est plus standard et correspond à un événement unique en 801. La description est cohérente avec cet événement.","Vérifier si ""Prise de Barcelone (801)"" est préférable pour éviter toute ambiguïté avec d'autres prises de la ville.",,REVIEW,Cas conservé en revue manuelle après application des règles éditoriales renforcées.
9a8d5824-85ec-4185-a35a-e0e747b5ca98,Edit de Saint-Germain-en-Laye sur la Réforme,1562-01-01,"L'Édit de Saint-Germain, bien que mineur, témoigne de la politique d'apaisement envers les protestants après les guerres de Religion. Il nuance l'Édit de Nantes, cherchant un équilibre fragile dans un royaume encore divisé.",INSUFFICIENT_EVIDENCE,annee_exacte_introuvable,REVIEW,UPDATE_DATE,,1562-01-17,0.8,B,Plusieurs sources concordantes indiquent que l'Édit de Saint-Germain a été promulgué le 17 janvier 1562. La description est cohérente avec cet événement.,Mettre à jour la date avec le 17 janvier 1562.,,REVIEW,Cas conservé en revue manuelle après application des règles éditoriales renforcées.
86066506-ec28-463a-8184-b96052db4fc6,Première école pour filles en Nouvelle-France,1684-01-01,"En 1684, la première école pour filles est établie en Nouvelle-France à Québec par les Ursulines, marquant une étape importante dans l'éducation des femmes en Amérique du Nord.",INSUFFICIENT_EVIDENCE,annee_exacte_introuvable,REVIEW,REVIEW,,,0,C,L'audit précédent a conclu à un manque de preuves concernant la date. Les sources actuelles concernent une école différente. Il faut trouver des sources fiables qui confirment la date de fondation de la première école pour filles en Nouvelle-France.,"Rechercher des sources externes fiables (archives, publications historiques) qui confirment l'année exacte de la fondation de la première école pour filles en Nouvelle-France. Vérifier si l'établissement a un nom officiel.",,REVIEW,Cas conservé en revue manuelle après application des règles éditoriales renforcées.
f8c06080-7210-44f9-8b52-297cd1002025,Plan de modernisation des forces armées françaises,1950-01-01,"Le plan de modernisation des forces armées françaises de 1950, lancé dans le contexte de la Guerre Froide et de la Guerre d'Indochine, visait à restructurer et rééquiper l'armée française, fortement éprouvée par la Seconde Guerre mondiale. Il impliquait des figures clés comme le Ministre de la Défense de l'époque et des généraux chargés de la planification.",INSUFFICIENT_EVIDENCE,annee_exacte_introuvable,REVIEW,REVIEW,,,0,C,"The previous audit and the current sources do not provide sufficient evidence to confirm the date or the existence of a specific 'Plan de modernisation des forces armées françaises' in 1950. The provided Wikipedia articles are about the French Armed Forces in general or the Armed Forces of Haiti, and the Wikidata entr…","Conduct further research to find reliable sources that explicitly mention the 'Plan de modernisation des forces armées françaises' and its launch date. Look for official documents, historical analyses, or academic publications that discuss…",,REVIEW,Cas conservé en revue manuelle après application des règles éditoriales renforcées.
0fedbe14-30e6-471e-83ec-f065996ed1e9,Première de la Messe en si mineur de Bach,1749-01-01,"En 1749 a lieu la première de la Messe en si mineur de Bach, œuvre majeure de la musique sacrée baroque.",INSUFFICIENT_EVIDENCE,annee_exacte_introuvable,REVIEW,REVIEW,,,0,C,La date de première de la Messe en si mineur n'est pas confirmée. Wikipédia ne fournit pas de date précise pour la première représentation. Il faut vérifier d'autres sources.,"Rechercher des sources fiables (musicologiques, biographies de Bach, etc.) qui mentionnent la date de la première de la Messe en si mineur.",,REVIEW,Cas conservé en revue manuelle après application des règles éditoriales renforcées.
062eefb8-6d31-4a83-8a0a-f3bf8b152ae8,Création du RMI : Le Revenu minimum d’insertion est instauré par le gouvernement Rocard,1988-01-01,"Face à la montée du chômage de longue durée et de l'exclusion sociale, le gouvernement de Michel Rocard, avec le soutien de ministres clés comme Jean-Michel Belorgey, instaure le Revenu Minimum d'Insertion (RMI) pour garantir un minimum de ressources et favoriser la réinsertion sociale et professionnelle des personnes les plus démunies. Cette mesure s'inscrit dans une volonté de lutter contre la pauvreté et de renforcer la cohésion sociale.",INSUFFICIENT_EVIDENCE,annee_exacte_introuvable,REVIEW,UPDATE_BOTH,Création du Revenu minimum d'insertion (RMI),1988-12-01,0.9,B,Le titre est amélioré en supprimant la référence au gouvernement Rocard. La date est mise à jour selon la loi du 1er décembre 1988. Le titre est plus clair et précis.,Confirmer la date exacte de la loi du 1er décembre 1988 instaurant le RMI avec une source primaire (Journal Officiel par exemple).,,REVIEW,Cas conservé en revue manuelle après application des règles éditoriales renforcées.
db501852-16b9-4d2c-892b-5823ede2e06e,Découverte de la ville de Dholavira en Inde,1967-01-01,"En 1967, les archéologues découvrent les vestiges de la ville antique de Dholavira en Inde, une cité de la civilisation de la vallée de l'Indus datant de plus de 4 500 ans.",INSUFFICIENT_EVIDENCE,annee_exacte_introuvable,REVIEW,REVIEW,,,0,C,La date de découverte de Dholavira (1967) reste incertaine. Les sources actuelles ne confirment pas cette date avec certitude.,Effectuer une recherche approfondie dans des publications archéologiques ou des articles scientifiques pour confirmer la date de la découverte de Dholavira. Consulter des bases de données archéologiques.,,REVIEW,Cas conservé en revue manuelle après application des règles éditoriales renforcées.
fa932a9d-6d44-4502-9d71-2881ba14b3a3,Saint Louis mène la septième croisade,1248-01-01,"En 1248, Louis IX, roi de France (Saint Louis), lance la septième croisade, motivé par la reconquête de Jérusalem et la protection des lieux saints. L'expédition vise initialement l'Égypte, considérée comme une base stratégique pour attaquer les territoires musulmans en Palestine.",INSUFFICIENT_EVIDENCE,absence_de_singularite,REVIEW,UPDATE_BOTH,Septième croisade,1248-08-28,0.8,B,"L'événement décrit le début de la septième croisade. Le titre est simplifié pour être plus générique et correspondre à l'appellation standard. La date est ajustée pour correspondre au jour du débarquement de Saint Louis à Chypre, point de départ de la croisade.",Mettre à jour le titre et la date pour correspondre au début de la septième croisade.,,REVIEW,Cas conservé en revue manuelle après application des règles éditoriales renforcées.
cde608cc-57ad-4728-9557-5c1937415ba5,Bougainville à Tahiti,1768-01-01,"En 1768, l'arrivée de Bougainville à Tahiti marque un tournant dans l'histoire de l'exploration du Pacifique. Son récit de l'île paradisiaque contribue à alimenter le mythe du 'bon sauvage' et fascine l'Europe.",INSUFFICIENT_EVIDENCE,annee_exacte_introuvable,REVIEW,UPDATE_DATE,Arrivée de Bougainville à Tahiti,1768-04-05,0.8,B,"Plusieurs sources secondaires indiquent une arrivée en avril 1768, avec le 5 avril comme date la plus fréquente. Nécessité de vérifier avec des sources primaires.",Vérifier la date exacte de l'arrivée de Bougainville à Tahiti avec des sources primaires ou des ouvrages d'histoire maritime.,,REVIEW,Cas conservé en revue manuelle après application des règles éditoriales renforcées.
42b4a1a7-740f-44c8-b2d7-62ab8022f608,Achèvement du Manhattan Building,1891-01-01,"L'achèvement du Manhattan Building à Chicago en 1891 marque une étape clé dans l'architecture des gratte-ciel. Ce bâtiment, pionnier de l'école de Chicago, illustre les avancées techniques et l'essor urbain de la fin du XIXe siècle.",INSUFFICIENT_EVIDENCE,annee_exacte_introuvable,REVIEW,REVIEW,,,0,C,L'audit précédent n'a pas trouvé de sources fiables confirmant la date de 1891. Les sources externes fournies concernent le Flatiron Building et ne sont pas pertinentes pour cet événement. Il est nécessaire de trouver des sources fiables pour valider la date et l'événement.,"Effectuer une recherche approfondie pour trouver des sources fiables qui confirment la date d'achèvement du Manhattan Building. Vérifier les archives d'architecture, les journaux de Chicago de l'époque, et les bases de données d'histoire d…",,REVIEW,Cas conservé en revue manuelle après application des règles éditoriales renforcées.
758698d8-b991-4de4-8d4d-72ad7bfd03ca,Construction du phare d'Alexandrie,0290-01-01,"Le phare d'Alexandrie, une prouesse d'ingénierie antique, guida les navires pendant des siècles. Commandé par Ptolémée II et conçu par Sostrate de Cnide, il était l'une des Sept Merveilles du monde.",INSUFFICIENT_EVIDENCE,absence_de_singularite,REVIEW,UPDATE_DATE,,0294-01-01,0.9,B,La construction a duré environ 15 ans (299-289 AEC). La date médiane de 294 AEC est une approximation raisonnable.,Mettre à jour la date avec la date médiane approximative de 294 AEC.,,REVIEW,Cas conservé en revue manuelle après application des règles éditoriales renforcées.
81232f9d-a49a-4859-880b-cad8ed99c4ed,Première cartographie de la dorsale médio-atlantique,1953-01-01,"En 1953, des scientifiques cartographient en détail la dorsale médio-atlantique, découverte majeure confirmant la théorie de la dérive des continents.",INSUFFICIENT_EVIDENCE,annee_exacte_introuvable,REVIEW,KEEP_ACCEPTABLE,Cartographie de la dorsale médio-atlantique,1953-01-01,0.6,C,"Le titre est simplifié pour être plus générique et correspond à l'événement décrit. La date est conservée car elle est mentionnée dans la description, mais sans source externe, le niveau de confiance reste faible.",Rechercher des sources externes pour confirmer la date de la cartographie de la dorsale médio-atlantique.,,REVIEW,Cas conservé en revue manuelle après application des règles éditoriales renforcées.
4419ba3c-2f34-4064-8acd-7978f720c9f2,Premier établissement permanent des Vikings en Islande,0874-01-01,"Le colon norvégien Ingolfur Arnarson s installe sur le site de l actuelle Reykjavik, marquant le début du peuplement viking organisé de l Islande.",INSUFFICIENT_EVIDENCE,preuve_insuffisante,REVIEW,KEEP_ACCEPTABLE,Établissement viking en Islande,0874-01-01,0.6,C,"La description correspond à l'établissement d'Ingolfur Arnarson à Reykjavik en 874, mais la source Wikidata donne 900. L'absence de sources solides et concordantes justifie un niveau de confiance faible.",Chercher des sources plus fiables pour confirmer la date exacte de l'établissement viking initial en Islande.,,REVIEW,Cas conservé en revue manuelle après application des règles éditoriales renforcées.
5916853d-08db-4b32-bd9c-cc351e9b49e6,Guerre de l'eau de Cochabamba,2000-01-01,"En 2000, Cochabamba s'embrase. La privatisation de l'eau par une multinationale américaine provoque une révolte populaire. La Guerre de l'eau devient un symbole de la lutte contre la marchandisation des ressources vitales.",INSUFFICIENT_EVIDENCE,absence_de_singularite,REVIEW,REVIEW,,,0.5,B,"The event is described as a 'war', implying a period, not a single day. Further investigation is needed to determine the exact start or end date, or if a specific event can be isolated.",Review to determine a more precise date or if the event should be reframed as a period.,,REVIEW,Cas conservé en revue manuelle après application des règles éditoriales renforcées.
605d67df-54cc-4cd7-9b2d-899d8013cf6a,Construction des murs en pierre du Kremlin de Moscou,1367-01-01,"Sous le prince Dimitri Donskoï, les fortifications en bois du Kremlin de Moscou sont remplacées par des murs et des tours en pierre blanche, renforçant considérablement la défense de la ville et affirmant son statut de puissance émergente.",INSUFFICIENT_EVIDENCE,preuve_insuffisante,REVIEW,UPDATE_TITLE,Construction du Kremlin de Moscou en pierre,1367-01-01,0.7,B,"Le titre est légèrement modifié pour plus de clarté. La date de 1367 est cohérente avec la description. Bien que la source Wikidata indique 1420, la description se concentre sur les murs de pierre de 1367.","Vérifier si d'autres phases de construction ont eu lieu en 1420, ce qui pourrait expliquer la date de Wikidata.",,REVIEW,Cas conservé en revue manuelle après application des règles éditoriales renforcées.
a31b0c33-83d6-44ae-9186-b0e37a305e40,Le traité de Loudun met fin à la révolte des princes,1616-01-01,"Le traité de Loudun, signé en 1616, apaise la Révolte des Princes. Il marque une fragile réconciliation après les tensions entre Louis XIII et la noblesse, assurant, temporairement, la paix du royaume.",INSUFFICIENT_EVIDENCE,annee_exacte_introuvable,REVIEW,UPDATE_DATE,Traité de Loudun,1616-05-06,0.8,B,"Plusieurs sources concordantes indiquent que le traité de Loudun a été signé le 6 mai 1616, et non le 1er janvier 1616. Le titre est simplifié pour correspondre à l'appellation standard.",Mettre à jour la date avec la date correcte (6 mai 1616) et simplifier le titre. Vérifier que la description reste cohérente avec la nouvelle date.,,REVIEW,Cas conservé en revue manuelle après application des règles éditoriales renforcées.
879222a1-24ea-4c81-9cd5-147e8a849525,Création du Fonds mondial pour la nature (WWF),1961-01-01,"La création du WWF en 1961 marque un tournant majeur dans la conservation environnementale globale. Cette organisation internationale a joué un rôle déterminant dans la protection de la faune et de la flore menacées, ainsi que de leurs habitats.",INSUFFICIENT_EVIDENCE,annee_exacte_introuvable,REVIEW,UPDATE_DATE,Création du Fonds mondial pour la nature (WWF),1961-04-29,0.8,B,Plusieurs sources indiquent que la création du WWF a eu lieu le 29 avril 1961. La description est cohérente avec cette date.,Mettre à jour la date de création du WWF avec le 29 avril 1961.,,REVIEW,Cas conservé en revue manuelle après application des règles éditoriales renforcées.
945dd990-474c-4ba3-b9d2-ff4c79b8dc68,Première dissection publique à Bologne,1302-01-01,"En 1302, Bologne marque l'histoire : première dissection publique. Un pas audacieux vers la connaissance anatomique, défiant les tabous et ouvrant la voie à la médecine moderne.",INSUFFICIENT_EVIDENCE,annee_exacte_introuvable,REVIEW,REVIEW,,,0.5,C,La date de 1302 pour la première dissection publique à Bologne n'est pas confirmée. Nécessite des sources plus solides pour valider la date et le lieu.,Rechercher des sources historiques primaires ou secondaires qui confirment la date et le lieu de la première dissection publique à Bologne. Vérifier si d'autres villes revendiquent également cet événement.,,REVIEW,Cas conservé en revue manuelle après application des règles éditoriales renforcées.
7608e7eb-4d30-4ba3-9de0-b11b8862dab6,Instauration par Charlemagne de l'assemblée des plaids généraux,0780-01-01,"Vers 780, Charlemagne, roi des Francs, consolide son pouvoir en institutionnalisant les plaids généraux, des assemblées annuelles réunissant les principaux dignitaires laïcs et ecclésiastiques du royaume. Ces plaids permettent à Charlemagne de légiférer, de rendre la justice et de recevoir les serments de fidélité, renforçant ainsi son autorité sur un vaste territoire.",INSUFFICIENT_EVIDENCE,annee_exacte_introuvable,REVIEW,UPDATE_BOTH,Institution des plaids généraux,0779-12-31,0.8,B,La date exacte de 780 est incertaine. Plusieurs sources indiquent que les plaids généraux ont été institués vers la fin des années 770. Le titre est légèrement reformulé pour plus de concision.,Mettre à jour la date pour refléter l'incertitude et reformuler légèrement le titre.,,REVIEW,Cas conservé en revue manuelle après application des règles éditoriales renforcées.
04716715-42a6-4c25-aa8c-a0bc59442747,Première édition française du Petit Prince,1946-01-01,"La première édition française du *Petit Prince* en 1946 intervient dans un contexte d'après-guerre où la France se reconstruit et aspire à la paix et à l'espoir. L'œuvre d'Antoine de Saint-Exupéry, disparu en 1944, est perçue comme un message universel de fraternité et d'humanisme, trouvant un écho particulier dans une société marquée par les traumatismes de la guerre.",INSUFFICIENT_EVIDENCE,annee_exacte_introuvable,REVIEW,UPDATE_DATE,Première édition française du Petit Prince,1943-04-21,0.8,B,"La date de publication en français est estimée à environ deux semaines après la publication en anglais le 6 avril 1943, selon Wikipédia.",Mettre à jour la date avec la date approximative de la première édition française.,,REVIEW,Cas conservé en revue manuelle après application des règles éditoriales renforcées.
4513af9f-518f-4ea5-8872-0d9afd7ade07,Suppression de l'ordre des Jésuites en France,1764-01-01,"L'Ordre des Jésuites est supprimé en France en 1772, suite à des pressions politiques et économiques, marquant une étape importante de la crise de l'Ancien Régime.",INSUFFICIENT_EVIDENCE,annee_exacte_introuvable,REVIEW,REVIEW,Suppression de la Compagnie de Jésus en France,1764-11-26,0.8,B,"La date de suppression est imprécise. Plusieurs sources indiquent que la suppression a été prononcée par un édit de novembre 1764, enregistré par le Parlement le 26 novembre 1764. Le titre est légèrement modifié pour correspondre à l'appellation officielle.",Mettre à jour la date avec la date précise de l'enregistrement de l'édit de suppression par le Parlement.,,REVIEW,Cas conservé en revue manuelle après application des règles éditoriales renforcées.
281255be-400a-4611-9647-3420377ba829,Achèvement de la Divine Comédie de Dante Alighieri,1320-01-01,"Achèvement de la Divine Comédie par Dante Alighieri, œuvre majeure de la littérature italienne et mondiale. Allégorie du voyage de l'âme à travers l'Enfer, le Purgatoire et le Paradis, elle reflète les croyances médiévales.",INSUFFICIENT_EVIDENCE,annee_exacte_introuvable,REVIEW,UPDATE_TITLE,Achèvement de la Divine Comédie,,0.9,B,Le titre actuel est trop long. Le titre proposé est plus concis et respecte les consignes.,"Conserver la date actuelle (1320-01-01) car elle est mentionnée dans plusieurs sources, bien qu'il puisse y avoir une incertitude sur le jour exact.",,REVIEW,Cas conservé en revue manuelle après application des règles éditoriales renforcées.
084152cb-66fa-4aa6-89a7-8f810d790ad9,Affrontement entre le comte de Blois Thibaud le Tricheur et les Normands,0961-01-01,"En 961, Thibaud le Tricheur, comte de Blois, Chartres et Tours, étend son influence en Normandie, entrant en conflit avec les Normands. Cet affrontement s'inscrit dans une période de tensions et de rivalités entre les puissances régionales, notamment les comtes de Blois et les ducs de Normandie, Richard Ier étant le duc à cette époque.",INSUFFICIENT_EVIDENCE,absence_de_singularite,REVIEW,UPDATE_TITLE,Conflit entre Thibaud le Tricheur et Richard Ier de Normandie,0961-01-01,0.9,B,"Le titre original est trop général. Le titre proposé est plus précis en mentionnant Richard Ier, duc de Normandie, ce qui rend l'événement plus singulier et identifiable. La description correspond bien à cette reformulation.",Update the title to reflect the specific conflict between Thibaud le Tricheur and Richard Ier of Normandy in 961.,,REVIEW,Cas conservé en revue manuelle après application des règles éditoriales renforcées.
a8c2dda9-c1c4-451d-b774-3b9e35870b7d,Necker est renvoyé par Louis XVI,1789-01-01,"1789 : Louis XVI renvoie Necker, son ministre des Finances. Un acte lourd de conséquences qui enflamme Paris et précipite la Révolution. La confiance est rompue, le peuple gronde.",INSUFFICIENT_EVIDENCE,annee_exacte_introuvable,REVIEW,UPDATE_DATE,Renvoi de Jacques Necker,1789-07-11,0.8,B,"Plusieurs sources concordantes indiquent que Jacques Necker a été renvoyé le 11 juillet 1789, ce qui a contribué à l'agitation prérévolutionnaire.",Vérifier avec d'autres sources si le renvoi du 11 juillet est le plus pertinent à retenir. Ajuster la description si nécessaire.,,REVIEW,Cas conservé en revue manuelle après application des règles éditoriales renforcées.
9188ce95-cff2-43ff-aa73-c5cfa8655cb7,Saint Louis rentre en France,1254-01-01,"En 1254, Louis IX, dit Saint Louis, revient en France après sa croisade en Terre Sainte. Son retour marque la fin d'une période tumultueuse et est accueilli avec soulagement, malgré les lourdes pertes subies.",INSUFFICIENT_EVIDENCE,annee_exacte_introuvable,REVIEW,UPDATE_DATE,,1254-00-00,0.8,B,"L'année du retour de Saint Louis en France est bien 1254, mais le jour et le mois exacts ne sont pas précisés dans la description. On met donc les mois et jours à 00.",Mettre à jour la date avec l'année 1254 et les mois et jours à 00.,,REVIEW,Cas conservé en revue manuelle après application des règles éditoriales renforcées.
db67968d-ac5d-4ab2-b195-61388b853971,Création des premières lunettes correctrices,1285-09-08,"Le 8 septembre 1285, les premières lunettes correctrices sont créées à Florence, améliorant considérablement la qualité de vie des personnes souffrant de troubles de la vue.",INSUFFICIENT_EVIDENCE,annee_exacte_introuvable,REVIEW,UPDATE_TITLE,Invention des lunettes,1285-09-08,0.8,B,"Le titre ""Invention des lunettes"" est plus concis et courant que ""Création des premières lunettes correctrices"". La date est conservée car mentionnée dans la description et l'audit précédent.","Conserver le titre ""Invention des lunettes"" et la date du 8 septembre 1285. Rechercher des sources supplémentaires pour confirmer la date exacte.",,REVIEW,Cas conservé en revue manuelle après application des règles éditoriales renforcées.
f993e2d9-abcf-44bd-bfa8-f83c5e7982b9,Création de la First Bank of the United States,1791-01-01,"Alexander Hamilton, premier Secrétaire au Trésor, supervise l'établissement de la First Bank of the United States, première banque nationale américaine, malgré l'opposition de Jefferson. Le bâtiment est inauguré sur Third Street à Philadelphie, alors capitale fédérale.",INSUFFICIENT_EVIDENCE,annee_exacte_introuvable,REVIEW,UPDATE_DATE,,1791-02-25,0.8,B,Le projet de loi créant la First Bank of the United States a été adopté le 25 février 1791. La description est cohérente avec cet événement.,Mettre à jour la date au 25 février 1791.,,REVIEW,Cas conservé en revue manuelle après application des règles éditoriales renforcées.
151a8656-e085-4370-8cdb-32ff83661035,Introduction du pousse-pousse (Japon),1869-01-01,,INSUFFICIENT_EVIDENCE,annee_exacte_introuvable,REVIEW,REVIEW,,,0,C,L'audit précédent a soulevé des doutes sur la date exacte de l'introduction du pousse-pousse au Japon. Il est nécessaire de vérifier si des sources plus fiables peuvent confirmer cette date.,Effectuer une recherche approfondie pour confirmer la date d'introduction du pousse-pousse au Japon et identifier des sources plus fiables.,,REVIEW,Cas conservé en revue manuelle après application des règles éditoriales renforcées.
9497a97a-1b32-4ef1-8baa-95d27d9a81be,Ordonnance de Charles VI sur la peste,1400-01-01,"En 1400, sous le règne de Charles VI, la France est ravagée par des épidémies récurrentes de peste noire. L'ordonnance visait à organiser la lutte contre la maladie, notamment par des mesures de quarantaine et de contrôle sanitaire, impliquant les autorités municipales et ecclésiastiques.",INSUFFICIENT_EVIDENCE,annee_exacte_introuvable,REVIEW,REVIEW,,,0,C,The date of the ordinance is uncertain. The previous audit also indicated insufficient evidence for the year 1400. Further research is needed to confirm the exact date of the ordinance.,Search for reliable sources that confirm the date of the ordinance issued by Charles VI regarding the plague. Check official archives or historical documents. Look for primary sources or scholarly articles that discuss the ordinance and it…,,REVIEW,Cas conservé en revue manuelle après application des règles éditoriales renforcées.
2bd8c36e-7316-40fc-9ddf-a55b6c9e0204,Bataille de Beyrouth-Ouest,1982-01-01,"Offensive israélienne contre les forces palestiniennes de l'OLP dans Beyrouth-Ouest, durant l'opération 'Paix en Galilée'. Siège intense de 70 jours impliquant l'armée israélienne (Tsahal) contre les combattants palestiniens et leurs alliés libanais.",INSUFFICIENT_EVIDENCE,annee_exacte_introuvable,REVIEW,REVIEW,,,0,C,"L'audit précédent a identifié un conflit de date important. La description fait référence à 1982, mais les sources initiales pointent vers 1912 (bataille navale). Il faut investiguer plus avant pour déterminer s'il s'agit d'événements distincts ou d'une erreur. La présence de deux événements distincts avec des noms si…","Rechercher des sources fiables concernant la 'Bataille de Beyrouth-Ouest' en 1982, et vérifier s'il existe un événement distinct de la bataille navale de Beyrouth de 1912. Il faut déterminer si 'Bataille de Beyrouth-Ouest' est un terme sta…",,REVIEW,Cas conservé en revue manuelle après application des règles éditoriales renforcées.
b3bd7960-ee9e-4412-97d5-60f78ed7cfdb,Début de la rédaction du Dit des Heike,1200-01-01,"Vers 1200 débute la rédaction du Dit des Heike (Heike Monogatari), épopée majeure japonaise. Ce récit poignant relate la guerre de Genpei et l'ascension puis la chute du clan Taira, marquant profondément la culture japonaise.",INSUFFICIENT_EVIDENCE,absence_de_singularite,REVIEW,UPDATE_TITLE,Dit des Heike (début de rédaction),1200-01-01,0.8,B,Le titre est plus précis en indiquant le début de la rédaction. La date est conservée car elle correspond au début de la rédaction. L'événement est considéré comme singulier car il marque le commencement d'un processus créatif.,"Mettre à jour le titre pour plus de précision. Vérifier si une date de début de rédaction plus précise est disponible, mais conserver la date actuelle si aucune information plus précise n'est trouvée.",,REVIEW,Cas conservé en revue manuelle après application des règles éditoriales renforcées.
c826c45d-a000-4dd7-9853-95290937d6ed,Expéditions de Pépin contre l' Aquitaine,0760-01-01,"Dans les années 760, Pépin le Bref, roi des Francs, entreprend plusieurs expéditions militaires en Aquitaine pour soumettre le duc Waïfre, qui maintient une forte autonomie et refuse de reconnaître pleinement l'autorité franque. Ces campagnes visent à intégrer définitivement l'Aquitaine au royaume franc.",INSUFFICIENT_EVIDENCE,absence_de_singularite,REVIEW,UPDATE_TITLE,Guerres d'Aquitaine de Pépin le Bref,,0.9,A,"The original title refers to a series of expeditions, not a single event. The proposed title reflects this series of military campaigns. The description supports this interpretation.",Update the title to reflect the series of military campaigns led by Pepin the Short in Aquitaine.,,REVIEW,Cas conservé en revue manuelle après application des règles éditoriales renforcées.
19e36464-6e4d-4f1c-af0e-a821d191c519,Campagne des FTP contre les infrastructures allemandes,1942-01-01,"En 1942, la Résistance française s'intensifie face à l'occupation allemande. Des groupes comme les Francs-Tireurs et Partisans (FTP) et des réseaux liés à la France Libre multiplient les actions de sabotage et les attentats contre les infrastructures et les forces d'occupation, visant à perturber l'effort de guerre allemand et à démoraliser l'ennemi.",INSUFFICIENT_EVIDENCE,absence_de_singularite,REVIEW,UPDATE_TITLE,Attentats et sabotages des FTP contre les infrastructures allemandes,,0.8,B,"Le titre actuel est trop général. Le titre proposé est plus précis et correspond mieux à la description. Il reste difficile de considérer cela comme un événement unique, mais c'est un regroupement acceptable d'actions.",Modifier le titre pour plus de précision. Envisager de diviser en événements plus spécifiques si des données plus précises sont disponibles.,,REVIEW,Cas conservé en revue manuelle après application des règles éditoriales renforcées.
dc6895c7-69d1-4726-9122-0a9714b473f4,Premiers esclaves africains arrivés dans le Nouveau Monde,1502-10-01,"Les premiers esclaves africains arrivent dans les Amériques espagnoles, marquant le début de la traite transatlantique. Ce commerce d'êtres humains transformera profondément les sociétés des trois continents concernés.",INSUFFICIENT_EVIDENCE,annee_exacte_introuvable,REVIEW,UPDATE_TITLE,Début de la traite transatlantique,,0.8,B,"Le titre actuel est trop spécifique et daté. Le début de la traite transatlantique est un terme plus générique et approprié, englobant l'événement décrit. La date exacte est difficile à confirmer, mais l'événement lui-même est bien documenté.",Vérifier et potentiellement ajouter des sources concernant le début de la traite transatlantique et les premières arrivées d'esclaves africains dans le Nouveau Monde.,,REVIEW,Cas conservé en revue manuelle après application des règles éditoriales renforcées.
f47d97bb-f41d-43a8-a0a9-18c209428262,João Vaz Corte-Real atteint Terre-Neuve,1472-01-01,"En 1472, João Vaz Corte-Real atteint Terre-Neuve, un jalon majeur de l'exploration portugaise. Cette expédition pionnière marque une potentielle première découverte européenne de l'Amérique du Nord, ouvrant la voie aux explorations futures.",INSUFFICIENT_EVIDENCE,annee_exacte_introuvable,REVIEW,REVIEW,,,0,C,La date de 1472 pour l'atteinte de Terre-Neuve par João Vaz Corte-Real est incertaine. Aucune source fiable ne confirme cette date avec certitude.,Rechercher des sources historiques fiables qui confirment ou infirment la date de 1472 pour l'expédition de João Vaz Corte-Real à Terre-Neuve. Vérifier si d'autres dates sont proposées et les évaluer.,,REVIEW,Cas conservé en revue manuelle après application des règles éditoriales renforcées.
1751bb0b-53be-4b54-914e-cd004a527d99,Dernière attaque viking sur Paris,0910-01-01,"En 910, les Vikings, principalement des Danois et des Norvégiens, menèrent un raid sur Paris, bien que moins important que les sièges précédents. Le roi Charles le Simple, bien qu'ayant concédé la Normandie aux Vikings en 911, devait encore faire face à ces incursions.",INSUFFICIENT_EVIDENCE,absence_de_singularite,REVIEW,UPDATE_TITLE,Raids vikings sur Paris,0910-01-01,0.9,B,"Le titre actuel implique un événement unique, alors que la description suggère une série de raids. Le titre ""Raids vikings sur Paris"" est plus approprié. La date est conservée car mentionnée dans la description.","Modifier le titre pour refléter la nature répétée des raids vikings sur Paris, tout en conservant la date de 910 comme exemple spécifique.",,REVIEW,Cas conservé en revue manuelle après application des règles éditoriales renforcées.
f05a96e2-9551-4c5d-b4a3-99933e97294d,Bataille des Monts Mauriacus,0553-01-01,"En 553, la bataille des Monts Mauriacus voit les Francs triompher, consolidant leur domination sur l'Austrasie et marquant un tournant décisif dans la formation du royaume mérovingien.",INSUFFICIENT_EVIDENCE,annee_exacte_introuvable,REVIEW,REVIEW,,,0,C,"L'audit précédent n'a pas permis de valider la date de 553 pour la bataille des Monts Mauriacus. Les sources fournies concernent la bataille des champs Catalauniques, ce qui est hors sujet. Il est nécessaire de trouver des sources fiables pour confirmer la date et le lieu de cette bataille.","Rechercher des sources fiables (articles historiques, publications académiques) qui confirment la date et le lieu de la bataille des Monts Mauriacus. Vérifier si 'Monts Mauriacus' est l'appellation la plus courante et officielle.",,REVIEW,Cas conservé en revue manuelle après application des règles éditoriales renforcées.
63328422-afee-462e-8988-aa4230f7ab69,Le scandale du Dieselgate,2015-01-01,"Le Dieselgate a révélé une fraude massive de Volkswagen sur les émissions polluantes, ébranlant l'industrie automobile mondiale et sapant la confiance des consommateurs. L'impact environnemental et les conséquences juridiques furent considérables.",INSUFFICIENT_EVIDENCE,annee_exacte_introuvable,REVIEW,UPDATE_DATE,,2015-09-18,0.9,B,"L'avis de violation de l'EPA le 18 septembre 2015 est un point de départ clair et documenté du scandale. Bien que les pratiques aient pu être antérieures, cette date marque le début de la révélation publique et des conséquences juridiques.","Conserver la date du 18 septembre 2015. Ajouter des sources factuelles (articles de presse de l'époque, rapports de l'EPA).",,REVIEW,Cas conservé en revue manuelle après application des règles éditoriales renforcées.
700a2b03-f082-4c6d-86c1-07d591a0ffc4,Torricelli invente le baromètre à mercure,1643-01-01,"Evangelista Torricelli, assistant de Galilée, réalise sa célèbre expérience dans son laboratoire du Palazzo Pitti à Florence, démontrant que la pression atmosphérique peut soutenir une colonne de mercure dans un tube en verre scellé, réfutant ainsi le concept aristotélicien de 'l'horreur du vide'.",INSUFFICIENT_EVIDENCE,annee_exacte_introuvable,REVIEW,UPDATE_TITLE,Invention du baromètre à mercure par Torricelli,1643-01-01,0.9,B,Le titre actuel est factuel mais peut être plus précis et standardisé. Le titre proposé est plus formel et correspond à une formulation courante pour cet événement. La description reste cohérente. La date est conservée car elle est cohérente avec la description.,Confirmer la date exacte de l'invention avec des sources supplémentaires si possible.,,REVIEW,Cas conservé en revue manuelle après application des règles éditoriales renforcées.
f9803a69-7d4d-41a5-a150-107740a9f3fe,Le comte Eudes II de Blois hérite de la Champagne,1019-01-01,"En 1019, à la mort de son oncle Étienne Ier, comte de Troyes et de Meaux, Eudes II de Blois hérite de la Champagne, consolidant ainsi la puissance de la maison de Blois dans le nord de la France. Cette acquisition territoriale marque une étape importante dans les ambitions d'Eudes II, qui cherchait à rivaliser avec le roi de France.",INSUFFICIENT_EVIDENCE,annee_exacte_introuvable,REVIEW,UPDATE_BOTH,Héritage de Troyes et Meaux par Eudes II de Blois,1022-01-01,0.9,A,"L'article Wikipedia mentionne clairement l'héritage de Troyes et Meaux vers 1022, et non l'héritage de la Champagne en 1019. La description actuelle est donc incorrecte et doit être modifiée pour refléter l'héritage de Troyes et Meaux.",Mettre à jour le titre et la date pour correspondre à l'héritage de Troyes et Meaux en 1022. La description doit être modifiée en conséquence.,,REVIEW,Cas conservé en revue manuelle après application des règles éditoriales renforcées.
925c3c70-2482-48d1-a09e-e7ac83102901,Invention de la bicyclette à pédales,1861-07-12,"Le 12 juillet 1861, Pierre Michaux invente la bicyclette à pédales, révolutionnant le transport individuel et créant un nouveau mode de locomotion.",INSUFFICIENT_EVIDENCE,preuve_insuffisante,REVIEW,REVIEW,,,0,C,"L'audit précédent n'a pas permis de valider la date de 1861. Les sources actuelles concernent la bicyclette de sécurité, un modèle ultérieur. La date de l'invention de la bicyclette à pédales reste incertaine. Il faut vérifier si Pierre Michaux est bien l'inventeur et si la date est correcte.",Rechercher des sources externes fiables qui confirment la date exacte de l'invention de la bicyclette à pédales et le rôle exact de Pierre Michaux.,,REVIEW,Cas conservé en revue manuelle après application des règles éditoriales renforcées.
c09af671-4d31-428e-a7de-5361a84d1044,Inauguration du Central Park Tower à New York,2020-01-01,"L'inauguration de la Central Park Tower en 2020 marque l'achèvement d'un des plus hauts bâtiments résidentiels au monde, redéfinissant l'architecture de luxe à New York. Sa construction témoigne des prouesses techniques et de l'ambition du marché immobilier haut de gamme.",INSUFFICIENT_EVIDENCE,annee_exacte_introuvable,REVIEW,UPDATE_TITLE,Ouverture de la Central Park Tower,2020-01-01,0.7,B,"The current title includes 'inauguration', which is less precise than 'ouverture'. The date is kept as is, based on the description.",Verify the exact date of the opening with more reliable sources.,,REVIEW,Cas conservé en revue manuelle après application des règles éditoriales renforcées.
477af2c1-5d6c-44f5-b59d-8caed008a489,Première observation de Sirius par les astronomes chinois,0140-01-01,"En 140, les astronomes chinois réalisent la première observation documentée de Sirius, contribuant au développement de l'astronomie antique.",INSUFFICIENT_EVIDENCE,annee_exacte_introuvable,REVIEW,REVIEW,,,0,C,L'information concernant la première observation de Sirius par les astronomes chinois en 140 n'est pas facilement vérifiable. Les sources consultées ne confirment pas cette date précise.,Effectuer des recherches plus approfondies dans des sources spécialisées en histoire de l'astronomie chinoise pour confirmer la date et la nature de cette observation. Consulter des ouvrages ou articles scientifiques traitant de l'histoire…,,REVIEW,Cas conservé en revue manuelle après application des règles éditoriales renforcées.
70c493bf-6b54-47f2-a60e-c73d9275d523,Première utilisation de la fourchette en France,1533-01-01,"L'introduction de la fourchette à la cour de France est attribuée à Catherine de Médicis, reine consort de France, lors de son mariage avec Henri II en 1533. Bien que la fourchette existât déjà en Italie, Catherine l'a popularisée à la cour française, marquant un changement dans les habitudes de table et un symbole de raffinement.",INSUFFICIENT_EVIDENCE,absence_de_singularite,REVIEW,UPDATE_TITLE,Introduction de la fourchette en France,1533-01-01,0.8,B,"Le titre actuel implique une première utilisation unique, ce qui est difficile à prouver. Le titre proposé est plus général et correspond mieux à la description qui parle d'introduction et de popularisation. La date de 1533 est cohérente avec la description.",Vérifier si des sources plus précises existent concernant la date exacte de l'introduction de la fourchette par Catherine de Médicis.,,REVIEW,Cas conservé en revue manuelle après application des règles éditoriales renforcées.
52f32753-4f77-4cf7-9b03-17ec661049bc,Sécheresse en Amazonie brésilienne,2010-01-01,La sécheresse de 2010 en Amazonie a ravagé la biodiversité et affecté les communautés locales. Cette catastrophe majeure a exacerbé les effets du changement climatique et mis en évidence la fragilité de l'écosystème amazonien.,INSUFFICIENT_EVIDENCE,annee_exacte_introuvable,REVIEW,REVIEW,,,0,C,La date de 2010 pour la sécheresse en Amazonie brésilienne n'est pas confirmée. Il faut rechercher des sources fiables qui valident cette date.,"Rechercher des sources externes (articles de presse, rapports scientifiques) qui confirment la date de 2010 pour la sécheresse en Amazonie brésilienne. Si aucune source fiable ne confirme cette date, envisager de supprimer l'événement ou d…",,REVIEW,Cas conservé en revue manuelle après application des règles éditoriales renforcées.
9fc35ffb-bb7d-4ede-9899-8d733f755fbc,Bataille de Thessalonique,1040-01-01,"En 1040, la bataille de Thessalonique marque une tentative bulgare de reprendre la ville clé. Bien que finalement repoussée, elle révèle la fragilité byzantine et annonce les troubles à venir dans les Balkans.",INSUFFICIENT_EVIDENCE,preuve_insuffisante,REVIEW,UPDATE_DATE,Bataille de Thessalonique,1000-01-01,0.9,B,"La date de 1040 est incorrecte. Les sources indiquent plutôt l'an 1000 (Wikidata) ou 995 (Wikipedia). Je propose de retenir 1000, qui est l'information la plus précise disponible. La description devra être mise à jour pour correspondre à cette date.",Mettre à jour la date de la bataille de Thessalonique à 1000-01-01 et vérifier/corriger la description.,,REVIEW,Cas conservé en revue manuelle après application des règles éditoriales renforcées.
d8816694-0534-4432-b3d1-9b8925ca8ee5,Guerre du Tonneau,1774-01-01,"La Guerre du Tonneau (1774) : une crise politique majeure à Genève ! Des bourgeois en colère contestent le pouvoir aristocratique, réclamant plus de droits et de représentation. Un prélude à la Révolution !",INSUFFICIENT_EVIDENCE,annee_exacte_introuvable,REVIEW,REVIEW,,,0,C,The provided sources are about a building called 'Le Tonneau' and not the political event described as 'Guerre du Tonneau'. The date 1774 is not confirmed by reliable sources. Further research is needed to validate the event and its date.,Requires further investigation to find reliable sources confirming the event 'Guerre du Tonneau' and its date.,,REVIEW,Cas conservé en revue manuelle après application des règles éditoriales renforcées.
7a6bf247-f99b-4c20-b082-6235cb33145c,Paix de Gisors,0965-01-01,"La ""Paix de Gisors"" en 965 est un événement politique majeur en Normandie, marquant une rencontre entre Richard Ier, duc de Normandie, et probablement des représentants du roi Lothaire de France. L'objectif principal était de stabiliser les relations entre le duché normand et le royaume franc, potentiellement en lien avec les tensions frontalières et les ambitions normandes.",INSUFFICIENT_EVIDENCE,annee_exacte_introuvable,REVIEW,REVIEW,,,0.1,C,"La date de 965 pour la ""Paix de Gisors"" n'est pas confirmée par des sources facilement accessibles. L'article Wikipédia sur Gisors ne mentionne pas spécifiquement cet événement. Il est nécessaire de trouver des sources historiques primaires ou secondaires fiables pour valider l'existence et la date de cet événement.","Effectuer une recherche approfondie dans des bases de données historiques et des publications académiques pour trouver des mentions de la ""Paix de Gisors"" et sa date. Consulter des ouvrages sur l'histoire de la Normandie au Xe siècle.",,REVIEW,Cas conservé en revue manuelle après application des règles éditoriales renforcées.
e6a2ce6f-65cb-4f4a-b440-77b9eef7de0f,Newton découvre le calcul infinitésimal,1665-01-01,"En 1665, Isaac Newton développe le calcul infinitésimal, un outil mathématique révolutionnaire permettant d'étudier le changement continu et les mouvements des corps.",INSUFFICIENT_EVIDENCE,annee_exacte_introuvable,REVIEW,UPDATE_DATE,Découverte du calcul infinitésimal par Isaac Newton,,0.8,B,L'année exacte de la découverte du calcul infinitésimal par Newton est incertaine. Il est préférable de supprimer la date précise.,Supprimer la date précise.,,REVIEW,Cas conservé en revue manuelle après application des règles éditoriales renforcées.
0c362acd-a86a-403e-a378-c0f4370322ed,Invention du bateau à vapeur par Jouffroy d'Abbans,1783-01-01,"En 1783, Claude de Jouffroy d'Abbans réalise une démonstration publique de son bateau à vapeur, le *Pyroscaphe*, sur la Saône à Lyon. Bien que cette tentative soit un succès technique, elle ne reçoit pas le soutien financier nécessaire pour un développement commercial, en partie à cause du contexte politique et économique pré-révolutionnaire.",INSUFFICIENT_EVIDENCE,annee_exacte_introuvable,REVIEW,UPDATE_TITLE,Démonstration du Pyroscaphe par Jouffroy d'Abbans,1783-01-01,0.9,B,Le titre actuel est trop général. La description se concentre sur la démonstration du Pyroscaphe. Le titre proposé est plus précis et correspond mieux à la description.,"Vérifier d'autres sources pour confirmer la date et la nature de l'événement, mais le titre est plus précis.",,REVIEW,Cas conservé en revue manuelle après application des règles éditoriales renforcées.
9c2533a9-3b6f-4b53-9226-1205e439fd3a,Invention de la machine à écrire par Christopher Latham Sholes,1868-01-01,"En 1868, Christopher Latham Sholes invente la première machine à écrire commercialement réussie, révolutionnant la production de documents.",INSUFFICIENT_EVIDENCE,annee_exacte_introuvable,REVIEW,KEEP_ACCEPTABLE,,,0.6,B,"Bien que l'année exacte soit difficile à confirmer avec une source unique et irréfutable, plusieurs sources mentionnent 1868 comme l'année de l'invention de la machine à écrire par Sholes. Le titre est clair et la description cohérente.",Conserver l'événement avec le niveau de confiance actuel. Ajouter des sources supplémentaires si disponibles.,,REVIEW,Cas conservé en revue manuelle après application des règles éditoriales renforcées.
162e91d4-a2e5-4b68-8e60-c1e3d34deb1c,Fondation de Singapour par Sir Stamford Raffles,1819-01-01,"En 1819, Sir Stamford Raffles fonde Singapour. Ce comptoir commercial britannique deviendra un carrefour maritime vital, transformant à jamais l'Asie du Sud-Est.",INSUFFICIENT_EVIDENCE,preuve_insuffisante,REVIEW,UPDATE_DATE,Fondation de Singapour par Stamford Raffles,1819-01-29,0.8,B,"L'audit précédent a identifié le 29 janvier 1819 comme date de débarquement de Stamford Raffles à Singapour, ce qui correspond à la fondation. La description est cohérente.",Mettre à jour la date au 29 janvier 1819.,,REVIEW,Cas conservé en revue manuelle après application des règles éditoriales renforcées.
8fe29348-672c-4405-a54d-6961b53f6a79,Accord commercial entre Pise et l'Égypte fatimide,1156-01-01,"En 1156, Pise, alors une puissante république maritime, conclut un accord commercial avec l'Égypte fatimide, dirigée par le calife Al-Faiz. Cet accord visait à faciliter le commerce lucratif entre les deux régions, notamment l'échange de bois, de métaux et d'armes pisanes contre des épices, des textiles et de l'or égyptiens.",INSUFFICIENT_EVIDENCE,annee_exacte_introuvable,REVIEW,KEEP_ACCEPTABLE,Accord commercial entre Pise et l'Égypte fatimide,1156-01-01,0.6,C,"Bien qu'il n'y ait pas de confirmation directe de cet accord en 1156, la description est cohérente et l'événement est plausible dans le contexte de l'époque. L'absence de sources solides justifie un niveau de confiance faible.",Conserver l'événement avec une note indiquant le manque de sources directes confirmant la date exacte.,,REVIEW,Cas conservé en revue manuelle après application des règles éditoriales renforcées.
dbc69022-7f48-4ff2-8b80-4a598facc9b2,Ptolémée écrit l'Almageste,0150-01-01,"Claude Ptolémée, un astronome, mathématicien et géographe grec vivant à Alexandrie, en Égypte romaine, compile et développe les connaissances astronomiques existantes dans son œuvre majeure, l'Almageste. Cet ouvrage, initialement intitulé 'Mathēmatikē Syntaxis', deviendra la référence en astronomie pendant plus de mille ans, influençant profondément la pensée scientifique médiévale et de la Renaissance.",INSUFFICIENT_EVIDENCE,annee_exacte_introuvable,REVIEW,UPDATE_TITLE,Publication de l'Almageste,0150-01-01,0.7,C,"Le titre original est trop centré sur l'auteur. Le titre 'Publication de l'Almageste' est plus générique et correspond mieux à l'événement. La date est conservée car elle est cohérente avec la description, bien que sa précision soit faible.",Rechercher des sources plus précises concernant la date de publication de l'Almageste.,,REVIEW,Cas conservé en revue manuelle après application des règles éditoriales renforcées.
c85b0329-c5bf-436e-aa26-a373346c6a3a,"Enquête sur l'affaire Clearstream 2, des liens présumés entre élite politique et secteur financier",2005-01-01,"L'affaire Clearstream 2 débute en 2004 avec l'envoi de listings falsifiés à un juge, accusant diverses personnalités politiques et économiques, dont Nicolas Sarkozy, de détenir des comptes occultes chez Clearstream, une chambre de compensation luxembourgeoise. Dominique de Villepin, alors Premier ministre, est accusé d'avoir commandité une enquête secrète pour discréditer ses rivaux politiques.",INSUFFICIENT_EVIDENCE,absence_de_singularite,REVIEW,UPDATE_BOTH,Affaire Clearstream 2,2004-01-01,0.9,B,Le titre actuel est trop long et inclut des détails superflus. L'affaire Clearstream 2 est l'appellation standard. La description indique que l'affaire débute en 2004.,Aucune recommandation supplémentaire.,,REVIEW,Cas conservé en revue manuelle après application des règles éditoriales renforcées.
8303f658-2339-4a38-bae8-2fbdb860740d,Retour de Christophe Colomb de son premier voyage en Amérique,1493-01-01,"En 1493, Christophe Colomb revient en Europe après son premier voyage transatlantique, annonçant la découverte de nouvelles terres qu'il croit être les Indes Orientales.",INSUFFICIENT_EVIDENCE,annee_exacte_introuvable,REVIEW,REVIEW,,,0,C,La date exacte du retour de Christophe Colomb en Europe après son premier voyage en Amérique est incertaine. Les sources disponibles ne permettent pas de confirmer le 1er janvier 1493.,"Rechercher des sources fiables (archives, journaux de bord, correspondances) qui précisent la date du retour de Christophe Colomb en Europe. Consulter des ouvrages d'histoire maritime et des biographies de Christophe Colomb.",,REVIEW,Cas conservé en revue manuelle après application des règles éditoriales renforcées.
5e84a326-bcee-437b-bcd9-d810a43e7831,Adoption du Statut de Rome par la Sierra Leone,2002-01-01,"En 2002, la Sierra Leone, sortant d'une décennie de guerre civile brutale marquée par des atrocités, a adopté le Statut de Rome, démontrant son engagement envers la justice internationale et la lutte contre l'impunité. Cette décision a été influencée par le gouvernement d'Ahmad Tejan Kabbah et les pressions de la communauté internationale, désireuse de voir la Sierra Leone se reconstruire sur des bases solides de droit et de responsabilité.",INSUFFICIENT_EVIDENCE,preuve_insuffisante,REVIEW,KEEP_ACCEPTABLE,,,0.6,C,L'information semble correcte mais manque de sources directes confirmant l'adoption par la Sierra Leone en 2002. Pas de nouvelles sources disponibles.,Rechercher des sources directes confirmant l'adoption du Statut de Rome par la Sierra Leone en 2002.,,REVIEW,Cas conservé en revue manuelle après application des règles éditoriales renforcées.
7bf71d45-cead-4993-8b8e-bf1f7e9383c8,Invention de la machine à coudre,1829-01-01,"Barthélemy Thimonnier invente la machine à coudre, une avancée technologique majeure qui révolutionnera l'industrie textile. Son invention marque le début de l'automatisation de la couture et aura un impact profond sur la production de vêtements.",INSUFFICIENT_EVIDENCE,annee_exacte_introuvable,REVIEW,KEEP_ACCEPTABLE,,,0.6,C,"The title is acceptable and the description is consistent. However, the exact date is still uncertain, but the year is likely correct based on available information.","Keep the entry as is, but consider further research to confirm the exact date of the invention.",,REVIEW,Cas conservé en revue manuelle après application des règles éditoriales renforcées.
b48c70d0-e86a-48de-a381-ef0f36e76365,Première utilisation du télégraphe électrique,1837-01-01,"1837 : le télégraphe électrique transforme le monde ! L'information voyage à la vitesse de l'éclair, connectant les continents et bouleversant la société. Une révolution de la communication est en marche.",INSUFFICIENT_EVIDENCE,annee_exacte_introuvable,REVIEW,UPDATE_DATE,,1837-01-24,0.8,B,La date du 1er janvier est trop vague. Plusieurs sources (dont l'audit précédent) indiquent le 24 janvier 1837 comme date de la première démonstration publique du télégraphe électrique par Samuel Morse. Le titre est acceptable.,Mettre à jour la date avec le 24 janvier 1837 et vérifier si la description nécessite une adaptation mineure pour refléter plus précisément cet événement.,,REVIEW,Cas conservé en revue manuelle après application des règles éditoriales renforcées.
370519f2-fc8c-461d-94e9-6ffd95d85fd9,Expédition contre les Avars en Basse-Autriche . Vassalisation de la Bohême,0791-01-01,"En 791, Charlemagne lance une expédition militaire contre les Avars, peuple nomade pillant les frontières de son royaume, notamment en Basse-Autriche. Simultanément, des pressions politiques et militaires sont exercées sur la Bohême, aboutissant à une forme de vassalisation de la région par le royaume franc.",INSUFFICIENT_EVIDENCE,annee_exacte_introuvable,REVIEW,UPDATE_TITLE,Expédition de Charlemagne contre les Avars,0791-01-01,0.9,B,"Le titre initial est trop long. La vassalisation de la Bohême est un événement distinct, bien que lié. Le titre proposé se concentre sur l'expédition principale. La date est conservée car elle est mentionnée dans la description.",Créer une fiche distincte pour la vassalisation de la Bohême si elle est jugée suffisamment importante.,,REVIEW,Cas conservé en revue manuelle après application des règles éditoriales renforcées.
7fa8841d-6532-431f-87a4-dbebc0a4be16,La Gazette devient journal officiel,1672-01-01,"En 1672, *La Gazette* devient l'organe officiel du pouvoir. Plus qu'un simple journal, elle façonne l'opinion et diffuse la propagande royale dans toute la France, marquant un tournant dans le contrôle de l'information.",INSUFFICIENT_EVIDENCE,annee_exacte_introuvable,REVIEW,REVIEW,,,0,C,"The provided sources relate to the 'Journal officiel de la République française', which started in 1868, and not to 'La Gazette' in 1672. It's unclear if 'La Gazette' became an official journal in 1672 or if the description conflates it with the later 'Journal officiel'. Further research is needed to clarify the relat…",Investigate the historical context of 'La Gazette' in 1672 and its potential role as an official journal. Determine if the description accurately reflects the events of that time or if it's a misinterpretation or conflation with the later …,,REVIEW,Cas conservé en revue manuelle après application des règles éditoriales renforcées.
9d29b1c9-acca-494c-a48c-6a83312a8744,Saint Louis impose la monnaie royale,1263-01-01,"En 1263, Saint Louis impose la monnaie royale dans tout le royaume de France, centralisant ainsi le contrôle économique et renforçant le pouvoir royal. Cette mesure vise à uniformiser les échanges et stabiliser l'économie du pays.",INSUFFICIENT_EVIDENCE,preuve_insuffisante,REVIEW,REVIEW,,,0,C,L'audit précédent et les sources actuelles ne permettent pas de valider la date de 1263. Les sources externes fournies ne concernent pas l'événement décrit.,Rechercher des sources fiables confirmant la date de l'imposition de la monnaie royale par Saint Louis.,,REVIEW,Cas conservé en revue manuelle après application des règles éditoriales renforcées.
5fbbb1e2-f1fe-40ac-a98a-6b2fa9b29e27,Incendie du foyer de travailleurs d’Aubervilliers,1970-01-01,"L'incendie du foyer de travailleurs immigrés d'Aubervilliers en 1970 s'inscrit dans un contexte de forte immigration de travail en France, souvent dans des conditions de logement précaires et insalubres. Cet événement tragique a mis en lumière les discriminations et les conditions de vie difficiles des travailleurs immigrés, notamment maghrébins, et a suscité une vague d'indignation et de revendications pour de meilleures conditions de logement et de travail.",INSUFFICIENT_EVIDENCE,annee_exacte_introuvable,REVIEW,REVIEW,,,0,C,La date exacte de l'incendie n'est pas confirmée. Il faut trouver une source fiable pour valider la date de 1970.,Rechercher des articles de presse ou des archives qui mentionnent l'incendie du foyer de travailleurs immigrés à Aubervilliers en 1970 pour confirmer la date.,,REVIEW,Cas conservé en revue manuelle après application des règles éditoriales renforcées.
204973f2-0100-4cde-8c2f-1d6205f80869,Fondation du Théâtre des Arts à Paris,1793-01-01,"Le Théâtre des Arts, futur Opéra de Paris, est fondé en pleine Terreur révolutionnaire sur les ruines de l'Académie Royale de Musique. La direction est confiée à François-Joseph Francœur, ancien directeur de l'Académie Royale, qui doit adapter le répertoire aux idéaux républicains.",INSUFFICIENT_EVIDENCE,annee_exacte_introuvable,REVIEW,UPDATE_TITLE,Création du Théâtre des Arts,1793-01-01,0.8,B,Le titre actuel est trop précis (localisation à Paris). Le titre proposé est plus général et correspond mieux à la description. La date est conservée car elle est mentionnée dans la description.,Mettre à jour le titre pour plus de généralité.,,REVIEW,Cas conservé en revue manuelle après application des règles éditoriales renforcées.
6fefa7f5-fa8c-4b84-b5d3-1ee8418ce034,Premier message commercial par satellite,1962-01-01,"1962 : Andover, Maine, marque le début de l'ère des communications spatiales commerciales. Le premier message transatlantique via satellite ouvre une ère nouvelle pour les échanges mondiaux, promettant un avenir connecté et sans frontières.",INSUFFICIENT_EVIDENCE,annee_exacte_introuvable,REVIEW,REVIEW,,,0,C,"L'événement est potentiellement important mais la date et la nature exacte du ""premier message commercial par satellite"" restent à confirmer. L'audit précédent et les sources actuelles ne permettent pas de valider l'information.",Rechercher des sources fiables qui précisent la date et la nature exacte du premier message commercial transmis par satellite. Vérifier si l'événement décrit correspond au lancement d'un satellite spécifique ou à une transmission particuli…,,REVIEW,Cas conservé en revue manuelle après application des règles éditoriales renforcées.
eafa3bf6-d1c9-4bd7-a4b4-7db085b8a328,Sixième croisade menée par Frédéric II,1228-01-01,"La Sixième Croisade, menée par l'empereur Frédéric II du Saint-Empire romain germanique, fut une croisade atypique car elle fut menée principalement par la diplomatie plutôt que par la force militaire. Frédéric II, excommunié par le pape Grégoire IX, négocia un traité avec le sultan al-Kamil d'Égypte, obtenant le contrôle de Jérusalem, Nazareth et Bethléem pour les chrétiens.",INSUFFICIENT_EVIDENCE,preuve_insuffisante,REVIEW,UPDATE_DATE,Sixième croisade,1228-11-09,0.9,B,La date de début de la sixième croisade est le 9 novembre 1228. Le titre est simplifié pour plus de concision.,Mettre à jour la date de l'événement avec la date de début de la sixième croisade et simplifier le titre.,,REVIEW,Cas conservé en revue manuelle après application des règles éditoriales renforcées.
759eebce-f337-46e3-bae0-ab0258a2151d,Fondation du Cyclists' Touring Club,1878-01-01,,INSUFFICIENT_EVIDENCE,annee_exacte_introuvable,REVIEW,REVIEW,,,0,C,L'audit précédent a identifié un problème de date potentielle. Il faut vérifier la date de fondation du Cyclists' Touring Club et s'assurer qu'elle correspond à la description et aux sources.,Rechercher des sources fiables (autres que Wikipédia et Wikidata) confirmant la date de fondation du Cyclists' Touring Club. Comparer avec les informations disponibles sur le Touring Club Suisse pour éviter toute confusion.,,REVIEW,Cas conservé en revue manuelle après application des règles éditoriales renforcées.
2162be68-6e36-4284-87fb-d687b7e2cc7d,Fondation de la Pennsylvanie,1681-01-01,"William Penn fonde la colonie de Pennsylvanie, obtenant une charte du roi Charles II d'Angleterre. Cette colonie devient un refuge pour les quakers et un modèle de tolérance religieuse, établissant des relations pacifiques avec les Amérindiens.",INSUFFICIENT_EVIDENCE,annee_exacte_introuvable,REVIEW,UPDATE_DATE,Fondation de la Pennsylvanie,1681-03-04,0.8,B,La date de fondation de la Pennsylvanie est le 4 mars 1681 (date de la charte royale).,Mettre à jour la date avec la date exacte de la charte royale.,,REVIEW,Cas conservé en revue manuelle après application des règles éditoriales renforcées.
f7ff3f47-e1d6-405b-8c0c-adec4a18c0eb,Prise du château de Beynac par Richard Cœur de Lion,1197-01-01,Le siège du château de Beynac par Richard Cœur de Lion en 1197 illustre les conflits féodaux en Aquitaine. Cette action militaire visait à asseoir son pouvoir et à contrôler une position stratégique dans la région.,INSUFFICIENT_EVIDENCE,annee_exacte_introuvable,REVIEW,REVIEW,,,0,C,"La date de 1197 pour la prise du château de Beynac par Richard Cœur de Lion n'est pas confirmée. Wikidata indique une inception du château en 1200. Il faut vérifier si le siège a bien eu lieu et si oui, en quelle année.",Rechercher des sources historiques fiables qui mentionnent spécifiquement l'année de la prise du château de Beynac par Richard Cœur de Lion. Vérifier si le siège a bien eu lieu.,,REVIEW,Cas conservé en revue manuelle après application des règles éditoriales renforcées.
6660623c-1a27-4e34-afa2-f02d92476420,Création du Ministère des Affaires Culturelles,1959-01-01,"Le Ministère des Affaires Culturelles fut créé en 1959 par le général de Gaulle, mais André Malraux en fut le premier titulaire en 1961. Sa mission était de démocratiser l'accès à la culture et de préserver le patrimoine français, dans un contexte de forte croissance économique et de modernisation de la France.",INSUFFICIENT_EVIDENCE,annee_exacte_introuvable,REVIEW,UPDATE_DATE,,1959-07-23,0.8,B,La date de création du Ministère des Affaires Culturelles est le 23 juillet 1959 (date du décret). La description est cohérente avec cette date. Plusieurs sources concordantes confirment cette date.,Mettre à jour la date avec la date exacte de création du ministère.,,REVIEW,Cas conservé en revue manuelle après application des règles éditoriales renforcées.
c6a7cb29-4942-478e-b7e1-87a499d99405,Sécurité sociale en Allemagne,1911-01-01,"En 1911, l'Allemagne met en place un système de sécurité sociale, étendant les protections sociales existantes. Cette initiative fait suite à la politique sociale pionnière de Bismarck dans les années 1880 et renforce l'engagement de l'État envers la protection de ses citoyens. La création de la sécurité sociale allemande est un événement majeur de l'histoire sociale européenne, qui sert de modèle à d'autres pays.",INSUFFICIENT_EVIDENCE,annee_exacte_introuvable,REVIEW,UPDATE_DATE,Sécurité sociale en Allemagne,1883-01-01,0.9,A,Wikidata (Q368468) indique 1883 comme date de début. La description devra être modifiée pour refléter cette date.,Mettre à jour la date à 1883-01-01 et modifier la description pour refléter la date de début de la sécurité sociale en Allemagne.,,REVIEW,Cas conservé en revue manuelle après application des règles éditoriales renforcées.
c133c56c-a37a-4146-8bf3-41470d4795bf,Incendie de la cathédrale de Durham,1083-01-01,"En 1083, un incendie dévaste la cathédrale de Durham, détruisant une part importante de sa structure originelle. Cet événement marque une rupture et impulse la construction de l'édifice roman que l'on connaît aujourd'hui, symbole de la puissance normande.",INSUFFICIENT_EVIDENCE,annee_exacte_introuvable,REVIEW,DELETE,,,0.7,C,L'incertitude sur la date et le manque de sources fiables justifient la suppression de l'événement.,Supprimer l'événement en raison de l'incertitude sur la date et du manque de sources fiables.,"La date de l'incendie est incertaine et la description suggère qu'il a eu lieu avant 1093, date de fondation de la cathédrale actuelle. Les sources ne confirment pas la date de 1083. L'information est donc trop vague et potentiellement inc…",REVIEW,Cas conservé en revue manuelle après application des règles éditoriales renforcées.
cca30a6c-838b-41b2-8f6a-122fd8fe90f9,Identification de Toumaï,2001-01-01,"La découverte de Toumaï (Sahelanthropus tchadensis) au Tchad a révolutionné notre compréhension de l'évolution humaine. Ce fossile, daté d'environ 7 millions d'années, est considéré comme l'un des plus anciens hominidés connus, repoussant les limites de nos connaissances sur les origines de l'homme.",INSUFFICIENT_EVIDENCE,annee_exacte_introuvable,REVIEW,UPDATE_BOTH,Découverte de Toumaï,2001-07-19,0.9,B,Le titre actuel est trop vague. 'Découverte de Toumaï' est plus précis et courant. La date du 19 juillet 2001 est largement rapportée comme la date de la découverte initiale du crâne de Toumaï.,Confirmer la date exacte de la découverte avec des sources primaires si possible.,,REVIEW,Cas conservé en revue manuelle après application des règles éditoriales renforcées.
3d35f47f-1a3f-4505-bed5-7403dc54b11e,Catastrophe ferroviaire de Melun (France),1923-01-01,"La catastrophe ferroviaire de Melun, survenue en France en 1923, impliqua un déraillement majeur dû à une erreur d'aiguillage ou à une défaillance technique, causant de nombreuses victimes. La Compagnie des chemins de fer de l'Est était l'opérateur principal de la ligne.",INSUFFICIENT_EVIDENCE,annee_exacte_introuvable,REVIEW,REVIEW,,,0,C,Aucune source ne confirme la date de 1923. L'audit précédent n'a pas permis de valider la date. Il faut investiguer plus avant.,"Rechercher des sources externes (archives, journaux de l'époque) pour confirmer la date de la catastrophe ferroviaire de Melun.",,REVIEW,Cas conservé en revue manuelle après application des règles éditoriales renforcées.
ba77b7be-1c5a-4b91-aad5-e6268d5fa7ef,Installation des Huns en Pannonie,0400-01-01,"En 400, les Huns s'installent en Pannonie, un tournant majeur qui bouleverse l'équilibre européen. Leur arrivée marque le début d'une ère de migrations et de conflits, redéfinissant les frontières et le destin des peuples.",INSUFFICIENT_EVIDENCE,annee_exacte_introuvable,REVIEW,REVIEW,,,0.3,C,La date de 400 pour l'installation des Huns en Pannonie est incertaine. Il faut trouver une source plus précise.,Rechercher des sources historiques fiables qui confirment la date de l'installation des Huns en Pannonie. Vérifier si l'installation fut progressive ou un événement ponctuel.,,REVIEW,Cas conservé en revue manuelle après application des règles éditoriales renforcées.
c8d30c58-fde0-4589-b06e-ef05074e2aba,Invention du procédé Daguerre,1839-01-01,"En 1839, Louis Daguerre dévoile publiquement le daguerréotype, premier procédé photographique pratique. Soutenu par François Arago, le gouvernement français acquiert le brevet et le rend public, marquant une révolution dans la capture d'images.",INSUFFICIENT_EVIDENCE,preuve_insuffisante,REVIEW,UPDATE_DATE,,1839-01-07,0.8,B,La date du 7 janvier 1839 est souvent citée pour la présentation du daguerréotype à l'Académie des Sciences. L'année 1839 est largement acceptée pour l'invention.,"Mettre à jour la date au 7 janvier 1839, date souvent citée pour la présentation à l'Académie des Sciences.",,REVIEW,Cas conservé en revue manuelle après application des règles éditoriales renforcées.
05ee5fcc-722f-4875-b3ca-f51a012464d9,Bataille de Noyon,0890-01-01,"La bataille de Noyon en 890 s'inscrit dans une période de troubles et d'invasions normandes en Francie occidentale. Elle oppose probablement des forces locales franques à des bandes de Vikings cherchant à piller ou s'établir dans la région, bien que les détails précis soient fragmentaires.",INSUFFICIENT_EVIDENCE,annee_exacte_introuvable,REVIEW,UPDATE_TITLE,Première bataille de Noyon,,0.6,C,"Plusieurs batailles ont eu lieu à Noyon. La description correspond à la première bataille, qui est mal documentée. Renommer pour éviter la confusion.","Clarifier la date exacte si possible. Sinon, conserver le titre 'Première bataille de Noyon' et la description actuelle.",,REVIEW,Cas conservé en revue manuelle après application des règles éditoriales renforcées.
aad35619-0528-45ff-b9e2-a500daf5c350,Inauguration de la Jeddah Tower,2024-01-01,"L'inauguration (potentielle) de la Jeddah Tower, ambitionnant de surpasser le Burj Khalifa, symbolise la volonté de l'Arabie Saoudite d'atteindre de nouveaux sommets architecturaux et de s'affirmer sur la scène internationale. Le projet reste un symbole de puissance économique et d'innovation, bien que retardé.",INSUFFICIENT_EVIDENCE,annee_exacte_introuvable,REVIEW,DELETE,,,0.9,C,L'inauguration est potentielle et sans date ferme. Plusieurs reports ont été annoncés. Pas d'information fiable disponible.,Supprimer l'événement car il est incertain et non daté.,L'événement est incertain et a été reporté plusieurs fois. Aucune date d'inauguration n'est confirmée à ce jour. L'événement n'est donc pas vérifiable et ne peut être conservé.,REVIEW,Cas conservé en revue manuelle après application des règles éditoriales renforcées.
b4fe3ef8-1489-4f66-ad23-ce07ceab8d3d,Paracelse médecin de Bâle,1527-01-01,"En 1527, le médecin et alchimiste suisse Paracelse est nommé médecin de la ville de Bâle. Pendant son court séjour, il révolutionne la médecine en introduisant de nouvelles pratiques et en critiquant les théories médicales traditionnelles. Il met l'accent sur l'observation clinique et l'utilisation de médicaments chimiques, contribuant ainsi à l'émergence de la médecine moderne.",INSUFFICIENT_EVIDENCE,preuve_insuffisante,REVIEW,UPDATE_DATE,Paracelse nommé médecin de Bâle,1527-01-01,0.7,B,La description mentionne 1527 comme année de nomination. Le titre est légèrement amélioré pour plus de clarté.,Conserver la date de 1527 et le titre reformulé. Vérifier si des sources plus précises peuvent confirmer le jour et le mois de la nomination.,,REVIEW,Cas conservé en revue manuelle après application des règles éditoriales renforcées.
e179c59e-93b1-4fae-92ca-dc33cdc96df1,Ouverture du Queen's College de Londres,1848-01-01,"1848 : Queen's College ouvre à Londres ! Première institution britannique à offrir une éducation supérieure aux femmes, un pas audacieux vers l'égalité.",INSUFFICIENT_EVIDENCE,annee_exacte_introuvable,REVIEW,UPDATE_DATE,Ouverture du Queen's College de Londres,1848-05-01,0.7,B,"La date d'ouverture du Queen's College de Londres est le 1er mai 1848, selon plusieurs sources. La description est cohérente avec cet événement.",Mettre à jour la date au 1er mai 1848.,,REVIEW,Cas conservé en revue manuelle après application des règles éditoriales renforcées.
db3d5319-8662-47fe-a6e4-1aa408340ca4,Première mention des Wisigoths,0257-01-01,"257 : Les Wisigoths font irruption dans l'histoire ! Leur mention marque le début d'une épopée qui bouleversera l'Empire Romain, annonçant l'aube d'un nouveau monde. Des guerriers barbares aux portes de la civilisation.",INSUFFICIENT_EVIDENCE,annee_exacte_introuvable,REVIEW,KEEP_ACCEPTABLE,Première mention des Wisigoths,0257-01-01,0.5,C,"La fiche est acceptable en l'état, mais manque de sources pour confirmer la date exacte. La description correspond au titre et à la date.",Rechercher et ajouter des sources fiables pour confirmer la date de la première mention des Wisigoths.,,REVIEW,Cas conservé en revue manuelle après application des règles éditoriales renforcées.
dc88dca7-3301-4d56-8087-d4d6e65265aa,Naissance traditionnelle de Charlemagne,0742-04-02,"Date retenue par la tradition pour la naissance du fils de Pépin le Bref, futur empereur d Occident et figure centrale de la renaissance carolingienne.",INSUFFICIENT_EVIDENCE,annee_exacte_introuvable,REVIEW,REVIEW,Naissance de Charlemagne,,0.8,B,"Le titre actuel est imprécis. Le titre ""Naissance de Charlemagne"" est plus approprié et correspond à l'événement. La date reste incertaine.",Conserver la fiche avec le titre mis à jour. La date de naissance reste à confirmer avec des sources plus fiables.,,REVIEW,Cas conservé en revue manuelle après application des règles éditoriales renforcées.
30398aaa-76be-4609-aa5c-bae80154e32e,Réformes fiscales et agricoles de Dioclétien en Gaule,0292-01-01,"Sous le règne de Dioclétien, des réformes fiscales et agricoles majeures sont entreprises en Gaule romaine en 292. Ces réformes visaient à stabiliser l'économie et à augmenter les revenus de l'Empire. Elles comprenaient une nouvelle évaluation des terres, une standardisation des impôts fonciers et des mesures pour encourager la production agricole et lutter contre la désertification.",INSUFFICIENT_EVIDENCE,annee_exacte_introuvable,REVIEW,REVIEW,,,0,C,La date de 292 pour les réformes fiscales et agricoles de Dioclétien en Gaule n'est pas confirmée par les sources disponibles. Il est nécessaire de trouver une source fiable qui confirme cette date.,Rechercher des sources supplémentaires confirmant la date de 292 pour les réformes fiscales et agricoles de Dioclétien en Gaule.,,REVIEW,Cas conservé en revue manuelle après application des règles éditoriales renforcées.
737858c2-77d6-4d43-9163-3eb8fa81a2ec,Création championnat foot féminin en France,2001-01-01,"En 2001, la France crée son premier championnat professionnel de football féminin, une étape cruciale pour la reconnaissance et le développement du sport. Cette ligue a permis d'améliorer les conditions des joueuses et d'accroître la visibilité du football féminin.",INSUFFICIENT_EVIDENCE,annee_exacte_introuvable,REVIEW,REVIEW,,,0.1,C,The previous audit couldn't confirm the exact year. The provided sources do not confirm the creation year of the top-tier women's league. The sources provided relate to the second division and an older championship. Further research is needed to confirm the date of the creation of the first division.,Further research is needed to find a reliable source that confirms the exact year of the creation of the top-tier women's football championship in France.,,REVIEW,Cas conservé en revue manuelle après application des règles éditoriales renforcées.
053a24b3-9736-4b04-b838-ceb5d6824585,Construction du château de Guimarães,0950-01-01,La construction du château de Guimarães en 950 marque un jalon essentiel dans la formation du Portugal. Cette forteresse défensive joua un rôle clé dans la protection du comté de Portugal face aux invasions et consolida son identité naissante.,INSUFFICIENT_EVIDENCE,annee_exacte_introuvable,REVIEW,REVIEW,,,0,C,La date de construction du château est incertaine. Wikipédia ne donne pas de date précise.,Rechercher des sources plus précises sur la date de construction du château de Guimarães.,,REVIEW,Cas conservé en revue manuelle après application des règles éditoriales renforcées.
e29606d4-1c1b-4b37-972d-312f2d1e7218,Fondation de la ville de New Amsterdam,1625-01-01,"En 1625, la Compagnie néerlandaise des Indes occidentales fonde la ville de New Amsterdam sur l'île de Manhattan, en Amérique du Nord. Cette colonie devient un important centre commercial et administratif de la Nouvelle-Néerlande, attirant des immigrants de diverses origines. En 1664, la ville est conquise par les Anglais et rebaptisée New York en l'honneur du duc d'York.",INSUFFICIENT_EVIDENCE,annee_exacte_introuvable,REVIEW,UPDATE_BOTH,Fondation de New Amsterdam,1625-05-01,0.8,B,"Le titre est amélioré en supprimant 'ville de'. La date est mise à jour au 1er mai 1625, date communément admise pour la fondation de New Amsterdam, bien que certaines sources indiquent mai sans jour précis. La description reste cohérente.",Vérifier si une source plus précise peut confirmer le jour exact de la fondation.,,REVIEW,Cas conservé en revue manuelle après application des règles éditoriales renforcées.
15559b66-6373-4a09-b6b3-6e4a62f287b8,Synode de Hereford,1015-01-01,"En 1015, le synode de Hereford marque une étape importante dans l'organisation ecclésiastique anglaise. Des décisions cruciales y sont prises, renforçant l'autorité de l'église et influençant la vie religieuse du royaume.",INSUFFICIENT_EVIDENCE,annee_exacte_introuvable,REVIEW,REVIEW,,,0.6,C,"L'événement semble réel et le titre est correct. Cependant, l'absence de sources rend la date incertaine. On conserve en l'état, mais avec un niveau de confiance faible.",Ajouter des sources pour confirmer la date du synode de Hereford.,,REVIEW,Cas conservé en revue manuelle après application des règles éditoriales renforcées.
cf4482cc-06ab-4def-8bd7-4e411346b40a,Diogo Dias découvre l'île de Madagascar,1500-01-01,"Diogo Dias, navigateur portugais de la flotte de Pedro Álvares Cabral, s'écarte de sa route vers les Indes lors d'une tempête et aperçoit accidentellement Madagascar, qu'il nomme alors São Lourenço. Cette découverte s'inscrit dans l'expansion maritime portugaise de l'époque.",INSUFFICIENT_EVIDENCE,annee_exacte_introuvable,REVIEW,KEEP_ACCEPTABLE,,,0.6,B,"La description correspond à l'événement rapporté. Bien que la date exacte soit difficile à confirmer, l'événement est bien documenté.","Conserver l'événement tel quel, en reconnaissant l'incertitude sur la date exacte. Ajouter des sources secondaires fiables si possible.",,REVIEW,Cas conservé en revue manuelle après application des règles éditoriales renforcées.
f74c64c9-6f98-4f24-8dcc-bff2787e6509,Deuxième Guerre Dacique de Trajan,0106-01-01,"En 106, Trajan lance la seconde guerre dacique qui aboutit à l'annexion complète de la Dacie et sa transformation en province romaine.",INSUFFICIENT_EVIDENCE,absence_de_singularite,REVIEW,UPDATE_TITLE,Guerres daciques,,0.9,A,"The event describes two wars, not a single event. The proposed title 'Guerres daciques' is more accurate and standard.",Update the title to 'Guerres daciques' to reflect the fact that it was a series of wars. The description remains consistent with this change.,,REVIEW,Cas conservé en revue manuelle après application des règles éditoriales renforcées.
49b47d1f-2c30-469a-b0a7-a70f66627474,Fin de la Guerre des Deux-Roses,1485-10-01,"En 1485, la bataille de Bosworth met fin à la Guerre des Deux-Roses en Angleterre. Henri Tudor devient roi sous le nom d'Henri VII, fondant la dynastie Tudor.",INSUFFICIENT_EVIDENCE,absence_de_singularite,REVIEW,UPDATE_BOTH,Guerre des Deux-Roses,1485-08-22,0.9,A,"La date actuelle est incorrecte. La bataille de Bosworth, qui marque la fin de la guerre, a eu lieu le 22 août 1485. Le titre doit être ""Guerre des Deux-Roses"" car il s'agit d'une guerre civile discontinue. La description est cohérente avec ces modifications.","Mettre à jour la date au 22 août 1485 et le titre à ""Guerre des Deux-Roses"".",,REVIEW,Cas conservé en revue manuelle après application des règles éditoriales renforcées.
bad1912a-6727-4643-98c3-f4f8dc1c3473,Pasteur réfute la génération spontanée,1859-01-01,"En 1859, Louis Pasteur, chimiste et biologiste français, réalise des expériences cruciales qui réfutent définitivement la théorie de la génération spontanée, une croyance ancienne selon laquelle la vie pouvait émerger de matière non vivante. Ses expériences, menées avec des ballons à col de cygne, démontrent que les micro-organismes présents dans l'air sont responsables de la contamination et de la décomposition, et non une force vitale spontanée.",INSUFFICIENT_EVIDENCE,annee_exacte_introuvable,REVIEW,UPDATE_DATE,,1859-04-07,0.8,B,"La date du 7 avril 1859 correspond à la présentation des expériences de Pasteur à l'Académie des sciences, un événement clé dans la réfutation de la génération spontanée. La description est cohérente avec cet événement.",Mettre à jour la date avec la date précise de la présentation à l'Académie des sciences.,,REVIEW,Cas conservé en revue manuelle après application des règles éditoriales renforcées.
f3f761ad-6917-4f20-a72b-04271a165a87,Invention de la presse à caractères mobiles en métal,1450-01-01,"Johannes Gutenberg, orfèvre de Mayence, perfectionne la presse à imprimer avec des caractères mobiles en alliage de plomb, d'étain et d'antimoine dans son atelier de la Hof zum Gutenberg. Cette innovation révolutionnaire permet l'impression rapide et précise de textes, notamment la Bible à 42 lignes.",INSUFFICIENT_EVIDENCE,annee_exacte_introuvable,REVIEW,KEEP_ACCEPTABLE,,,0.6,C,"While the description mentions Gutenberg's work around 1450, pinpointing the exact year of the invention remains challenging based on the provided source. The title is acceptable and unambiguous.","Further research could solidify the exact date, but the current information is acceptable.",,REVIEW,Cas conservé en revue manuelle après application des règles éditoriales renforcées.
a0d174bb-db92-4892-a29f-95848fe9b8fa,Porphyre publie « Contre les chrétiens »,0270-01-01,"Vers 270, Porphyre, philosophe néoplatonicien d'origine syrienne, publie « Contre les chrétiens ». Cet ouvrage, dont il ne subsiste que des fragments, constituait une critique virulente de la religion chrétienne. Porphyre y remettait en cause les dogmes, les pratiques et les Écritures chrétiennes. L'ouvrage fut condamné et détruit par les autorités chrétiennes au IVe siècle.",INSUFFICIENT_EVIDENCE,annee_exacte_introuvable,REVIEW,KEEP_ACCEPTABLE,,,0.6,C,"La date exacte de publication de ""Contre les chrétiens"" est incertaine, mais la description indique ""vers 270"". L'information est acceptable en l'état.","Conserver l'événement avec la date actuelle, en notant l'incertitude dans la description.",,REVIEW,Cas conservé en revue manuelle après application des règles éditoriales renforcées.
bef2de3a-7e94-483e-a33d-ed148b7aa320,Mariage de César Borgia avec Charlotte d'Albret,1501-01-01,"César Borgia, fils du pape Alexandre VI, épouse Charlotte d'Albret. Cette union politique renforce l'influence de Borgia et consolide ses ambitions territoriales en Italie.",INSUFFICIENT_EVIDENCE,annee_exacte_introuvable,REVIEW,REVIEW,,,0,C,La date du mariage n'est pas confirmée. Les sources disponibles ne permettent pas de valider l'année exacte.,Rechercher des sources primaires ou des ouvrages de référence sur la famille Borgia ou la noblesse française de l'époque pour confirmer la date du mariage.,,REVIEW,Cas conservé en revue manuelle après application des règles éditoriales renforcées.
66bad4cd-00a2-41e5-b907-7e8f1ad81fb4,Deuxième conférence de La Haye,1930-01-01,"La Conférence de La Haye de 1930, qui s'est tenue à Paris et non à La Haye, visait à résoudre les questions des réparations de guerre allemandes après la Première Guerre mondiale, suite au Plan Young. Les acteurs clés incluaient des représentants des principales puissances alliées (France, Grande-Bretagne, Italie) et de l'Allemagne.",INSUFFICIENT_EVIDENCE,annee_exacte_introuvable,REVIEW,UPDATE_DATE,,1930-01-03,0.9,B,La description mentionne 1930 et des sources confirment que la conférence a débuté le 3 janvier 1930.,Mettre à jour la date au 3 janvier 1930.,,REVIEW,Cas conservé en revue manuelle après application des règles éditoriales renforcées.
5ea0142e-0a37-46ca-a9cf-fa522b56ade1,Affaire Elf : révélations judiciaires,1997-01-01,"L'affaire Elf, l'un des plus grands scandales politico-financiers de la Ve République, éclate en 1994 mais les révélations judiciaires majeures se produisent en 1997 avec les procès impliquant Loïk Le Floch-Prigent (ancien PDG d'Elf), André Tarallo (surnommé « Monsieur Afrique » d'Elf) et Christine Deviers-Joncour. Ces procès révèlent un système de corruption généralisée impliquant des détournements de fonds massifs, des rétrocommissions et le financement occulte de partis politiques.",INSUFFICIENT_EVIDENCE,absence_de_singularite,REVIEW,UPDATE_BOTH,Affaire Elf,1994-01-01,0.9,B,"The affair started in 1994, although major revelations occurred later. The title is shortened to the most common name. The description remains consistent with the updated date.",Update the date to the start of the affair (1994) and simplify the title to 'Affaire Elf'.,,REVIEW,Cas conservé en revue manuelle après application des règles éditoriales renforcées.
fc051d4b-6b2e-44cc-9b2a-1574f6aaa094,Expansion de Teotihuacan,0500-01-01,"L'expansion de Teotihuacan vers 500 après J.-C. fut une période de domination politique et économique accrue dans la Mésoamérique. Cette expansion, menée par l'élite dirigeante de Teotihuacan, impliquait le contrôle des routes commerciales et l'établissement de colonies dans des régions clés.",INSUFFICIENT_EVIDENCE,absence_de_singularite,REVIEW,DELETE,,,0.9,B,"L'événement décrit une période d'expansion, ce qui n'est pas un événement singulier. La date est approximative. Pas de sources externes.",Supprimer car il s'agit d'une période et non d'un événement ponctuel.,"L'événement décrit une période d'expansion, ce qui n'est pas un événement singulier. La date est approximative et aucune source externe ne confirme une date précise. Le titre est acceptable, mais l'événement n'est pas approprié pour une ba…",REVIEW,Cas conservé en revue manuelle après application des règles éditoriales renforcées.
d584e6c1-ffe3-4195-a9c7-8b40dbf756a9,Insurrection du Rif : envoi de troupes françaises au Maroc,1925-01-01,"L'Insurrection du Rif, menée par Abd el-Krim, mettait en péril le protectorat espagnol au Maroc. Face à la déroute espagnole, la France, sous le gouvernement de Paul Painlevé, intervient militairement en 1925 pour soutenir son allié et protéger ses propres intérêts coloniaux dans la région.",INSUFFICIENT_EVIDENCE,absence_de_singularite,REVIEW,UPDATE_TITLE,Guerre du Rif,,0.9,A,Le titre actuel est trop spécifique. L'événement est connu sous le nom de Guerre du Rif. La description est cohérente avec cet événement plus large.,Mettre à jour le titre en 'Guerre du Rif' pour refléter le terme plus courant et englobant pour le conflit.,,REVIEW,Cas conservé en revue manuelle après application des règles éditoriales renforcées.
59a9ae68-422c-476b-a203-c8612295e0ae,Publication du Rapport sur le Développement Humain par l'ONU,1999-01-01,L'ONU publie son premier Rapport sur le Développement Humain axé sur la mondialisation. Ce rapport a marqué une étape importante dans la mesure du progrès social et économique au-delà du simple PIB.,INSUFFICIENT_EVIDENCE,absence_de_singularite,REVIEW,UPDATE_BOTH,Publication du premier Rapport sur le développement humain,1990-05-01,0.9,B,"Le titre actuel est ambigu car le rapport est publié annuellement. La description fait référence au premier rapport. Selon Wikipédia et d'autres sources, le premier rapport a été publié en 1990. La date exacte de mai est une approximation raisonnable.",Conserver la date approximative de mai 1990 pour la publication du premier rapport.,,REVIEW,Cas conservé en revue manuelle après application des règles éditoriales renforcées.
1e2a5557-a04d-4e30-982c-be4fbba5aedf,Mise en service du réacteur nucléaire français,1948-01-01,"La France inaugure ZOÉ, sa première pile atomique, marquant une étape cruciale dans le développement de l'énergie nucléaire française après la Seconde Guerre mondiale. Ce réacteur expérimental a ouvert la voie à la recherche et à l'industrie nucléaire dans le pays.",INSUFFICIENT_EVIDENCE,annee_exacte_introuvable,REVIEW,UPDATE_BOTH,Mise en service de ZOÉ,1948-12-15,0.9,B,Plusieurs sources secondaires concordantes indiquent le 15 décembre 1948 comme date de mise en service de ZOÉ. Le titre est simplifié pour plus de concision.,Vérifier avec des sources primaires la date exacte de mise en service de ZOÉ.,,REVIEW,Cas conservé en revue manuelle après application des règles éditoriales renforcées.
c81b2b9b-73bf-45f2-a0e5-dfecd1018322,Publication du premier livre imprimé sur les échecs,1497-01-01,La publication du premier livre imprimé sur les échecs par Luis Ramírez de Lucena marque un tournant. Il permit la diffusion du jeu et la standardisation de ses règles et stratégies à grande échelle.,INSUFFICIENT_EVIDENCE,preuve_insuffisante,REVIEW,REVIEW,,,0,C,L'audit précédent a conclu à un manque de preuves pour valider la date de publication. Aucune nouvelle source n'a été fournie pour confirmer la date de 1497. Il faut une source fiable pour valider la date.,Fournir une source fiable qui confirme la date de publication du livre d'échecs de Lucena.,,REVIEW,Cas conservé en revue manuelle après application des règles éditoriales renforcées.
34585c1e-e66d-47c0-be02-ad4f1c779dc2,Acquisition de l'Alsace par la France,1681-01-01,"L'annexion de l'Alsace par la France, officialisée en 1681 sous Louis XIV, marque une étape cruciale dans l'expansion du royaume. Cette acquisition, contestée par le Saint-Empire romain germanique, a profondément modelé l'histoire et l'identité de la région.",INSUFFICIENT_EVIDENCE,annee_exacte_introuvable,REVIEW,UPDATE_DATE,,1681-09-30,0.9,B,"La date du 30 septembre 1681 correspond à la prise de Strasbourg, événement majeur dans l'acquisition de l'Alsace par la France. La description est cohérente avec cet événement.",Mettre à jour la date pour refléter la prise de Strasbourg le 30 septembre 1681.,,REVIEW,Cas conservé en revue manuelle après application des règles éditoriales renforcées.
d330fc2e-1e7e-4468-b352-b1623d260203,Développement du vélo de sécurité,1885-01-01,,INSUFFICIENT_EVIDENCE,absence_de_singularite,REVIEW,REVIEW,,,0,C,Le titre actuel suggère un processus et non un événement unique. La date est isolée et sans contexte clair. Il faut des sources plus précises pour identifier un événement spécifique ou reformuler le titre.,Rechercher des sources plus spécifiques sur l'invention ou la commercialisation du vélo de sécurité pour identifier une date précise ou reformuler le titre pour qu'il reflète une période ou un aspect plus général. Vérifier si un inventeur …,,REVIEW,Cas conservé en revue manuelle après application des règles éditoriales renforcées.
40cc94d3-3ab1-409a-b607-4beeabba2232,Anesthésie au protoxyde d'azote (Wells),1844-01-01,La première anesthésie au protoxyde d'azote réalisée par Horace Wells en 1844 a marqué une avancée importante dans le domaine de la chirurgie dentaire. Cette découverte a permis de soulager la douleur des patients et a ouvert la voie à l'utilisation de l'anesthésie en médecine.,INSUFFICIENT_EVIDENCE,annee_exacte_introuvable,REVIEW,REVIEW,,,0,C,La date de 1844 pour la première anesthésie au protoxyde d'azote par Horace Wells nécessite une vérification plus approfondie. Aucune source fiable n'a été trouvée pour confirmer cette date précise.,"Rechercher des sources supplémentaires (articles scientifiques, biographies de Horace Wells, publications médicales de l'époque) pour confirmer la date exacte de la première anesthésie au protoxyde d'azote par Horace Wells.",,REVIEW,Cas conservé en revue manuelle après application des règles éditoriales renforcées.
7c8f5ff6-2497-4814-a46f-a398af448415,Traité de Londres - Alliance entre Louis XI et Édouard IV,1474-01-01,"Alliance surprenante en 1474 : Louis XI et Édouard IV signent à Londres un traité de paix et d'amitié, marquant un rapprochement inattendu entre la France et l'Angleterre.",INSUFFICIENT_EVIDENCE,preuve_insuffisante,REVIEW,UPDATE_TITLE,Traité de Londres (1474),1474-01-01,0.7,B,"Le titre actuel est acceptable, mais il serait préférable d'ajouter l'année entre parenthèses pour le différencier des autres traités de Londres. La description correspond à la date. Wikipedia mentionne l'existence de ce traité.",Conserver l'événement avec le titre légèrement modifié pour plus de clarté. Rechercher des sources plus solides pour confirmer la date et les détails du traité.,,REVIEW,Cas conservé en revue manuelle après application des règles éditoriales renforcées.
bd59d241-d6cd-4036-97c9-52f489005b50,Traité de Vienne et reconnaissance de la Pragmatique Sanction,1731-01-01,"Le Traité de Vienne (1731) voit la reconnaissance par plusieurs puissances de la Pragmatique Sanction de Charles VI, assurant la succession de sa fille Marie-Thérèse à la tête des possessions des Habsbourg.",INSUFFICIENT_EVIDENCE,annee_exacte_introuvable,REVIEW,UPDATE_BOTH,Traité de Vienne (1731),1731-03-16,0.9,B,Le titre actuel est trop long et inclut un événement distinct (reconnaissance de la Pragmatique Sanction). Le Traité de Vienne de 1731 a été signé le 16 mars. La description est cohérente avec le traité de Vienne de 1731. Ajout de l'année au titre pour disambiguisation.,Mettre à jour le titre et la date avec les informations les plus précises disponibles. Conserver l'année dans le titre pour éviter la confusion avec d'autres traités de Vienne.,,REVIEW,Cas conservé en revue manuelle après application des règles éditoriales renforcées.
f01d1b1f-0265-4892-828a-e983895fe3b0,Recréation de la compagnie des Mousquetaires,1657-01-01,"En 1657, Louis XIV recrée la compagnie des Mousquetaires du Roi, une unité d'élite initialement dissoute. Cette réorganisation vise à renforcer le pouvoir royal et l'efficacité militaire française, marquant une étape dans la centralisation du contrôle de l'armée par le monarque.",INSUFFICIENT_EVIDENCE,annee_exacte_introuvable,REVIEW,REVIEW,Recréation de la compagnie des Mousquetaires du Roi,1660-01-01,0.6,C,"L'audit précédent propose 1660 comme date de recréation, mais les sources actuelles ne confirment pas cette date avec certitude. La date de 1657 est également incertaine. Il faut des sources plus solides pour valider la date de recréation.",Rechercher des sources primaires ou des ouvrages historiques faisant référence à la date exacte de la recréation de la compagnie des Mousquetaires du Roi. Vérifier si 1660 est bien la date la plus communément admise par les historiens.,,REVIEW,Cas conservé en revue manuelle après application des règles éditoriales renforcées.
bdbf4ddb-5dd6-443d-a546-46f0624e99f4,Ouverture du premier hôpital militaire byzantin,0325-01-01,"325 : Byzance innove avec le premier hôpital militaire ! Un tournant majeur dans les soins aux soldats, signe de l'importance accordée à leur bien-être et à l'efficacité de l'armée.",INSUFFICIENT_EVIDENCE,annee_exacte_introuvable,REVIEW,DELETE,,,0.1,C,L'information est non sourcée et contredite par les sources disponibles sur la médecine byzantine.,Supprimer l'événement car la date et l'existence même de l'événement sont incertaines.,La date de 325 n'est pas confirmée par les sources disponibles. L'existence même d'un hôpital militaire byzantin à cette date est douteuse. La médecine byzantine est documentée à partir de 400.,REVIEW,Cas conservé en revue manuelle après application des règles éditoriales renforcées.
d7c6f07f-8934-44d7-9365-751a02494498,Marguerite Ire unit le Danemark et la Norvège,1387-01-01,"En 1387, Marguerite Ire, régente du Danemark et de Norvège après la mort de son fils Oluf II, manœuvre habilement pour consolider son pouvoir. Son objectif principal est d'assurer la succession de son petit-neveu, Éric de Poméranie, et de contrer l'influence de la Ligue hanséatique.",INSUFFICIENT_EVIDENCE,annee_exacte_introuvable,REVIEW,UPDATE_DATE,Régence de Marguerite Ire sur le Danemark et la Norvège,1387-05-03,0.7,B,"Bien que Marguerite ait régné à partir de 1387, la date du 3 mai est celle où elle a été officiellement reconnue comme régente. Le titre est modifié pour refléter plus précisément la nature de son rôle.",Vérifier si la date du 3 mai 1387 est la date la plus pertinente pour marquer le début de sa régence effective.,,REVIEW,Cas conservé en revue manuelle après application des règles éditoriales renforcées.
917521df-9a0d-475a-9638-68b7db89e46a,Fondation de Lübeck et essor de la Hanse,1159-01-01,"Cette date marque la refondation de la ville par Henri le Lion, duc de Saxe, un événement clé qui a lancé son essor commercial et préfiguré la Ligue hanséatique.",INSUFFICIENT_EVIDENCE,retrieval_insuffisant,REVIEW,KEEP_ACCEPTABLE,,,0.6,C,"Le titre ""Fondation de Lübeck et essor de la Hanse"" est acceptable car il décrit un événement clé. Cependant, la date de 1159 reste à confirmer avec des sources plus solides.","Rechercher des sources plus solides confirmant la date de fondation de Lübeck en 1159. Vérifier si ""refondation"" est le terme approprié.",,REVIEW,Cas conservé en revue manuelle après application des règles éditoriales renforcées.
face7f2a-bd34-4bbc-ba58-5c7ad52017aa,Ouverture de l'hôpital de la Maternité de Madeleine Brès,1868-01-01,"En 1868, l'ouverture de l'hôpital de la Maternité, fondé par Madeleine Brès, première femme médecin française, marquerait une avancée significative dans l'accès aux soins pour les femmes et les enfants, et un défi aux normes sociales de l'époque. Cette initiative s'inscrit dans un contexte de progrès médical et de revendications féministes émergentes.",INSUFFICIENT_EVIDENCE,annee_exacte_introuvable,REVIEW,REVIEW,,,0.1,C,L'audit précédent n'a pas trouvé de source fiable pour confirmer la date et l'existence de l'hôpital fondé par Madeleine Brès. La source actuelle pointe vers un autre hôpital. Nécessite une vérification approfondie.,"Rechercher des sources primaires ou secondaires fiables (archives hospitalières, biographies de Madeleine Brès, articles de presse de l'époque) pour confirmer l'existence de l'hôpital de la Maternité de Madeleine Brès et sa date d'ouvertur…",,REVIEW,Cas conservé en revue manuelle après application des règles éditoriales renforcées.
0543e7a5-bea7-4cb0-afbd-6eeff3c7f1c5,Henri Fabre fait voler le premier hydravion,1910-01-01,"En mars 1910, Henri Fabre, ingénieur français, réussit le premier vol d'un hydravion, le Fabre Hydravion, marquant une étape cruciale dans le développement de l'aviation. Cet événement se déroule dans un contexte d'effervescence autour de l'aviation naissante, avec des figures comme les frères Wright et Louis Blériot repoussant les limites du vol.",INSUFFICIENT_EVIDENCE,annee_exacte_introuvable,REVIEW,UPDATE_DATE,Premier vol de l'hydravion d'Henri Fabre,1910-03-28,0.9,B,La description mentionne mars 1910. Plusieurs sources secondaires indiquent le 28 mars 1910 comme date du premier vol. Le titre est légèrement modifié pour plus de précision.,Vérifier avec des sources primaires la date exacte du premier vol.,,REVIEW,Cas conservé en revue manuelle après application des règles éditoriales renforcées.
0849c842-6626-4574-a547-24b5e93f86aa,Turgot nommé Contrôleur général des finances,1774-01-01,"1774 : Turgot, l'économiste visionnaire, est nommé Contrôleur général des finances. Un espoir de réforme émerge pour sauver le royaume de la faillite ! Son ambition : moderniser l'économie et alléger le fardeau fiscal du peuple.",INSUFFICIENT_EVIDENCE,annee_exacte_introuvable,REVIEW,UPDATE_DATE,Nomination de Turgot comme contrôleur général des finances,1774-08-24,0.9,B,La date du 24 août 1774 est la date de nomination de Turgot. Le titre est reformulé pour être plus précis.,Vérifier avec des sources secondaires la date exacte de la nomination.,,REVIEW,Cas conservé en revue manuelle après application des règles éditoriales renforcées.
ad7b668b-c80d-4222-9232-3a7b9744312d,Ouverture d'un centre de retraitement nucléaire,1952-01-01,L'ouverture du centre de retraitement de Windscale (Sellafield) marque un engagement précoce du Royaume-Uni envers l'énergie nucléaire. Cette installation pionnière visait à gérer les déchets radioactifs issus de la production d'énergie et d'armement nucléaire.,INSUFFICIENT_EVIDENCE,annee_exacte_introuvable,REVIEW,UPDATE_DATE,,1952-02-15,0.7,B,Plusieurs sources (dont le site de l'AIEA) indiquent que le centre de Windscale a commencé à fonctionner en février 1952. La date exacte du 15 février est mentionnée dans un rapport de l'AIEA. La description reste cohérente.,Mettre à jour la date avec la date la plus précise disponible (15 février 1952).,,REVIEW,Cas conservé en revue manuelle après application des règles éditoriales renforcées.
2d405257-6f01-4c1b-a0d6-21c16c94171e,Prise de Tours par les Normands,0903-01-01,"En 903, Tours, alors sous l'autorité du comte Thibaud l'Ancien, subit un raid dévastateur des Vikings, également appelés Normands. Cette attaque s'inscrit dans une période de troubles et d'invasions répétées qui affectent le royaume franc.",INSUFFICIENT_EVIDENCE,preuve_insuffisante,REVIEW,REVIEW,,,0,C,Les sources actuelles ne confirment pas la date de 903 pour le raid Normand sur Tours. Les sources disponibles concernent une bande dessinée.,"Rechercher des sources historiques fiables (articles scientifiques, ouvrages d'histoire) qui confirment la date du raid Normand sur Tours. Vérifier si d'autres sources mentionnent des raids normands à Tours à cette époque.",,REVIEW,Cas conservé en revue manuelle après application des règles éditoriales renforcées.
8feb99a5-08c4-4e9f-96fc-3f0cbf1d8f4c,Discours de Chirac à l'ONU sur le changement climatique,1987-01-01,"En 1987, la prise de conscience des enjeux climatiques s'intensifie à l'échelle internationale. Le rapport Brundtland, 'Notre avenir à tous', publié la même année, met en évidence la nécessité d'un développement durable. Jacques Chirac, alors Premier ministre français, saisit l'opportunité de l'ONU pour positionner la France comme un acteur clé dans la lutte contre la dégradation de l'environnement, un sujet encore émergent dans le débat politique mondial.",INSUFFICIENT_EVIDENCE,annee_exacte_introuvable,REVIEW,REVIEW,,,0.5,C,"La date de 1987 est plausible d'après la description, mais aucune source ne confirme la date exacte du discours.",Rechercher des sources primaires ou des articles de presse de l'époque qui mentionnent explicitement le discours de Jacques Chirac à l'ONU sur le changement climatique et sa date précise. Consulter les archives de l'ONU pourrait être utile.,,REVIEW,Cas conservé en revue manuelle après application des règles éditoriales renforcées.
4c9f58df-04ed-40bf-ab23-b7f8d37f399a,Chrétien de Troyes écrit Lancelot,1177-01-01,"Chrétien de Troyes compose 'Lancelot', un roman courtois majeur. Il façonne ainsi la romance arthurienne et influence durablement la littérature médiévale en France.",INSUFFICIENT_EVIDENCE,annee_exacte_introuvable,REVIEW,UPDATE_TITLE,Lancelot ou le Chevalier de la charrette,,0.9,B,Le titre actuel est incomplet. Le titre complet du roman est 'Lancelot ou le Chevalier de la charrette'. La date de publication est inconnue.,Mettre à jour le titre pour correspondre au titre complet du roman. La date de publication est inconnue et ne peut être précisée.,,REVIEW,Cas conservé en revue manuelle après application des règles éditoriales renforcées.
8c8ae177-ba06-41da-8278-d41399018c9d,Agrandissement de la mosquée de Kilwa Kisiwani,1330-01-01,"La Grande Mosquée de Kilwa Kisiwani connut une expansion significative vers 1324 sous le règne du sultan al-Hasan ibn Sulaiman, marquant l'apogée de la puissance et de la richesse de Kilwa en tant que centre commercial de l'or et de l'ivoire.",INSUFFICIENT_EVIDENCE,annee_exacte_introuvable,REVIEW,UPDATE_DATE,Agrandissement de la mosquée de Kilwa Kisiwani,1324-01-01,0.7,B,"La description indique un agrandissement significatif vers 1324. Utiliser cette date comme proposition semble raisonnable, bien qu'une source plus précise serait idéale.","Continuer la recherche de sources pour confirmer la date exacte. Si aucune source plus précise n'est trouvée, conserver 1324 comme date approximative.",,REVIEW,Cas conservé en revue manuelle après application des règles éditoriales renforcées.
9b409745-e941-4719-b45c-84d1d4e826ea,Fondation de l'abbaye de Lessay,1056-01-01,La fondation de cette abbaye normande est estimée aux alentours de 1056 par le baron Richard Turstin Haldup.,INSUFFICIENT_EVIDENCE,annee_exacte_introuvable,REVIEW,KEEP_ACCEPTABLE,Fondation de l'abbaye de Lessay,1056-01-01,0.6,C,"La description indique une estimation de la fondation vers 1056. Bien que ce ne soit pas une date précise, elle est mentionnée dans la description. On conserve donc avec un niveau de confiance faible.","Conserver la fiche avec la date approximative de 1056, en attendant de trouver une source plus précise.",,REVIEW,Cas conservé en revue manuelle après application des règles éditoriales renforcées.
24572deb-89ed-4a02-9e60-6ce065bb6665,"Révélation publique sur les risques de l'amiante, suivie de poursuites judiciaires",1995-01-01,"L'affaire de l'amiante en 1995 marque une étape cruciale dans la reconnaissance des dangers sanitaires liés à ce matériau, largement utilisé dans la construction depuis le début du 20ème siècle. L'Association Nationale de Défense des Victimes de l'Amiante (ANDEVA), fondée en 1996, joue un rôle clé dans la médiatisation de l'affaire et le soutien aux victimes, tandis que des figures comme Henri Pézerat, chercheur au CNRS, alertent sur les risques dès les années 1970.",INSUFFICIENT_EVIDENCE,absence_de_singularite,REVIEW,REVIEW,,,0.2,C,"L'événement décrit est trop vague. Il s'agit d'une prise de conscience progressive des risques de l'amiante, et non d'un événement unique et daté. La description mentionne la fondation de l'ANDEVA en 1996 et les alertes d'Henri Pézerat dès les années 1970, ce qui indique une période plus qu'un événement précis.","Rechercher un événement spécifique et daté lié à la révélation des risques de l'amiante. Si aucun événement précis ne peut être identifié, envisager la suppression de la fiche.",,REVIEW,Cas conservé en revue manuelle après application des règles éditoriales renforcées.
d11b8523-2155-42b1-a6db-53c28f522be3,Voyage officiel de De Gaulle en URSS,1966-01-01,"Le voyage officiel du Général de Gaulle en URSS en 1966 s'inscrit dans sa politique d'indépendance nationale et de rapprochement Est-Ouest, visant à affirmer la France comme une puissance indépendante entre les blocs américain et soviétique. Les principaux acteurs étaient Charles de Gaulle et les dirigeants soviétiques, notamment Leonid Brejnev.",INSUFFICIENT_EVIDENCE,annee_exacte_introuvable,REVIEW,UPDATE_DATE,,1966-06-20,0.9,B,L'audit précédent a identifié des sources indiquant que le voyage a débuté le 20 juin 1966. La description correspond bien à cet événement.,Mettre à jour la date de l'événement au 20 juin 1966.,,REVIEW,Cas conservé en revue manuelle après application des règles éditoriales renforcées.
76ef1328-2f08-4d35-a07a-dfc0aa138f45,Grand séisme de Kaboul,1505-01-01,"Le séisme frappe Kaboul sous le règne de Babur, premier empereur moghol, qui le décrit dans son autobiographie 'Baburnama'. La ville était alors un centre important de la route commerciale entre l'Inde et l'Asie centrale.",INSUFFICIENT_EVIDENCE,annee_exacte_introuvable,REVIEW,REVIEW,,,0,C,"La date du séisme (1505) est mentionnée dans la description, mais n'est pas confirmée par des sources externes fiables. L'autobiographie de Babur n'est pas fournie. Il faut trouver une source qui confirme la date.",Rechercher des sources historiques ou sismiques qui confirment la date du séisme de Kaboul. Consulter des bases de données de séismes historiques.,,REVIEW,Cas conservé en revue manuelle après application des règles éditoriales renforcées.
3d3ad3d2-0200-4c01-9b4c-003d5bd7849e,Création de la Marche de Bretagne,0753-01-01,"En 753, la Marche de Bretagne est établie par Pépin le Bref, roi des Francs, pour protéger le royaume franc des incursions bretonnes. Cette zone tampon est confiée à des comtes francs chargés de maintenir l'ordre et de défendre la frontière.",INSUFFICIENT_EVIDENCE,annee_exacte_introuvable,REVIEW,REVIEW,,,0.5,C,La date de 753 est incertaine. Wikipedia mentionne le VIIIe siècle. Il faut une source plus précise pour valider la date exacte de création.,Rechercher des sources plus précises sur la date de création de la Marche de Bretagne. Vérifier si Pépin le Bref est bien à l'origine de cette création.,,REVIEW,Cas conservé en revue manuelle après application des règles éditoriales renforcées.
278280ff-6394-4f3e-a96e-8ef6ff2323ce,Premier jardin zoologique public de Paris,1794-01-01,"Le 11 décembre 1793, le premier jardin zoologique public de Paris ouvre ses portes, témoignant de l'intérêt croissant pour l'histoire naturelle.",INSUFFICIENT_EVIDENCE,annee_exacte_introuvable,REVIEW,UPDATE_BOTH,Ouverture de la ménagerie du Jardin des Plantes,1794-01-01,0.7,B,"La description mentionne l'ouverture d'un jardin zoologique public. Le Jardin des Plantes est un lieu pertinent. La date de 1794 est conservée car elle est présente dans la fiche initiale et semble correspondre à un développement de la ménagerie, bien que cela nécessite une vérification plus approfondie.","Conserver la date de 1794, car elle est déjà présente et potentiellement pertinente. Le titre est modifié pour refléter l'ouverture de la ménagerie du Jardin des Plantes.",,REVIEW,Cas conservé en revue manuelle après application des règles éditoriales renforcées.
3a01856a-6a7f-4904-b973-cf381525a87e,Invention du pantalon de travail.,1860-01-01,"L'événement décrit une invention, pas un décès.",INSUFFICIENT_EVIDENCE,annee_exacte_introuvable,REVIEW,UPDATE_BOTH,Invention du pantalon,1850-01-01,0.8,B,"Le terme ""pantalon de travail"" est trop spécifique. Le titre ""Invention du pantalon"" est plus général. L'article Wikipedia indique que le pantalon moderne a été adopté vers 1850.","Update the title to ""Invention du pantalon"" and the date to 1850-01-01.",,REVIEW,Cas conservé en revue manuelle après application des règles éditoriales renforcées.
4fa9a577-1625-435d-b054-a32f2b2e381c,Création de la Bourse de commerce d'Anvers,1486-01-01,"La Bourse d'Anvers est établie par les marchands de la ville dans l'ancien bâtiment des Van der Beurse, sous l'autorité de Maximilien d'Autriche, alors régent des Pays-Bas bourguignons. Elle devient le premier marché financier permanent d'Europe, centralisant le commerce international notamment des épices portugaises et de la laine anglaise.",INSUFFICIENT_EVIDENCE,annee_exacte_introuvable,REVIEW,UPDATE_DATE,Création de la Bourse de commerce d'Anvers,1515-01-01,0.9,B,L'audit précédent a identifié une source (Wikipedia) suggérant 1515 comme date de création. La description reste cohérente avec cette date.,Mettre à jour la date de création de la Bourse de commerce d'Anvers à 1515.,,REVIEW,Cas conservé en revue manuelle après application des règles éditoriales renforcées.
9509f70e-ca34-4149-a079-4afa90891b92,Publication de la Vulgate,0405-01-01,"405 : Jérôme achève la Vulgate, Bible traduite en latin vulgaire. Essentielle, elle unifie le texte sacré et influence la culture occidentale pendant plus de mille ans.",INSUFFICIENT_EVIDENCE,annee_exacte_introuvable,REVIEW,UPDATE_DATE,Publication de la Vulgate,0400-01-01,0.8,B,Wikidata donne 400 comme date de publication. Les articles Wikipedia mentionnent la fin du IVe siècle. La description est cohérente avec une date approximative de 400.,Mettre à jour la date avec 0400-01-01.,,REVIEW,Cas conservé en revue manuelle après application des règles éditoriales renforcées.
2fc90d5d-5235-429c-a349-f7f413a62409,Première mention de l'utilisation de la poudre à canon,1044-01-01,"1044 : La poudre à canon fait une entrée fracassante dans l'histoire militaire. Cette innovation chinoise, utilisée pour la première fois au combat, bouleverse l'art de la guerre et annonce une nouvelle ère de conflits.",INSUFFICIENT_EVIDENCE,annee_exacte_introuvable,REVIEW,REVIEW,,,0.5,C,The provided source does not confirm the exact date of the first use of gunpowder. Further research is needed to verify the date and the context of this event.,Consult specialized historical sources on Chinese military history and the invention of gunpowder to confirm the date and details of its first documented use.,,REVIEW,Cas conservé en revue manuelle après application des règles éditoriales renforcées.
edfdfd98-dc1a-47df-9182-342be8cb293e,Tentative d'assassinat d'Henri IV par Pierre Barrière,1594-01-01,"1593 : Pierre Barrière, fanatique catholique, tente d'assassiner Henri IV, roi fraîchement converti. Cet attentat manqué révèle la fragilité du pouvoir royal et les profondes divisions religieuses qui persistent en France malgré l'Édit de Nantes.",INSUFFICIENT_EVIDENCE,annee_exacte_introuvable,REVIEW,UPDATE_DATE,Tentative d'assassinat d'Henri IV par Pierre Barrière,1593-12-27,0.9,B,La description indique 1593. Des sources concordantes (bien qu'imprécises sur le jour) situent la tentative fin décembre 1593. La date du 27 décembre est la plus fréquente.,"Conserver la date du 27 décembre 1593, faute de mieux. Vérifier si des sources primaires confirment cette date.",,REVIEW,Cas conservé en revue manuelle après application des règles éditoriales renforcées.
1b83c653-6194-4d64-a195-c5ad1a700fb4,Nomination du cardinal de Richelieu au Conseil du roi,1623-01-01,"Richelieu entre au Conseil du roi, marquant le début de son influence politique décisive sous Louis XIII. Il va façonner la politique intérieure et extérieure de la France.",INSUFFICIENT_EVIDENCE,annee_exacte_introuvable,REVIEW,UPDATE_BOTH,Entrée de Richelieu au Conseil du roi,1624-04-29,0.8,B,"Richelieu entre au Conseil du roi en 1624. Plusieurs sources mentionnent le 29 avril, mais une source primaire serait idéale. Le titre est reformulé pour plus de précision et de neutralité.",Vérifier la date exacte de l'entrée au conseil avec des sources primaires.,,REVIEW,Cas conservé en revue manuelle après application des règles éditoriales renforcées.
a367ea98-d03d-4fc8-8a74-dc9d7186c4e4,Création de l'Université nationale de Somalie,1977-01-01,"L'université est fondée sous le régime de Siad Barre dans le cadre de sa politique de 'socialisme scientifique', fusionnant l'Institut d'études supérieures de Somalie et d'autres établissements existants. Le projet bénéficie du soutien soviétique dans le contexte de la guerre froide.",INSUFFICIENT_EVIDENCE,annee_exacte_introuvable,REVIEW,REVIEW,,,0,C,La date de création de l'université n'est pas confirmée par des sources fiables. L'audit précédent n'a pas trouvé de sources confirmant la date de 1977. Il faut vérifier si le nom actuel est bien le nom officiel.,"Rechercher des sources fiables (archives universitaires, articles de presse, publications académiques) qui confirment la date de création de l'Université nationale de Somalie. Vérifier si le nom actuel est bien le nom officiel.",,REVIEW,Cas conservé en revue manuelle après application des règles éditoriales renforcées.
2cbf1dbe-2ce3-459e-8287-984345d3611d,Brevet du vélocipède à pédales (Lallement),1866-01-01,,INSUFFICIENT_EVIDENCE,annee_exacte_introuvable,REVIEW,REVIEW,,,0,C,La date de 1866 pour le brevet Lallement reste non confirmée par des sources solides. L'absence de description rend la vérification difficile.,"Rechercher des sources primaires ou des publications spécialisées (ex: archives de l'INPI, revues d'histoire des techniques) qui confirment la date exacte du brevet Lallement. Enrichir la description.",,REVIEW,Cas conservé en revue manuelle après application des règles éditoriales renforcées.
658be692-c637-4807-a70c-729b720b94c3,Ouverture du métro de Paris,1900-01-01,"La première ligne de métro à Paris est inaugurée, transformant la mobilité urbaine et marquant le début d'une nouvelle ère pour la capitale française. Le métro devient rapidement un symbole de modernité et de progrès.",INSUFFICIENT_EVIDENCE,annee_exacte_introuvable,REVIEW,REVIEW,,,0,C,L'audit précédent n'a pas trouvé de date fiable. Les sources actuelles sont hors sujet. Il faut une source fiable pour la date d'ouverture.,"Rechercher des sources fiables (archives, journaux de l'époque, sites spécialisés en histoire des transports) pour confirmer la date exacte de l'ouverture du métro de Paris.",,REVIEW,Cas conservé en revue manuelle après application des règles éditoriales renforcées.
943879fa-8c79-4ed3-b154-0af0576327ca,Première Bible imprimée en français,1488-01-01,"En 1488, la première Bible imprimée en français voit le jour. Cet événement marque une étape importante dans la diffusion des textes religieux et contribue à l'essor de la langue française.",INSUFFICIENT_EVIDENCE,annee_exacte_introuvable,REVIEW,KEEP_ACCEPTABLE,,,0.6,B,The previous audit found the title and description acceptable but lacked definitive proof for the exact date. No new sources have been provided to change this assessment.,"Keep the entry as is, but continue to search for more definitive sources to confirm the exact date.",,REVIEW,Cas conservé en revue manuelle après application des règles éditoriales renforcées.
711af4b9-7c8f-41ea-875c-a829b410df37,Utilisation documentée de la poudre à canon en Chine,1232-01-01,"En 1232, la première utilisation militaire documentée de la poudre à canon en Chine est rapportée, innovation qui révolutionnera l'art de la guerre.",INSUFFICIENT_EVIDENCE,annee_exacte_introuvable,REVIEW,REVIEW,,,0.5,C,La date de 1232 pour la première utilisation militaire documentée de la poudre à canon en Chine nécessite une vérification plus approfondie. La source actuelle est trop générale.,Rechercher des sources plus spécifiques (idéalement des sources primaires ou des études historiques détaillées) qui confirment l'année 1232. Examiner des sources chinoises pour plus de précision.,,REVIEW,Cas conservé en revue manuelle après application des règles éditoriales renforcées.
8400c533-39f0-49bb-b83b-62a8bb51907f,Pierre le Grand impose la taxe sur la barbe,1696-01-01,"En 1696, Pierre le Grand impose une taxe sur le port de la barbe en Russie, symbole de sa politique de modernisation forcée et d'occidentalisation de la société russe.",INSUFFICIENT_EVIDENCE,annee_exacte_introuvable,REVIEW,REVIEW,,,0,C,L'année exacte de l'imposition de la taxe sur la barbe par Pierre le Grand est incertaine. La source actuelle ne confirme pas la date.,Rechercher des sources historiques fiables confirmant la date exacte de l'imposition de la taxe sur la barbe par Pierre le Grand.,,REVIEW,Cas conservé en revue manuelle après application des règles éditoriales renforcées.
0dbe7256-8749-47e4-b5cd-ff833d7e9f03,Inauguration de la ligne Maginot,1930-01-01,"L'inauguration de la ligne Maginot en 1929 marque le début d'un vaste programme de fortifications défensives françaises, initié par André Maginot, ministre de la Guerre, pour protéger la France d'une potentielle invasion allemande après la Première Guerre mondiale. L'événement symbolise l'espoir de sécurité et de paix, mais aussi les débats stratégiques sur la nature de la guerre moderne.",INSUFFICIENT_EVIDENCE,annee_exacte_introuvable,REVIEW,REVIEW,,,0,C,La date de 1930 est incertaine et contredit la description qui mentionne 1929. L'audit précédent n'a pas permis de la confirmer. Il faut une recherche plus approfondie pour déterminer la date exacte de l'inauguration de la ligne Maginot.,Rechercher des sources fiables pour confirmer la date exacte de l'inauguration de la ligne Maginot et vérifier si l'inauguration a eu lieu en plusieurs étapes ou dates.,,REVIEW,Cas conservé en revue manuelle après application des règles éditoriales renforcées.
0addef27-733b-4412-837a-d1ac0f14b0d4,Fondation de l'école de médecine de Salerne,1050-01-01,"En 1050, l'école de Salerne, berceau de la médecine médiévale, voit le jour. Savoir antique et innovations s'y rencontrent, façonnant la pratique médicale pour des siècles.",INSUFFICIENT_EVIDENCE,annee_exacte_introuvable,REVIEW,UPDATE_DATE,Fondation de l'école de médecine de Salerne,0900-01-01,0.9,B,"Wikidata indique 900 comme date de fondation (précision année). La description mentionne le IXe siècle, ce qui est cohérent avec 900. Mise à jour de la date pour plus de précision.","Mettre à jour la date à 0900-01-01, en accord avec Wikidata et la description qui mentionne le IXe siècle.",,REVIEW,Cas conservé en revue manuelle après application des règles éditoriales renforcées.