id,titre,date_in_db,date_candidate,precision,status,result_bucket,confidence,needs_human_review,recommendation,matched_article_fr,matched_article_en,wikidata_id
cf49875f-3d7d-4811-b5cf-8acf7c0fd5ec,Régence de la reine Bathilde,0657-01-01,0657-01-01,year,CONFIRMED,confirme,0.9,false,No change needed.,Bathilde,,Q237750
8f2d9e61-23a9-4b23-8ffc-5ce360678d3b,Décès de Denis Diderot,1784-01-01,1784-01-01,year,CONFIRMED,confirme,1,false,No change needed.,Denis Diderot,,Q448
2c9529d0-2493-4540-87c3-89a8e8e060f1,Concile Quinisexte à Constantinople,0692-01-01,,,INSUFFICIENT_EVIDENCE,annee_exacte_introuvable,0,true,Rechercher des sources externes fiables mentionnant spécifiquement l'année du Concile Quinisexte à Constantinople.,,,Q10551516
cd1d8f65-12f9-4fe7-80e4-6d8414889910,Instauration du service militaire de trois ans,1913-08-07,1913-01-01,year,CONFIRMED,confirme,0.9,false,No change needed.,,,Q2813643
8d5b0ff1-b5c6-4e6b-8620-85a7d5d119bd,Découverte du bacille de la peste par Yersin et Roux,1894-01-01,1894-01-01,year,CONFIRMED,confirme,1,false,Aucune recommandation nécessaire.,Peste et Choléra,,Q3376294
c00314d8-6382-41b1-b42e-7a8095b163ed,Décès du philosophe et écrivain Jean-Paul Sartre dans la capitale française,1980-01-01,1980-01-01,year,CONFIRMED,confirme,1,false,No change needed.,https://fr.wikipedia.org/wiki/Jean-Paul_Sartre,,Q9364
9f25ce00-53d9-4828-875c-b2d35572d1cc,Découverte du trésor de Panagyurishte,1949-01-01,1949-01-01,year,LIKELY_CORRECT,preuve_externe_faible,0,false,Ajouter des sources externes fiables pour confirmer l'année de la découverte.,,,
1df0e15c-7b2e-493a-adc9-cd17d0efbfd0,Découverte du tombeau de Philippe II de Macédoine,1977-01-01,1977-01-01,year,CONFIRMED,confirme,0.9,false,Aucune modification nécessaire.,,,Q167119
22b9a803-c718-480a-abdf-2afe9d65cf5f,Sacre de Lothaire à Reims,0954-01-01,0954-01-01,year,CONFIRMED,confirme,1,false,No change needed.,Lothaire (roi des Francs),,Q242832
69f29ba9-3001-450e-bb21-f34452249867,Bataille de Crète,1941-01-01,1941-01-01,year,CONFIRMED,confirme,0.9,false,Confirmer la date de 1941.,wikipedia_fr_article,,Q153316
3b965e1f-a963-49b8-8065-eb5e7c0252bc,Institution des Monts-de-piété,1515-01-01,,,INSUFFICIENT_EVIDENCE,absence_de_singularite,0,true,Reject the event as it describes a process rather than a singular event.,https://fr.wikipedia.org/wiki/Mont-de-pi%C3%A9t%C3%A9,,Q1297903
a8f51b34-3b3a-485b-b726-499256759e4d,Scandale du sang contaminé – procès,1993-01-01,1993-01-01,year,LIKELY_CORRECT,probable_mais_a_confirmer,0.8,false,Confirmer la date de 1993 pour le procès lié au scandale du sang contaminé.,Affaire du sang contaminé,,Q928528
936af37d-5e60-4229-bc54-87ce8464bdb4,Synode d'Orléans : Condamnations pour hérésie,1022-01-01,,,INSUFFICIENT_EVIDENCE,annee_exacte_introuvable,0,true,Rechercher des sources externes confirmant l'année 1022 pour le synode d'Orléans.,,,Q160598
281aeb82-03f2-473c-bbc3-8f0eb18eaaee,Alliance franco-ottomane,1543-01-01,,,INSUFFICIENT_EVIDENCE,absence_de_singularite,0,true,"Reject due to the event describing a long-lasting alliance, not a single-year event.",https://fr.wikipedia.org/wiki/Alliance_franco-ottomane,,Q2457631
b748197a-a7ea-49be-91e8-5c377092d1d0,Ouverture du Bon Marché,1852-01-01,,,INSUFFICIENT_EVIDENCE,annee_exacte_introuvable,0,true,Rechercher des sources externes fiables mentionnant l'année exacte de l'ouverture du Bon Marché.,,,Q3210527
b30c4b06-cb13-4c5d-a867-ee4d5dc55878,Première de la Symphonie n°5 de Gustav Mahler,1904-10-18,1904-01-01,year,LIKELY_CORRECT,probable_mais_a_confirmer,0.8,false,No change needed.,,,Q7304
49d085f0-f01a-454b-b932-b4fc5628912e,Ouverture du Woolworth Building,1913-01-01,1913-01-01,year,CONFIRMED,confirme,0.9,false,Aucune action nécessaire.,wikipedia_fr_article,,Q217652
bb4d0e51-7bc6-4f21-9826-6c89ff74bcfc,Translation des reliques de saint Liboire,0836-01-01,,,INSUFFICIENT_EVIDENCE,preuve_insuffisante,0,true,Search for sources that specifically mention the translation of the relics of Saint Liboire and confirm the year 836.,https://fr.wikipedia.org/wiki/Cath%C3%A9drale_Saint-Liboire_de_Paderborn,,Q383958
dec613b8-3efa-4fa6-93a7-000b2554bedb,Conspiration de Cellamare,1718-01-01,1718-01-01,year,CONFIRMED,confirme,1,false,No change needed.,wikipedia_fr_article,wikipedia_en_article,Q1297581
2f238f17-18b8-49a0-80e2-de2b2649868d,Bataille du Mans,1871-01-01,1871-01-01,year,CONFIRMED,confirme,1,false,Confirmer la date de 1871.,wikipedia_fr_article,,Q2890787
62916195-b10b-4aa4-8001-3be786bb2575,Première de La Bohème de Giacomo Puccini,1896-02-01,1896-01-01,year,LIKELY_CORRECT,probable_mais_a_confirmer,0.8,false,No change needed.,,,Q7311
644cbd48-e07a-4190-b910-3879ef70d916,Invention du casque de bain à bulles,1960-01-01,1960-01-01,year,LIKELY_CORRECT,preuve_externe_faible,0.5,false,Rechercher des sources externes fiables pour confirmer l'année de l'invention.,,,
23a9e228-3678-485c-960f-bd50f8ec13ec,Réforme grégorienne du calendrier,1582-10-01,1582-01-01,year,CONFIRMED,confirme,0.9,false,Confirmer la date de 1582 comme l'année de la réforme grégorienne du calendrier.,Calendrier,,Q12132
4e5eeef9-663e-4983-8f7f-e4070511c930,L'émergence du punk en France : Métal Urbain et la scène parisienne,1977-01-01,1977-01-01,year,LIKELY_CORRECT,probable_mais_a_confirmer,0.6,false,Confirmer que 1977 est bien l'année de l'émergence du punk en France.,https://fr.wikipedia.org/wiki/Punk_rock,,Q3071
3566e5cd-0385-41e8-8cf4-681f89a6d83e,Intervention française en Espagne (Expédition d'Espagne),1823-01-01,1823-01-01,year,CONFIRMED,confirme,1,false,Confirm the date.,Expédition d'Espagne,,Q1450594
ea4fbd18-d662-4e4d-b270-4ab390a74ffc,Loi Le Chapelier interdisant les corporations,1791-01-01,1791-01-01,year,CONFIRMED,confirme,1,false,No changes needed.,https://fr.wikipedia.org/wiki/Loi_Le_Chapelier,,Q1518796
8cb2f053-fb59-40aa-97a7-015ad7018070,Premier vol d'essai du Concorde,1969-03-02,1969-01-01,year,LIKELY_CORRECT,preuve_externe_faible,0.8,false,No change needed.,Liste des Concorde,,Q3245388
54ed3b12-8eef-4afa-a582-6c28fbf442ec,Razzia d'Autun,0725-01-01,0725-01-01,year,LIKELY_CORRECT,preuve_externe_faible,0,false,Ajouter des sources externes fiables pour confirmer l'année de la razzia d'Autun.,,,
06c43bfb-74e7-4adf-80f1-c3a558021419,Fondation du royaume du Cambodge,0802-01-01,,,INSUFFICIENT_EVIDENCE,absence_de_singularite,0,true,Further research is needed to confirm the founding year of the Kingdom of Cambodia.,Royaume du Cambodge,,Q1236993
787cf23d-edd8-4c43-8622-700a0d6fa5f3,Condamnation de Priscillien,0385-01-01,0385-01-01,year,CONFIRMED,confirme,1,false,Confirmer la date de 385.,https://fr.wikipedia.org/wiki/Priscillien,,Q347010
3eaee731-9602-4d46-bad5-037427a0c71a,Fondation de l'Université Européenne de Tirana,2006-01-01,2006-01-01,year,CONFIRMED,confirme,1,false,Confirmer la date de fondation de l'Université Européenne de Tirana comme étant 2006.,Université européenne de Tirana,,Q1377564
19ec1746-8efc-4767-924e-24e93f71dc76,Règne de Philippe II Auguste,1180-01-01,,,INSUFFICIENT_EVIDENCE,absence_de_singularite,0,true,Confirmer la date de début du règne de Philippe II Auguste comme 1180.,wikipedia_fr_article,,Q34428
1f46a839-7c18-4a5e-b653-db5130ca5232,Politique de non-intervention en Espagne de la France,1936-01-01,,,INSUFFICIENT_EVIDENCE,absence_de_singularite,0,true,"Reject. The title describes a policy, not a single-year event.",Non-intervention (guerre d'Espagne),,Q525466
545aa73a-de15-4eaa-9ed6-19306edf42e4,Renversement de l’Empire allemand par la révolution de novembre,1918-01-01,1918-01-01,year,CONFIRMED,confirme,0.9,false,No change needed.,,,Q2380231
e6d0bd88-8079-4d14-a650-17dfaa21dd52,Publication du Décret de Kutná Hora,1409-01-01,,,INSUFFICIENT_EVIDENCE,retrieval_insuffisant,0,true,Ajouter des sources externes fiables pour confirmer l'année de publication du Décret de Kutná Hora.,,,
99e1f633-e796-46c2-a4ee-6b0f1c2b0692,Publication du rapport spécial du GIEC,2018-01-01,2018-01-01,year,CONFIRMED,confirme,1,false,None,"https://fr.wikipedia.org/wiki/Rapport_sp%C3%A9cial_du_GIEC_sur_les_cons%C3%A9quences_d%27un_r%C3%A9chauffement_plan%C3%A9taire_de_1,5_%C2%B0C",,Q57077013
e88e7698-3d34-4cf8-8eaf-f93938333043,Mort de Sitting Bull,1890-01-01,1890-01-01,year,CONFIRMED,confirme,1,false,Aucune.,wikipedia_fr_article,wikipedia_en_article,Q43527
422ce035-bc0b-4cd7-b4d0-5bf0f8611ec6,Al-Khwarizmi écrit 'Sur le calcul avec les chiffres indiens',0825-01-01,0825-01-01,year,LIKELY_CORRECT,probable_mais_a_confirmer,0.8,false,Vérifier si d'autres sources confirment l'année 825 pour la rédaction de 'Sur le calcul avec les chiffres indiens'.,https://fr.wikipedia.org/wiki/Al-Khw%C3%A2rizm%C3%AE,,Q9038
500c4f2d-1a2a-46e2-b382-e81639d06049,Guerre de l'Oreille de Jenkins,1739-01-01,1739-01-01,year,CONFIRMED,confirme,0.9,false,Confirmer la date de 1739.,https://fr.wikipedia.org/wiki/Guerre_de_l%27oreille_de_Jenkins,,Q54434
d894bf4a-4583-4246-b51a-b326308193e7,Révolution iranienne,1979-10-01,1979-01-01,year,LIKELY_CORRECT,probable_mais_a_confirmer,0.7,false,Confirmer la date de 1979.,https://fr.wikipedia.org/wiki/R%C3%A9volution_iranienne,,Q126065
a48d5cde-010e-47e1-96b0-518b0d283998,Ravaillac quitte les Cordeliers,1609-01-01,1609-01-01,year,LIKELY_CORRECT,preuve_externe_faible,0.5,false,Fournir des sources externes pour confirmer l'année 1609.,,,
9468df20-4253-4c31-aed2-7bc216b5f16d,Création du Ministère des Finances,1791-01-01,1791-01-01,year,CONFIRMED,confirme,0.9,false,No change needed.,Loi des 27 avril-25 mai 1791 relative à l'organisation du ministère,,Q65138505
baca69d8-c640-4f22-acf4-2dfbfd302963,Inauguration du Colisée à Rome,0080-01-01,0080-01-01,year,LIKELY_CORRECT,probable_mais_a_confirmer,0.7,false,Vérifier si d'autres sources confirment 80 ou 82.,Colisée,,Q10285
d67e66f7-bf66-4a84-808c-4fa42dcf77c8,Explosion de la première bombe atomique soviétique,1949-01-01,1949-01-01,year,CONFIRMED,confirme,0.9,false,No change needed.,Projet de bombe atomique soviétique,,Q2006230
cd73e5b9-3fea-427c-8057-de346ad48bb3,Saint-Pierre-du-Vauvray rail accident,1985-01-01,1985-01-01,year,CONFIRMED,confirme,0.9,false,No changes needed.,,,Q2371169
bf808e70-26e0-49f7-af34-ee2975ddc910,Henri IV est excommunié par Grégoire VII,1076-01-01,1076-01-01,year,CONFIRMED,confirme,0.9,false,No change needed.,Grégoire VII,,Q133063
082ab4ca-1b7c-479b-b95f-76cdc524905e,Échec de l'expédition franque contre les Byzantins en Italie,0554-01-01,0554-01-01,year,LIKELY_CORRECT,preuve_externe_faible,0,false,Fournir des sources externes pour valider l'année de l'échec de l'expédition franque contre les Byzantins en Italie.,,,
769024bb-d47e-47da-b7fe-b60a54e36705,Johannes Kepler publie Astronomia Nova,1609-01-01,1609-01-01,year,CONFIRMED,confirme,1,false,Confirm the event date as 1609.,https://fr.wikipedia.org/wiki/Astronomia_nova,,Q779311
8a8fe801-579a-4203-a612-cb597b5e0379,Publication des Fleurs du mal de Baudelaire,1857-01-01,,,INSUFFICIENT_EVIDENCE,annee_exacte_introuvable,0,true,"Search for sources that explicitly state the publication year of ""Les Fleurs du mal"" by Baudelaire.",wikipedia_fr_article,,Q3073628
fa261f4f-cb4f-4b5e-88a1-6be60bda36eb,Conférence Atoms for Peace,1953-01-01,1953-01-01,year,CONFIRMED,confirme,0.9,false,CONFIRMED,wikipedia_fr_article,wikipedia_en_article,Q757644
6cb77314-7ffa-4668-a568-8fbd17fb93ec,Ouverture du premier escalier mécanique à New York,1892-01-01,1892-01-01,year,LIKELY_CORRECT,probable_mais_a_confirmer,0,false,Rechercher des sources externes confirmant l'année 1892 pour l'ouverture du premier escalier mécanique à New York.,,,Q116734
57263c5c-b035-4eaa-a498-b8f7b8e797a3,Bataille du Yarmouk conquête musulmane de la Syrie byzantine,0636-01-01,0636-01-01,year,CONFIRMED,confirme,0.9,false,Confirmer la date de 636.,https://fr.wikipedia.org/wiki/Bataille_du_Yarmouk,,Q194226
87a4890b-0c26-47b2-a241-6f552578e5bb,Création du mouvement Combat,1941-01-01,1941-01-01,year,CONFIRMED,confirme,0.9,false,Confirmer la date de création du mouvement Combat comme étant 1941.,wikipedia_fr_article,wikipedia_en_article,Q1113445
955e0e45-1660-4c64-863c-1e94b2d2ba47,Création du CNES,1961-01-01,1961-01-01,year,LIKELY_CORRECT,preuve_externe_faible,0.5,false,Fournir des sources externes pour confirmer l'année de création du CNES.,,,
3796dae4-50d3-4edf-a806-9e41c9958274,Création du Comité de salut public,1793-01-01,1793-01-01,year,CONFIRMED,confirme,0.9,false,Confirmer la date de 1793.,wikipedia_fr_article,wikipedia_en_article,Q724922
a740e682-ab94-4945-9eab-118b3a3bae23,Signature du Pacte de Varsovie,1955-01-01,1955-01-01,year,CONFIRMED,confirme,1,false,No change needed.,Pacte de Varsovie,,Q41644
abb5967d-38f2-4f0a-bb6c-9ae22f286c6a,Production du premier hamburger cultivé in vitro,2013-01-01,,,INSUFFICIENT_EVIDENCE,retrieval_insuffisant,0,true,Ajouter des sources externes fiables pour confirmer l'année de l'événement.,,,
1cf48ee1-c6d9-4abf-b1aa-15c2adb41e97,Accords de Munich,1938-09-30,1938-01-01,year,CONFIRMED,confirme,0.9,false,Aucune.,wikipedia_fr_article,wikipedia_en_article,Q154255
5ed86a99-ff51-4da7-a87c-106a78dd44af,Traité de Ankara : fin de la guerre franco-turque,1921-01-01,1921-01-01,year,CONFIRMED,confirme,1,false,Confirmer la date de 1921.,Traité d'Ankara,,Q2358950
481e23f6-f2d2-4847-8bad-d3870ff2279e,Fin de la domination franque en Thuringe,0641-01-01,0641-01-01,year,LIKELY_CORRECT,probable_mais_a_confirmer,0,false,Ajouter des sources externes fiables confirmant l'événement et sa date.,,,Q1205
0ae948b5-6017-4dce-94f4-cb7dcae66570,"Traité de Séville entre l'Espagne, la France et l'Angleterre",1729-01-01,1729-01-01,year,LIKELY_CORRECT,probable_mais_a_confirmer,0.8,false,Confirmer la date de 1729 comme année du Traité de Séville.,,,Q29
9a30da6f-724f-4b63-b66b-3e07626625ed,Inauguration du Chrysler Building,1930-01-01,1930-01-01,year,CONFIRMED,confirme,0.9,false,Confirm the event date as 1930.,Chrysler Building,,Q11274
9ae696a1-b4f2-4e6d-9839-60a94b395f8a,Guerre civile en Bosnie-Herzégovine,1992-01-01,,,INSUFFICIENT_EVIDENCE,absence_de_singularite,0,true,Confirmer la date de début de la guerre civile en Bosnie-Herzégovine comme 1992.,Bosnie-Herzégovine,,Q225
ec3220be-d8c4-4c2e-ad5b-042841cd3db6,Rétablissement de Louis le Pieux par Louis le Germanique et Pépin d'Aquitaine,0834-01-01,0834-01-01,year,LIKELY_CORRECT,probable_mais_a_confirmer,0.8,false,Confirmer la date de 834.,https://fr.wikipedia.org/wiki/Louis_le_Pieux,,Q43974
64218ec9-179d-4af8-9b27-bc97642ccf8e,Fondation de la CGT,1895-01-01,,,INSUFFICIENT_EVIDENCE,retrieval_insuffisant,0,true,Fournir des sources externes fiables pour confirmer l'année de fondation de la CGT.,,,
c8b8deaf-5e3f-43c0-b90c-26a5ca021251,Nationalisation de la Banque de France,1945-01-01,1945-01-01,year,CONFIRMED,confirme,1,false,No changes needed.,Loi du 2 décembre 1945 relative à la nationalisation de la Banque de France et des grandes banques et à l'organisation du crédit,,Q109315196
e24d290e-27e6-4078-ad93-ae10420b7e3b,Construction du premier drakkar viking,0800-01-01,,,INSUFFICIENT_EVIDENCE,absence_de_singularite,0,true,Reject due to the event describing a period of development rather than a singular event.,Bateau viking,,Q211969
cbc0ecf8-3600-40e2-84bf-bd89f51906d0,Découverte des premiers métamatériaux,2000-01-01,,,INSUFFICIENT_EVIDENCE,annee_exacte_introuvable,0,true,"Provide external sources to confirm the exact year of the discovery of the first metamaterials. The current description suggests a period of development rather than a single, verifiable event.",,,
2c81d3fe-cbf2-4d9d-a23c-d72fa66f0a32,Diète de Roncaglia,1158-01-01,1158-01-01,year,CONFIRMED,confirme,1,false,Aucune action nécessaire.,wikipedia_fr_article,wikipedia_en_article,Q351146
b9a314bf-eeb5-4607-9a90-5c2ff61aa020,Réforme Edgar Faure des impôts,1959-01-01,1959-01-01,year,LIKELY_CORRECT,probable_mais_a_confirmer,0.8,false,Verify the exact year of the reform with additional sources.,,,Q327013
d777d956-30d6-41f8-bf2a-7133a8cdf94b,Première bourse du travail à Lyon,1891-01-01,,,INSUFFICIENT_EVIDENCE,annee_exacte_introuvable,0,true,Search for sources that explicitly state the year the first Bourse du Travail was established in Lyon.,Bourse du travail,,Q17049335
fe41d534-298d-4629-bcf8-fc95d6544773,Création de la Milice,1943-01-01,1943-01-01,year,LIKELY_CORRECT,preuve_externe_faible,0.8,false,Confirmer la date de création de la Milice française en 1943.,Milice,,Q153936
48f59be7-e575-456e-946b-249d045e8baa,Le Great Eastern est lancé,1858-01-01,1858-01-01,year,CONFIRMED,confirme,1,false,Aucune.,wikipedia_fr_article,,Q733293
2ef923ea-9571-468f-b22b-575c567e925d,Construction de la forteresse de Derbent,0465-01-01,,,INSUFFICIENT_EVIDENCE,retrieval_insuffisant,0,true,Fournir des sources externes fiables pour confirmer l'année de construction de la forteresse de Derbent.,,,
c0467d81-2422-48b2-82bd-a7ebabaa858e,Accident ferroviaire de Port-d'Atelier (Haute-Saône),1949-01-01,1949-01-01,year,LIKELY_CORRECT,probable_mais_a_confirmer,0,false,Rechercher des sources externes confirmant l'année de l'accident ferroviaire.,,,Q21681025
78158aa2-61b0-49d1-836e-3c85d864c7b2,La Grève de Longwy,1979-01-01,1979-01-01,year,CONFIRMED,confirme,1,false,Aucune recommandation nécessaire.,,,Q318535
de4f43b5-b285-4da2-8cdb-fbfcbd4b6044,Révolte Juive contre Rome (Grande Révolte Juive),0066-01-01,0066-01-01,year,CONFIRMED,confirme,0.9,false,Confirmer la date de 66 comme le début de la Grande Révolte juive.,,,Q2725954
a219c013-a4ce-4913-9b83-d6fe52b84aec,L'arianisme devient dominant chez les Goths,0341-01-01,,,INSUFFICIENT_EVIDENCE,annee_exacte_introuvable,0,true,Rechercher des sources externes qui confirment l'année exacte où l'arianisme est devenu dominant chez les Goths.,,,Q477973
0bb1a5ce-9618-491e-acc9-001fb0811931,Invention du celluloïd,1870-01-01,1870-01-01,year,CONFIRMED,confirme,0.9,false,None,Celluloïd,,Q146612
e3f160c4-b4d0-4e48-af6a-53037ca23f5a,Destruction de l'Université de Nalanda,1193-01-01,,,INSUFFICIENT_EVIDENCE,annee_exacte_introuvable,0,true,Rechercher des sources historiques fiables qui confirment l'année exacte de la destruction de l'Université de Nalanda.,,,Q3918
9f1927e7-b000-4d14-94d3-623e5b7a0960,Congrès de Vienne,1815-06-09,1815-01-01,year,LIKELY_CORRECT,probable_mais_a_confirmer,0.8,false,Confirmer la date de 1815.,wikipedia_fr_article,,Q46362
afee26d9-67be-47d5-8b0f-ee00519fad5d,Réhabilitation de Jeanne d'Arc par le procès en nullité,1456-01-01,1456-01-01,year,LIKELY_CORRECT,probable_mais_a_confirmer,0.8,false,Aucune modification nécessaire.,https://fr.wikipedia.org/wiki/Jeanne_d%27Arc,,Q7226
d16bf8ff-9675-4c0d-9940-3bedabff73d8,Fondation de la banque des Médicis,1397-01-01,1397-01-01,year,CONFIRMED,confirme,1,false,Confirmer la date de fondation de la banque des Médicis comme étant 1397.,Banque des Médicis,,Q806191
3a0a9267-3b44-40e2-aa64-ac96a54b44d7,Jean Moulin envoyé par De Gaulle,1942-01-01,1942-01-01,year,LIKELY_CORRECT,probable_mais_a_confirmer,0.8,false,Confirmer que l'envoi à Lyon a bien eu lieu en 1942.,https://fr.wikipedia.org/wiki/Jean_Moulin,,Q632
f064623e-1e6c-47eb-a1ce-b00e963c8412,Affaire Elf : Un scandale politico-financier éclabousse la compagnie pétrolière française,1994-01-01,1994-01-01,year,CONFIRMED,confirme,0.9,false,None,wikipedia_fr_article,,Q2825778
bbb98a1a-6446-46b1-a733-b109337591fd,Suppression de la compagnie des Mousquetaires,1775-01-01,1775-01-01,year,CONFIRMED,confirme,0.9,false,No change needed.,Compagnie des Mousquetaires du Roi,,Q1564383
bf8cd60b-d629-4d60-94b7-939f9ce6cad8,Visite officielle de Nixon en France,1972-01-01,1972-01-01,year,LIKELY_CORRECT,probable_mais_a_confirmer,0.8,false,Confirmer l'année 1972.,,,Q862054
e17a0165-b9a9-4b12-9495-8f13b2dd587e,Bataille de Ramillies,1706-01-01,1706-01-01,year,CONFIRMED,confirme,0.9,false,Confirmer la date de 1706.,wikipedia_fr_article,wikipedia_en_article,Q161325
5eea5205-c97d-4f20-8978-ea66bbc55b26,Explosion de l'usine AZF à Toulouse,2001-01-01,2001-01-01,year,CONFIRMED,confirme,0.9,false,No change needed.,https://fr.wikipedia.org/wiki/Explosion_de_l%27usine_AZF_de_Toulouse,,Q901315
cdbe66ce-c514-4b1b-b821-0fc69609bc40,Lois Niel de réforme militaire,1868-01-01,1868-01-01,year,LIKELY_CORRECT,preuve_externe_faible,0.8,false,Aucune.,https://fr.wikipedia.org/wiki/Loi_Niel,,Q3258214
890757bd-2944-4cce-810f-90d69fb4c0b4,Traité de Passau,1552-01-01,1552-01-01,year,LIKELY_CORRECT,preuve_externe_faible,0.8,false,Vérifier avec des sources historiques supplémentaires pour confirmer l'année exacte.,,,Q4190
2df10cbb-4b5c-4263-a2e1-189fcfc12835,Union dynastique de l'Espagne et du Portugal,1580-01-01,1580-01-01,year,CONFIRMED,confirme,0.9,false,No changes needed.,Union ibérique,,Q377350
09fe92da-371d-4cb9-81de-85b022c0645d,Édouard Manet expose Le Déjeuner sur l'herbe,1863-01-01,1863-01-01,year,CONFIRMED,confirme,0.9,false,No change needed.,wikipedia_fr_article,wikipedia_en_article,Q152509
430e596f-6458-4399-9f1d-fe3d918e14e8,Fondation de l'université de Salamanque,1218-01-01,1218-01-01,year,CONFIRMED,confirme,1,false,Aucune.,Université de Salamanque,,Q308963
06c4fb8e-cd93-4cac-bab4-0676e5122f67,Marée noire de Deepwater Horizon,2010-01-01,2010-01-01,year,CONFIRMED,confirme,1,false,Aucune modification nécessaire.,Deepwater Horizon,,Q212975
fc448778-6e5b-4ca1-9e0b-70103e527d0a,Fondation de l'école de Florence Nightingale,1860-01-01,1860-01-01,year,LIKELY_CORRECT,probable_mais_a_confirmer,0.8,false,Aucune action nécessaire.,https://fr.wikipedia.org/wiki/Florence_Nightingale,,Q37103
3681d60f-bafe-4492-88bd-c29dcb4ccf3c,Adoption de la loi de finances française,1928-01-01,1928-01-01,year,CONFIRMED,confirme,0.9,false,No change needed.,,,Q185682
f9269d21-5ed9-4a2e-8682-f89707b61d1a,Édit de Milan par Constantin,0313-01-01,0313-01-01,year,CONFIRMED,confirme,0.9,false,Aucune.,https://fr.wikipedia.org/wiki/%C3%89dit_de_Milan,,Q180764
381c5bf6-d380-468d-a1e4-99b63c5520e5,Pillage de Lugdunum par les Germains,0197-01-01,0197-01-01,year,LIKELY_CORRECT,probable_mais_a_confirmer,0.8,false,Confirmer la date de 197.,https://fr.wikipedia.org/wiki/Bataille_de_Lugdunum,,Q653482
a48bbd06-c46f-455e-9e40-5998d815f3f4,Première attribution du Prix Goncourt,1901-12-01,,,DISPUTED_DATE,date_disputee,0,true,Vérifier les sources primaires pour déterminer la date exacte de la première attribution du Prix Goncourt.,https://fr.wikipedia.org/wiki/Prix_Goncourt,,Q187300
cdfcee59-4a6d-4f89-b444-c2ab8aa9e8c7,Exploration du fleuve Congo par Stanley,1877-01-01,1877-01-01,year,LIKELY_CORRECT,preuve_externe_faible,0.8,false,Confirmer l'année 1877 comme l'année de l'exploration du fleuve Congo par Stanley.,,,Q2984278
30dce66d-e879-4cd4-a10f-903439e63a6c,Fondation de la dynastie Song du Nord en Chine,0960-01-01,0960-01-01,year,CONFIRMED,confirme,0.9,false,Confirmer la date de fondation de la dynastie Song du Nord comme étant 960.,Dynastie Song,,Q7462
2d3e98e1-f162-4234-ad5a-5c93ad3d63d0,Traité de l'Élysée,1963-01-22,1963-01-01,year,CONFIRMED,confirme,1,false,Aucune modification nécessaire.,wikipedia_fr_article,wikipedia_en_article,Q274811
11a30f68-6bd7-49bf-8063-c2e2c3c1ffea,Échec de l'expédition franque contre les Wisigoths en Espagne,0541-01-01,0541-01-01,year,CONFIRMED,confirme,1,false,Aucune modification nécessaire.,,,Q663258
f9fe12e6-7989-45f0-a304-03dd3f40d40f,Concile de Chalcédoine,0451-01-01,0451-01-01,year,CONFIRMED,confirme,1,false,Confirmer la date de 451.,https://fr.wikipedia.org/wiki/Concile_de_Chalc%C3%A9doine,,Q170531
12529d45-09ba-4baf-9330-bd40e42120be,Bataille de Latofao,0596-01-01,0596-01-01,year,LIKELY_CORRECT,preuve_externe_faible,0.5,false,Ajouter des sources externes fiables confirmant l'année 596 pour la bataille de Latofao.,,,
630689d2-f02b-4aee-b226-84d855a6afd7,Le scandale de l'esclavage au Congo belge,1908-01-01,,,INSUFFICIENT_EVIDENCE,absence_de_singularite,0,true,Rejeter car il s'agit d'une période et non d'une année unique.,,,Q2984278
8db2b25e-36f0-4b02-9611-4135f4945194,"Inauguration du musée d'Orsay, temple de l'art du XIXe siècle à Paris",1986-01-01,1986-01-01,year,CONFIRMED,confirme,0.9,false,No change needed.,,,Q204622
2a40a386-4659-467b-8934-0c2cbf9df418,Inauguration du Reliance Building à Chicago,1895-01-01,1895-01-01,year,CONFIRMED,confirme,1,false,No change needed.,wikipedia_fr_article,,Q786387
a42738d8-810a-4f01-8947-7470512308cd,Isabelle de Portugal épouse Philippe le Bon,1430-01-01,1430-01-01,year,CONFIRMED,confirme,0.9,false,Aucune recommandation.,,,Q239337
b307e731-4816-4d96-ac65-18236a4dd221,Catastrophe du barrage de Vajont,1963-01-01,1963-01-01,year,CONFIRMED,confirme,0.9,false,Confirm the date as 1963.,https://fr.wikipedia.org/wiki/Vajont,,Q53202
2687e863-6088-4d8d-8807-2aa84a85930c,Proclamation d'émancipation par Abraham Lincoln,1863-01-01,1863-01-01,year,CONFIRMED,confirme,0.9,false,Confirmer la date de 1863.,,,Q91
adf3bcc7-a329-4ceb-aa9c-97c08395cbc6,Création du premier microprocesseur par Intel,1971-01-01,1971-01-01,year,LIKELY_CORRECT,preuve_externe_faible,0,false,Ajouter une source externe fiable confirmant la date de création du premier microprocesseur par Intel.,,,Q237794
b1f3070c-199b-4746-bbb1-2c36ffb10c0c,Création du premier message ARPANET,1969-01-01,1969-01-01,year,CONFIRMED,confirme,0.9,false,None,ARPANET,,Q177524
46870d27-d069-46eb-ad47-adbbcdc5df69,Révolution cubaine,1959-01-01,1959-01-01,year,CONFIRMED,confirme,0.9,false,Confirmer la date du 1er janvier 1959 comme date de fin de la révolution et de prise de pouvoir par Fidel Castro.,https://fr.wikipedia.org/wiki/R%C3%A9volution_cubaine,,Q11264
82fb1da1-7a51-46df-ba76-3bb78f3186a9,Conquête du Gujarat par Mahmud de Ghazni,1026-01-01,1026-01-01,year,LIKELY_CORRECT,preuve_externe_faible,0.5,false,Provide external sources to confirm the year of the conquest.,,,
ac95395a-8298-4251-ba0d-b192b6ae429d,Fondation du Ku Klux Klan (moderne),1915-01-01,,,INSUFFICIENT_EVIDENCE,annee_exacte_introuvable,0,true,Provide sources that specifically mention the founding year of the second Ku Klux Klan.,Ku Klux Klan,,Q47131
00c03f1f-e753-4670-95bc-0b51d385eef1,"Couronnement Charles le Simple, roi Francie occidentale",0898-01-01,0898-01-01,year,LIKELY_CORRECT,probable_mais_a_confirmer,0.8,false,Aucune recommandation nécessaire.,https://fr.wikipedia.org/wiki/Charles_III_le_Simple,,Q187519
b057d03c-b783-45b2-ae5a-cfda78c6c997,Capitulation de La Rochelle,1628-01-01,1628-01-01,year,CONFIRMED,confirme,0.9,false,No changes needed.,wikipedia_fr_article,,Q815170
ae3b80ae-09d2-4673-a2e7-c3583a308e36,Couronnement d'Otton III comme empereur du Saint-Empire romain germanique,0996-01-01,,,INSUFFICIENT_EVIDENCE,annee_exacte_introuvable,0,true,Rechercher des sources externes confirmant l'année du couronnement d'Otton III.,,,Q12548
9e6dc87a-7539-4f61-81dd-379c5927f337,Passage à l'euro,2002-01-01,2002-01-01,year,CONFIRMED,confirme,0.9,false,Confirmer la date de 2002.,Euro,,Q4916
72b75444-ab7b-4cf4-8e59-6a76be062b76,Ouverture du musée parisien consacré aux arts et civilisations non occidentales,2006-01-01,,,INSUFFICIENT_EVIDENCE,preuve_insuffisante,0,true,Ajouter une source externe fiable confirmant l'année d'ouverture du musée du quai Branly.,,,Q860994
7623a59b-0eca-40a3-970d-e431f6ffbab5,Renversement du gouvernement Mendès France,1955-01-01,1955-01-01,year,LIKELY_CORRECT,probable_mais_a_confirmer,0.8,false,No change needed.,,,Q591799
b7115fce-03b7-4160-adcd-21c4f733b7ad,Prix Goncourt 1911 : Alphonse de Châteaubriant,1911-01-01,1911-01-01,year,CONFIRMED,confirme,0.9,false,Confirmer la date de l'événement.,wikipedia_fr_article,wikipedia_en_article,Q373251
a5de72c7-834f-455d-beab-cc320b5d73bc,Création du duché de Bourgogne,0888-01-01,0880-01-01,year,POTENTIAL_DATE_ERROR,divergence_date,0.7,false,"Vérifier si 880 est la date la plus précise disponible, ou si 888 est plus appropriée selon d'autres sources.",Duché de Bourgogne,,Q4712
f9104b2e-9a49-4a50-888a-9646de78d868,Le suicide collectif de Jonestown,1978-01-01,1978-01-01,year,CONFIRMED,confirme,0.9,false,Confirmer la date de 1978.,,,Q142824
062dea54-fd21-4f07-8eae-52c118e9d2d2,Conséquences de l'indépendance de l'Inde sur la guerre d'Indochine,1947-01-01,1947-01-01,year,LIKELY_CORRECT,probable_mais_a_confirmer,0.7,false,Vérifier si l'indépendance de l'Inde a eu lieu précisément en 1947 et si c'est la date la plus pertinente pour cet événement.,,,Q748780
6ce54a90-a8cf-4704-b0b9-c0b77f798e18,Shakespeare écrit Hamlet,1601-01-01,,,DISPUTED_DATE,date_disputee,0.3,true,Vérifier les dates de composition et publication d'Hamlet dans des sources académiques.,https://fr.wikipedia.org/wiki/Hamlet,,Q41567
50a4c1d1-72b6-4cbc-a349-12c71823f32a,French Opposition to the 2003 Iraq War,2003-01-01,2003-01-01,year,CONFIRMED,confirme,0.9,false,No change needed.,,2003 invasion of Iraq,Q107802
94c54e3b-d514-474c-a99e-4dadaace7dc8,Lancement de la PlayStation 2,2000-01-01,2000-01-01,year,CONFIRMED,confirme,0.9,false,Confirmation de la date de lancement de la PlayStation 2 en 2000.,PlayStation 2,,Q10680
cfd530ae-4c57-487b-b5d3-d6d086caaa7c,Fortifications d’Autun,0271-01-01,0271-01-01,year,LIKELY_CORRECT,probable_mais_a_confirmer,0.8,false,Vérifier si d'autres sources confirment la fortification d'Autun en 271.,,,Q543586
8b34fe7c-238c-47ab-a2f8-3623c0e1ac92,Les Bleus (France) triomphent en Ligue des Nations face à l'Équipe espagnole,2021-01-01,2021-01-01,year,CONFIRMED,confirme,0.9,false,Aucune action nécessaire.,,,Q166776
34a90d43-c780-4bd2-a208-c3453de3db09,Fondation de la dynastie Tang,0618-01-01,0618-01-01,year,CONFIRMED,confirme,1,false,Confirmer la date de fondation de la dynastie Tang comme étant 618.,wikipedia_fr_article,,Q9683
c365dcdb-1ab9-420f-9799-31d280e24544,Début de la conquête de l'Empire aztèque par Hernán Cortés,1519-10-01,1519-01-01,year,LIKELY_CORRECT,probable_mais_a_confirmer,0.8,false,Confirmer la date de 1519 comme le début de la conquête de l'Empire aztèque par Hernán Cortés.,Hernán Cortés,,Q7326
54b9664d-947c-431d-9e01-acb6aaf5df74,Première dissection humaine publique par Mondino de Luzzi,1315-01-01,,,INSUFFICIENT_EVIDENCE,retrieval_insuffisant,0,true,Fournir des sources externes pour confirmer l'année de l'événement.,,,
4ea1ec88-5820-42f3-9d1e-91e1a2facf66,Première photographie couleur,1861-01-01,,,INSUFFICIENT_EVIDENCE,absence_de_singularite,0,true,"Reject. The title describes a technological domain, not a singular event. More specific information is needed to identify a specific year.",Photographie couleur,,Q166509
cd10c44c-4f98-4fdd-8aaf-7e6c2c2fc3ba,Prix Goncourt 1929 : Marcel Arland,1929-01-01,1929-01-01,year,CONFIRMED,confirme,0.9,false,Aucune action nécessaire.,wikipedia_fr_article,wikipedia_en_article,Q59076
fcf2ab77-9e63-48ee-ac5e-3ffea535da29,Michel-Ange commence la fresque du plafond de la chapelle Sixtine,1508-01-01,1508-01-01,year,CONFIRMED,confirme,1,false,No change needed.,Plafond de la chapelle Sixtine,,Q844675
f59214d5-0dc3-40b3-8bfe-28b319081602,Déposition de Charles III le Simple,0922-01-01,0922-01-01,year,CONFIRMED,confirme,0.9,false,No change needed.,Charles III le Simple,,Q187519
31f85656-df8e-412a-a53e-1f525076e59f,"Le Front national remporte la mairie de Vitrolles, marquant une percée électorale locale",1997-01-01,1997-01-01,year,LIKELY_CORRECT,preuve_externe_faible,0.5,false,Ajouter des sources externes confirmant la victoire du Front National à Vitrolles en 1997.,,,
444c8212-0b0a-4263-9a7b-7a603235db94,Achèvement de la construction du Taj Mahal à Agra,1648-01-01,1648-01-01,year,CONFIRMED,confirme,0.9,false,Confirmer la date de 1648 comme année d'achèvement de la construction du Taj Mahal.,Taj Mahal,,Q9141
8abf721e-326b-4e14-9917-32a700dd9986,Début de la construction du pont de Mostar,1575-01-01,1575-01-01,year,LIKELY_CORRECT,preuve_externe_faible,0,false,Ajouter des sources externes fiables confirmant l'année de début de la construction du pont de Mostar.,,,Q12280
00a92624-6cf7-4551-9b4f-d38a382d56c8,Philippe Ier répudie Berthe de Hollande,1092-01-01,1092-01-01,year,LIKELY_CORRECT,probable_mais_a_confirmer,0.8,false,No change needed.,Berthe de Hollande,,Q77254
c76aaadb-b03b-4615-b98e-3a2ec55ff798,Lancement du Spoutnik 2,1957-11-03,1957-01-01,year,CONFIRMED,confirme,1,false,Confirmer la date de 1957 pour le lancement du Spoutnik 2.,https://fr.wikipedia.org/wiki/Spoutnik_2,,Q190555
58480722-59e7-47fc-842f-18955bc175d9,Nicolas Appert invente la conserve,1810-01-01,1810-01-01,year,LIKELY_CORRECT,probable_mais_a_confirmer,0.8,false,None,https://fr.wikipedia.org/wiki/Nicolas_Appert,,Q39637
715f2030-129a-40cb-9a7f-a5eb99927f82,Premiers essais thermonucléaires (bombe H) par les États-Unis et l'URSS,1952-01-01,,,INSUFFICIENT_EVIDENCE,absence_de_singularite,0,true,"Reject. The title describes multiple events, not a single event in a specific year. Requires more specific information to identify a unique event.",,,Q625107
7d9e3bbd-d3fc-44bd-a6af-4e21f0388ef9,Naufrage du Mary Rose,1545-01-01,1545-01-01,year,CONFIRMED,confirme,1,false,Aucune.,Mary Rose,,Q544894
e97f5954-db62-4e9c-84a0-e96c6393017b,Adoption de la Constitution civile du clergé,1790-07-12,1790-01-01,year,CONFIRMED,confirme,0.9,false,No changes needed.,wikipedia_fr_article,wikipedia_en_article,Q206979
c59a5a18-7737-4fac-bf6c-dc86ebbe037e,Exploration des abysses par la mission Alvin,1977-01-01,1977-01-01,year,LIKELY_CORRECT,preuve_externe_faible,0.8,false,Confirmer l'événement avec l'année 1977.,Exploration des abysses,,Q3062149
17f1837a-c953-493b-b83b-de1d85049ec4,Le scandale du Crédit Mobilier,1867-01-01,,,INSUFFICIENT_EVIDENCE,annee_exacte_introuvable,0,true,Further research is needed to determine the exact year the scandal occurred.,wikipedia_fr_article,,Q3002417
2b79eef9-374f-4e12-bfdf-18735b396fa6,Fondation du Sheffield Football Club,1857-01-01,1857-01-01,year,CONFIRMED,confirme,0.9,false,No change needed.,wikipedia_fr_article,,Q18491
2161167d-05e3-4a79-a55a-1d88d40bf625,Sécheresse et famine en Égypte fatimide,1070-01-01,1070-01-01,year,LIKELY_CORRECT,preuve_externe_faible,0.5,false,Ajouter des sources externes pour confirmer l'année 1070.,,,
374bc8c0-6bbc-4e5e-acda-446d8e002893,Publication de 'La Case de l'oncle Tom',1852-01-01,1852-01-01,year,CONFIRMED,confirme,0.9,false,No change needed.,https://fr.wikipedia.org/wiki/La_Case_de_l%27oncle_Tom,,Q2222
1104453b-fc4f-44bf-838c-3b73554ea15c,Attentat de Beyrouth – soldats français au Liban,1983-01-01,1983-01-01,year,CONFIRMED,confirme,0.9,false,Confirmer la date de 1983.,https://fr.wikipedia.org/wiki/1983_au_Liban,,Q60650852
2eee3d51-54b4-4284-be72-799fecc5639b,Dernier voyage du paquebot France,1974-01-01,1974-01-01,year,LIKELY_CORRECT,preuve_externe_faible,0.8,false,Vérifier avec des sources plus spécifiques sur l'histoire du paquebot France.,,,Q697196
10409bb1-8135-4fc6-bbf7-07a1ef4bd01f,Extension des centres d'apprentissage de l'Éducation nationale,1950-01-01,,,INSUFFICIENT_EVIDENCE,annee_exacte_introuvable,0,true,Further research is needed to find a reliable source that confirms the year of the event.,,,Q118279347
fc23bb86-d22d-45d4-9f72-242ca263e104,Reconnaissance officielle de l’Ordre du Temple,1129-01-01,1129-01-01,year,CONFIRMED,confirme,0.9,false,No change needed.,Ordre du Temple,,Q41300
337ef12b-ecb8-4078-9923-c4640be4cd21,Découverte de la photosynthèse par Jan Ingenhousz,1779-01-01,1779-01-01,year,LIKELY_CORRECT,preuve_externe_faible,0,false,Ajouter une source externe qui confirme l'année exacte de la découverte de la photosynthèse par Jan Ingenhousz.,,,Q11982
7f1dc9ad-5ef8-4809-888e-41bc2dbfd935,Première mention de Berne,1191-01-01,1191-01-01,year,LIKELY_CORRECT,preuve_externe_faible,0,false,"Rechercher des sources externes fiables (articles historiques, publications académiques, etc.) qui confirment l'année 1191 comme étant celle de la première mention écrite de Berne.",,,Q62872
620c58eb-1309-4cfb-8af8-94328c622858,Publication du rapport Stern,2006-01-01,2006-01-01,year,CONFIRMED,confirme,1,false,None,https://fr.wikipedia.org/wiki/Rapport_Stern,,Q930416
e9442d8b-044e-48b5-aef8-a8bb93559b56,Loi sur les signes religieux à l'école,2004-01-01,2004-01-01,year,LIKELY_CORRECT,probable_mais_a_confirmer,0,false,Ajouter une source externe qui confirme l'année exacte de la loi sur les signes religieux à l'école.,,,Q97368561
fe286d8a-b71b-47ce-8c02-fd9eff80859b,Première traversée de l'Atlantique par l'Aéropostale,1930-05-06,,,INSUFFICIENT_EVIDENCE,retrieval_insuffisant,0,true,Fournir des sources externes pour valider l'année 1930.,,,
b703e3a6-794f-46e4-b5bd-08e43ea21690,Traduction arabe de textes médicaux grecs en Sicile,1150-01-01,,,INSUFFICIENT_EVIDENCE,absence_de_singularite,0,true,Rejeter car l'événement décrit un processus et non un événement singulier datable à une année exacte.,,,
2e572de7-174b-4c6d-a414-6c466c8c449c,Bataille d'al-Kasr al-Kebir,1578-01-01,1578-01-01,year,CONFIRMED,confirme,0.9,false,Confirmer la date de 1578.,Bataille des Trois Rois,,Q1121532
3b519345-ef73-4e6c-9d41-6aa6d4721ea0,Cession par Raoul I er du Cotentin et de l' Avranchin au comte de Rouen,0933-01-01,0933-01-01,year,LIKELY_CORRECT,preuve_externe_faible,0.8,false,Vérifier avec des sources externes pour confirmer la date.,,,
aea9c21e-22fe-4d09-bb1b-7991fccb16bb,Formation du réseau du Musée de l’Homme,1940-01-01,1940-01-01,year,LIKELY_CORRECT,preuve_externe_faible,0.7,false,Verify with additional sources if possible.,,,Q2837984
0f70c0f0-90a3-4dfb-b775-36aa06b40652,Invention du laser,1960-01-01,1960-01-01,year,LIKELY_CORRECT,preuve_externe_faible,0.7,false,Verify the invention date with additional sources.,wikipedia_fr_article,,Q38867
56faf3fc-de2b-42ee-a71a-2a5b89022885,Le 'Lundi Noir' russe de 1994,1994-01-01,1994-01-01,year,LIKELY_CORRECT,preuve_externe_faible,0.8,false,Vérifier avec des sources externes pour confirmer la date exacte.,,,
d831471a-99d7-4472-8a6f-489bc4f68f20,Bataille de Trafalgar,1805-01-01,1805-01-01,year,CONFIRMED,confirme,0.9,false,Confirmer la date de 1805.,wikipedia_fr_article,wikipedia_en_article,Q171416
87a73e04-6ebe-40f7-a56f-f3f81a437bfb,Indépendance de la Bolivie,1825-10-01,1825-01-01,year,LIKELY_CORRECT,probable_mais_a_confirmer,0.7,false,No change needed.,https://fr.wikipedia.org/wiki/Guerre_d%27ind%C3%A9pendance_bolivienne,,Q68475
539c4b32-9eb7-41d2-9809-2c1a2b3cbd2f,Début du calendrier musulman (Hégire),0622-07-16,0622-01-01,year,CONFIRMED,confirme,0.9,false,Aucune.,https://fr.wikipedia.org/wiki/H%C3%A9gire,,Q131482
507b9d91-5a74-4305-9bac-8563f5c761e9,Mort du pape Formose,0896-01-01,0896-01-01,year,CONFIRMED,confirme,1,false,No change needed.,https://fr.wikipedia.org/wiki/Formose_(pape),,Q170499
dec24cc4-fd3d-4100-8caa-5c486b251ac6,Naufrage du HMS Bounty,1789-01-01,1789-01-01,year,CONFIRMED,confirme,1,false,No changes needed.,HMS Bounty,,Q900379
0136b4c3-142b-4e73-817d-846e18e6117f,Fin de la Commune de Paris,1871-05-28,1871-01-01,year,CONFIRMED,confirme,0.9,false,Valider la date de 1871.,"https://fr.wikipedia.org/wiki/La_Commune_(Paris,_1871)","https://en.wikipedia.org/wiki/La_Commune_(Paris,_1871)",Q3207641
06422f2d-f04f-4de3-b57f-25c4cf477822,Édit de grâce d'Alès - Fin des guerres de Religion,1629-01-01,1629-01-01,year,CONFIRMED,confirme,0.9,false,Confirmer la date de 1629.,Siège d'Alès,,Q3485807
7d95457e-0ad5-4ece-9e50-f021e46f1e37,Publication du 'Roman de la Rose',1300-01-01,,,INSUFFICIENT_EVIDENCE,absence_de_singularite,0,true,Reject the event as it describes a period of writing rather than a single event in a specific year.,wikipedia_fr_article,wikipedia_en_article,Q642211
5ea9a884-986c-479d-8868-71299c3e58d6,Décès d'Auguste,0014-08-19,0014-01-01,year,CONFIRMED,confirme,1,false,Aucune modification nécessaire.,Auguste,,Q1405
295dc764-808a-4762-acec-2210ab94d902,Grave accident ferroviaire d'un train de marchandises sur la ligne Bayonne-Toulouse près de Tarbes,1944-01-01,1944-01-01,year,LIKELY_CORRECT,preuve_externe_faible,0.5,false,Rechercher des sources externes confirmant l'accident ferroviaire et sa date.,,,
252fb36b-2cb3-4996-b79f-9ab968fc087b,Guerre des Farines,1775-01-01,1775-01-01,year,CONFIRMED,confirme,0.9,false,Confirmer la date de 1775.,https://fr.wikipedia.org/wiki/Guerre_des_farines,,Q1635316
0eb13718-5d65-4146-b9bb-b71904947b27,Bataille des Ponts-de-Cé,1620-11-10,1620-01-01,year,CONFIRMED,confirme,1,false,No change needed.,wikipedia_fr_article,,Q107044361
38f96f8d-0a16-436b-9f6e-0e5a842bc627,Création du Comité international olympique,1894-01-01,1894-01-01,year,CONFIRMED,confirme,0.9,false,Aucune modification nécessaire.,wikipedia_fr_article,,Q40970
6f8bb21c-df1a-4041-af63-eadc7b96dc57,Début des grandes invasions avec l’arrivée des Huns en Europe,0375-01-01,0375-01-01,year,LIKELY_CORRECT,preuve_externe_faible,0.7,false,Confirmer la date avec d'autres sources.,Huns,,Q45813
e0713630-7e9e-4eed-9a30-ae2ffd1672f4,Prix Goncourt 1924 : Thierry Sandre,1924-01-01,1924-01-01,year,CONFIRMED,confirme,0.9,false,Aucune action nécessaire.,wikipedia_fr_article,wikipedia_en_article,Q3524511
61668c0e-7383-4c97-b4c8-300b2a39abb1,Tacite publie Les Annales,0116-01-01,,,INSUFFICIENT_EVIDENCE,annee_exacte_introuvable,0,true,Rechercher des sources externes qui mentionnent l'année de publication des Annales de Tacite.,Tacite,,Q2161
948da1d0-1247-4d50-9388-26552f0f5325,Construction du Fort Saint-Jean à Malte,1565-01-01,,,INSUFFICIENT_EVIDENCE,absence_de_singularite,0,true,"Reject the event as it describes a construction, which is a time span, not a singular event in a single year.",,,Q233
0c4950fb-b048-4ffb-92d4-b7e5f221200a,Fondation de la Compagnie néerlandaise des Indes occidentales,1621-01-01,1621-01-01,year,CONFIRMED,confirme,0.9,false,Confirmer la date de fondation de la Compagnie néerlandaise des Indes occidentales comme étant 1621.,https://fr.wikipedia.org/wiki/Compagnie_n%C3%A9erlandaise_des_Indes_occidentales,,Q617066
af31ecd4-9367-43ac-88e9-6eef308b2da2,Accords franco-allemands sur la recherche nucléaire civile,1965-01-01,1965-01-01,year,LIKELY_CORRECT,preuve_externe_faible,0.8,false,Confirmer la date de 1965 comme l'année des accords franco-allemands sur la recherche nucléaire civile.,,,Q12802
730238c8-f384-4aad-a89b-8552a7c3728f,Fondation Bagdad par calife Al-Mansur (capitale abbasside),0762-07-30,0762-01-01,year,CONFIRMED,confirme,0.9,false,Aucune recommandation nécessaire.,,,Q31066
2a0808aa-4063-4a8f-8c04-d564fdb5596f,Ordonnance de Montils-lès-Tours,1454-01-01,1454-01-01,year,CONFIRMED,confirme,1,false,No change needed.,https://fr.wikipedia.org/wiki/Ordonnance_de_Montils-l%C3%A8s-Tours,,Q48748623
a3cd6dc9-a9a4-4b02-9f3b-01fb0861a98f,Assassinat de Chilpéric Ier,0584-01-01,0584-01-01,year,CONFIRMED,confirme,1,false,No change needed.,https://fr.wikipedia.org/wiki/Chilp%C3%A9ric_Ier_(roi_des_Francs),,Q243118
963dab1f-6553-4c61-b6a7-9a0fdc6c548e,Démission de Necker,1781-01-01,1781-01-01,year,LIKELY_CORRECT,preuve_externe_faible,0.5,false,Ajouter des sources externes fiables pour confirmer l'année de la démission de Necker.,,,
37a7e4d0-6f10-4d48-a156-f9a2fdd5e0f0,Traité de Saint-Clair-sur-Epte,0911-01-01,0911-01-01,year,CONFIRMED,confirme,1,false,Confirmer la date de 911.,wikipedia_fr_article,,Q1072330
ae8ea47f-6c5e-4aa6-942d-cedea48ce36b,Prix Goncourt 1925 : Maurice Genevoix,1925-01-01,1925-01-01,year,CONFIRMED,confirme,0.9,false,Confirmer l'événement avec l'année 1925.,https://fr.wikipedia.org/wiki/Maurice_Genevoix,https://en.wikipedia.org/wiki/Maurice_Genevoix,Q22750
f4026065-af9d-40e5-88d9-fcc1e539a63e,Développement du moulin à marée à Christchurch,1185-01-01,1185-01-01,year,LIKELY_CORRECT,preuve_externe_faible,0.5,false,Fournir des sources externes pour valider l'année du développement du moulin à marée à Christchurch.,,,
7b8bf796-8833-490a-8035-651938a59970,Fondation de Saint-Domingue,1496-01-01,,,INSUFFICIENT_EVIDENCE,annee_exacte_introuvable,0,true,Rechercher des sources externes fiables qui confirment l'année exacte de la fondation de Saint-Domingue.,,,Q3128939
422d0fa7-49ce-4776-88e1-5a384c474ddc,Fondation de l' abbaye de Cluny par Guillaume le Pieux,0909-01-01,0909-01-01,year,DISPUTED_DATE,date_disputee,0.7,true,Vérifier les sources primaires pour déterminer la date exacte de la fondation.,Abbaye de Cluny,,Q220301
875a318d-6eb9-4803-a51a-c5cdc2f4b65c,Université d'Oxford reçoit sa charte royale,1133-01-01,,,INSUFFICIENT_EVIDENCE,retrieval_insuffisant,0,true,Fournir des sources externes pour valider l'année.,,,
e441577e-a4e0-4639-afcc-4ac842ba492b,Création de la Commission de la sécurité des consommateurs en France,1983-01-01,1983-01-01,year,LIKELY_CORRECT,probable_mais_a_confirmer,0,false,Ajouter une source externe fiable confirmant l'année de création de la Commission de la sécurité des consommateurs en France.,,,Q2986437
d5ba4e3f-6ac8-42ff-b3c2-70859e7cd058,Création du CNIL,1978-01-06,1978-01-01,year,LIKELY_CORRECT,preuve_externe_faible,0.5,false,Ajouter des sources externes confirmant l'année de création de la CNIL.,,,
948ff915-76ec-4313-bbfe-10d5cbbd5174,Victoire de Charles Martel à la bataille de Poitiers contre les Omeyyades,0732-01-01,0732-01-01,year,LIKELY_CORRECT,probable_mais_a_confirmer,0.8,false,Confirmer la date de 732 en utilisant des sources externes spécifiques à la bataille de Poitiers.,,,Q3301
0608f05b-687e-4b03-9cbe-c685eb0202be,Création du franc,1360-01-01,,,INSUFFICIENT_EVIDENCE,annee_exacte_introuvable,0,true,Provide sources that explicitly confirm the creation of the franc in 1360.,,,Q1509365
e7e58434-0cf8-4f6d-8eaf-9576bbd8423e,Découverte d'Homo floresiensis,2003-01-01,2003-01-01,year,LIKELY_CORRECT,preuve_externe_faible,0,false,Ajouter une source externe qui mentionne l'année exacte de la découverte d'Homo floresiensis.,,,Q171283
bcfa05fb-ea73-46c2-9abf-95327550c330,Traité de Jay entre États-Unis et Grande-Bretagne,1794-01-01,1794-01-01,year,LIKELY_CORRECT,preuve_externe_faible,0.5,false,Fournir des sources externes pour confirmer l'année du traité de Jay.,,,
762e23f4-4db7-4e24-9a42-7ee4fbfb9efd,Entrée en guerre de l'Empire Ottoman,1914-01-01,1914-01-01,year,LIKELY_CORRECT,probable_mais_a_confirmer,0.8,false,Rechercher des sources externes confirmant l'année exacte de l'entrée en guerre de l'Empire Ottoman.,,,Q12560
ca5feeca-0325-4b1d-8204-3156156a583a,Troisième exposition universelle de Paris,1900-04-14,1900-01-01,year,CONFIRMED,confirme,1,false,No changes needed.,https://fr.wikipedia.org/wiki/Grande_roue_de_Paris_(Exposition_universelle_de_1900),,Q843059
9d7512e1-b566-45d0-b4f5-c5b593619acb,Achèvement des fresques de Signorelli à Orvieto,1504-01-01,,,INSUFFICIENT_EVIDENCE,annee_exacte_introuvable,0,true,Rechercher des sources externes qui confirment l'année d'achèvement des fresques de Signorelli à Orvieto.,Cathédrale d'Orvieto,,Q10924
d3869111-b7ed-4074-a454-656a128fd2de,Première femme dans l'espace (Valentina Terechkova),1963-06-16,1963-01-01,year,CONFIRMED,confirme,0.9,false,Aucune recommandation.,Valentina Terechkova,,Q44371
fe2f8a53-5f86-446c-a097-b2b615b4b0b5,Création de l'impôt sur le revenu en France,1916-07-15,1916-01-01,year,CONFIRMED,confirme,1,false,No change needed.,https://fr.wikipedia.org/wiki/Imp%C3%B4t_sur_le_revenu_(France),,Q1308189
d014f6e9-416b-47b7-88d5-b0a21b9a1e6d,Affaire des diamants relancée : De nouvelles révélations amplifient le scandale,1979-01-01,1979-01-01,year,LIKELY_CORRECT,preuve_externe_faible,0.5,false,Ajouter des sources externes pour confirmer l'année de la relance de l'affaire des diamants.,,,
6f30653e-dd32-4ea3-8eb3-75e932fe262c,Construction du premier phare de Corée,1104-01-01,1104-01-01,year,LIKELY_CORRECT,preuve_externe_faible,0,false,Rechercher des sources externes fiables pour valider l'année de construction du phare.,,,
5bc47871-280a-4329-be0b-ce8c9a915143,Invention du stéthoscope par Laennec,1816-01-01,1816-01-01,year,LIKELY_CORRECT,preuve_externe_faible,0.8,false,Verify the year of invention with additional sources to increase confidence.,https://fr.wikipedia.org/wiki/St%C3%A9thoscope,,Q162339
d8ed7531-45a9-4060-8002-d6689055efb3,Destruction du Sérapéum d'Alexandrie,0391-01-01,,,INSUFFICIENT_EVIDENCE,annee_exacte_introuvable,0,true,Search for additional sources that specify the year of the destruction of the Serapeum of Alexandria.,Sérapéum d'Alexandrie,,Q521646
0d37d14b-712d-4b74-8251-3c90a5d3555e,Découverte des spermatozoïdes,1677-01-01,1677-01-01,year,LIKELY_CORRECT,preuve_externe_faible,0,false,Ajouter des sources externes fiables pour confirmer l'année de la découverte.,,,
3a7d9d41-8672-47a5-a3a9-3fd791f56cf6,Création de l'Institut International de Statistique,1887-01-01,1887-01-01,year,LIKELY_CORRECT,probable_mais_a_confirmer,0.7,false,Aucune action nécessaire.,,,Q391083
ec824da4-ccaa-4637-bb25-348c58f79c92,Premières migrations Huns vers l'Europe,0370-01-01,,,INSUFFICIENT_EVIDENCE,annee_exacte_introuvable,0,true,Rechercher des sources historiques qui confirment l'année exacte des premières migrations des Huns vers l'Europe.,,,Q632976
700920be-a849-411f-af34-2edc6ee9fef7,Séisme dévastateur d'Agadir au Maroc,1960-01-01,,,INSUFFICIENT_EVIDENCE,retrieval_insuffisant,0,true,Fournir des sources externes pour confirmer l'année du séisme.,,,
35017165-8169-4ae9-9a18-09979715290d,Guerre de la banane au Honduras,1924-01-01,,,INSUFFICIENT_EVIDENCE,absence_de_singularite,0,true,"Reject due to the event describing a period, not a specific year.",https://fr.wikipedia.org/wiki/Guerre_des_Bananes,,Q768496
7b652958-4f8a-46ea-9032-7a0e17761525,Bataille de Varna : défaite cruciale des croisés,1444-01-01,1444-01-01,year,CONFIRMED,confirme,0.9,false,Confirmer la date de 1444.,https://fr.wikipedia.org/wiki/Bataille_de_Varna,,Q32832
ab851c68-a694-4fc2-aa5a-09884c438448,Achèvement du Castel del Monte,1240-01-01,1240-01-01,year,LIKELY_CORRECT,preuve_externe_faible,0.5,false,Ajouter des sources externes fiables pour confirmer l'année d'achèvement du Castel del Monte.,,,
205e19f9-56da-4c89-858e-626b9db248e7,Attaque mortelle visant un établissement juif à Paris : Six victimes d'un acte antisémite.,1982-01-01,1982-01-01,year,LIKELY_CORRECT,preuve_externe_faible,0.5,false,Ajouter des sources externes pour confirmer l'année.,,,
6aa96a4b-43e3-4044-94c9-62b1ef545eaa,Règne de Robert II le Pieux,0996-01-01,,,INSUFFICIENT_EVIDENCE,absence_de_singularite,0,true,No change needed.,https://fr.wikipedia.org/wiki/Robert_II_le_Pieux,,Q178918
a27a4c69-2478-42db-9588-6aabfbf1ff40,Première de la Symphonie n°9 de Ludwig van Beethoven,1824-05-07,,,INSUFFICIENT_EVIDENCE,annee_exacte_introuvable,0,true,Ajouter une source qui mentionne explicitement l'année de la première de la Symphonie n°9 de Beethoven.,,,Q255
e4f0fa7f-bc90-4cc2-aef8-83cfb11b0eba,Accident ferroviaire de Velars-sur-Ouche : déraillement du rapide Lyon-Nantes,1962-01-01,1962-01-01,year,LIKELY_CORRECT,preuve_externe_faible,0.5,false,Ajouter des sources externes confirmant l'année de l'accident ferroviaire.,,,
9b85e19a-08e3-4648-96f2-0e728b91642d,Concile de Verzy sur la discipline ecclésiastique,1009-01-01,1009-01-01,year,LIKELY_CORRECT,preuve_externe_faible,0.5,false,Ajouter des sources externes pour valider l'année du concile.,,,
748550b3-9e51-434f-90cd-65e285011106,Diplôme d'Elizabeth Blackwell,1849-01-01,1849-01-01,year,LIKELY_CORRECT,probable_mais_a_confirmer,0.8,false,Aucune modification nécessaire.,Elizabeth Blackwell,,Q234572
993fe3fc-bbcc-4f1d-bbb6-a77403a195b1,Crise pétrolière de 1979,1979-01-16,1979-01-01,year,CONFIRMED,confirme,0.9,false,No changes needed.,https://fr.wikipedia.org/wiki/1979,,Q2484
55eabf66-7b32-4c6f-80ee-1784f306f777,Premier moulin à papier en France,1320-01-01,,,INSUFFICIENT_EVIDENCE,annee_exacte_introuvable,0,true,Rechercher des sources supplémentaires pour confirmer l'année exacte de l'établissement du premier moulin à papier en France.,Moulin à papier,,Q56316683
f2b605bc-49c8-4a69-9924-b6f9d05d6b12,Fondation de la Croix-Rouge,1863-01-01,1863-01-01,year,LIKELY_CORRECT,probable_mais_a_confirmer,0.8,false,Confirmer la date de fondation avec d'autres sources.,wikipedia_fr_article,,Q1902099
d2eec990-28ea-47c3-826d-084cdefbf1bb,La catastrophe de la navette Columbia secoue la France,2003-01-01,2003-01-01,year,CONFIRMED,confirme,0.9,false,Aucune modification nécessaire.,,,Q858145
924bdb39-0df9-4ac2-a9b0-70d12c429cde,Révolte de Bar Kokhba en Judée,0132-01-01,0132-01-01,year,CONFIRMED,confirme,1,false,Confirmer la date de 132 comme année de début de la révolte de Bar Kokhba.,https://fr.wikipedia.org/wiki/R%C3%A9volte_de_Bar_Kokhba,,Q334502
4246cdbd-c5d7-40e7-a517-736a6a62ce88,Première utilisation du béton romain antique,0150-01-01,,,INSUFFICIENT_EVIDENCE,absence_de_singularite,0,true,Rejeter car l'événement décrit une période et non une année unique.,,,
7c5f2ae8-94cb-4217-9689-78c139082eea,Locke publie l'Essai sur l'entendement,1690-01-01,1690-01-01,year,CONFIRMED,confirme,0.9,false,No change needed.,Essai sur l'entendement humain,,Q482438
6d43bdea-4b0f-47b1-b250-1ac960308251,Fin de la guerre du Biafra,1970-01-01,1970-01-01,year,CONFIRMED,confirme,0.9,false,No change needed.,https://fr.wikipedia.org/wiki/Biafra,,Q178469
65864f41-0357-49ba-8308-3805f69442de,Mission Charcot en Antarctique,1903-01-01,1903-01-01,year,CONFIRMED,confirme,1,false,Confirmer la date de 1903.,https://fr.wikipedia.org/wiki/Premi%C3%A8re_exp%C3%A9dition_Charcot,,Q3402204
23e37bb7-3acd-4d7a-a354-7bdcee1ec717,"Première du ""Songe d'une nuit d'été""",1600-01-01,1600-01-01,year,LIKELY_CORRECT,probable_mais_a_confirmer,0.7,false,Vérifier si la date de publication correspond bien à la première représentation.,wikipedia_fr_article,,Q104871
c459ab18-6855-4b1d-8f92-92db2c302fe7,Mort de Léon Tolstoï,1910-01-01,1910-01-01,year,CONFIRMED,confirme,0.9,false,None,https://fr.wikipedia.org/wiki/L%C3%A9on_Tolsto%C3%AF,,Q7243
efc594ba-1e31-4ac2-befe-448c611b01c7,Henri Plantagenêt s'empare de la vicomté de Thouars,1156-01-01,,,INSUFFICIENT_EVIDENCE,retrieval_insuffisant,0,true,"Rechercher des sources externes supplémentaires (chroniques, biographies, études historiques) qui confirment l'année 1156 pour la prise de la vicomté de Thouars par Henri Plantagenêt.",,,Q2592828
26b686e4-4e11-4ff1-a85f-9de05976eb68,"Affaire des Poisons, scandale à la cour",1677-01-01,1677-01-01,year,LIKELY_CORRECT,probable_mais_a_confirmer,0.6,false,Vérifier si 1677 est bien l'année de début de l'affaire.,https://fr.wikipedia.org/wiki/Affaire_des_poisons,,Q1248576
531a0b6f-2676-4ed5-b65a-9b084b5715ff,Loi sur la protection de la nature,1971-01-01,1971-01-01,year,LIKELY_CORRECT,probable_mais_a_confirmer,0.7,false,No change needed.,,,Q3091418
3630302c-87db-41af-b1bb-4a1bd4e91d6b,Révolution des Jeunes-Turcs dans l'Empire ottoman,1908-10-01,1908-01-01,year,CONFIRMED,confirme,0.9,false,Confirmer la date de 1908.,https://fr.wikipedia.org/wiki/R%C3%A9volution_des_Jeunes-Turcs,,Q4298662
8a40907f-aeeb-403a-a29a-066ccda0cef9,Première invasion de l'Italie par les Wisigoths,0402-01-01,0402-01-01,year,LIKELY_CORRECT,preuve_externe_faible,0.5,false,Ajouter des sources externes fiables pour confirmer l'année de l'invasion.,,,
47147d4e-6b41-4181-926d-73e5e42bf029,Création du journal féministe 'The Lily',1849-01-01,1849-01-01,year,LIKELY_CORRECT,preuve_externe_faible,0,false,Ajouter des sources externes fiables pour valider l'année de création du journal.,,,
ef583ac5-6641-4752-8944-ee2df754ecd6,Affaire des diamants de Bokassa,1975-01-01,,,INSUFFICIENT_EVIDENCE,absence_de_singularite,0,true,Reject due to the event spanning multiple years.,https://fr.wikipedia.org/wiki/Affaire_des_diamants,,Q2825971
b4f257b1-a87e-49fa-a01e-88b88c2af356,Rattachement du Comté de Toulouse,1271-01-01,,,INSUFFICIENT_EVIDENCE,preuve_insuffisante,0,true,Rechercher des sources externes qui confirment le rattachement du Comté de Toulouse au Royaume de France en 1271.,https://fr.wikipedia.org/wiki/Comt%C3%A9_de_Toulouse,,Q1334322
e83d4de0-7130-4b29-bb72-f7053ae8e836,Marco Polo quitte la Chine,1292-01-01,,,INSUFFICIENT_EVIDENCE,annee_exacte_introuvable,0,true,Search for reliable historical sources that specifically mention the year Marco Polo left China.,,,Q572703
c42aa23d-f906-4d16-aa2b-ce099218fb0b,Mort de Charles X,1836-01-01,1836-01-01,year,CONFIRMED,confirme,1,false,Confirmer la date de 1836.,wikipedia_fr_article,wikipedia_en_article,Q7758
0e01931f-4b4d-462b-8b43-6752bdaec93d,Première Exposition internationale des Arts décoratifs,1925-01-01,1925-01-01,year,CONFIRMED,confirme,0.9,false,No change needed.,https://fr.wikipedia.org/wiki/Exposition_internationale_des_arts_d%C3%A9coratifs_et_industriels_modernes,,Q1384763
24bc3389-4368-4c96-965c-717cb7e9182f,Interdiction des Jeux Olympiques antiques,0394-01-01,0394-01-01,year,CONFIRMED,confirme,1,false,No change needed.,Jeux olympiques antiques,,Q188468
c9a34c08-faac-456f-a975-47a0689a90e5,Censure de la loi Falloux par le Conseil constitutionnel,1994-01-01,1994-01-01,year,LIKELY_CORRECT,preuve_externe_faible,0.5,false,Fournir des sources externes pour confirmer l'année de la censure de la loi Falloux.,,,
b83867ef-cbc6-4f5d-8ba5-31cad13c48bf,Mort de François II,1560-01-01,1560-01-01,year,CONFIRMED,confirme,0.9,false,Aucune révision nécessaire.,wikipedia_fr_article,,Q132548
820250cc-9ecb-4a29-b405-f9c205c37187,Découverte des îles Galápagos par les Européens,1535-01-01,1535-01-01,year,LIKELY_CORRECT,probable_mais_a_confirmer,0.7,false,Confirmer la date avec d'autres sources.,Îles Galápagos,,Q38095
d0d2eebb-dc55-4360-8184-1bb89070035a,Charles Martel devient maire du palais d' Austrasie,0716-01-01,0716-01-01,year,LIKELY_CORRECT,probable_mais_a_confirmer,0.8,false,Aucune modification nécessaire.,https://fr.wikipedia.org/wiki/Charles_Martel,,Q3301
82cb2477-f2bd-46a9-a0d9-bef43e2bc6ac,Invention du haut fourneau en Chine,1068-01-01,,,INSUFFICIENT_EVIDENCE,annee_exacte_introuvable,0,true,Further research is needed to confirm the exact year of the invention of the blast furnace in China.,Haut fourneau,,Q181485
ee7bf8a8-d28b-46e1-94f0-9560c7343c09,Création du premier terrain de jeux public à Manchester,1859-09-13,1859-01-01,year,LIKELY_CORRECT,preuve_externe_faible,0.5,false,Ajouter des sources externes fiables pour confirmer l'année de création du premier terrain de jeux public à Manchester.,,,
4f217884-5605-4171-8b57-1062ee86bc9e,Bataille de Navarin,1827-01-01,1827-01-01,year,CONFIRMED,confirme,0.9,false,Confirmer la date de 1827.,wikipedia_fr_article,,Q238440
7e343001-2ea7-47dc-b40e-98b499fcae59,Création du Snuggie (couverture à manches),2008-01-01,,,INSUFFICIENT_EVIDENCE,retrieval_insuffisant,0,true,Ajouter des sources externes fiables pour confirmer l'année de création du Snuggie.,,,
de44c6c1-e22c-47ab-838a-ccb9a9ad0687,Publication du premier volume de l'Encyclopédie,1751-06-28,1751-01-01,year,CONFIRMED,confirme,1,false,No changes needed.,Encyclopédie,,Q5292
8b231105-86c5-4ae1-a7f4-5008c9b6cd2a,Création du Parc national de la Vanoise,1964-08-22,,,DISPUTED_DATE,date_disputee,0,true,Check external sources to resolve the date discrepancy.,Parc national de la Vanoise,,Q174250
e88ac88b-658d-4cd9-991d-ca95848d9e1f,Publication de 'Mastering the Art of French Cooking',1961-01-01,1961-01-01,year,CONFIRMED,confirme,0.9,false,Confirm the date as 1961.,wikipedia_fr_article,wikipedia_en_article,Q1808021
d9ca9ab3-5139-4f21-a421-fad020638759,Début de la construction du Dôme de Florence par Brunelleschi,1420-01-01,,,INSUFFICIENT_EVIDENCE,annee_exacte_introuvable,0,true,Ajouter des sources externes fiables pour confirmer l'année de début de la construction.,,,
0edd0a05-8f7a-4c39-ad51-934068df1f3c,Publication du Manifeste du Parti communiste,1848-10-01,1848-01-01,year,CONFIRMED,confirme,1,false,No change needed.,https://fr.wikipedia.org/wiki/Manifeste_du_parti_communiste,,Q40591
924036eb-385a-478a-abcf-3298b2da7c71,Début de la guerre d'Espagne,1936-10-01,1936-01-01,year,CONFIRMED,confirme,0.9,false,Confirmer la date de 1936.,https://fr.wikipedia.org/wiki/Guerre_d%27Espagne,,Q10859
db6f70e9-1646-4500-8f0c-1927e10ce1f7,Naissance de Madame de Montespan,1640-01-01,1640-01-01,year,CONFIRMED,confirme,0.9,false,No change needed.,wikipedia_fr_article,wikipedia_en_article,Q230982
4750fee7-af45-4fab-b901-5f7b4b06ebc2,Création de la Compagnie française des Indes orientales,1664-01-01,1664-01-01,year,CONFIRMED,confirme,0.9,false,Confirmer la date de création de la Compagnie française des Indes orientales comme étant 1664.,Compagnie française des Indes orientales,,Q213663
96daa9d5-f2a5-47d4-afca-4fad6cb01254,Début du mouvement des droits civiques aux États-Unis,1954-01-01,,,INSUFFICIENT_EVIDENCE,absence_de_singularite,0,true,Rejeter car le titre décrit un mouvement et non un événement ponctuel.,Mouvement des droits civiques aux États-Unis de 1896 à 1954,,Q17172706
c9cc524b-cc53-46f0-89b6-5f5091d7a356,Règne de Philippe III le Hardi,1270-01-01,,,INSUFFICIENT_EVIDENCE,absence_de_singularite,0,true,"Reject as the title describes a period, not a single-year event.",Philippe III le Hardi,,Q172203
6030aab7-bbbb-4d3f-85d4-0928eccb83e1,Création du Bureau des Cinq Censeurs,1592-01-01,1592-01-01,year,LIKELY_CORRECT,preuve_externe_faible,0.5,false,Ajouter des sources externes fiables pour valider l'année de création du Bureau des Cinq Censeurs.,,,
0573d7a6-6a1d-41b0-9c8d-a24221439e19,Décès du célèbre écrivain et ancien ministre de la Culture français André Malraux à Paris,1976-01-01,1976-01-01,year,CONFIRMED,confirme,1,false,No change needed.,André Malraux,,Q151164
98a70c7c-1e71-45f3-8985-9e18de73114e,Cousteau invente le scaphandre,1943-01-01,,,INSUFFICIENT_EVIDENCE,annee_exacte_introuvable,0,true,"Rechercher des sources externes fiables (biographies de Cousteau, articles de journaux d'époque, publications scientifiques) qui confirment l'année exacte de l'invention du scaphandre autonome.",Scaphandre autonome,,Q2079255
74a54fd2-87f3-4df3-83ae-48e9ba73dba8,Ibn Battuta visite le royaume de Mali,1352-01-01,,,INSUFFICIENT_EVIDENCE,annee_exacte_introuvable,0,true,Further research is needed to confirm the exact year of Ibn Battuta's visit to the kingdom of Mali.,Ibn Battûta,,Q7331
67cd0502-16ba-4789-aa89-1af248722071,Bataille de Watling Street : Victoire romaine décisive contre la reine Boudicca,0061-01-01,0061-01-01,year,LIKELY_CORRECT,preuve_externe_faible,0.7,false,Vérifier avec d'autres sources si la bataille a eu lieu en 61 ou 60.,,,Q3820832
bf23ae95-b423-4c8e-98f9-74c51dd11bcf,Prise de Sirmium par les Huns,0441-01-01,0441-01-01,year,LIKELY_CORRECT,preuve_externe_faible,0.8,false,Aucune recommandation nécessaire.,Sirmium,,Q833060
1bd4b610-4b8d-4fc4-904f-e76895f60efd,Siège,0885-01-01,,,AMBIGUOUS_TITLE,titre_ambigu_ou_collision,0,true,Préciser le titre pour qu'il identifie un siège spécifique et s'assurer qu'il se déroule sur une seule année.,,,Q4049442
d9315af5-48f2-4098-9335-00a5f3cd6ecc,Signature des accords d'assistance mutuelle franco-américains,1951-01-01,,,INSUFFICIENT_EVIDENCE,annee_exacte_introuvable,0,true,"Provide sources that explicitly mention the year of the ""Signature des accords d'assistance mutuelle franco-américains"".",,,Q2779095
faedefed-52f9-42b3-ac91-acf4cc0564b1,Publication du Nouveau Testament par Érasme,1516-01-01,1516-01-01,year,CONFIRMED,confirme,0.9,false,Aucune.,Érasme,,Q43499
dfc7dea2-e5ab-4eb8-b09f-86ca0d724f4b,Premier Ballon d'Or hors Europe,1995-01-01,1995-01-01,year,LIKELY_CORRECT,preuve_externe_faible,0.5,false,Rechercher des sources externes confirmant l'année 1995 pour l'attribution du Ballon d'Or à George Weah.,,,
2da65564-cfc2-4624-8823-05c37c7abb4a,Dévaluation du Franc par le gouvernement de Gaulle en 1958,1958-01-01,1958-01-01,year,CONFIRMED,confirme,0.9,false,Confirmer la date de 1958.,,,Q3111975
aa646484-9979-47b8-a75b-75042446d337,Inauguration de la colonne Trajane,0113-01-01,0113-01-01,year,CONFIRMED,confirme,1,false,No changes needed.,Colonne Trajane,,Q192784
2a37d31a-fb47-48b0-bdc0-039a2faec5ea,Découverte des rayons cosmiques,1912-01-01,,,INSUFFICIENT_EVIDENCE,retrieval_insuffisant,0,true,Ajouter des sources externes fiables pour valider l'année de la découverte.,,,
b3588d3e-dedd-4876-b0b6-69cd09fac746,Révélations de Wikileaks,2010-01-01,2010-01-01,year,LIKELY_CORRECT,probable_mais_a_confirmer,0.8,false,None,wikipedia_fr_article,wikipedia_en_article,Q359
a6897f9e-8ddc-4c4c-a3bc-a1b77a295810,Naufrage du Andrea Doria,1956-01-01,1956-01-01,year,LIKELY_CORRECT,preuve_externe_faible,0,false,Ajouter une source externe fiable mentionnant l'année du naufrage du Andrea Doria.,,,Q906512
275d51ff-4fce-4c1a-ac43-cb9a91ed4acd,Adoption du système décimal en France,1799-01-01,1799-01-01,year,CONFIRMED,confirme,0.9,false,Aucune recommandation nécessaire.,,,Q58296
ad7a145f-763e-4e24-a88d-4234c024ac42,Raid viking sur Lindisfarne (début ère viking),0793-06-08,0793-01-01,year,LIKELY_CORRECT,probable_mais_a_confirmer,0,false,Ajouter une source externe qui confirme l'année 793 pour le raid viking sur Lindisfarne.,,,Q222466
349ed5a9-48cb-4af0-9202-ff62f5f838de,Découverte des mines du Potosí,1545-01-01,1545-01-01,year,LIKELY_CORRECT,probable_mais_a_confirmer,0,false,Rechercher des sources externes confirmant l'année 1545 pour la découverte des mines du Potosí.,,,Q77952810
56a0db84-4024-490a-bdeb-e5d536a581ec,Inauguration de l'Eurostar,1994-01-01,1994-01-01,year,CONFIRMED,confirme,1,false,No changes needed.,Eurostar,,Q156013
576fe4ac-26d3-4bad-80fa-f929adfec4ca,Introduction de la fourchette en Italie,1000-01-01,,,INSUFFICIENT_EVIDENCE,absence_de_singularite,0,true,"Reject due to the event describing a process over time, not a singular event.",,,Q7791
c4fce1a8-692c-4831-8e33-c654b13a352d,Charte de Paris pour une nouvelle Europe,1990-01-01,1990-01-01,year,CONFIRMED,confirme,1,false,Aucune modification nécessaire.,wikipedia_fr_article,,Q1067802
da214821-24e2-4829-ad61-ddc7e9e5c190,Naufrage du MV Le Joola,2002-01-01,2002-01-01,year,CONFIRMED,confirme,1,false,Aucune modification nécessaire.,wikipedia_fr_article,wikipedia_en_article,Q1809940
eb552ef8-0025-4042-b26a-12e2bd8488cf,Fondation de l'Université Jagellonne de Cracovie,1364-01-01,1364-01-01,year,CONFIRMED,confirme,1,false,None,Université Jagellonne,,Q189441
bc80486f-e4a7-436e-a03e-fb090705d574,Réformes et restauration d’Aurélien,0274-01-01,0274-01-01,year,LIKELY_CORRECT,probable_mais_a_confirmer,0.7,false,Vérifier si d'autres sources confirment l'année 274 pour les réformes et la restauration d'Aurélien.,,,Q625149
c5053024-9a23-478b-bcc3-a214b532f893,Fusillade des 27 de Châteaubriant,1941-01-01,,,INSUFFICIENT_EVIDENCE,annee_exacte_introuvable,0,true,Provide a source that explicitly mentions the year of the Fusillade des 27 de Châteaubriant.,,,Q211187
397b59ce-c7d2-4ba4-8354-3589aac8fc67,"Jeanne Chauvin, première femme avocate en France",1900-01-01,1900-01-01,year,CONFIRMED,confirme,0.9,false,Aucune modification nécessaire.,https://fr.wikipedia.org/wiki/Jeanne_Chauvin,,Q3176008
e731e159-62e0-4686-b33a-5f99cc0f2e51,Edit d'Amboise,1563-01-01,1563-01-01,year,CONFIRMED,confirme,1,false,Confirmer la date de 1563.,wikipedia_fr_article,,Q1284627
a7a565af-30eb-455a-8ecb-0744b93a04b0,Publication de la théorie de la relativité restreinte par Einstein,1905-10-01,1905-01-01,year,CONFIRMED,confirme,0.9,false,No change needed.,wikipedia_fr_article,,Q11455
935b235c-67c9-45e8-be8c-56217eee2ab6,Proclus succède à Plutarque à l'Académie,0437-01-01,,,INSUFFICIENT_EVIDENCE,annee_exacte_introuvable,0,true,Rechercher des sources qui confirment l'année de la succession de Proclus à Plutarque à l'Académie d'Athènes.,https://fr.wikipedia.org/wiki/Proclus,,Q271809
9cc2d093-4b83-42c1-b4b2-fab3f69498e9,Publication de 1984 de George Orwell,1949-01-01,1949-01-01,year,CONFIRMED,confirme,0.9,false,None,,,Q3335
e8346aa0-22d6-4f5c-a920-027584197bfc,Interdiction du Parti communiste français,1939-01-01,1939-01-01,year,CONFIRMED,confirme,0.9,false,No change needed.,Parti communiste français,,Q192821
9513be3c-12e0-49a8-87b5-c2e15fc450ba,Importante disette,0993-01-01,0993-01-01,year,LIKELY_CORRECT,preuve_externe_faible,0.5,false,Rechercher des sources externes confirmant la disette en France en 993.,,,
61f1dc8a-dfaa-456e-b2e5-0ce0cf8e6488,Canicule meurtrière de 2003,2003-01-01,2003-01-01,year,CONFIRMED,confirme,0.9,false,No change needed.,Canicule européenne d'août 2003,,Q1136557
c95d9378-23c7-4c00-9517-4409c4ac9175,Bataille de Fornoue,1495-01-01,1495-01-01,year,CONFIRMED,confirme,1,false,Confirmer la date de 1495.,https://fr.wikipedia.org/wiki/Bataille_de_Fornoue,,Q764793
26e820e1-8044-4c2e-91d5-4b9e5592fbbb,Construction du château de Douvres commencée,1180-01-01,,,INSUFFICIENT_EVIDENCE,absence_de_singularite,0,true,"Reject. The event describes a construction, which is a time span, not a singular event in a single year.",,,Q7509935
311db50d-8abf-4d11-b3e9-ff97e57c9233,Signature du traité de la CECA,1951-04-18,1951-01-01,year,CONFIRMED,confirme,1,false,No change needed.,https://fr.wikipedia.org/wiki/Trait%C3%A9_instituant_la_Communaut%C3%A9_europ%C3%A9enne_du_charbon_et_de_l%27acier,,Q724496
ea50f7c5-9f34-4688-9059-74ae561c63ef,Assassinat de Domitien,0096-09-18,0096-01-01,year,CONFIRMED,confirme,1,false,Confirmer la date de 96.,Domitien,,Q1423
7d211f52-1866-41a9-802d-c2e87f64eade,Construction du palais d'Aix-la-Chapelle (c. 794),0794-01-01,0794-01-01,year,LIKELY_CORRECT,probable_mais_a_confirmer,0.8,false,Confirmer la date de début de construction du palais d'Aix-la-Chapelle.,Palais d'Aix-la-Chapelle,,Q300739
90ce3870-3e7d-4349-8fab-66fca7442f1c,Premières batailles entre Francs et Normands,0804-01-01,,,AMBIGUOUS_TITLE,titre_ambigu_ou_collision,0,true,Préciser le titre pour qu'il décrive une bataille spécifique et fournir des sources externes.,,,
37857bb4-c8c1-4dc1-9f29-fbd2bd9a14f4,Règne de Louis V le Fainéant,0986-01-01,,,INSUFFICIENT_EVIDENCE,absence_de_singularite,0,true,"Reject the event as it describes a period, not a specific year.",https://fr.wikipedia.org/wiki/Louis_V_le_Fain%C3%A9ant,,Q205289
fd3fbe5a-961c-4813-bdcf-9d0504a646b1,Guerre du Chaco,1932-01-01,,,INSUFFICIENT_EVIDENCE,absence_de_singularite,0,true,Rejeter car l'événement décrit une période et non une année unique.,https://fr.wikipedia.org/wiki/Guerre_du_Chaco,,Q223126
0010b463-833c-4fb3-bbdb-b06c18f4bd58,Soulèvement de Décembristes en Russie,1825-01-01,,,INSUFFICIENT_EVIDENCE,annee_exacte_introuvable,0,true,Rechercher des sources externes fiables mentionnant l'année exacte du soulèvement des Décembristes.,,,Q159
566ab4eb-16f5-4734-b8c1-362f720fa51d,Léonard de Vinci conçoit des machines volantes,1480-01-01,,,INSUFFICIENT_EVIDENCE,absence_de_singularite,0,true,"Reject. The title describes an ongoing activity, not an event that can be pinned to a single year.",https://fr.wikipedia.org/wiki/L%C3%A9onard_de_Vinci,,Q762
1a87c4c4-3a3f-478e-8fd7-e563d3096107,Abolition de l'esclavage dans l'Empire britannique,1833-08-28,1833-01-01,year,LIKELY_CORRECT,probable_mais_a_confirmer,0,false,Chercher des sources externes qui confirment l'année exacte de l'abolition de l'esclavage dans l'Empire britannique.,Abolition de l'esclavage,,Q2966922
ae523de4-8d52-4114-ab4a-c1bdfc22dbd4,Lister publie sur l'antisepsie,1867-01-01,,,INSUFFICIENT_EVIDENCE,retrieval_insuffisant,0,true,Ajouter des sources externes fiables pour confirmer l'année de publication.,,,
5fa06ff7-5576-421c-be44-bef32ae5c6fe,Création de l'Ultimate Fighting Championship (UFC),1993-01-01,1993-01-01,year,CONFIRMED,confirme,0.9,false,Confirmer la date de 1993.,Ultimate Fighting Championship,,Q186471
3714820c-9157-4666-9dd8-f761c39039a2,Congrès de paix d'Utrecht,1712-01-01,1713-01-01,year,POTENTIAL_DATE_ERROR,divergence_date,0.8,false,No change needed.,Traités d'Utrecht,,Q154674
676199ed-9643-4568-a7f2-8ab6c9cd3036,Publication de 'La Richesse des Nations' d'Adam Smith,1776-01-01,1776-01-01,year,CONFIRMED,confirme,1,false,No change needed.,Adam Smith,,Q9381
30a60461-5e57-470f-b18e-272b09bba704,Programme autoroutier du Plan Monnet,1951-01-01,,,INSUFFICIENT_EVIDENCE,annee_exacte_introuvable,0,true,Provide external sources that specify the exact year of the program's launch or a specific event within the program.,,,
447c8b8a-dd4b-4d59-88bd-547c4ddcde54,Accords de Grenelle sur la formation continue,1972-01-01,1972-01-01,year,LIKELY_CORRECT,probable_mais_a_confirmer,0.8,false,Confirmer la date de 1972.,,,Q3077366
3f56e3ec-b280-4477-b28e-f5b17dd994fb,Lancement du RMS Lusitania,1906-01-01,1906-01-01,year,CONFIRMED,confirme,1,false,Confirmer la date de lancement du RMS Lusitania comme étant 1906.,wikipedia_fr_article,wikipedia_en_article,Q187425
4f6572c3-3af7-4b25-b4f2-52c94561cc85,Siège de Paris (Vikings),0845-01-01,0845-01-01,year,LIKELY_CORRECT,probable_mais_a_confirmer,0.8,false,Confirmer l'événement avec l'année 845.,,,Q12567
5f43c90b-7188-42d3-846e-c0d6eaaf84ea,Fondation de la Société de la paix de New York,1815-01-01,,,INSUFFICIENT_EVIDENCE,preuve_insuffisante,0,true,Rechercher des sources externes confirmant la date de fondation de la Société de la paix de New York.,,,Q60
477fd90d-f346-4c27-ac57-181ff1348093,Création du système métrique,1795-04-07,1795-01-01,year,CONFIRMED,confirme,0.9,false,Confirmer la date de 1795.,Système métrique,,Q232405
93f98d4f-4b7f-411c-affd-d4cbdf988e31,Édit de février interdisant les duels en France,1626-01-01,1626-01-01,year,LIKELY_CORRECT,probable_mais_a_confirmer,0.8,false,Rechercher des sources externes confirmant l'année 1626 pour l'Édit de février interdisant les duels en France.,,,Q151340
ff62b136-b382-44bb-ab0f-342a934ed038,Création de l'Agence Mondiale Antidopage (AMA),1999-01-01,1999-01-01,year,CONFIRMED,confirme,0.9,false,No change needed.,Agence mondiale antidopage,,Q749394
7369d28b-c6bc-4825-9e3e-f34c43618abc,Alexander Fleming découvre la pénicilline,1928-09-28,1928-01-01,year,CONFIRMED,confirme,0.9,false,None,https://fr.wikipedia.org/wiki/D%C3%A9couverte_de_la_p%C3%A9nicilline,,Q3042914
1fc1c5f5-f7cb-4a58-afee-3a5db470ee0b,Invention du masque à gaz par John Stenhouse,1854-01-01,,,INSUFFICIENT_EVIDENCE,retrieval_insuffisant,0,true,Fournir des sources externes pour valider l'année de l'invention.,,,
a2b573d4-82a3-4da5-a17b-633810991fba,Construction de la cathédrale de Monreale en Sicile,1174-01-01,1172-01-01,year,POTENTIAL_DATE_ERROR,divergence_date,0.7,false,Use 1172 as the start year of construction.,Cathédrale de Monreale,,Q1303856
a1503742-d7bb-41c3-855d-7b81ef22383e,Création de la NBA Development League,2001-01-01,,,INSUFFICIENT_EVIDENCE,annee_exacte_introuvable,0,true,Rechercher des sources fiables qui mentionnent la date de création de la NBA Development League.,,,Q29996625
ff612cf8-77ad-4060-8b3c-b914aeaa6c41,Installation de la cour de Louis XIV à Versailles,1682-05-06,1682-01-01,year,LIKELY_CORRECT,probable_mais_a_confirmer,0.8,false,No changes needed.,,,Q7742
215b2043-cc69-47d3-8555-2d20726ce9d3,Début du premier siège arabe de Constantinople,0674-01-01,0674-01-01,year,CONFIRMED,confirme,1,false,Confirmer la date de 674 comme début du premier siège arabe de Constantinople.,https://fr.wikipedia.org/wiki/Si%C3%A8ge_de_Constantinople_(674-678),,Q399482
7c985eed-ccfa-4fc9-8db6-3b41923d7ca3,Début du règne de Kubilai Khan en Chine,1260-01-01,1260-01-01,year,CONFIRMED,confirme,0.9,false,No change needed.,Kubilai Khan,,Q7523
59394339-31cb-41ea-8817-4c907f7c145c,Formation de la Ligue d'Augsbourg,1686-01-01,1686-01-01,year,CONFIRMED,confirme,0.9,false,Confirmer la date de 1686.,https://fr.wikipedia.org/wiki/Ligue_d%27Augsbourg,,Q577559
12b7620c-2b27-4913-a953-8a06b624fcbe,Premier café public à Venise,1647-05-17,1647-01-01,year,LIKELY_CORRECT,preuve_externe_faible,0,false,Rechercher des sources externes fiables qui confirment l'année de l'ouverture du premier café public à Venise.,,,Q8486
fcd57724-0cde-4abc-984b-bc1288619e72,Publication de Gulliver's Travels,1726-01-01,1726-01-01,year,CONFIRMED,confirme,0.9,false,Confirmer la date de publication de Gulliver's Travels comme étant 1726.,,https://en.wikipedia.org/wiki/Gulliver%27s_Travels,Q181488
9851db23-57e5-4ac1-bf13-a7c18c330f57,Lucrèce Borgia épouse Giovanni Sforza,1493-01-01,1493-01-01,year,LIKELY_CORRECT,probable_mais_a_confirmer,0.8,false,Confirmer l'événement avec l'année 1493.,https://fr.wikipedia.org/wiki/Lucr%C3%A8ce_Borgia,,Q191103
e947d6e2-bd86-436a-8b92-23ca92b30fb7,"Tortuga, repaire de pirates",1630-01-01,,,INSUFFICIENT_EVIDENCE,annee_exacte_introuvable,0,true,Rechercher des sources historiques confirmant l'année exacte où Tortuga est devenue un repaire de pirates.,,,Q194318
fea241b6-8eb0-46f4-8d3f-a4dddc9e7154,Affaire Bettencourt,2007-01-01,,,INSUFFICIENT_EVIDENCE,absence_de_singularite,0,true,"Reject. The title refers to an affair, which is a period, not a single event in a single year. More specific sources are needed to pinpoint a specific year.",,,Q123482611
9987fcd1-3cd5-455f-8afd-6e98d8e838f7,Bataille d'Austerlitz,1805-01-01,1805-01-01,year,CONFIRMED,confirme,0.9,false,Aucune.,wikipedia_fr_article,wikipedia_en_article,Q134114
e4c20d77-4e0d-4425-9f5e-cbd056d5aa9b,Séisme de San Francisco,1906-01-01,1906-01-01,year,CONFIRMED,confirme,0.9,false,Confirmer la date de 1906.,Séisme de 1906 à San Francisco,,Q211386
0960dca4-b86f-4733-98a1-9982c5519e44,Création de la Banque de France,1800-01-01,1800-01-01,year,CONFIRMED,confirme,0.9,false,No changes needed.,wikipedia_fr_article,wikipedia_en_article,Q806950
265aca8d-a470-4ac4-b37e-4d62f905659b,Siège de Mézières (Bayard),1521-01-01,1521-01-01,year,CONFIRMED,confirme,1,false,Confirmer la date de 1521.,wikipedia_fr_article,wikipedia_en_article,Q7879248
24789949-02df-45af-ab59-ef2f9bf0d502,Wilhelm Steinitz devient champion du monde d'échecs,1886-01-01,,,INSUFFICIENT_EVIDENCE,preuve_insuffisante,0,true,Rechercher des sources externes fiables qui confirment l'année exacte où Wilhelm Steinitz est devenu champion du monde d'échecs.,,,Q718
ab5c9d45-f227-4f35-8975-9859538d090f,L'Italie rejoint la Triple-Entente,1915-01-01,,,INSUFFICIENT_EVIDENCE,retrieval_insuffisant,0,true,Fournir des sources externes fiables pour confirmer l'année exacte de l'événement.,,,
40720f12-0b9b-4ecd-ba27-3f303c5558d7,Libération de Louis IV d'Outremer,0946-01-01,0946-01-01,year,LIKELY_CORRECT,probable_mais_a_confirmer,0.8,false,No change needed.,Louis IV d'Outremer,,Q193658
3a0f3ecf-45fd-4711-961c-cb1fcf365da1,Création de l'ONU,1945-10-24,1945-01-01,year,CONFIRMED,confirme,0.9,false,Aucune.,https://fr.wikipedia.org/wiki/Cr%C3%A9ation_de_l%27Organisation_des_Nations_unies,,Q3006103
fbcbe122-4ab8-479f-89de-caea165a50fc,Arrestation de Pinochet (Londres),1998-01-01,1998-01-01,year,CONFIRMED,confirme,0.9,false,No change needed.,wikipedia_fr_article,wikipedia_en_article,Q368
ed6eba11-acbf-48bb-a65f-e6ce1bceccfb,Début de la construction du Palais des Papes à Avignon,1335-01-01,1335-01-01,year,CONFIRMED,confirme,0.9,false,None,wikipedia_fr_article,wikipedia_en_article,Q143463
9b173b03-040d-4220-8527-7e8cb178fa4e,Fondation de la République populaire de Chine,1949-01-01,1949-01-01,year,LIKELY_CORRECT,probable_mais_a_confirmer,0.8,false,No change needed.,,,Q13426199
fb19ea34-ee9a-4bed-91e0-65da2d10d716,Réapparition de la frappe privée de monnaie,0884-01-01,,,INSUFFICIENT_EVIDENCE,retrieval_insuffisant,0,true,"Rechercher des sources externes (articles historiques, publications académiques) qui confirment la réapparition de la frappe privée de monnaie en France en 884.",,,
014696a7-978e-42eb-8fe7-bd481339640e,Mort de Georges Pompidou,1974-01-01,1974-01-01,year,CONFIRMED,confirme,1,false,No change needed.,wikipedia_fr_article,wikipedia_en_article,Q2185
8eb51fc1-fc73-4890-93c4-dbc040662ae6,Loi Évin sur le tabac et l’alcool,1991-01-01,1991-01-01,year,CONFIRMED,confirme,1,false,Aucune modification nécessaire.,https://fr.wikipedia.org/wiki/Loi_%C3%89vin,,Q1191696
070f82b3-a38c-43a6-bad5-d825c65b3c0c,Grave accident ferroviaire après une période de grèves majeures en France,1947-01-01,1947-01-01,year,LIKELY_CORRECT,preuve_externe_faible,0.5,false,Rechercher des sources externes pour confirmer l'année de l'accident ferroviaire d'Agny.,,,
408417b7-68c4-4950-8e00-455003dae48f,Andrea Palladio commence à construire la Villa Godi,1537-01-01,1537-01-01,year,LIKELY_CORRECT,preuve_externe_faible,0,false,Ajouter des sources externes fiables pour confirmer l'année de début de la construction de la Villa Godi.,,,
a321e96d-12f2-488d-aa15-2c34a23b97b7,Chute des cours à la Bourse de Paris après le krach de Wall Street,1929-01-01,1929-01-01,year,CONFIRMED,confirme,0.9,false,No changes needed.,Krach de 1929,,Q201684
ec21202b-d3a0-419c-801f-5a3d0980d07d,Premiers congés payés,1936-06-20,1936-01-01,year,LIKELY_CORRECT,probable_mais_a_confirmer,0.8,false,Vérifier avec d'autres sources l'année exacte de l'instauration des congés payés en France.,https://fr.wikipedia.org/wiki/Cong%C3%A9s_pay%C3%A9s,,Q5338673
69cbb6c6-ebc2-4660-9382-cafd8e3bbfe8,Signature du Concordat entre Napoléon Bonaparte et le Pape Pie VII,1801-07-15,1801-01-01,year,CONFIRMED,confirme,0.9,false,No changes needed.,wikipedia_fr_article,wikipedia_en_article,Q1428015
d3afbbc2-f7ce-4e6e-a649-e8c732ce9695,Sac de Lyon par les Sarrasins,0842-01-01,0842-01-01,year,LIKELY_CORRECT,preuve_externe_faible,0.8,false,Aucune.,,,Q8250
010b52a1-c05e-4a97-b7fe-73067d688fc9,"Eusebio, meilleur buteur de la Coupe du monde",1966-01-01,1966-01-01,year,LIKELY_CORRECT,probable_mais_a_confirmer,0.8,false,Confirmer que Eusebio a été le meilleur buteur de la Coupe du Monde en 1966 en utilisant des sources plus directes.,,,Q2086876
a97d624f-e3e5-4cea-b850-05f2654dc381,Lancement de M6,1987-01-01,1987-01-01,year,LIKELY_CORRECT,preuve_externe_faible,0,false,Fournir des sources externes pour confirmer l'année de lancement de M6.,,,
a22e47ef-1327-4812-85b4-f8b3cb65c68b,Description de la variole par Rhazès,0900-01-01,0900-01-01,year,LIKELY_CORRECT,preuve_externe_faible,0.7,false,None,,,Q12214
e088c088-2f1e-4bcf-b68a-5f36113cd761,Règne de Philippe I er,1060-01-01,,,INSUFFICIENT_EVIDENCE,absence_de_singularite,0,true,Rejeter car il s'agit d'une période et non d'un événement ponctuel.,,,
2a4e240b-96cb-4b7d-b754-fae2cfec5869,Rosa Parks refuse de céder sa place,1955-12-01,1955-01-01,year,CONFIRMED,confirme,1,false,No change needed.,https://fr.wikipedia.org/wiki/Rosa_Parks,,Q41921
bf27b690-a99c-47e9-8d5a-760e0e389707,"Leicester City, champion de Premier League",2016-01-01,2016-01-01,year,CONFIRMED,confirme,1,false,Confirm the date as 2016.,wikipedia_fr_article,wikipedia_en_article,Q20647604
6c00fb6e-8d90-42b0-acc9-28d1c394d3c9,Première de La Flûte enchantée de Mozart,1791-01-01,1791-01-01,year,CONFIRMED,confirme,0.9,false,No changes needed.,La Flûte enchantée,,Q5064
b292b1ad-c61a-40e4-9e07-8e046e66540b,Mission Saints Cyrille et Méthode chez Slaves Moravie,0863-01-01,0863-01-01,year,CONFIRMED,confirme,0.9,false,Valider la date de 863 pour la mission de Cyrille et Méthode en Grande-Moravie.,Cyrille et Méthode,,Q239925
68f8fcc5-7756-40dc-8b62-9d0d22e55952,Invasion de la Baie des Cochons,1961-04-17,1961-01-01,year,CONFIRMED,confirme,1,false,No changes needed.,https://fr.wikipedia.org/wiki/D%C3%A9barquement_de_la_baie_des_Cochons,,Q191721
89386505-fd70-4ab4-812b-2b1d9bd0e27f,Bataille de Syrte (Kadhafi),2011-01-01,2011-01-01,year,CONFIRMED,confirme,1,false,No change needed.,https://fr.wikipedia.org/wiki/Bataille_de_Syrte_(2011),,Q2361214
b4ab0eaf-9605-4e8e-a5eb-af180665f3ea,Inauguration du Grand-Théâtre de Bordeaux,1780-01-01,1780-01-01,year,CONFIRMED,confirme,0.9,false,"Confirm the date as April 17, 1780.",wikipedia_fr_article,wikipedia_en_article,Q2809425
6da12255-bbcb-46c5-b518-fe70c6253b1d,Bataille d'El Alamein,1942-01-01,1942-01-01,year,CONFIRMED,confirme,1,false,Confirmer la date de 1942 pour la bataille d'El Alamein.,wikipedia_fr_article,wikipedia_en_article,Q246653
31d08097-666a-4293-ad4c-daa9366e4765,Création de l'Institut d'Égypte au Caire,1798-01-01,1798-01-01,year,CONFIRMED,confirme,0.9,false,Confirmer la date de création de l'Institut d'Égypte comme étant 1798.,Institut d'Égypte,,Q1232190
59e3565f-f6bb-40ec-96a4-5916ee861bf2,Naissance de Jésus,0001-01-01,,,INSUFFICIENT_EVIDENCE,annee_exacte_introuvable,0,true,"Nécessite une expertise historique pour déterminer si une année peut être raisonnablement inférée malgré le débat historiographique. Pour l'instant, aucune année ne peut être confirmée.",https://fr.wikipedia.org/wiki/Naissance_de_J%C3%A9sus,,Q3335242
88ad1693-904c-46c0-af09-9a9571f6b04e,Début de la peste de Justinien,0541-01-01,0541-01-01,year,CONFIRMED,confirme,0.9,false,No change needed.,Peste de Justinien,,Q821711
0bb8c12e-7ef6-4be8-b81c-a0e6498348d2,Révolte des Cabochiens,1413-01-01,1413-01-01,year,CONFIRMED,confirme,0.9,false,No change needed.,https://fr.wikipedia.org/wiki/R%C3%A9volte_des_Cabochiens,,Q962676
c5f70b7a-61c9-43ae-9ac1-223d7a5475b6,Droit de vote des femmes en Nouvelle-Zélande,1893-01-01,1893-01-01,year,CONFIRMED,confirme,1,false,Aucune modification nécessaire.,wikipedia_fr_article,,Q3447247
3dcfdafd-f3b8-493c-bc64-dab7b1d1630e,Sacre de Louis XIV,1654-01-01,,,INSUFFICIENT_EVIDENCE,annee_exacte_introuvable,0,true,Rechercher des sources externes qui confirment l'année exacte du sacre de Louis XIV.,https://fr.wikipedia.org/wiki/Louis_XIV,,Q7742
6c31df57-8199-41e5-8e47-c63a3fc22d04,"Machiavel écrit ""Le Prince""",1513-01-01,1513-01-01,year,CONFIRMED,confirme,1,false,Aucune modification n'est nécessaire.,https://fr.wikipedia.org/wiki/Le_Prince,,Q131719
158f304f-cd19-4ef5-b607-db921ee4b808,Indépendance du Congo belge,1960-01-01,1960-01-01,year,CONFIRMED,confirme,1,false,Aucune modification nécessaire.,wikipedia_fr_article,,Q213510
276149f6-ed87-4054-ba06-4907d40a7b40,Première utilisation du mot 'scientist',1834-01-01,,,INSUFFICIENT_EVIDENCE,retrieval_insuffisant,0,true,Fournir des sources externes pour confirmer l'année.,,,
ab9bfa20-6c59-43d7-9adf-2ecf4be8892f,Empire des Gaules,0260-01-01,0260-01-01,year,CONFIRMED,confirme,0.9,false,Confirmer la date de 260 comme année de début de l'Empire des Gaules.,https://fr.wikipedia.org/wiki/Empire_des_Gaules,,Q273025
48499af6-0407-419f-a34d-d3dcd220a8b1,Premier réacteur nucléaire contrôlé à Chicago,1942-01-01,1942-01-01,year,CONFIRMED,confirme,0.9,false,Confirmer la date de 1942.,,,Q80877
17a0aedf-3b23-4cfa-928c-bc95c55395fb,Deuxième exposition universelle de Paris,1878-01-01,,,INSUFFICIENT_EVIDENCE,retrieval_insuffisant,0,true,Provide external sources to confirm the year of the event.,,,
b11edd94-9143-4836-8146-310d7a67c63c,Début de l'expédition d'Amundsen au Pôle Sud,1910-06-01,1910-01-01,year,CONFIRMED,confirme,1,false,No change needed.,Expédition Amundsen,,Q8414
e58ac95f-ffc6-4d7d-bbb7-9cec98e395a0,Promulgation de la Constitution de la Ve République,1958-10-04,1958-01-01,year,CONFIRMED,confirme,1,false,Aucune action nécessaire.,wikipedia_fr_article,,Q832508
ee75249f-ed1e-4d3e-98b4-f1cf8ca67f0f,Loi autorisant les femmes à témoigner en justice,1907-01-01,,,INSUFFICIENT_EVIDENCE,annee_exacte_introuvable,0,true,Fournir des sources externes fiables pour confirmer l'année de la loi.,,,
97a74130-a463-443c-9c66-ddfc9113a91d,Le Tour du monde en 80 jours,1872-01-01,1872-01-01,year,LIKELY_CORRECT,probable_mais_a_confirmer,0,false,Ajouter une source externe fiable confirmant l'année de publication du roman.,,,Q838313
ec727172-031d-4bf2-b37d-9266beb7b836,Début de la guerre des Malouines,1982-10-01,1982-01-01,year,LIKELY_CORRECT,probable_mais_a_confirmer,0.8,false,Confirmer la date de 1982 comme année de début de la guerre des Malouines.,Guerre des Malouines,,Q48249
e8a3c52b-4cff-4466-ac1b-674f7e47bef6,Première exposition Gutai à Tokyo,1955-01-01,,,INSUFFICIENT_EVIDENCE,annee_exacte_introuvable,0,true,Rechercher des sources mentionnant spécifiquement la date de la première exposition Gutai à Tokyo.,https://fr.wikipedia.org/wiki/Gutai,,Q1028956
9da1863d-4ffe-4076-9b5e-e6cf0da5a052,Première Conférence Mondiale sur le Climat à Genève,1979-01-01,1979-01-01,year,CONFIRMED,confirme,1,false,No change needed.,https://fr.wikipedia.org/wiki/Premi%C3%A8re_Conf%C3%A9rence_mondiale_sur_le_climat,,Q124850224
a40c3eeb-633a-405c-819b-a9b7c11a6bc0,Création de la FA Cup,1871-01-01,1871-01-01,year,LIKELY_CORRECT,preuve_externe_faible,0,false,Ajouter des sources externes fiables pour confirmer l'année de création de la FA Cup.,,,
810a14a7-5969-4513-aaff-c82be51ab8a2,Mise en place de mesures économiques en France pour stabiliser les finances face au premier choc pétrolier,1974-01-01,,,INSUFFICIENT_EVIDENCE,absence_de_singularite,0,true,Provide external sources to confirm the exact year when the economic measures were implemented.,,,
29906039-ec29-4a91-9296-6124e8450ec6,Fondation de l'Université de Padoue en Italie,1222-01-01,,,INSUFFICIENT_EVIDENCE,annee_exacte_introuvable,0,true,Rechercher des sources externes confirmant l'année exacte de la fondation de l'Université de Padoue.,,,Q3918
cdcc283e-f337-4ef3-a5ce-04cbe2d2503a,Sixième guerre de Religion en France,1577-01-01,,,INSUFFICIENT_EVIDENCE,absence_de_singularite,0,true,"Reject the event as it describes a war, which spans multiple years, and not a single-year event.",,,Q2664394
b2dae4a1-0168-43d5-bcb4-cc812a2cc99d,Indépendance du Kenya,1963-12-12,1963-01-01,year,CONFIRMED,confirme,1,false,No change needed.,Kenya,,Q114
f1f318cc-bcc1-44c3-b8e6-7b8a4127fef6,Sacre de Charles VII à Reims,1429-07-17,1429-01-01,year,LIKELY_CORRECT,probable_mais_a_confirmer,0.8,false,Confirmer la date de 1429.,https://fr.wikipedia.org/wiki/Charles_VII_(roi_de_France),https://en.wikipedia.org/wiki/Reims,Q133372
3ddffe1d-032d-45a5-83e9-6ccf4e604385,Plan Young,1929-01-01,1929-01-01,year,CONFIRMED,confirme,0.9,false,None,wikipedia_fr_article,wikipedia_en_article,Q165119
b5416066-b969-4e98-8d37-f144585c7844,Typhon dévastateur détruit la flotte mongole au Japon,1274-01-01,1274-01-01,year,LIKELY_CORRECT,probable_mais_a_confirmer,0.8,false,Confirmer la date de 1274.,Invasions mongoles du Japon,,Q208156
d7a393ae-46cb-460d-8153-929da8f69568,Création de la Comédie-Française,1680-09-04,1680-01-01,year,LIKELY_CORRECT,probable_mais_a_confirmer,0.8,false,Aucune recommandation nécessaire.,wikipedia_fr_article,wikipedia_en_article,Q61460498
efc7a0b4-e86f-4960-a17f-def2c855193e,Mariage d'Henri IV et Marie de Médicis,1600-01-01,1600-01-01,year,CONFIRMED,confirme,0.9,false,No change needed.,Marie de Médicis,,Q182021
21d9b363-da6e-4452-939a-7d1587c5e71f,Lancement du Plan Juncker en Europe,2015-01-01,,,INSUFFICIENT_EVIDENCE,retrieval_insuffisant,0,true,Fournir des sources externes pour valider l'année de lancement.,,,
ea46e81d-4249-42f7-a6c2-c3b534b1d72c,Développement du lance-flammes à pompe en Chine,1232-01-01,,,INSUFFICIENT_EVIDENCE,retrieval_insuffisant,0,true,Fournir des sources externes pour valider l'année du développement du lance-flammes à pompe en Chine.,,,
f9ff012b-39a2-4559-b121-3efa0b610918,"Tragique embrasement de Notre-Dame de Paris, choc international.",2019-01-01,2019-01-01,year,LIKELY_CORRECT,preuve_externe_faible,0.5,false,Fournir des sources externes pour confirmer l'année de l'incendie.,,,
c2cb4751-bc96-4a1c-ab47-b6820beebd97,Ordonnance de Melun créant les francs-archers,1448-01-01,1448-01-01,year,LIKELY_CORRECT,preuve_externe_faible,0.5,false,Fournir des sources externes pour confirmer l'année de l'ordonnance.,,,
3c73f09a-cc4e-4b20-a74a-78539dea9c57,Début de la Renaissance italienne avec Giotto,1300-01-01,,,INSUFFICIENT_EVIDENCE,absence_de_singularite,0,true,Reject due to the event describing a period rather than a specific year.,Renaissance italienne,,Q1404472
f4239b6d-9678-432b-819d-82518ef81b49,Invention du bathyscaphe par Auguste Piccard,1948-01-01,,,INSUFFICIENT_EVIDENCE,annee_exacte_introuvable,0,true,Further research is needed to pinpoint the exact year of the bathyscaphe's invention using reliable sources.,Auguste Piccard,,Q210719
c7932ca9-15cf-44e9-80b8-c7e10116130d,Translation des reliques de Sainte Foy,0872-01-01,0872-01-01,year,CONFIRMED,confirme,0.9,false,Confirmer la date de 872 pour la translation des reliques de Sainte Foy.,,,Q663370
9eb12c14-dc74-4848-bc79-d987730493e3,Premier hôpital psychiatrique de Valence en Espagne,1409-01-01,,,INSUFFICIENT_EVIDENCE,annee_exacte_introuvable,0,true,"Rechercher des sources fiables confirmant l'année de construction de l'hôpital psychiatrique à Valence, Espagne.",,,Q8848
fd189bbe-4510-4ab7-91d4-eaa1d4a19831,Indépendance du Soudan du Sud,2011-01-01,2011-01-01,year,CONFIRMED,confirme,1,false,No changes needed.,Référendum sur l'indépendance du Soudan du Sud,,Q207950
65c1ca2e-e815-41ed-82c6-1dd870f2b9b4,Édit de Nantes,1598-04-13,1598-01-01,year,CONFIRMED,confirme,0.9,false,Aucune.,wikipedia_fr_article,wikipedia_en_article,Q179788
b6f57201-3000-4584-b542-365db053f414,Synode de Kells-Mellifont,1152-01-01,1152-01-01,year,CONFIRMED,confirme,1,false,Confirmer la date de 1152.,https://fr.wikipedia.org/wiki/Synode_de_Kells,,Q2053482
82ea02cb-e12d-4331-a9a2-da64010ad6b5,Truce of God (Institution),1027-01-01,1027-01-01,year,LIKELY_CORRECT,preuve_externe_faible,0.8,false,Confirm the date based on additional sources.,,Peace and Truce of God,Q924432
581a36c0-e991-4ca4-a6ee-a6499c8408d8,Tycho Brahe observe une supernova,1572-01-01,1572-01-01,year,CONFIRMED,confirme,0.9,false,CONFIRMED,Tycho Brahe,,Q36620
5bee88fc-710b-4ad4-a8db-9709a3300e8e,Inauguration du Pont Jacques-Gabriel à Blois,1749-01-01,,,INSUFFICIENT_EVIDENCE,annee_exacte_introuvable,0,true,Rechercher des sources confirmant l'année de l'inauguration du pont Jacques-Gabriel à Blois.,,,Q125847930
ff55ecbc-8d4e-4397-8f54-febcfced3abd,Prise de Jérusalem par les croisés,1099-07-15,1099-01-01,year,CONFIRMED,confirme,1,false,Aucune modification nécessaire.,https://fr.wikipedia.org/wiki/Si%C3%A8ge_de_J%C3%A9rusalem_(1099),,Q456993
457e5129-4b3f-4ab8-b2a2-a3791709abd5,Manifestations contre la réforme des retraites de 2023 en France,2023-01-01,2023-01-01,year,CONFIRMED,confirme,0.9,false,Aucune action nécessaire.,wikipedia_fr_article,wikipedia_en_article,Q116265829
a0e96571-47a8-47c0-b4a0-abd4d42d8ebe,Naissance de la reine Victoria,1819-01-01,1819-01-01,year,LIKELY_CORRECT,probable_mais_a_confirmer,0,false,Ajouter une source externe qui mentionne explicitement l'année de naissance de la reine Victoria.,,,Q3024285
751e55b4-1a61-4cf2-86e8-eacda9c4c650,Première de La Symphonie du Nouveau Monde d'Antonín Dvořák,1893-12-16,1893-01-01,year,CONFIRMED,confirme,0.9,false,No change needed.,,,Q7298
0335acca-20b0-4ebd-98f3-4db907b38c68,Hyperinflation en Allemagne (Weimar),1923-01-01,1923-01-01,year,LIKELY_CORRECT,preuve_externe_faible,0.8,false,Aucune recommandation nécessaire.,,,Q185565
69dda4a3-e291-4c04-990a-fc9335824d2b,Crise de la dette latino-américaine,1982-01-01,,,INSUFFICIENT_EVIDENCE,absence_de_singularite,0,true,"Rejeter car il s'agit d'une crise, donc d'une période, et non d'un événement ponctuel. Le titre est trop général et nécessite plus de précision.",,,
32c7f781-5c46-49be-8f0f-db86e9a3f935,Vote du Stamp Act par le Parlement britannique,1765-01-01,1765-01-01,year,CONFIRMED,confirme,1,false,Aucune.,Stamp Act,,Q14565721
d05a41ee-74bb-4a23-b63b-7ed94fc7bde5,Pétrarque couronné poète à Rome,1341-01-01,,,INSUFFICIENT_EVIDENCE,preuve_insuffisante,0,true,Rechercher des sources mentionnant spécifiquement l'année du couronnement de Pétrarque.,https://fr.wikipedia.org/wiki/P%C3%A9trarque,,Q1401
0e430afa-6bed-4a43-8b5f-e6bcd2063c13,Création de la Royal Society,1662-01-01,1660-01-01,year,POTENTIAL_DATE_ERROR,divergence_date,0.9,false,Corriger la date dans la base de données pour qu'elle corresponde à 1660.,wikipedia_fr_article,wikipedia_en_article,Q123885
3bb4c9ee-313b-4800-ba57-00f5460fad04,Campagnes des fils de Charles Martel,0742-01-01,0742-01-01,year,LIKELY_CORRECT,probable_mais_a_confirmer,0.8,false,No change needed.,,,Q3301
a73362ae-eeb1-4634-8026-3b76316aad43,Crise de Suez,1956-10-01,1956-01-01,year,CONFIRMED,confirme,0.9,false,Confirmer la date de 1956.,wikipedia_fr_article,wikipedia_en_article,Q49101
58f81bd9-3ce6-4dd4-a397-d95c3b19dfc3,Levée en masse décrétée par la Convention nationale,1793-08-22,1793-01-01,year,CONFIRMED,confirme,1,false,No changes needed.,Levée en masse,,Q1821974
41657988-868b-4fc4-b970-68dfd7bbaf90,Coopération spatiale CNES–NASA,1965-01-01,1965-01-01,year,LIKELY_CORRECT,probable_mais_a_confirmer,0.8,false,Vérifier avec des sources plus directes confirmant la coopération CNES-NASA en 1965.,,,Q212227
e1899537-db01-42a8-89a0-547603025f81,Inauguration de l'Empire State Building à New York,1931-01-01,1931-01-01,year,CONFIRMED,confirme,0.9,false,Confirm the date as 1931 based on the provided sources.,Empire State Building,,Q9188
241f8e51-3934-4f3a-b9a7-04b501704ce2,Mutineries dans les prisons en France,1972-01-01,,,INSUFFICIENT_EVIDENCE,absence_de_singularite,0,true,"Reject. The title describes a series of events, not a single event.",,,Q3117640
3be1a606-f0d1-4676-b4e9-218fc5c04a88,Paiement par Charles le Chauve d'un tribut aux Normands pour épargner Paris,0852-01-01,,,INSUFFICIENT_EVIDENCE,annee_exacte_introuvable,0,true,Rechercher des sources confirmant le paiement d'un tribut en 852.,,,Q815192
e27b0d74-8558-4189-a5aa-4480e97d710f,Retour de Philippe Auguste de la troisième croisade,1191-01-01,1191-01-01,year,LIKELY_CORRECT,probable_mais_a_confirmer,0.7,false,Vérifier si d'autres sources confirment le retour de Philippe Auguste en 1191.,Troisième croisade,,Q51655
5fa7587b-25bc-4858-ab2d-b1d9c53f1a2d,Allongement de la durée de cotisation des fonctionnaires pour la réforme des retraites,2003-01-01,2003-01-01,year,CONFIRMED,confirme,0.9,false,Aucune recommandation nécessaire.,,,
4ffc3b1d-6c70-443d-b4ee-42bc3a75da27,Découverte de la structure de l'ADN par Watson et Crick,1953-02-28,1953-01-01,year,CONFIRMED,confirme,0.9,false,Aucune recommandation.,https://fr.wikipedia.org/wiki/James_Dewey_Watson,,Q83333
7a3518d2-3acf-40f1-85f6-c80d61153a13,Création de l'Université de Barcelone par Alphonse V,1449-01-01,,,INSUFFICIENT_EVIDENCE,annee_exacte_introuvable,0,true,Rechercher des sources fiables confirmant la date de création de l'université de Barcelone par Alphonse V.,,,Q299156
dddc3233-649e-41ff-a3ed-c9a74bfba87a,Création de SOS Racisme – précurseurs et contexte,1980-01-01,,,INSUFFICIENT_EVIDENCE,annee_exacte_introuvable,0,true,Search for external sources confirming the year of creation of SOS Racisme.,,,Q8461
a9b69507-9982-44ae-8390-509428f27e1b,Conférence de Potsdam,1945-07-17,1945-01-01,year,CONFIRMED,confirme,0.9,false,Aucune modification nécessaire.,wikipedia_fr_article,,Q151187
43d4a2ab-d17c-44af-a0da-58625954cefb,Bataille de Towton - Plus sanglant affrontement sur le sol anglais,1461-01-01,1461-01-01,year,CONFIRMED,confirme,1,false,Confirmer la date de 1461.,https://fr.wikipedia.org/wiki/Bataille_de_Towton,,Q634629
c2151d9a-77b5-4037-8634-a58b2c4b4948,Le Rouge et le Noir,1830-01-01,1830-01-01,year,CONFIRMED,confirme,0.9,false,No change needed.,wikipedia_fr_article,wikipedia_en_article,Q192649
0c1e450a-9014-48ed-a68e-888b104158b2,Sommet du G6 à Rambouillet,1975-01-01,1975-01-01,year,CONFIRMED,confirme,1,false,Confirmer la date de 1975.,https://fr.wikipedia.org/wiki/Sommet_de_Rambouillet,,Q1484414
bead95cd-38cd-40c0-8ffb-f07ca64f04ce,Grande famine en Irlande,1845-01-01,,,INSUFFICIENT_EVIDENCE,absence_de_singularite,0,true,Préciser l'année exacte de la famine ou reformuler le titre pour qu'il soit plus précis.,https://fr.wikipedia.org/wiki/Grande_famine,,Q1195059
be99b042-80fc-45c8-ac3e-f74d5fa27fde,Le HMS Victory est lancé,1765-01-01,1765-01-01,year,CONFIRMED,confirme,1,false,Confirmer la date de lancement du HMS Victory comme étant 1765.,HMS Victory (1765),,Q213958
91f92545-07be-457d-8ff5-40e266cacbd1,Siège de Montauban par Louis XIII,1621-01-01,1621-01-01,year,CONFIRMED,confirme,0.9,false,Aucune recommandation nécessaire.,wikipedia_fr_article,,Q3072570
e15e5ea6-aba4-448f-b538-9b88421cff93,Le scandale Enron,2001-01-01,2001-01-01,year,CONFIRMED,confirme,0.9,false,Confirmer la date de 2001.,https://fr.wikipedia.org/wiki/Scandale_Enron,,Q2723024
47525515-2d7f-42dd-92f3-bb9c0b19a667,Lancement de l'année internationale de géophysique,1957-01-01,1957-01-01,year,CONFIRMED,confirme,1,false,Aucune modification nécessaire.,https://fr.wikipedia.org/wiki/Ann%C3%A9e_g%C3%A9ophysique_internationale,,Q724505
f4b673eb-a5dd-4564-b45c-2bda000f9cad,Retrait massif des Normands à la suite d'une importante famine,0892-01-01,,,INSUFFICIENT_EVIDENCE,annee_exacte_introuvable,0,true,"Rechercher des sources externes fiables qui confirment l'année exacte du retrait massif des Normands en raison de la famine. Si l'événement s'étend sur plusieurs années, le rejeter.",,,
3787a963-b2f9-471b-ba83-4f6e1528ac3c,Pacte de Famille entre la France et l'Espagne,1761-01-01,,,INSUFFICIENT_EVIDENCE,annee_exacte_introuvable,0,true,Further research is needed to confirm the year of the Pacte de Famille between France and Spain.,https://fr.wikipedia.org/wiki/Pacte_de_famille,,Q697891
b10c970b-3243-4623-a0eb-9d769bede601,"Renversement de l’empereur byzantin Maurice, instabilité à Byzance",0602-11-27,0602-01-01,year,CONFIRMED,confirme,1,false,No change needed.,Maurice (empereur),,Q181764
acd81cc5-1678-4382-8d25-df84070d55fa,Le Tournant de la rigueur,1983-01-01,1983-01-01,year,CONFIRMED,confirme,0.9,false,Aucune.,https://fr.wikipedia.org/wiki/Tournant_de_la_rigueur,,Q3534146
bc06cd30-2d21-4f7a-b7da-978854c517f1,Naufrage de la Santa Maria,1492-01-01,,,INSUFFICIENT_EVIDENCE,annee_exacte_introuvable,0,true,Rechercher des sources externes fiables qui confirment l'année du naufrage de la Santa Maria.,,,Q649217
f75aed46-2255-4376-b512-cd25551f461b,Mort du pirate Bartholomew Roberts,1722-01-01,1722-01-01,year,CONFIRMED,confirme,1,false,Aucune.,Bartholomew Roberts,,Q313430
e9566cdb-4dd8-4506-9ccb-3cd1b1f80213,Le maccarthysme aux États-Unis,1950-01-01,,,INSUFFICIENT_EVIDENCE,absence_de_singularite,0,true,Rejeter car il s'agit d'une période et non d'un événement singulier.,,,Q30
5b2027d3-d124-46c3-827d-3eb3c5d10545,Scandales impliquant l'homme d'affaires et ancien ministre Bernard Tapie,1992-01-01,1992-01-01,year,LIKELY_CORRECT,preuve_externe_faible,0.5,false,Verify the specific scandals that occurred in 1992 to increase confidence.,,,
fddb1281-deba-4fe7-9f89-b9671403fff9,Fondation du monastère d'Iona,0563-01-01,0563-01-01,year,CONFIRMED,confirme,1,false,No change needed.,Abbaye d'Iona,,Q198409
06c7f126-e7c3-4460-a447-12f4b19f5254,Adoption du calendrier grégorien en Grande-Bretagne et ses colonies,1752-01-01,1752-01-01,year,LIKELY_CORRECT,probable_mais_a_confirmer,0.8,false,Vérifier d'autres sources pour confirmer l'année exacte.,Passage du calendrier julien au calendrier grégorien,,Q18350297
55267e7d-43ba-4153-8c03-2ee247811efb,Paix de Beaulieu,1576-01-01,1576-01-01,year,LIKELY_CORRECT,preuve_externe_faible,0.8,false,No further action needed.,,,Q547174
5c5524cf-d47e-4ebc-b928-2bd6df7dd1d1,Explosion de la Toungouska en Sibérie,1908-01-01,1908-01-01,year,CONFIRMED,confirme,0.9,false,Confirmer la date de 1908.,https://fr.wikipedia.org/wiki/Toungouska,,Q226086
49ceb376-85d7-4046-93c6-be83fb25197b,Necker devient directeur général des finances,1777-01-01,,,INSUFFICIENT_EVIDENCE,annee_exacte_introuvable,0,true,Ajouter une source externe qui confirme l'année exacte de la nomination de Necker.,,,Q2638620
431992fe-6991-4268-9404-76800ce83908,Arrivée de Saladin en Égypte,1169-01-01,1169-01-01,year,CONFIRMED,confirme,0.9,false,Confirmer la date de 1169 comme l'année de l'arrivée de Saladin en Égypte.,Saladin,,Q8581
1da5a414-af58-435d-9166-833130f13d5a,Invention du microscope par Zacharias Janssen,1590-01-01,1590-01-01,year,LIKELY_CORRECT,preuve_externe_faible,0.5,false,Vérifier d'autres sources pour confirmer l'année exacte de l'invention.,Microscope,,Q196538
a3362b4b-adb6-4638-84e6-e78e8597d440,Indépendance de la Grèce,1829-01-01,1829-01-01,year,LIKELY_CORRECT,preuve_externe_faible,0.8,false,"Confirmer que le Traité d'Andrinople a été signé en 1829, ce qui a conduit à l'indépendance de la Grèce.",1829 en Grèce ottomane,,Q107503398
462aac4d-1d43-43fd-a009-58783f89d192,Publication de 'La Méthode de traiter les playes',1545-01-01,1545-01-01,year,LIKELY_CORRECT,preuve_externe_faible,0.5,false,Ajouter des sources externes confirmant l'année de publication.,,,
7ff1e23b-29cd-4822-9680-b56d9f3176b3,Invention du gouvernail d'étambot en Chine,1180-01-01,,,INSUFFICIENT_EVIDENCE,retrieval_insuffisant,0,true,Rechercher des sources externes fiables qui confirment l'année exacte de l'invention du gouvernail d'étambot en Chine.,,,Q209760
072fceb3-ea90-46fa-92ac-e7c9b4cf06d1,Élection du pape Jules II,1503-01-01,1503-01-01,year,CONFIRMED,confirme,1,false,No change needed.,Jules II,,Q80516
ed55882a-63b6-459f-922f-286916215dd0,Exil de Mazarin,1651-01-01,1651-01-01,year,LIKELY_CORRECT,probable_mais_a_confirmer,0.8,false,No further action needed.,Jules Mazarin,,Q166056
73c37c4b-030b-4e4b-b2ea-00829c4c681d,Siège de Montpellier par Louis XIII,1622-01-01,1622-01-01,year,CONFIRMED,confirme,1,false,Aucune recommandation nécessaire.,wikipedia_fr_article,,Q3485964
2ec799e7-f585-4c69-bd5a-1104729ddf19,Débarquement allié en Afrique du Nord (opération Torch),1942-01-01,1942-01-01,year,CONFIRMED,confirme,0.9,false,No change needed.,https://fr.wikipedia.org/wiki/Op%C3%A9ration_Torch,,Q194132
70f97774-944c-485b-b0c9-68ff904d8f2b,Fondation de la République de Turquie,1923-10-29,1923-01-01,year,CONFIRMED,confirme,1,false,Confirmer la date de 1923 comme année de fondation de la République de Turquie.,Turquie,,Q43
76c4457a-2ad1-4d57-b547-0f5cd9415575,Construction du château de Buda,1247-01-01,,,INSUFFICIENT_EVIDENCE,absence_de_singularite,0,true,"Reject, as the construction of a castle is a multi-year process.",,,Q751876
7a142d9d-89a5-4997-ae9b-9144caf558ab,Charles de Basse-Lorraine,0991-01-01,0991-01-01,year,DISPUTED_DATE,date_disputee,0.7,false,Vérifier et corriger la date de décès de Charles de Basse-Lorraine.,wikipedia_fr_article,,Q469603
b57de966-2b76-484f-bdc9-e16f6ed7ae4c,Prix Goncourt 1914 : Adrien Bertrand,1914-01-01,1914-01-01,year,CONFIRMED,confirme,0.9,false,No change needed.,https://fr.wikipedia.org/wiki/Prix_Goncourt,https://en.wikipedia.org/wiki/Prix_Goncourt,Q187300
fd910707-c74e-4aef-81c9-70120e4a8cb4,Scheele isole l'oxygène,1773-01-01,1773-01-01,year,LIKELY_CORRECT,preuve_externe_faible,0.5,false,Ajouter une source externe confirmant l'année 1773 pour l'isolement de l'oxygène par Scheele.,,,
5399fbd3-83e2-449f-82a1-40c279d2262d,Incendie de la cathédrale de Chartres,1020-01-01,1020-01-01,year,CONFIRMED,confirme,1,false,Aucune.,,,Q125751227
14809096-67aa-421d-b011-941519b7cdfd,Achèvement du temple Ginkaku-ji à Kyoto,1498-01-01,,,DISPUTED_DATE,date_disputee,0.5,true,Vérifier des sources supplémentaires pour déterminer l'année exacte d'achèvement du temple Ginkaku-ji.,https://fr.wikipedia.org/wiki/Ginkaku-ji,,Q257473
3427379f-a574-4c80-a0e1-48098b5b2abe,Ligue de Cambrai,1508-01-01,1508-01-01,year,LIKELY_CORRECT,probable_mais_a_confirmer,0.8,false,No changes needed.,https://fr.wikipedia.org/wiki/Ligue_de_Cambrai,,Q13212246
9b4802ab-546b-4754-874f-95435bec5098,Création du Marylebone Cricket Club,1787-01-01,,,INSUFFICIENT_EVIDENCE,preuve_insuffisante,0,true,Rechercher des sources externes fiables confirmant l'année de création du Marylebone Cricket Club.,,,Q3590018
3cb99d26-30dd-4db0-8b94-8357e4987abd,Grande sécheresse de l'Adrar,1388-01-01,,,INSUFFICIENT_EVIDENCE,annee_exacte_introuvable,0,true,Rechercher des sources externes confirmant l'année 1388 pour la Grande sécheresse de l'Adrar.,,,Q366626
825e0c5c-b15e-4999-ab73-d91abddbef83,Service de police scientifique de Paris,1907-01-01,1907-01-01,year,LIKELY_CORRECT,probable_mais_a_confirmer,0.5,false,Rechercher des sources confirmant l'année 1907.,wikipedia_fr_article,,Q6081679
42bdd672-1e22-4dc0-bfe0-bf140853e10f,First European Parliament Elections and Simone Veil's Presidency,1979-01-01,1979-01-01,year,LIKELY_CORRECT,probable_mais_a_confirmer,0.8,false,No change needed.,,European Parliament,Q8889
da581860-0e3a-474c-b68f-52b4c64bd6d4,Libération des radios locales,1982-01-01,1982-01-01,year,LIKELY_CORRECT,preuve_externe_faible,0.5,false,Ajouter des sources externes confirmant que la libération des radios locales en France a eu lieu en 1982.,,,
0c169f4c-aaed-4e7b-a445-aeaf36d2c6cd,Première observation d'ondes gravitationnelles,2015-01-01,2015-01-01,year,CONFIRMED,confirme,1,false,Aucune modification nécessaire.,Observatoire d'ondes gravitationnelles,,Q2302080
b2a6338b-9af5-48c2-bfb5-dceca32b672e,Wang Shuhe compile le Mai Jing (Classique des pouls),0266-01-01,,,INSUFFICIENT_EVIDENCE,retrieval_insuffisant,0,true,Fournir des sources externes pour confirmer l'année exacte de la compilation.,,,
0d71581c-1631-443a-a385-54c84d5691d7,Traité de Nimègue,1678-01-01,,,INSUFFICIENT_EVIDENCE,absence_de_singularite,0,true,Rejeter car il s'agit d'un ensemble de traités et non d'un événement ponctuel.,,,Q47887
0046bd57-1676-4e0c-88c0-67816e74de64,Création de la Cour des comptes,1807-01-01,1807-01-01,year,CONFIRMED,confirme,1,false,No change needed.,https://fr.wikipedia.org/wiki/Liste_des_procureurs_g%C3%A9n%C3%A9raux_pr%C3%A8s_la_Cour_des_comptes,https://en.wikipedia.org/wiki/Cour_des_Comptes_(France),Q1137614
d91a2742-87cb-4eb6-b0f1-438c869d23cb,Ouverture du premier restaurant McDonald's,1940-01-01,1940-01-01,year,CONFIRMED,confirme,0.9,false,Confirmer la date de 1940 comme année d'ouverture du premier restaurant McDonald's.,https://fr.wikipedia.org/wiki/McDonald%27s,,Q38076
a50d30f1-9215-4123-a464-55bdd5a81266,Début de la rédaction du Roman de Genji,1000-01-01,,,INSUFFICIENT_EVIDENCE,absence_de_singularite,0,true,"Rechercher des sources externes fiables pour identifier une année précise du début de la rédaction. Sinon, rejeter car l'événement décrit une période.",,,
af65caaf-12fb-42cb-8015-5696a7f896b7,Premier vol en montgolfière par les frères Montgolfier,1783-06-04,1783-01-01,year,CONFIRMED,confirme,0.9,false,None,Frères Montgolfier,,Q193751
1ca19731-9c96-4621-a805-79498a367235,"Chute de Grenade, fin de la Reconquista",1492-01-02,1492-01-01,year,CONFIRMED,confirme,0.9,false,Confirmer la date de 1492.,,,Q79791
1cbdeec4-3813-4f37-b34a-ef3a4d43d685,Installation des papes à Avignon,1309-01-01,1309-01-01,year,LIKELY_CORRECT,preuve_externe_faible,0.7,false,Vérifier d'autres sources pour confirmer l'année exacte de l'installation initiale.,https://fr.wikipedia.org/wiki/Avignon,,Q6397
688c2636-81db-4ef2-a14e-ba4a12fcdb73,Début du projet ITER,2007-01-01,2006-01-01,year,POTENTIAL_DATE_ERROR,divergence_date,0.9,false,Confirm the date as 2006 based on Wikidata.,https://fr.wikipedia.org/wiki/ITER,,Q191788
5aab6b27-88a7-4181-b249-ba606c0e4edc,Création du lazaret de Venise,1423-01-01,1423-01-01,year,LIKELY_CORRECT,preuve_externe_faible,0.8,false,No changes needed.,Lazaret,,Q859247
e765e846-1bf8-4c53-828b-e106c0ec7e6d,Ouverture du Concile Vatican II,1962-10-11,,,INSUFFICIENT_EVIDENCE,annee_exacte_introuvable,0,true,Provide a reliable source confirming the year of the event.,,,Q172991
47cbdbc7-c087-404b-9d24-eb7a29c476d3,Création du vaccin contre le paludisme,2021-01-01,,,INSUFFICIENT_EVIDENCE,annee_exacte_introuvable,0,true,Rechercher des sources externes fiables qui mentionnent l'année exacte de la création ou de l'approbation du vaccin contre le paludisme (Mosquirix).,,,Q12156
4b6fb04f-e639-4ca3-ab39-64d4a1547d60,Fondation de la Compagnie Générale Transaérienne,1909-01-01,1909-01-01,year,CONFIRMED,confirme,0.9,false,No changes needed.,wikipedia_fr_article,wikipedia_en_article,Q2990198
0d3c2de3-3476-4d15-90e1-09dd2f35d459,Accord de libre-échange ASEAN-Chine,2007-01-01,,,INSUFFICIENT_EVIDENCE,absence_de_singularite,0,true,Rejeter car l'événement décrit une période et non une année unique.,,,Q3536928
b077055c-91bb-4b5e-bf79-94e708c42441,Fondation de la Société linnéenne de Londres,1788-01-01,,,INSUFFICIENT_EVIDENCE,annee_exacte_introuvable,0,true,Rechercher des sources confirmant l'année de fondation de la Société linnéenne de Londres.,Société linnéenne,,Q3488459
a96bb86b-2fb2-4a19-99e5-922cd1185a8c,Création d'Amnesty International,1961-01-01,1961-01-01,year,CONFIRMED,confirme,1,false,Confirmer la date de création d'Amnesty International comme étant 1961.,https://fr.wikipedia.org/wiki/Amnesty_International,,Q42970
03639ac4-ec8f-47e1-bfab-e1ed75d501a6,Chute Dynastie Qing,1912-02-12,1912-01-01,year,CONFIRMED,confirme,0.9,false,No change needed.,Dynastie Qing,,Q8733
0184e7d3-d4ed-4caf-9be8-2306d7c26a7b,Mort d'André Roussimoff,1993-01-01,1993-01-01,year,CONFIRMED,confirme,0.9,false,Confirmer la date de 1993 comme année de la mort d'André Roussimoff.,,,Q2848904
6bc46e21-b7d5-48f1-8bcb-047d0b3369ab,Bataille du Boarn Frisons contre Francs,0734-01-01,0734-01-01,year,LIKELY_CORRECT,probable_mais_a_confirmer,0,false,Rechercher des sources externes confirmant l'année 734 pour la bataille du Boarn.,,,Q2531046
325207eb-e265-4628-a32a-9c82850b2743,Goethe publie Les Souffrances du jeune Werther,1774-01-01,1774-01-01,year,CONFIRMED,confirme,1,false,No changes needed.,https://fr.wikipedia.org/wiki/Les_Souffrances_du_jeune_Werther,,Q151883
bf9ed04d-ced3-4d44-a1ac-ec9c9b154fea,Expédition d'Abd al-Rahman en Aquitaine,0728-01-01,,,INSUFFICIENT_EVIDENCE,annee_exacte_introuvable,0,true,Rechercher des sources confirmant l'année de l'expédition d'Abd al-Rahman en Aquitaine.,,,Q307412
3a1a3641-70e7-4d9d-8c6d-b5af519e30f0,Victoire de Knut le Grand en Angleterre,1016-01-01,1016-01-01,year,LIKELY_CORRECT,probable_mais_a_confirmer,0.8,false,No change needed.,Knut le Grand,,Q134128
4ce9770e-707b-4b9d-bf96-b4055e42f85e,Accords de Camp David,1978-09-17,1978-01-01,year,CONFIRMED,confirme,0.9,false,Confirmer la date de 1978.,wikipedia_fr_article,,Q309204
2a400ca2-7a02-46b6-b4d9-e4e48a587e8f,César du meilleur film de cinéma 1986 : Trois hommes et un couffin,1986-01-01,1986-01-01,year,LIKELY_CORRECT,probable_mais_a_confirmer,0.7,false,Confirmer la date de 1986 comme l'année de la cérémonie des César qui a récompensé le film.,wikipedia_fr_article,wikipedia_en_article,Q1257118
97da6aa2-beed-4d43-bd84-ccb88cecadc5,Bataille de Rethel,1650-01-01,1650-01-01,year,CONFIRMED,confirme,0.9,false,Confirmation de la date de 1650 pour la bataille de Rethel.,wikipedia_fr_article,,Q2889761
41184987-3fdc-4002-9243-87aaddb19a6e,Naissance du Consensus de Washington,1989-01-01,1989-01-01,year,LIKELY_CORRECT,probable_mais_a_confirmer,0.7,false,"Vérifier si 1989 est correct, car Wikipedia parle de 1990.",wikipedia_fr_article,,Q948495
ce97e5ce-b83a-4578-a8e3-447f6db05f08,Rømer mesure la vitesse de la lumière,1676-01-01,1676-01-01,year,CONFIRMED,confirme,0.9,false,Aucune.,https://fr.wikipedia.org/wiki/Vitesse_de_la_lumi%C3%A8re,,Q2111
0ef9ffa3-bf60-4720-95d6-8f15c19156c1,Premières mesures de quarantaine à Venise,1377-01-01,1377-01-01,year,LIKELY_CORRECT,preuve_externe_faible,0.5,false,Vérifier avec d'autres sources l'année exacte de la mise en place de ces mesures.,Quarantaine,,Q182899
a4a254bd-df44-423b-ab11-543a34fb079f,Le tremblement de terre d'Antioche,0526-01-01,0526-01-01,year,LIKELY_CORRECT,preuve_externe_faible,0.5,false,Rechercher des sources externes confirmant l'année 526 du tremblement de terre d'Antioche.,,,Q200441
4694b823-af8f-441c-b962-daf8e61b1218,Fermeture de l'Académie de Platon à Athènes,0529-01-01,0529-01-01,year,LIKELY_CORRECT,probable_mais_a_confirmer,0,false,Rechercher des sources externes confirmant la date de fermeture de l'Académie de Platon.,,,Q537304
df90806a-c1da-43c4-9ac1-3d0173941697,Prise de Kiev par Oleg,0882-01-01,,,INSUFFICIENT_EVIDENCE,preuve_insuffisante,0,true,Rechercher des sources externes confirmant la prise de Kiev par Oleg en 882.,,,Q1899
1ec12ed4-9f83-48dd-a4d8-a5f4d2fc5185,Révolution hongroise,1956-01-01,1956-01-01,year,CONFIRMED,confirme,1,false,Confirmer la date de 1956.,https://fr.wikipedia.org/wiki/R%C3%A9volution_hongroise,,Q3458399
5ec36642-3008-47cf-8b0e-299a35b31de4,Zénobie et le royaume de Palmyre,0272-01-01,,,INSUFFICIENT_EVIDENCE,absence_de_singularite,0,true,Rejeter car le titre décrit une période et non un événement singulier.,,,Q5747
c6f888f2-23d1-4343-b12c-cc1343a47b88,Traité de Paris instituant la CECA,1951-01-01,1951-01-01,year,CONFIRMED,confirme,1,false,Confirmer la date de 1951.,https://fr.wikipedia.org/wiki/Trait%C3%A9_instituant_la_Communaut%C3%A9_europ%C3%A9enne_du_charbon_et_de_l%27acier,,Q724496
0282ecb3-24bb-48bb-8473-5101b134bb46,Première Journée internationale des femmes,1911-01-01,1911-01-01,year,LIKELY_CORRECT,probable_mais_a_confirmer,0.8,false,Confirmer la date de 1911.,https://fr.wikipedia.org/wiki/Journ%C3%A9e_internationale_des_femmes,,Q38964
995a208b-1704-4f54-b965-73f3776d96fe,Création du ministère du Travail,1906-01-01,1906-01-01,year,CONFIRMED,confirme,0.9,false,Confirmer la date de 1906.,wikipedia_fr_article,wikipedia_en_article,Q1408517
183a2c8a-6d2d-46df-a506-1b4503be6462,Publication de la découverte de la circulation sanguine par Harvey,1628-04-16,1628-01-01,year,CONFIRMED,confirme,1,false,No change needed.,William Harvey,,Q93128
59b8f02d-a74d-45ad-9271-1bbd03ac08b2,Fondation du Collège William et Mary,1693-01-01,1693-01-01,year,CONFIRMED,confirme,1,false,Aucune recommandation nécessaire.,wikipedia_fr_article,,Q875637
d6d6d6a9-5dd9-4e44-a7f2-7666270dce48,Galien devient médecin des gladiateurs,0158-01-01,,,INSUFFICIENT_EVIDENCE,retrieval_insuffisant,0,true,Ajouter des sources externes fiables pour confirmer l'année 0158.,,,
4b7eea06-db11-4851-a28a-d1740efb8e41,Couronnement de Charles le Gros comme empereur d’Occident,0881-02-12,0881-01-01,year,LIKELY_CORRECT,probable_mais_a_confirmer,0.8,false,No change needed.,Charles III le Gros,,Q150712
2ea0a0be-efa7-411a-8790-d7d6ae55df0a,Construction du Pont d'Alcántara,0106-01-01,0106-01-01,year,CONFIRMED,confirme,1,false,Aucune.,Pont d'Alcántara,,Q996197
fa26be3c-8d68-4313-acc6-a0c84390914f,"Mort d’Alfred le Grand, roi de Wessex",0899-01-01,0899-01-01,year,DISPUTED_DATE,date_disputee,0.9,false,Vérifier les sources primaires pour déterminer l'année exacte de la mort d'Alfred le Grand.,https://fr.wikipedia.org/wiki/Alfred_le_Grand,,Q83476
4fbeb06d-4637-47e5-b402-d1b720772044,Siège de Lisbonne (Croisade),1147-01-01,1147-01-01,year,CONFIRMED,confirme,0.9,false,Confirmer la date de 1147.,https://fr.wikipedia.org/wiki/Si%C3%A8ge_de_Lisbonne_(1147),,Q815177
0d0f56a4-a27d-48af-862d-4819806a237e,Grève des métallurgistes de Rateau,1974-01-01,1974-01-01,year,LIKELY_CORRECT,preuve_externe_faible,0.8,false,Aucune recommandation nécessaire.,,,
1119d703-2f0e-4e68-b754-b33d1afa68e7,La Sorbonne est fondée à Paris.,1257-01-01,1257-01-01,year,CONFIRMED,confirme,0.9,false,No change needed.,https://fr.wikipedia.org/wiki/Sorbonne,,Q214654
3d7b4d82-e4c7-4355-83e2-3a5565cab9de,Assassinat de Mahatma Gandhi,1948-01-30,1948-01-01,year,CONFIRMED,confirme,1,false,Aucune modification nécessaire.,https://fr.wikipedia.org/wiki/Assassinat_de_Mohandas_Karamchand_Gandhi,,Q3350154
6467f43a-07b9-4d5f-807a-1c23746bd6db,Règne de Jean II le Bon,1350-01-01,,,INSUFFICIENT_EVIDENCE,absence_de_singularite,0,true,"Reject due to the event describing a reign, which spans multiple years.",wikipedia_fr_article,,Q169992
66d72d8e-79d5-4174-9a8a-f800bffef8d0,Publication du Code Michau,1629-01-01,1629-01-01,year,CONFIRMED,confirme,1,false,Aucune recommandation nécessaire.,wikipedia_fr_article,,Q2981431
204fcdef-f310-45d2-ae06-2c05037a14ec,Règne de Robert I er,0922-01-01,,,INSUFFICIENT_EVIDENCE,absence_de_singularite,0,true,Rejeter car il s'agit d'une période et non d'une année précise.,,,
89d022f0-03a1-408b-b2fb-e921c0470f65,Ouragan Mitch,1998-01-01,1998-01-01,year,CONFIRMED,confirme,1,false,Confirmer la date de 1998.,https://fr.wikipedia.org/wiki/Ouragan_Mitch,,Q390115
40f6df8f-0528-41b9-8a9d-dd7b470d8d5c,Invention du chronomètre de marine par John Harrison,1759-01-01,,,INSUFFICIENT_EVIDENCE,annee_exacte_introuvable,0,true,Find a source that confirms the exact year of the invention.,Chronomètre de marine,,Q2307829
9514f6f9-a5a1-4c2a-82b6-c311aa85bb17,Première inoculation contre la variole en Amérique,1721-01-01,1721-01-01,year,CONFIRMED,confirme,0.9,false,No change needed.,Épidémie de variole de 1721 à Boston,,Q27926964
4d322669-0e1f-4dc9-888b-96bc489e3489,Catastrophe de l’usine AZF de Toulouse – préparation du site,2001-01-01,,,INSUFFICIENT_EVIDENCE,absence_de_singularite,0,true,Reject due to the event describing a preparation phase rather than a singular event.,,,Q7880
bf4610d1-ffc3-4d8b-9256-362f8a2ede52,Début de la construction de la sculpture Cloud Gate,2004-01-01,2004-01-01,year,CONFIRMED,confirme,1,false,Confirmer la date de début de construction.,wikipedia_fr_article,,Q589099
1efb1855-1400-4912-aec8-0e47d7bf0a21,Prise de Barcelone aux Musulmans d' Espagne,0801-01-01,,,INSUFFICIENT_EVIDENCE,annee_exacte_introuvable,0,true,Rechercher des sources historiques mentionnant la prise de Barcelone en 801.,,,Q1492
9f83c0e8-d0c5-4138-8e8d-a45c2bd1968f,Assassinat de Paul Doumer,1932-01-01,1932-01-01,year,CONFIRMED,confirme,1,false,Aucune révision nécessaire.,https://fr.wikipedia.org/wiki/Assassinat_de_Paul_Doumer,,Q18288795
3343f750-187b-41cd-b296-264ddb9dfdd9,Premier bûcher à Orléans,1022-01-01,1022-01-01,year,LIKELY_CORRECT,preuve_externe_faible,0.8,false,Aucune modification nécessaire.,,,Q468455
7163e821-3f10-4a27-9265-b4f3e40c3abf,Loi française sur les monuments historiques,1913-01-01,1913-01-01,year,CONFIRMED,confirme,1,false,Aucune action nécessaire.,,,Q3153867
f9f33bd5-dc2a-4428-a820-010e4f237575,Début de la construction de Qutub Minar à Delhi,1192-01-01,,,INSUFFICIENT_EVIDENCE,absence_de_singularite,0,true,Rejeter car l'événement décrit une construction qui s'étale dans le temps et aucune source ne permet de valider une année exacte.,,,
a2b18725-c4f6-4b4f-a594-9e70e623e1fa,Célébrations du centenaire de la conquête d’Algérie,1930-01-01,1930-01-01,year,CONFIRMED,confirme,1,false,Confirmer la date de 1930.,Centenaire de l'Algérie française (1830-1930),,Q113834107
bddab4d5-80a4-4a28-a828-be91f9b20603,Découverte de l'insuline,1921-07-27,,,INSUFFICIENT_EVIDENCE,retrieval_insuffisant,0,true,Search for sources that explicitly state the year of the discovery of insulin.,Insuline,,Q50265665
9a8d5824-85ec-4185-a35a-e0e747b5ca98,Edit de Saint-Germain-en-Laye sur la Réforme,1562-01-01,,,INSUFFICIENT_EVIDENCE,annee_exacte_introuvable,0,true,Rechercher des sources externes fiables mentionnant spécifiquement l'Édit de Saint-Germain-en-Laye et sa date de publication.,,,Q60847808
f08bfc1e-76a8-4e4c-b92f-b98addbb890b,Découverte du Machu Picchu,1911-07-24,1911-01-01,year,CONFIRMED,confirme,0.9,false,No change needed.,https://fr.wikipedia.org/wiki/Machu_Picchu,,Q676203
6eaa29e8-27cd-488a-b096-e1ad6a0e8da0,Début de la construction des Thermes de Caracalla,0212-01-01,0212-01-01,year,LIKELY_CORRECT,probable_mais_a_confirmer,0.7,false,Vérifier si d'autres sources confirment le début de la construction en 212.,Thermes de Caracalla,,Q502098
51b8ca4a-d8e1-4e4e-b2a9-3d715a861e44,Traité de Meerssen,0870-01-01,0870-01-01,year,CONFIRMED,confirme,1,false,Confirmer la date de 870.,https://fr.wikipedia.org/wiki/Trait%C3%A9_de_Meerssen,,Q160205
b8f052fa-454c-44ef-843a-4bd1c00ec5b0,Dissolution des monastères en Angleterre,1536-01-01,1536-01-01,year,LIKELY_CORRECT,probable_mais_a_confirmer,0.7,false,Confirmer la date de 1536.,https://fr.wikipedia.org/wiki/Dissolution_des_monast%C3%A8res,,Q759837
0b6ba4e7-c6b2-4a12-8853-4b144c4125bb,La Grèce remporte l'Euro de football,2004-01-01,2004-01-01,year,CONFIRMED,confirme,1,false,Aucune modification nécessaire.,Équipe de Grèce de football au Championnat d'Europe 2004,,Q1476253
ed41219e-394e-4414-b4f2-e15d03f7ef49,Oiseau fabuleux de Marco Polo,1298-01-01,1298-01-01,year,LIKELY_CORRECT,preuve_externe_faible,0.5,false,Rechercher des sources externes confirmant que Marco Polo a décrit cet oiseau fabuleux en 1298.,,,
93f1883a-bdb6-47d3-b3d7-ff549b0f5c5b,Inauguration de la construction de Fatehpur Sikri,1569-01-01,1569-01-01,year,LIKELY_CORRECT,preuve_externe_faible,0.5,false,Fournir des sources externes pour confirmer l'année de l'inauguration de la construction de Fatehpur Sikri.,,,
7ba24f63-8756-4ffd-b933-5dc38ad8d3f2,Siège de Nándorfehérvár contre l'Empire Ottoman,1456-01-01,1456-01-01,year,CONFIRMED,confirme,1,false,No change needed.,https://fr.wikipedia.org/wiki/Si%C3%A8ge_de_Belgrade_(1456),,Q244980
29017eb9-f8e5-4245-9fa1-4f5382fa46af,Conférence de Paris sur le Vietnam,1971-01-01,,,INSUFFICIENT_EVIDENCE,absence_de_singularite,0,true,Rejeter car il s'agit d'une période et non d'une année unique.,,wikipedia_en_article,Q199820
24be0ddc-2b74-4d7c-a63a-103558bccb78,Publication de la Cosmographiae Introductio avec le nom America,1507-01-01,1507-01-01,year,CONFIRMED,confirme,0.9,false,No changes needed.,Cosmographiae introductio,,Q195891
800514fd-5d9a-409d-b505-1b29c9633a80,Fondation de Détroit par Lamothe-Cadillac,1701-01-01,1701-01-01,year,CONFIRMED,confirme,0.9,false,No change needed.,Antoine de Lamothe-Cadillac,,Q586595
0bef960a-2acd-45fb-baac-fa919b87b5f8,Achèvement du Flatiron Building,1902-01-01,1902-01-01,year,CONFIRMED,confirme,1,false,No change needed.,https://fr.wikipedia.org/wiki/Flatiron_Building,,Q220728
e2befbdf-718d-40ba-967d-8c1b4b6b7415,Attaque au chlore lors de la deuxième bataille d’Ypres,1915-01-01,1915-01-01,year,CONFIRMED,confirme,0.9,false,No change needed.,Bataille d'Ypres (1915),,Q233219
907d19b3-0414-4687-9048-f0c0ac7d74a3,Annexion du royaume des Burgondes par les royaumes francs de Childebert I er,0534-01-01,,,INSUFFICIENT_EVIDENCE,retrieval_insuffisant,0,true,Fournir des sources externes pour valider l'année de l'annexion.,,,
5a513e4f-3be3-4513-ac10-862dfd7ae431,Crise économique de 1847 en Europe,1847-01-01,1847-01-01,year,CONFIRMED,confirme,0.9,false,Confirm the date as 1847.,1847 en France,,Q2810168
4029b941-5275-4fb0-b290-cdb0a7ae0f06,Les Fatimides conquièrent l'Égypte et fondent la ville du Caire,0969-01-01,0969-01-01,year,CONFIRMED,confirme,1,false,Confirmer la date de 969 comme année de la conquête de l'Égypte et de la fondation du Caire par les Fatimides.,Le Caire,,Q85
e164e246-b1b3-4ed7-b7b8-35684c2d855e,Guerre d'Hiver,1939-11-30,1939-01-01,year,CONFIRMED,confirme,0.9,false,Confirmer la date de 1939.,https://fr.wikipedia.org/wiki/Guerre_d%27Hiver,,Q134949
56cb0851-920a-4be6-b9ab-1e59247dcd36,Lancement de Rosetta et Philae,2004-01-01,2004-01-01,year,CONFIRMED,confirme,0.9,false,No changes needed.,https://fr.wikipedia.org/wiki/Philae_(atterrisseur),,Q1041962
e0094740-dbe9-49e6-a711-8760667b9c4e,Bataille de Laswari dans le Rajasthan,1803-01-01,1803-01-01,year,LIKELY_CORRECT,preuve_externe_faible,0.8,false,Ajouter des sources externes pour confirmer l'année.,,,
e91c002a-5ef5-4598-a263-704e2a81a31e,Prix Goncourt 1923 : Lucien Fabre,1923-01-01,1923-01-01,year,CONFIRMED,confirme,1,false,Aucune action nécessaire.,wikipedia_fr_article,wikipedia_en_article,Q692757
3933a790-5e2c-4136-86b3-ac292c814654,Le Louvre devient résidence royale,1546-01-01,1546-01-01,year,LIKELY_CORRECT,probable_mais_a_confirmer,0,false,Ajouter une source qui confirme que le Louvre est devenu résidence royale en 1546.,Palais du Louvre,,Q1075988
7196d8ca-f7d1-45bd-9197-6a38636a65f6,Exposition coloniale internationale de Paris,1931-01-01,1931-01-01,year,CONFIRMED,confirme,1,false,Confirmer la date de 1931.,wikipedia_fr_article,wikipedia_en_article,Q1423616
837c6d45-2846-4e9f-a6c7-bdc768519424,Premier sommet Afrique-France : Chirac réaffirme les liens économiques,2000-01-01,2000-01-01,year,LIKELY_CORRECT,probable_mais_a_confirmer,0.8,false,Confirmer la date de l'événement comme étant l'année 2000.,,,Q3136700
0712ff28-a503-4388-97e8-eb54d28006d8,Décès du théoricien de la Société du spectacle,1994-01-01,,,INSUFFICIENT_EVIDENCE,retrieval_insuffisant,0,true,Fournir des sources externes pour valider l'année du décès.,,,
d8939d6e-d541-4520-81e4-88809dfc6c86,Conférence d’Algésiras,1906-01-01,1906-01-01,year,CONFIRMED,confirme,0.9,false,Confirmer la date de 1906.,wikipedia_fr_article,wikipedia_en_article,Q163573
b8b2497b-02b9-4161-94f2-7f3b7a6799bb,Protocole de Kyoto adopté,1997-01-01,1997-01-01,year,CONFIRMED,confirme,0.9,false,Confirmer la date de 1997.,https://fr.wikipedia.org/wiki/Protocole_de_Kyoto,,Q47359
77c19596-8efa-492a-81d3-3bfaa54706a8,Le règne de Paul Ier de Russie,1796-01-01,,,INSUFFICIENT_EVIDENCE,absence_de_singularite,0,true,Confirmer la date de début du règne de Paul Ier.,Paul Ier (empereur de Russie),,Q15189
13bbc32c-ae25-41cc-8d83-11908a5a7699,Fondation de l'empire Almohade en Afrique du Nord,1121-01-01,1121-01-01,year,LIKELY_CORRECT,probable_mais_a_confirmer,0.8,false,Aucune recommandation nécessaire.,,,Q375719
9b8efd92-726d-4194-90fb-af8066798796,Rutherford transmute l'azote en oxygène,1917-01-01,1917-01-01,year,LIKELY_CORRECT,preuve_externe_faible,0,false,Provide a reliable external source that confirms the year 1917 for this event.,,,Q3359113
86066506-ec28-463a-8184-b96052db4fc6,Première école pour filles en Nouvelle-France,1684-01-01,,,INSUFFICIENT_EVIDENCE,annee_exacte_introuvable,0,true,"Rechercher des sources externes fiables (archives, publications historiques) qui confirment l'année exacte de la fondation de la première école pour filles en Nouvelle-France.",,,Q481762
61db4aee-c32e-48b6-ae0c-d7e3f78f812b,Début de la révolution mexicaine,1910-10-01,1910-01-01,year,CONFIRMED,confirme,0.9,false,Confirmer la date de 1910 comme année de début de la Révolution mexicaine.,Révolution mexicaine,,Q214426
fb0c5387-4d93-4da5-b092-cbc22f2428de,Première locomotive à vapeur de Stephenson,1814-01-01,,,INSUFFICIENT_EVIDENCE,annee_exacte_introuvable,0,true,Rechercher des sources externes fiables qui mentionnent explicitement l'année de la première locomotive à vapeur de Stephenson.,,,Q171043
8d18296f-b91a-4320-b4cf-dd24c118afaf,Instauration de la dîme et du système des missi dominici en Gaule du Nord,0779-01-01,0779-01-01,year,CONFIRMED,confirme,0.9,false,Vérifier avec des sources externes pour confirmer l'année exacte.,,,
f8c06080-7210-44f9-8b52-297cd1002025,Plan de modernisation des forces armées françaises,1950-01-01,,,INSUFFICIENT_EVIDENCE,annee_exacte_introuvable,0,true,Rechercher des sources qui mentionnent explicitement le plan de modernisation des forces armées françaises et sa date de lancement.,,,Q477986
ad1101b3-4c10-4a26-a9d1-0452b4b9f29c,Excommunication de Luther,1521-10-01,,,INSUFFICIENT_EVIDENCE,annee_exacte_introuvable,0,true,Rechercher des sources externes fiables qui mentionnent explicitement l'année de l'excommunication de Martin Luther.,,,Q49822
423c7721-87a2-4ac3-ba08-42cac0ee3e7f,Le 'canular de l'homme de Piltdown',1912-01-01,1912-01-01,year,DISPUTED_DATE,date_disputee,0.8,false,Vérifier si d'autres sources confirment 1912 comme l'année de la 'découverte' initiale et de l'emballement médiatique.,https://fr.wikipedia.org/wiki/Homme_de_Piltdown,,Q244937
b79fc16e-0993-4eb0-b07a-39cc3d022fe7,Découverte de la radioactivité par Henri Becquerel,1896-01-01,1896-01-01,year,CONFIRMED,confirme,1,false,Confirmer la date de 1896.,Radioactivité,,Q11448
1cda5ed1-9389-4fe5-9ebb-1f11bbe03ca7,Sac de Rome par les Wisigoths d’Alaric,0410-01-01,0410-01-01,year,CONFIRMED,confirme,1,false,Aucune.,https://fr.wikipedia.org/wiki/Sac_de_Rome,,Q730892
93de8462-163f-4e0b-bfaa-2b654b213dd8,Découverte de l'exoplanète Kepler-186f,2014-01-01,2014-01-01,year,CONFIRMED,confirme,1,false,Aucune modification nécessaire.,Kepler-186 f,,Q16389397
06ff63c6-770d-4cb1-b2fa-a4127e21cbf6,Éruption du Mont Paektu,0946-01-01,0946-01-01,year,CONFIRMED,confirme,0.9,false,Confirmer la date de 946 pour l'éruption du Mont Paektu.,https://fr.wikipedia.org/wiki/%C3%89ruption_du_mont_Paektu_en_946,,Q23578835
d3e001a6-63ff-4dbe-981e-276d78d6aa1b,Soumission des Vascons par Dagobert I er,0637-01-01,0637-01-01,year,LIKELY_CORRECT,preuve_externe_faible,0,false,Fournir des sources externes fiables pour valider l'année de l'événement.,,,
0fedbe14-30e6-471e-83ec-f065996ed1e9,Première de la Messe en si mineur de Bach,1749-01-01,,,INSUFFICIENT_EVIDENCE,annee_exacte_introuvable,0,true,Search for sources that explicitly state the premiere date of the Mass in B minor.,wikipedia_fr_article,,Q310549
0b4b86ad-c2fb-465d-9bac-350bfd5712a9,Dévolution du duché breton au camp montfortiste pro-anglais suite à conflit successoral,1365-01-01,1365-01-01,year,LIKELY_CORRECT,preuve_externe_faible,0.5,false,Ajouter une source externe confirmant que le traité de Guérande a été signé en 1365.,,,
4006d086-dce8-4f9a-b1b5-0d51e340b3ae,Création de la 'Chambre des comptes',1318-01-01,,,INSUFFICIENT_EVIDENCE,annee_exacte_introuvable,0,true,Rechercher des sources plus précises confirmant l'année exacte de la création de la Chambre des comptes sous Philippe V le Long.,wikipedia_fr_article,wikipedia_en_article,Q2948401
b4f7b566-bf2a-484d-a98e-3edae0ef979c,Achèvement du Rockefeller Center,1939-01-01,,,INSUFFICIENT_EVIDENCE,preuve_insuffisante,0,true,Rechercher des sources externes fiables confirmant l'année d'achèvement du Rockefeller Center.,Rockefeller Center,,Q11277
17669f5c-bf7b-426a-bfce-2ca1cbd20571,Prix Goncourt 1922 : Henri Béraud,1922-01-01,1922-01-01,year,CONFIRMED,confirme,0.9,false,No change needed.,wikipedia_fr_article,wikipedia_en_article,Q640352
4fdd1732-994b-45b9-a9a8-1c262d5972f0,Introduction du congé maternité en France,1946-01-01,1946-01-01,year,LIKELY_CORRECT,preuve_externe_faible,0.5,false,Ajouter des sources externes confirmant l'année 1946 pour valider l'événement.,,,Q3030239
5f56b0da-c91b-489f-934b-f2fb5334dc3c,Tremblement de terre en Turquie (Izmit),1999-01-01,1999-01-01,year,LIKELY_CORRECT,preuve_externe_faible,0.5,false,Vérifier avec des sources plus directes confirmant l'année du tremblement de terre.,,,Q129649
062eefb8-6d31-4a83-8a0a-f3bf8b152ae8,Création du RMI : Le Revenu minimum d’insertion est instauré par le gouvernement Rocard,1988-01-01,,,INSUFFICIENT_EVIDENCE,annee_exacte_introuvable,0,true,Rechercher des sources fiables confirmant l'année de création du RMI.,,,Q1132096
516820c2-03ff-43f9-9a11-e7820401fb74,Manifestation de Tienanmen en Chine,1989-01-01,,,INSUFFICIENT_EVIDENCE,retrieval_insuffisant,0,true,Fournir des sources externes pour valider l'année de l'événement.,,,
16bf1695-bf57-4f60-b6d1-27b42ba4fb29,Bataille de Jengland,0851-01-01,0851-01-01,year,CONFIRMED,confirme,0.9,false,Confirmer la date de 851 pour la bataille de Jengland.,wikipedia_fr_article,wikipedia_en_article,Q2888864
4e2b89b5-5d3f-411d-9d3a-f683cd7c2c4f,Premières inoculations contre la variole en Chine,1670-01-01,,,INSUFFICIENT_EVIDENCE,absence_de_singularite,0,true,Rejeter car l'événement décrit une période et non une année précise.,,,Q12214
1790f429-441b-4788-82a8-f4ac3ce10564,Traité de Barcelone,1529-01-01,1529-01-01,year,CONFIRMED,confirme,1,false,Aucune.,https://fr.wikipedia.org/wiki/Trait%C3%A9_de_Barcelone,,Q1173954
4d489733-9a1f-46a6-814b-175724c89cb5,Contamination sanguine : Révélation de la transmission du VIH dans les établissements de santé,1991-01-01,1991-01-01,year,CONFIRMED,confirme,0.9,false,Confirmer la date de 1991 comme l'année de la révélation de l'affaire du sang contaminé.,,,Q183605
c2858b2c-5338-4a9a-855b-3b46b8cd245e,Invention du braille,1829-01-01,1829-01-01,year,CONFIRMED,confirme,0.9,false,Confirmer la date de 1829 comme année de l'invention du braille.,wikipedia_fr_article,wikipedia_en_article,Q79894
c4db2587-7268-4edd-93ae-606ea9dfe2d1,Invention de la pile électrique par Alessandro Volta,1800-01-01,1800-01-01,year,CONFIRMED,confirme,1,false,Aucune modification nécessaire.,Pile électrique,,Q267298
d57990f3-302b-459a-b9be-f90f9997c505,Chute de Saïgon,1975-01-01,1975-01-01,year,CONFIRMED,confirme,0.9,false,No change needed.,https://fr.wikipedia.org/wiki/Chute_de_Sa%C3%AFgon,,Q482456
627999ec-4ab6-4833-a7d7-be06e3df5c60,Siège de La Rochelle (Louis VIII),1224-01-01,1224-01-01,year,CONFIRMED,confirme,1,false,Aucune modification nécessaire.,wikipedia_fr_article,,Q47170110
86b8fa3c-fafa-4a88-ae82-dd43a3ad9dea,Fondation du Parti fasciste italien,1921-01-01,1921-01-01,year,CONFIRMED,confirme,0.9,false,No change needed.,Parti fasciste,,Q20660908
b6095712-f139-4bed-96b7-73ba7ef04853,Mort de Théodose Ier,0395-01-01,0395-01-01,year,CONFIRMED,confirme,1,false,Aucune.,https://fr.wikipedia.org/wiki/Th%C3%A9odose_Ier,,Q46696
61f1a892-68fc-4a6c-9a40-3e2dac625f45,Début de la construction du canal de Suez,1859-01-01,1859-01-01,year,CONFIRMED,confirme,1,false,Aucune.,Canal de Suez,Suez Canal,Q899
5e674b27-76bd-47fb-87fc-0b740c1a7789,Traité de Nystad (Grande Guerre du Nord),1721-10-01,1721-01-01,year,CONFIRMED,confirme,0.9,false,Confirmer la date de 1721.,https://fr.wikipedia.org/wiki/Trait%C3%A9_de_Nystad,,Q153286
670a9bd3-ff79-4f6b-955b-8d6133be8679,Bataille de Marignan (François Ier),1515-09-13,1515-01-01,year,CONFIRMED,confirme,0.9,false,Confirmer la date de 1515.,wikipedia_fr_article,,Q330
5105eb2a-6ed9-43fb-925b-a0ae75312245,L'Affaire du Collier de la Reine,1785-01-01,1785-01-01,year,CONFIRMED,confirme,0.9,false,None,https://fr.wikipedia.org/wiki/Affaire_du_collier_de_la_reine,,Q465744
3b81335e-f4ae-4d1a-a1da-d8d0bed6df4b,Naissance de Louis XIV,1638-09-05,1638-01-01,year,CONFIRMED,confirme,0.9,false,Aucune modification nécessaire.,wikipedia_fr_article,wikipedia_en_article,Q7742
e084dbab-c2e8-4fbf-9aa2-85ac43effa6a,Livingstone aux chutes Victoria,1855-01-01,,,INSUFFICIENT_EVIDENCE,preuve_insuffisante,0,true,Rechercher des sources externes confirmant l'année exacte de la découverte des chutes Victoria par David Livingstone.,Chutes Victoria,,Q43278
f2db8943-7f58-4159-be91-506e5f1a8a5c,Verrazzano explore la côte nord-américaine,1524-01-01,1524-01-01,year,LIKELY_CORRECT,preuve_externe_faible,0.8,false,Confirmer la date de l'événement avec des sources historiques fiables sur Verrazzano.,,,Q49
151980a2-00b6-4d11-801d-ee6267da645f,Adoption de la Déclaration universelle des droits de l'homme,1948-12-10,1948-01-01,year,CONFIRMED,confirme,1,false,No changes needed.,https://fr.wikipedia.org/wiki/D%C3%A9claration_universelle_des_droits_de_l%27homme,,Q7813
747e9348-846a-4683-9de9-7fdf4ea1505b,Traité d'Aix-la-Chapelle (fin de la guerre de Succession d'Autriche),1748-10-18,1748-01-01,year,CONFIRMED,confirme,0.9,false,Confirmer la date de 1748 comme année de signature du traité d'Aix-la-Chapelle marquant la fin de la guerre de Succession d'Autriche.,https://fr.wikipedia.org/wiki/Guerre_de_Succession_d%27Autriche,,Q32929
c46f3a2c-dd43-4fba-bb35-be47910e76be,Découverte de l'Antarctique,1820-01-01,,,INSUFFICIENT_EVIDENCE,annee_exacte_introuvable,0,true,Rechercher des sources externes mentionnant explicitement l'année de la découverte de l'Antarctique.,Antarctique,,Q51
416891b1-eb52-499f-a8f9-d977d94d5fac,"Règne de Septime Sévère, empereur romain",0193-01-01,,,INSUFFICIENT_EVIDENCE,absence_de_singularite,0,true,"Rejeter car il s'agit d'un règne et non d'un événement ponctuel. Si l'objectif est de capturer le début du règne, reformuler le titre pour qu'il soit plus précis (ex: 'Début du règne de Septime Sévère').",Septime Sévère,,Q1442
3a049f85-2ad8-44a6-9c63-48ef27afb3df,Bataille de Monte Castello,1114-01-01,1944-01-01,year,POTENTIAL_DATE_ERROR,divergence_date,1,false,Confirmer la date de 1944 pour la bataille de Monte Castello.,https://fr.wikipedia.org/wiki/Bataille_de_Monte_Castello,https://en.wikipedia.org/wiki/Battle_of_Monte_Castello,Q1818854
3558447f-2c83-4982-b589-7e7729d2b6fd,Début de la période Edo,1603-10-01,,,INSUFFICIENT_EVIDENCE,absence_de_singularite,0,true,Rejeter car il s'agit du début d'une période et non d'un événement ponctuel.,,,
702beb22-94d1-49f8-9cd0-88070be4bd42,Naissance de la Caisse des dépôts et consignations,1816-01-01,1816-01-01,year,CONFIRMED,confirme,0.9,false,Aucune.,wikipedia_fr_article,wikipedia_en_article,Q846484
59b4aefd-7a1d-4e98-bd65-015701e2feff,Chantiers des grands ensembles HLM en France,1967-01-01,,,INSUFFICIENT_EVIDENCE,absence_de_singularite,0,true,"Reject the event as it describes a period, not a specific event in a single year.",Grand ensemble en France,,Q1406988
67906504-b989-430c-bd11-fdd68d6370b5,L'Année de l'Afrique,1960-01-01,1960-01-01,year,CONFIRMED,confirme,0.9,false,Confirmer la date de 1960.,,,Q3037005
32537276-58ac-429e-94df-405c9f208430,Invasion de la Norvège et du Danemark,1940-01-01,1940-01-01,year,CONFIRMED,confirme,1,false,No changes needed.,Invasion du Danemark,,Q2308186
1d302239-320b-4047-8a82-ea1afd5e469b,Claude de Bullion devient surintendant,1632-01-01,,,INSUFFICIENT_EVIDENCE,annee_exacte_introuvable,0,true,Rechercher des sources fiables qui confirment l'année exacte de la nomination de Claude de Bullion.,,,Q399968
a518fe02-a290-49e5-a833-8dedd95bd255,Popularisation du mouvement 'Farm-to-table',2000-01-01,,,INSUFFICIENT_EVIDENCE,absence_de_singularite,0,true,Reject due to the event describing a period of popularization rather than a specific event in a single year.,,,
800a261f-2c76-4f9c-81bd-a72e03bb1e64,Inauguration du Canal Érié,1825-01-01,1825-01-01,year,LIKELY_CORRECT,probable_mais_a_confirmer,0.8,false,Verify the exact inauguration year using additional sources.,wikipedia_fr_article,,Q459578
8908dfa7-5217-4e8e-92b8-ae75be685d06,Arrestation de Radovan Karadžić,2008-01-01,2008-01-01,year,CONFIRMED,confirme,0.9,false,No change needed.,wikipedia_fr_article,wikipedia_en_article,Q123923
f4f4bb04-6304-4fee-8d88-5dafcbfb8004,Découverte de la pollinisation des orchidées,1793-01-01,1793-01-01,year,LIKELY_CORRECT,preuve_externe_faible,0,false,Ajouter une source externe confirmant l'année exacte de la découverte.,,,Q134624
da3ec925-9532-4fa6-bada-48bf9815cb46,Excommunication de Robert II le Pieux pour bigamie,0997-01-01,,,INSUFFICIENT_EVIDENCE,retrieval_insuffisant,0,true,Ajouter des sources externes fiables pour confirmer l'année de l'excommunication.,,,
5cd838f0-a7f8-4d0b-a1ea-d3a56fde65db,Retraites ouvrières et paysannes,1910-01-01,1910-01-01,year,CONFIRMED,confirme,1,false,No changes needed.,https://fr.wikipedia.org/wiki/Retraites_ouvri%C3%A8res_et_paysannes,,Q3428246
d5a123f9-5231-4ea5-a328-991cfdcadc2f,Incident de l'île de Perejil,2002-01-01,2002-01-01,year,LIKELY_CORRECT,preuve_externe_faible,0.8,false,Aucune recommandation particulière.,,,
d9b55078-9ed1-40e1-a833-11a95713b2c9,Snorri Sturluson écrit l'Edda en prose,1220-01-01,1220-01-01,year,LIKELY_CORRECT,probable_mais_a_confirmer,0.7,false,Vérifier si d'autres sources confirment le début de la rédaction en 1220 plutôt que 1225.,Edda de Snorri,,Q205882
d83b1ad4-dea7-478f-8296-865379496357,Début de la seconde bataille de Champagne,1915-09-25,1915-01-01,year,CONFIRMED,confirme,1,false,Confirmer la date de 1915.,Bataille de Champagne (1915),,Q548680
9a89bbb1-717d-4ad5-8ead-c381f013fbca,Début de la guerre de Trente Ans,1618-10-01,1618-01-01,year,CONFIRMED,confirme,0.9,false,Confirmer la date de début de la guerre de Trente Ans comme étant 1618.,Guerre de Trente Ans,,Q2487
4f9e5e46-713e-45e8-bf6c-756740e9d146,Eugénie de Montijo épouse Napoléon III,1853-01-01,1853-01-01,year,CONFIRMED,confirme,0.9,false,Confirmer la date de 1853.,Eugénie de Montijo,,Q157130
cecfc162-bd02-4f2d-bd12-c773014e5044,Victoire du Cartel des gauches aux élections législatives,1924-01-01,1924-01-01,year,CONFIRMED,confirme,1,false,No change needed.,https://fr.wikipedia.org/wiki/Cartel_des_gauches,,Q2940552
dc498d33-5d33-4377-b1b9-c93131c717c8,Prix Goncourt 1917 : Henry Malherbe,1917-01-01,1917-01-01,year,CONFIRMED,confirme,1,false,Confirmer la date de 1917.,wikipedia_fr_article,wikipedia_en_article,Q3132932
540fd0e3-ea6c-49f5-80d9-3c3e95d34792,Promulgation de la Pragmatique Sanction de Bourges,1438-01-01,1438-01-01,year,LIKELY_CORRECT,preuve_externe_faible,0.5,false,Ajouter des sources externes fiables confirmant l'année de la promulgation de la Pragmatique Sanction de Bourges.,,,
4c4287fa-dda5-475c-82c8-cc33ab1f2900,Loi pour l’économie sociale et solidaire,2014-01-01,2014-01-01,year,CONFIRMED,confirme,0.9,false,None,Économie sociale et solidaire,,Q1783877
db501852-16b9-4d2c-892b-5823ede2e06e,Découverte de la ville de Dholavira en Inde,1967-01-01,,,INSUFFICIENT_EVIDENCE,annee_exacte_introuvable,0,true,Rechercher des sources externes fiables confirmant l'année de la découverte de Dholavira.,,,Q668
423b50cf-9392-4f59-a3e0-1c4a9e296602,Fin de la Première Guerre mondiale,1918-11-11,1918-01-01,year,CONFIRMED,confirme,0.9,false,Confirmer la date de fin de la Première Guerre mondiale comme étant 1918.,Première Guerre mondiale,,Q361
34d064fa-4873-4a4e-a4ba-0c4c5fdf8ab8,"Igor Ier de Kiev assassiné, Olga régente se venge",0945-01-01,,,INSUFFICIENT_EVIDENCE,retrieval_insuffisant,0,true,Fournir des sources externes pour confirmer l'année de l'événement.,,,
b90df1e2-3a74-4878-a106-5a3f35c3d605,Accords commerciaux du Royaume de Tlemcen,1307-01-01,1307-01-01,year,LIKELY_CORRECT,preuve_externe_faible,0,false,Rechercher des sources externes confirmant l'année 1307 pour les accords commerciaux du Royaume de Tlemcen.,,,Q185134
eff653a8-2ee4-45e3-8e5f-8c970cf7974c,Fondation de l'Ordre des Théatins,1524-01-01,1524-01-01,year,CONFIRMED,confirme,0.9,false,Confirmer la date de fondation de l'Ordre des Théatins en 1524.,Ordre des Théatins,,Q1414924
61ea5fe9-1084-48e5-b676-89eb05383ebe,Prix Goncourt 1910 : Louis Pergaud,1910-01-01,1910-01-01,year,CONFIRMED,confirme,1,false,No change needed.,wikipedia_fr_article,wikipedia_en_article,Q602468
886a60e3-25a8-4679-b052-97f3003c2be9,Retrait monastique de Carloman,0747-01-01,0747-01-01,year,LIKELY_CORRECT,preuve_externe_faible,0.5,false,Ajouter des sources externes pour confirmer l'année du retrait monastique de Carloman.,,,
faab733a-5422-4dbf-bd78-3b3f9fdc2487,Mort de Claude Lévi-Strauss,2009-01-01,2009-01-01,year,CONFIRMED,confirme,1,false,Confirmer la date de décès.,wikipedia_fr_article,wikipedia_en_article,Q128126
9bfabbab-f9ba-46e0-95ff-7102cf3e74b0,Transfert de la capitale à Heian-kyō,0794-10-22,0794-01-01,year,LIKELY_CORRECT,preuve_externe_faible,0.8,false,Aucune.,,,Q3247244
a2f6bff1-3f04-46a8-9516-2f4b54577867,Mort de Carloman,0771-01-01,0771-01-01,year,CONFIRMED,confirme,0.9,false,Aucune.,wikipedia_fr_article,,Q191003
330167f0-ed31-4088-908a-d534a364b43f,Fondation du premier club d'échecs à Londres,1725-01-01,,,INSUFFICIENT_EVIDENCE,retrieval_insuffisant,0,true,Fournir des sources externes fiables pour valider l'année de fondation du club d'échecs.,,,
1f0055ca-80a8-4503-b767-30be96a663d0,Assassinat de l'archiduc François-Ferdinand,1914-01-01,1914-01-01,year,CONFIRMED,confirme,0.9,false,Aucune action nécessaire.,,,Q51056
45261f7d-b916-41d7-adf2-d9feed761034,Concile iconoclaste de Hieria,0754-01-01,0754-01-01,year,CONFIRMED,confirme,1,false,Confirmer la date de 754.,https://fr.wikipedia.org/wiki/Concile_de_Hi%C3%A9reia,,Q519139
66887470-af86-4351-82dc-863bce9d518c,Émeutes du 6 février 1934 à Paris,1934-01-01,1934-01-01,year,CONFIRMED,confirme,1,false,No change needed.,https://fr.wikipedia.org/wiki/1934,,Q18714
5d9d47b6-ba1b-4838-8271-6ebea62329cb,Loi Waldeck-Rousseau sur les syndicats,1884-01-01,1884-01-01,year,CONFIRMED,confirme,1,false,Aucune modification nécessaire.,Loi Waldeck-Rousseau,,Q3258253
6f022a5f-bbab-47c2-a5a7-621dd607ab1e,Création d'Interpol,1923-09-07,1923-01-01,year,CONFIRMED,confirme,1,false,Aucune modification nécessaire.,https://fr.wikipedia.org/wiki/Interpol,,Q8475
20c97f90-d3a0-4187-8171-975202f331ca,Le règne de Christine de Suède,1632-01-01,,,AMBIGUOUS_TITLE,titre_ambigu_ou_collision,0,true,Rejeter car il s'agit d'une période et non d'une année unique.,https://fr.wikipedia.org/wiki/Christine_de_Su%C3%A8de,,Q52937
9e5a9667-e045-421f-be6e-8c6d50d23450,Fondation de l'Empire ottoman,1299-10-01,1299-01-01,year,LIKELY_CORRECT,probable_mais_a_confirmer,0.7,false,Confirm the date as 1299.,wikipedia_fr_article,,Q12560
fa932a9d-6d44-4502-9d71-2881ba14b3a3,Saint Louis mène la septième croisade,1248-01-01,,,INSUFFICIENT_EVIDENCE,absence_de_singularite,0,true,Rejeter car l'événement décrit une période et non une année unique.,,,
be36857e-c00c-411b-a3ec-7befaa4563c7,"Tremblement de terre du Gujarat, Inde",2001-01-01,2001-01-01,year,CONFIRMED,confirme,1,false,No change needed.,https://fr.wikipedia.org/wiki/S%C3%A9isme_de_2001_au_Gujarat,,Q2441400
8e3cc8ea-f944-42e7-ab42-82650191e369,"Signature de l'ALENA entre USA, Canada et Mexique",1994-01-01,,,INSUFFICIENT_EVIDENCE,annee_exacte_introuvable,0,true,Rechercher des sources concernant la signature de l'ALENA.,,,Q56839716
b40a0cdc-1517-4ff6-b695-ee3bacf263dd,Grande famine de 1693-1695,1693-01-01,,,INSUFFICIENT_EVIDENCE,absence_de_singularite,0,true,"Reject the event as it describes a period, not a specific year.",,,Q7689
f8f7cbb3-cbf0-4b79-b9cd-e4bbe01f605d,Prise de pouvoir de Côme de Médicis à Florence,1434-01-01,,,INSUFFICIENT_EVIDENCE,annee_exacte_introuvable,0,true,Rechercher des sources externes qui confirment l'année exacte de la prise de pouvoir de Côme de Médicis à Florence.,,,Q2044
9b37f42a-0cda-4e3a-b630-f80b8703024b,Première bataille de la Marne,1914-01-01,1914-01-01,year,CONFIRMED,confirme,0.9,false,No change needed.,https://fr.wikipedia.org/wiki/Bataille_de_la_Marne_(1914),,Q190712
481d4b73-a1e6-4341-907a-3d4b9d287863,Le royaume wisigoth s'étend en Hispanie,0466-01-01,0466-01-01,year,LIKELY_CORRECT,preuve_externe_faible,0,false,Ajouter des sources externes pour valider l'année 466.,,,
afedcb4e-740a-46ec-a30a-7b151e80a776,Mort de Colbert,1683-01-01,1683-01-01,year,CONFIRMED,confirme,1,false,Aucune modification nécessaire.,wikipedia_fr_article,wikipedia_en_article,Q188971
ab887297-3330-4260-bd5c-eb0fbff6050d,Adoption des lois constitutionnelles de la IIIe République,1875-02-25,1875-01-01,year,CONFIRMED,confirme,0.9,false,Confirmer la date de 1875.,Lois constitutionnelles de 1875,,Q3090028
2e4cc1e2-7803-434a-96a5-590f5847693a,Création du piano moderne,1709-05-14,1720-01-01,year,POTENTIAL_DATE_ERROR,divergence_date,0.5,false,"Confirm that 1720 is the correct year for the creation of the modern piano, as opposed to the piano-forte.",Piano,,Q5994
6aaeb75b-fc9e-4472-9252-ff18a1049179,Loi Delors sur la formation continue,1971-01-01,1971-01-01,year,CONFIRMED,confirme,1,false,None,Formation continue en France,,Q3077366
0e48845a-c740-4a84-ab5d-625afde2a60d,Bombardement de Dresde,1945-01-01,1945-01-01,year,CONFIRMED,confirme,0.9,false,Confirmer la date de 1945.,https://fr.wikipedia.org/wiki/Bombardement_de_Dresde,,Q152142
c27adc91-a9f2-4882-a09f-61363ffd9a95,Théodoric le Grand envahit le royaume wisigoth,0511-01-01,0511-01-01,year,LIKELY_CORRECT,preuve_externe_faible,0.5,false,Ajouter des sources externes fiables pour confirmer l'année de l'invasion.,,,
a42f8633-90b6-4af1-b699-63fd6ce41c1e,Première greffe de la main réussie,1998-01-01,,,INSUFFICIENT_EVIDENCE,retrieval_insuffisant,0,true,Ajouter des sources externes fiables pour confirmer l'année de la première greffe de la main réussie.,,,
28747aff-aaaf-42e9-98bd-10e35c0dad5c,"Collision ferroviaire sur la ligne Boulogne-Abbeville, près d'Étaples au passage à niveau",1941-01-01,1941-01-01,year,LIKELY_CORRECT,preuve_externe_faible,0.5,false,Ajouter des sources externes pour confirmer l'année de l'accident.,,,
d41ac96a-78c9-4f89-9eae-c51a6f867cf7,Invention du transistor,1947-12-16,,,INSUFFICIENT_EVIDENCE,retrieval_insuffisant,0,true,Rechercher des sources supplémentaires mentionnant l'année exacte de l'invention du transistor.,Transistor,,Q5339
cea3242a-b435-4238-b1ca-d87181a969e4,Lancement du Spoutnik : réaction française,1957-01-01,1957-01-01,year,LIKELY_CORRECT,preuve_externe_faible,0.8,false,Confirmer avec des sources externes la date exacte du lancement de Spoutnik et la création du CRS.,,,
a472e7c5-ec3a-4965-9106-a0f8a8426abb,Passage au nouveau millénaire,2000-01-01,2000-01-01,year,CONFIRMED,confirme,0.9,false,No change needed.,https://fr.wikipedia.org/wiki/Passage_informatique_%C3%A0_l%27an_2000,,Q218941
01fd7b3a-12f9-40ae-ad19-7e3af9875f77,Ouverture du Musée de l’Homme,1938-01-01,1938-01-01,year,DISPUTED_DATE,date_disputee,0.8,true,Vérifier si 1937 correspond à l'installation et 1938 à l'ouverture au public.,Musée de l'Homme,,Q670268
cde608cc-57ad-4728-9557-5c1937415ba5,Bougainville à Tahiti,1768-01-01,,,INSUFFICIENT_EVIDENCE,annee_exacte_introuvable,0,true,Rechercher des sources mentionnant spécifiquement l'arrivée de Bougainville à Tahiti et la date de cet événement.,,,Q42000
05b24a32-a6f5-4e92-a4ef-a660d269edd7,Grève des ouvriers de la fonderie Peñarroya,1971-01-01,1971-01-01,year,CONFIRMED,confirme,0.9,false,None,Grèves des ouvriers de Peñarroya en 1971 et 1972,,Q65150912
019c9506-7f31-4419-9b9d-f422172a9299,Adoption du méridien de Greenwich comme méridien zéro,1884-10-13,1884-01-01,year,CONFIRMED,confirme,0.9,false,None,https://fr.wikipedia.org/wiki/Premier_m%C3%A9ridien,,Q3401774
4c36c1a4-f585-491e-b5ad-fee41da0c74f,Création du NHS,1948-07-05,1948-01-01,year,LIKELY_CORRECT,preuve_externe_faible,0,false,Ajouter des sources externes fiables confirmant l'année de création du NHS.,,,
2d160ddb-f111-4d33-9a18-9a9ddbe41f50,Samuel de Champlain fonde Québec,1608-01-01,1608-01-01,year,CONFIRMED,confirme,1,false,Confirmer la date de fondation de Québec.,Samuel de Champlain,,Q68529
19890bd9-ef01-400b-9777-bd254deb294a,Renforcement du corps expéditionnaire français en Indochine,1951-01-01,,,INSUFFICIENT_EVIDENCE,annee_exacte_introuvable,0,true,Rechercher des sources externes qui confirment le renforcement du corps expéditionnaire français en Indochine en 1951.,,,Q3173090
c8d4362f-1660-4668-bcf8-98fcc219b367,Le Droit de vote des femmes est accordé en Allemagne,1918-01-01,1918-01-01,year,CONFIRMED,confirme,0.9,false,Aucune.,,,Q185387
1032f44d-56e6-432c-8ac3-55c56d899324,Renforcement du statut des Juifs par le régime de Vichy,1942-01-01,,,INSUFFICIENT_EVIDENCE,annee_exacte_introuvable,0,true,Rechercher des sources externes qui mentionnent spécifiquement l'année du renforcement du statut des Juifs par le régime de Vichy.,,,Q69808
2de5f949-467b-4572-a6d2-d36e45a9a5f9,Réhabilitation posthume de Jeanne d'Arc,1457-01-01,1457-01-01,year,LIKELY_CORRECT,probable_mais_a_confirmer,0.8,false,No change needed.,https://fr.wikipedia.org/wiki/Jeanne_d%27Arc,,Q7226
78c479b1-ad83-4fd1-885e-c75153299aa6,Prise du Ring avar par Charlemagne en Pannonie et conversion des Avars,0796-01-01,0796-01-01,year,LIKELY_CORRECT,probable_mais_a_confirmer,0.8,false,Vérifier si d'autres sources confirment la date de 796 pour la prise du Ring avar.,,,Q3044
c59ec8e8-59f5-4732-add4-1167e80bf292,Mort de Constantin Ier,0337-01-01,0337-01-01,year,CONFIRMED,confirme,0.9,false,None,Constantin Ier,,Q229514
afe614bf-3f19-40cf-aa4f-c62740b4fcaf,Découverte du Pacifique par Balboa,1513-01-01,1513-01-01,year,CONFIRMED,confirme,1,false,Aucune.,Exploration du Pacifique,,Q5421337
859d8881-0713-4748-b2d2-f32c44657d35,Éruption du Krakatoa,1883-01-01,1883-01-01,year,CONFIRMED,confirme,0.9,false,No change needed.,Éruption du Krakatoa en 1883,,Q8094772
2e4120e2-c7b6-43ff-a7dd-b2cee8e6d49c,Première exécution à la chaise électrique,1890-01-01,1890-01-01,year,CONFIRMED,confirme,0.9,false,None,Chaise électrique,,Q185639
aca0b012-3c0a-4310-b28e-647c44d6fa85,Classifications scientifiques des espèces,1758-01-01,1758-01-01,year,CONFIRMED,confirme,0.9,false,Aucune recommandation nécessaire.,https://fr.wikipedia.org/wiki/Classification_scientifique_des_esp%C3%A8ces,,Q11398
42b4a1a7-740f-44c8-b2d7-62ab8022f608,Achèvement du Manhattan Building,1891-01-01,,,INSUFFICIENT_EVIDENCE,annee_exacte_introuvable,0,true,Rechercher des sources externes fiables mentionnant spécifiquement l'achèvement du Manhattan Building et l'année correspondante.,,,Q217652
4193842b-d063-4483-bf6a-30d80ca75e41,Ambroise Paré devient chirurgien du roi,1552-01-01,,,INSUFFICIENT_EVIDENCE,preuve_insuffisante,0,true,Rechercher des sources externes qui confirment l'année exacte où Ambroise Paré est devenu chirurgien du roi.,https://fr.wikipedia.org/wiki/Ambroise_Par%C3%A9,,Q276480
7009190c-e459-4381-bcf2-06049ffaafc6,Conférence de Wannsee,1942-01-01,1942-01-01,year,CONFIRMED,confirme,0.9,false,Confirmer la date de 1942.,wikipedia_fr_article,wikipedia_en_article,Q152120
92a98919-7fab-441c-8401-383e11069420,Fondation de Thomas Cook,1841-01-01,1841-01-01,year,CONFIRMED,confirme,0.9,false,Confirmer la date de fondation de Thomas Cook comme étant 1841.,wikipedia_fr_article,wikipedia_en_article,Q328725
89a4cd08-2958-485d-8048-ed8791337a56,Fondation de la Deuxième Internationale,1889-01-01,1889-01-01,year,CONFIRMED,confirme,0.9,false,Confirmer la date de 1889.,wikipedia_fr_article,,Q188592
6afdd86b-d70d-4c37-8a28-975b08ba7add,Loi Jules Ferry rendant l'école primaire obligatoire et laïque,1882-01-01,1882-01-01,year,CONFIRMED,confirme,0.9,false,No changes needed.,Lois Jules Ferry,,Q999206
5108dbe5-930b-4fc4-8513-08a4f23e2127,Ouverture du Musée National du Rwanda restauré,2004-01-01,2004-01-01,year,LIKELY_CORRECT,preuve_externe_faible,0.5,false,Rechercher des sources externes confirmant l'année d'ouverture du Musée National du Rwanda restauré.,,,
24a352d6-3af4-482b-8e9c-c92ada39e8fb,Les Français approuvent la baisse du mandat présidentiel,2000-01-01,,,INSUFFICIENT_EVIDENCE,annee_exacte_introuvable,0,true,Ajouter des sources externes fiables pour confirmer l'année du référendum.,,,
7a4815b7-a011-4e18-8296-fc9757be5b9b,Construction du Palais de Topkapi à Constantinople,1465-01-01,,,DISPUTED_DATE,date_disputee,0.3,true,Further research is needed to determine the correct year of construction. The different dates from Wikidata should be investigated.,Palais de Topkapı,,Q170495
b1f919c8-2729-4f1b-a82a-76e257c11123,Naissance du mouvement cubiste avec Les Demoiselles d'Avignon,1907-01-01,1907-01-01,year,CONFIRMED,confirme,0.9,false,No change needed.,https://fr.wikipedia.org/wiki/Les_Demoiselles_d%27Avignon,,Q910199
c955fdac-1f19-4f11-a527-d2e82aba7f14,Inhumation du Soldat inconnu sous l’Arc de Triomphe,1920-01-01,1920-01-01,year,LIKELY_CORRECT,probable_mais_a_confirmer,0,false,Ajouter des sources externes fiables confirmant l'année de l'inhumation.,,,Q24933583
7536f167-cc27-4419-a646-b8599541d6b4,Création de la Direction générale de la Sécurité extérieure,1982-04-02,1982-01-01,year,CONFIRMED,confirme,1,false,No change needed.,https://fr.wikipedia.org/wiki/Direction_g%C3%A9n%C3%A9rale_de_la_S%C3%A9curit%C3%A9_ext%C3%A9rieure,,Q335827
849a6c0d-2596-4392-babe-a9dd43452e5c,Fusion des Forces françaises libres,1943-01-01,1943-01-01,year,CONFIRMED,confirme,0.9,false,No change needed.,Forces françaises libres,,Q13363209
593cbf8e-1822-4d80-99fa-1e8951ec762a,Marche des femmes sur Versailles (1789),1789-01-01,1789-01-01,year,CONFIRMED,confirme,1,false,Confirmer la date de 1789 pour la Marche des femmes sur Versailles.,https://fr.wikipedia.org/wiki/Marche_des_femmes,,Q113635859
6e1419ba-bd32-4239-b7c8-a91c278e8183,Adoption de la Convention internationale sur la réglementation de la chasse à la baleine,1946-01-01,1946-01-01,year,CONFIRMED,confirme,0.9,false,Rechercher des sources confirmant l'année d'adoption de la Convention internationale sur la réglementation de la chasse à la baleine.,,,Q2961396
e66db8ea-1118-41cf-befd-b99edb955370,Albrecht Dürer peint son Autoportrait à la fourrure,1500-01-01,1500-01-01,year,LIKELY_CORRECT,probable_mais_a_confirmer,0.8,false,No change needed.,https://fr.wikipedia.org/wiki/Albrecht_D%C3%BCrer,,Q5580
a6c0a199-8a72-4f00-ad8f-45f0c95b6bc1,Réactions et interprétations françaises de la révolution russe de 1905,1905-01-01,1905-01-01,year,LIKELY_CORRECT,probable_mais_a_confirmer,0.8,false,Confirmer l'année 1905 comme l'année de l'événement.,,,Q8729
a5eec6b1-d3f3-40bd-9984-9ca5c729aa00,Publication du 'Fasciculus Medicinae',1491-01-01,1491-01-01,year,LIKELY_CORRECT,preuve_externe_faible,0.5,false,Fournir des sources externes pour confirmer l'année de publication.,,,
7d4ff5ee-24da-428e-aae2-99e8d21997fe,Premier pas sur la Lune,1969-07-20,1969-01-01,year,CONFIRMED,confirme,1,false,Aucune modification nécessaire.,Exploration de la Lune,,Q1064739
758698d8-b991-4de4-8d4d-72ad7bfd03ca,Construction du phare d'Alexandrie,0290-01-01,,,INSUFFICIENT_EVIDENCE,absence_de_singularite,0,true,Reject due to the event spanning multiple years.,Phare d'Alexandrie,,Q43244
6ad83c22-ac0b-40a5-bee8-adb73bc08480,Première ascension de l'Everest,1953-05-29,1953-01-01,year,LIKELY_CORRECT,probable_mais_a_confirmer,0.5,false,Ajouter une source externe qui confirme l'année de la première ascension de l'Everest.,,,Q1194369
822416a2-d68e-4e4e-9fae-8e216a574066,Scrutin anticipé qui fragilise la majorité gaulliste,1967-01-01,1967-01-01,year,LIKELY_CORRECT,preuve_externe_faible,0,false,Ajouter des sources externes fiables confirmant que les élections législatives qui ont fragilisé la majorité gaulliste ont eu lieu en 1967.,,,
d7e5dd77-4b0d-4216-996a-a52b72b5fd20,Élisabeth de Habsbourg épouse Casimir IV de Pologne,1454-01-01,1454-01-01,year,CONFIRMED,confirme,0.9,false,Confirmer la date de 1454.,Élisabeth de Habsbourg,,Q93408
9fb2deb5-a8c4-49a6-bd72-1b949947999e,Décès de Georges Clemenceau,1929-01-01,1929-01-01,year,CONFIRMED,confirme,1,false,Confirmer la date de décès de Georges Clemenceau comme étant 1929.,https://fr.wikipedia.org/wiki/Georges_Clemenceau,,Q171730
aca35316-b802-4b22-8b95-6ab4720ee82a,Courses de chars dans la Rome antique,0150-01-01,,,INSUFFICIENT_EVIDENCE,absence_de_singularite,0,true,Reject the event as it describes a recurring activity rather than a singular event with a specific year.,,,Q134462832
3314be63-5780-4056-b2ab-d91e5dbbd43f,Reconnaissance officielle de l'École de médecine de Montpellier,1220-01-01,,,INSUFFICIENT_EVIDENCE,retrieval_insuffisant,0,true,Ajouter une source externe fiable confirmant l'année 1220 pour la reconnaissance officielle de l'École de médecine de Montpellier.,,,Q3592600
aed6880f-03e0-4685-8aa3-9f6b5b969864,L'Argentine de Messi remporte la Coupe du Monde au Qatar,2022-01-01,2022-01-01,year,CONFIRMED,confirme,1,false,No change needed.,Coupe du monde de football 2022,,Q284163
c9624074-8f8e-4bac-85bb-85b1d8ee6bdb,Installation massive des Slaves dans les Balkans approx.,0600-01-01,,,INSUFFICIENT_EVIDENCE,absence_de_singularite,0,true,Reject due to the event describing a period and the lack of a precise year.,,,
1d156b31-6d6a-4da1-a4e2-45ae143edeb4,Création de la Manufacture royale des glaces de miroirs,1665-01-01,1665-01-01,year,CONFIRMED,confirme,1,false,Aucune recommandation nécessaire.,https://fr.wikipedia.org/wiki/Manufacture_royale_de_glaces_de_miroirs,,Q3287074
4d5727db-c93a-465b-b913-0d2c55913e89,Fondation de l'Ordre de Fontevraud,1115-01-01,1101-01-01,year,POTENTIAL_DATE_ERROR,divergence_date,0.8,false,Confirmer la date de fondation de l'Ordre de Fontevraud comme étant 1101.,wikipedia_fr_article,wikipedia_en_article,Q20104492
3f108927-2a63-4e9a-927c-9930bdabf7e3,Fondation de l’École pratique des hautes études,1868-01-01,1868-01-01,year,CONFIRMED,confirme,0.9,false,No change needed.,wikipedia_fr_article,wikipedia_en_article,Q273631
40f62348-a328-4ccd-a850-c47c76ef493b,Fondation du monastère du Mont Cassin par Benoît de Nursie,0529-01-01,,,INSUFFICIENT_EVIDENCE,annee_exacte_introuvable,0,true,Rechercher des sources externes qui confirment l'année de fondation du monastère du Mont Cassin.,,,Q44265
2749b707-cd4e-48d8-8e87-34b5f1b56912,Réarmement de l'Allemagne de l'Ouest dans le cadre de l’OTAN,1951-01-01,,,INSUFFICIENT_EVIDENCE,absence_de_singularite,0,true,Rejeter car il s'agit d'un processus et non d'un événement ponctuel.,,,Q512451
c5377b22-d461-45cb-a748-228b0912679e,Introduction du système de points à trois points en NBA,1979-01-01,1979-01-01,year,LIKELY_CORRECT,preuve_externe_faible,0,false,Ajouter des sources externes fiables pour valider l'année de l'introduction du système de points à trois points en NBA.,,,
2ae72077-6f5b-47f1-89ea-09d54e58ce09,Callendar lie CO2 et activité humaine,1938-01-01,,,INSUFFICIENT_EVIDENCE,retrieval_insuffisant,0,true,Fournir des sources externes fiables pour confirmer l'année de publication de l'article de Callendar.,,,
81232f9d-a49a-4859-880b-cad8ed99c4ed,Première cartographie de la dorsale médio-atlantique,1953-01-01,,,INSUFFICIENT_EVIDENCE,annee_exacte_introuvable,0,true,Fournir des sources externes fiables pour confirmer l'année de la première cartographie de la dorsale médio-atlantique.,,,
2b7f6b36-c1ce-464f-99ab-2ef27eb593c8,Trêve de Ratisbonne,1684-01-01,1684-01-01,year,CONFIRMED,confirme,0.9,false,No change needed.,https://fr.wikipedia.org/wiki/Tr%C3%AAve_de_Ratisbonne,,Q1041111
fea5640b-a267-4238-bace-937f3107bc4c,Lancement du télescope spatial James Webb,2021-01-01,,,INSUFFICIENT_EVIDENCE,preuve_insuffisante,0,true,Ajouter une source externe mentionnant l'année de lancement du télescope spatial James Webb.,,,Q148578
248f7bb5-c274-443c-8dcf-34a5d2232fd0,Début de la guerre de Succession d'Espagne,1702-01-01,1701-01-01,year,POTENTIAL_DATE_ERROR,divergence_date,0.7,false,Vérifier si 1701 est plus précis que 1702.,https://fr.wikipedia.org/wiki/Guerre_de_Succession_d%27Espagne,,Q150701
921bb6c2-e81f-4096-9a6f-d60ca506a9f2,Conquête de la Bohême et soumission de la Croatie,0806-01-01,0806-01-01,year,LIKELY_CORRECT,preuve_externe_faible,0.5,false,Fournir des sources externes pour valider l'année 806.,,,
66e324a6-02d6-4c98-afee-ce2b2812f795,La professionnalisation des forces armées françaises,1996-01-01,1996-01-01,year,LIKELY_CORRECT,preuve_externe_faible,0.5,false,Ajouter des sources externes confirmant l'annonce de la suspension du service national obligatoire en 1996 par Jacques Chirac.,,,
d8602de6-84aa-4862-bd92-720e9d4d780c,Siège de Bharatpur par les forces britanniques,1805-01-01,1805-01-01,year,LIKELY_CORRECT,preuve_externe_faible,0,false,Fournir des sources externes pour confirmer l'année du siège de Bharatpur.,,,
e76ece99-4fbf-457b-a2da-cf02389a39cf,Ciompi Revolt in Florence,1378-01-01,1378-01-01,year,CONFIRMED,confirme,0.9,false,No changes needed.,wikipedia_fr_article,,Q1092673
0570db4d-9d03-435e-9332-7461cb539d34,Inauguration du Louvre Abu Dhabi,2017-11-11,2017-01-01,year,CONFIRMED,confirme,1,false,Confirm the date as 2017.,wikipedia_fr_article,wikipedia_en_article,Q3176133
113a2c95-0ce1-4c03-8e0f-b4db35291b05,Première Guerre Dacique de Trajan,0101-01-01,0101-01-01,year,CONFIRMED,confirme,0.9,false,No change needed.,,,Q13403337
107d3c36-20d5-44c9-b34a-46edd6523499,Mise en latin écrit de la Loi salique sous Clovis,0510-01-01,0500-01-01,year,POTENTIAL_DATE_ERROR,divergence_date,0.7,false,Vérifier si d'autres sources confirment l'année 500.,https://fr.wikipedia.org/wiki/Loi_salique,,Q152507
b050d978-1d50-4001-b881-dea9e8cb6389,Début de la construction de l’Arc de Constantin à Rome,0312-01-01,0312-01-01,year,LIKELY_CORRECT,preuve_externe_faible,0.8,false,Vérifier si d'autres sources confirment le début de la construction en 312.,Arc de Constantin,,Q5786
5ac06bbd-a033-4fc9-854a-8753ecdb5585,Création du Revenu minimum d’insertion,1988-01-01,1988-01-01,year,CONFIRMED,confirme,0.9,false,No change needed.,Revenu minimum d'insertion,,Q17015384
f0244ed2-5798-41b7-8081-fc9e7ed890bf,Indépendance de la Tunisie,1956-03-20,1956-01-01,year,CONFIRMED,confirme,1,false,Aucune.,1956 en Tunisie,,Q52194140
3864230e-c62d-40cd-bba5-ad3bf40df4c2,Guerre de la vache,1303-01-01,,,DISPUTED_DATE,date_disputee,0,true,Reject the proposed date of 1303 as the event spans multiple years. Further investigation is needed to determine the exact years of the conflict.,https://fr.wikipedia.org/wiki/Guerre_de_la_vache,,Q1791222
0d4be2a5-336f-43e6-936f-9940e629115d,L'Olonnais pille Maracaibo,1666-01-01,1666-01-01,year,LIKELY_CORRECT,probable_mais_a_confirmer,0.8,false,Confirmer la date de 1666 pour le pillage de Maracaibo par l'Olonnais.,François l'Olonnais,,Q542796
14c948f0-8fad-4390-9b52-c94b7b6ae1d1,Bataille de Blenheim et défaites françaises dans la guerre de Succession d'Espagne,1704-01-01,1704-01-01,year,LIKELY_CORRECT,probable_mais_a_confirmer,0.8,false,Vérifier si d'autres sources confirment l'année 1704 pour la bataille de Blenheim.,Guerre de Succession d'Espagne,,Q150701
05acbb9f-9606-4623-aaf8-0a96e091cd07,Première bataille de Pyongyang,1593-01-01,1593-01-01,year,LIKELY_CORRECT,probable_mais_a_confirmer,0.8,false,Vérifier si d'autres sources confirment l'année 1593 pour la Première bataille de Pyongyang durant la guerre Imjin.,,,Q715791
48417c6a-47c0-4fbc-a916-2d69ed70d305,Institution du Trésor Royal par Charles VII,1445-01-01,1445-01-01,year,LIKELY_CORRECT,probable_mais_a_confirmer,0.8,false,Confirm the year 1445 as the year of the event.,,,Q160349
c32861c4-0b01-4c1f-b109-e2d02ea119f3,Découverte des satellites de Jupiter par Galilée,1610-01-07,1610-01-01,year,LIKELY_CORRECT,preuve_externe_faible,0,false,Ajouter des sources externes confirmant l'année de la découverte.,,,Q37638
6d1fd2b2-51c8-4cc8-9bed-830b5932a417,Début de la Conquête Romaine de la Bretagne,0043-01-01,0043-01-01,year,CONFIRMED,confirme,1,false,Aucune.,Conquête romaine,,Q5399123
dc5fe3e3-a870-4195-ae3e-f4a99109c1a0,Lancement du télescope spatial Hubble,1990-04-24,,,INSUFFICIENT_EVIDENCE,preuve_insuffisante,0,true,Ajouter une source mentionnant l'année de lancement du télescope spatial Hubble.,Télescope spatial,,Q148578
b35d284f-a53c-490a-86df-cf50eb9eafae,Mariage de Louis XIII avec Anne d'Autriche,1615-01-01,1615-01-01,year,LIKELY_CORRECT,probable_mais_a_confirmer,0.8,false,Aucune recommandation nécessaire.,Louis XIII,,Q737533
0a2255ae-f6a7-485e-932f-7300d729e74e,Création de la Société Royale de Médecine,1776-01-01,1778-01-01,year,DISPUTED_DATE,date_disputee,0.9,true,Vérifier et corriger la date de création de la Société Royale de Médecine.,https://fr.wikipedia.org/wiki/Soci%C3%A9t%C3%A9_royale_de_m%C3%A9decine,,Q3488641
4c8158fe-4f5a-4a95-87bf-34723e170b0a,Fondation de Constantinople par Constantin Ier,0330-01-01,0330-01-01,year,CONFIRMED,confirme,0.9,false,Aucune recommandation.,Constantinople,,Q16869
8291fa12-ed2a-4cfb-afd5-70df5c3b5de0,Première transmission télégraphique transatlantique,1858-01-01,,,INSUFFICIENT_EVIDENCE,retrieval_insuffisant,0,true,Fournir des sources externes fiables pour confirmer l'année de la première transmission télégraphique transatlantique.,,,
2a3f3ff2-f66b-440e-ba93-51a6060ffeb1,Traité de Lyon (Louis XII),1504-01-01,1504-01-01,year,LIKELY_CORRECT,probable_mais_a_confirmer,0.8,false,None,,,Q2305320
e174cdff-244a-4265-902c-6625def98c2c,Concile de Constance met fin au Grand Schisme d'Occident,1417-01-01,1417-01-01,year,CONFIRMED,confirme,1,false,Confirmer la date de 1417.,Grand schisme d'Occident,,Q26189
4419ba3c-2f34-4064-8acd-7978f720c9f2,Premier établissement permanent des Vikings en Islande,0874-01-01,,,INSUFFICIENT_EVIDENCE,preuve_insuffisante,0,true,Ajouter une source externe fiable confirmant l'année 874.,,,Q582948
ab276df7-9347-4bd5-8c0c-d8dfe8b240d3,Première élection présidentielle au suffrage universel direct,1965-01-01,1965-01-01,year,CONFIRMED,confirme,0.9,false,No change needed.,Élection présidentielle française de 1965,,Q1450635
4ec7d510-0319-4c8b-95de-83037360b6ea,Début de la construction de la nef de Bayeux,1070-01-01,1070-01-01,year,LIKELY_CORRECT,preuve_externe_faible,0,false,Ajouter des sources externes fiables pour confirmer l'année de début de la construction de la nef de Bayeux.,,,
41aee7a6-2e62-4f62-b3b9-0bb63d0881a6,Élisabeth d'York épouse Henri VII,1486-01-01,1486-01-01,year,CONFIRMED,confirme,1,false,No change needed.,https://fr.wikipedia.org/wiki/%C3%89lisabeth_d%27York,,Q207953
91a0116f-23dd-42b1-8a96-c4dd2b34bc52,Bataille du Faubourg Saint-Antoine,1652-01-01,1652-01-01,year,CONFIRMED,confirme,0.9,false,Confirmer la date de 1652.,wikipedia_fr_article,,Q2890900
5916853d-08db-4b32-bd9c-cc351e9b49e6,Guerre de l'eau de Cochabamba,2000-01-01,,,INSUFFICIENT_EVIDENCE,absence_de_singularite,0,true,"Reject. The event describes a period, not a single year.",,,Q183124
605d67df-54cc-4cd7-9b2d-899d8013cf6a,Construction des murs en pierre du Kremlin de Moscou,1367-01-01,,,INSUFFICIENT_EVIDENCE,preuve_insuffisante,0,true,Rechercher des sources supplémentaires confirmant l'année exacte de la construction des murs en pierre du Kremlin de Moscou.,Kremlin de Moscou,,Q133274
5044ba13-d49f-4ca7-a87b-14e856553c87,Prix Goncourt 1930 : Henri Fauconnier,1930-01-01,1930-01-01,year,CONFIRMED,confirme,1,false,No change needed.,wikipedia_fr_article,wikipedia_en_article,Q187300
80c33825-ab81-49c3-9b72-9cb3ff5e9cf0,Premier traité d'algèbre imprimé en Europe,1473-01-01,,,INSUFFICIENT_EVIDENCE,annee_exacte_introuvable,0,true,Rechercher des sources externes confirmant l'année de publication du premier traité d'algèbre imprimé en Europe.,,,Q3968
f7cfc8d7-ef3d-45bc-86cd-51919fbfc886,Siège de La Rochelle par le duc d'Anjou,1573-01-01,1573-01-01,year,CONFIRMED,confirme,1,false,Confirmer la date de 1573 pour le siège de La Rochelle par le duc d'Anjou.,https://fr.wikipedia.org/wiki/Si%C3%A8ge_de_La_Rochelle,,Q47170110
6b6fe8cc-d88d-495b-aaf5-b1f475b19981,Foundation of the Order of Beghards,1220-01-01,,,INSUFFICIENT_EVIDENCE,annee_exacte_introuvable,0,true,Further research is needed to find a reliable source that specifies the exact year of the foundation of the Order of Beghards.,,Beguines and Beghards,Q147618
b0bcd913-1c7a-4f63-9869-cca76728c62f,Début de la construction du Palais des Doges à Venise,1340-01-01,1340-01-01,year,CONFIRMED,confirme,1,false,Confirmer la date de 1340 pour le début de la construction du Palais des Doges à Venise.,Palais des Doges,,Q189883
1716da46-78d0-44ce-be30-9a153b896b0c,Réforme des régimes matrimoniaux donnant l’autonomie aux épouses,1965-01-01,1965-01-01,year,CONFIRMED,confirme,0.9,false,Confirmer la date de 1965.,,,Q12562
9aa43616-014d-4133-a6c5-c322717980e6,Bataille de Marawi (Philippines),2017-01-01,2017-01-01,year,CONFIRMED,confirme,0.9,false,Confirmer la date de 2017.,wikipedia_fr_article,wikipedia_en_article,Q30041564
6a0345bd-063c-405c-be29-552a3bf23e3f,Chute de Robespierre,1794-07-28,1794-01-01,year,CONFIRMED,confirme,0.9,false,No changes needed.,wikipedia_fr_article,,Q12989672
b57926e6-1f28-406e-9102-f0f22f62a5a0,"Exécution de Marie Stuart, Reine d'Écosse",1587-01-01,1587-01-01,year,CONFIRMED,confirme,0.9,false,Confirmer la date de l'exécution de Marie Stuart comme étant 1587.,wikipedia_fr_article,wikipedia_en_article,Q131412
dd775c13-07d0-4e81-bd79-983b9dfc44c3,Lancement du satellite Astérix,1965-01-01,1965-01-01,year,CONFIRMED,confirme,0.9,false,Aucune action nécessaire.,,,Q42490
061d35fb-b223-4dc1-b983-d6bf4fcfb9d4,Abolition de la torture judiciaire en France,1788-01-01,1788-01-01,year,CONFIRMED,confirme,0.9,false,No change needed.,wikipedia_fr_article,,Q2809498
43d75ef1-800f-414b-a792-696ea9ca6087,Première de Madame Butterfly de Giacomo Puccini,1904-02-17,1904-01-01,year,CONFIRMED,confirme,1,false,No change needed.,https://fr.wikipedia.org/wiki/Madame_Butterfly,,Q19005
dcf7029a-124c-44d1-b070-1dbe112993d3,Conversion de Clovis,0498-12-25,,,DISPUTED_DATE,date_disputee,0.5,true,Rechercher des sources supplémentaires pour déterminer si un consensus existe parmi les historiens concernant l'année de la conversion de Clovis. Considérer que la date est disputée.,wikipedia_fr_article,,Q60845789
13ac2902-0a23-4610-a642-821d673b110a,Écriture du Beowulf (poème épique),1000-01-01,1000-01-01,year,LIKELY_CORRECT,preuve_externe_faible,0.8,false,Confirmer la date de 1000 pour l'écriture du Beowulf.,Beowulf,,Q48328
d201debb-eaec-44a0-aefe-71418bece76c,Bataille de Stirling Bridge,1297-01-01,1297-01-01,year,CONFIRMED,confirme,1,false,Aucune modification nécessaire.,wikipedia_fr_article,wikipedia_en_article,Q499626
de42a36d-22e0-4438-970c-f58bca864c3b,Bataille de Diditz (Bohême),1040-01-01,1040-01-01,year,LIKELY_CORRECT,preuve_externe_faible,0,false,Ajouter des sources externes fiables pour confirmer l'année de la bataille.,,,
62856ef1-2a19-4be1-8f2a-9bca13b298fb,Début de la construction de la Grande Mosquée,0785-01-01,,,INSUFFICIENT_EVIDENCE,preuve_insuffisante,0,true,Rechercher des sources externes fiables confirmant l'année 785 pour le début de la construction de la Grande Mosquée de Cordoue.,,,Q9466
39beefcf-e656-40df-afa0-861e8251c595,Expulsion du royaume franc des Juifs refusant le baptême,0629-01-01,0629-01-01,year,CONFIRMED,confirme,0.9,false,Verify with additional historical sources if available.,,,Q7424558
4754e199-c7e1-45df-8d54-e7db0aaf11b1,Crise énergétique déclenchée par l’embargo de l’OPEP,1973-01-01,1973-01-01,year,LIKELY_CORRECT,preuve_externe_faible,0.8,false,Rechercher des sources externes pour confirmer l'année 1973.,,,
25868a63-2aff-4a37-acb2-baade484d782,Entrée en vigueur du TICE,1996-01-01,,,INSUFFICIENT_EVIDENCE,absence_de_singularite,0,true,Ajouter des sources externes fiables mentionnant l'année exacte de l'entrée en vigueur du TICE.,,,
a31b0c33-83d6-44ae-9186-b0e37a305e40,Le traité de Loudun met fin à la révolte des princes,1616-01-01,,,INSUFFICIENT_EVIDENCE,annee_exacte_introuvable,0,true,Rechercher des sources fiables confirmant l'année exacte du traité de Loudun mettant fin à la révolte des princes.,Traité de Loudun,,Q3536828
68bbcb98-1284-4976-a6e3-004eeb4dbc6a,Début de la guerre d'Algérie,1954-11-01,1954-01-01,year,CONFIRMED,confirme,1,false,Confirmer la date de 1954 comme début de la guerre d'Algérie.,Guerre d'Algérie,,Q200790
63a6af14-5ed7-4bbe-849d-3faa9b218a8a,Déchéance du roi Charles le Gros - Implantation mauresque à Fraxinet,0887-01-01,0887-01-01,year,LIKELY_CORRECT,preuve_externe_faible,0,false,Fournir des sources externes pour valider l'année 887.,,,
e506a991-b077-46ca-b4e3-2b75c131097e,Julien devient empereur à Paris,0360-01-01,0360-01-01,year,LIKELY_CORRECT,probable_mais_a_confirmer,0.8,false,Confirmation de la date proposée basée sur la description détaillée de l'événement.,https://fr.wikipedia.org/wiki/Julien_(empereur_romain),,Q33941
c575e85d-b252-4133-955c-45f29350c3fc,Lancement de l'euro comme monnaie scripturale,1999-01-01,1999-01-01,year,CONFIRMED,confirme,1,false,No change needed.,Euro,,Q4916
8ac665ec-e981-440d-8b2d-92e0925f0010,"Triple-Alliance (Allemagne, Autriche, Italie)",1882-01-01,1882-01-01,year,CONFIRMED,confirme,0.9,false,Confirmer la date de 1882.,https://fr.wikipedia.org/wiki/Triple_alliance,,Q225720
879222a1-24ea-4c81-9cd5-147e8a849525,Création du Fonds mondial pour la nature (WWF),1961-01-01,,,INSUFFICIENT_EVIDENCE,annee_exacte_introuvable,0,true,Rechercher des sources externes fiables qui confirment l'année de création du WWF.,,,Q3075864
c9131e74-e50f-49ff-9d47-bc24b1eee4ed,Conflit entre le roi Lothaire et l' empereur romain germanique Othon II,0978-01-01,0978-01-01,year,LIKELY_CORRECT,preuve_externe_faible,0.5,false,Fournir des sources externes pour confirmer l'année 978.,,,
bad65dfc-ee0f-48cb-8e66-4ce4cd832966,Début de l'affaire Dreyfus,1894-12-22,1894-01-01,year,CONFIRMED,confirme,0.9,false,No change needed.,https://fr.wikipedia.org/wiki/Affaire_Dreyfus,,Q173457
59981d37-1250-4f4f-adf8-a2945e4e10c7,Début de l’empire Sassanide en Perse,0224-01-01,,,INSUFFICIENT_EVIDENCE,absence_de_singularite,0,true,"Rejeter car l'événement décrit le début d'un empire, ce qui est une période et non une année unique.",,,Q83311
096d0670-aae4-45e3-84bd-ef10ebde4b74,Erik le Rouge fonde les premières colonies au Groenland,0986-01-01,,,INSUFFICIENT_EVIDENCE,absence_de_singularite,0,true,Rejeter car l'événement décrit une période et non une année unique.,wikipedia_fr_article,,Q172345
ce9979d9-fde7-46ae-aec0-38a35f600575,Adoption de la semaine de travail raccourcie et de l'extension des congés payés,1982-01-01,1982-01-01,year,LIKELY_CORRECT,preuve_externe_faible,0,false,Fournir des sources externes pour confirmer l'année de l'événement.,,,
82319aef-aef2-4705-a1ea-a68a41b37dcd,Vasco de Gama atteint l'Inde par voie maritime,1498-10-01,1498-01-01,year,CONFIRMED,confirme,0.9,false,None,Vasco de Gama,,Q7328
88c25b20-571f-4293-abab-a6bd42ddbae9,Affaire des Fiches,1904-01-01,1904-01-01,year,CONFIRMED,confirme,0.9,false,No change needed.,https://fr.wikipedia.org/wiki/Affaire_des_fiches,,Q123151822
9c198581-7048-4629-b127-062188b1dd99,Pieter Bruegel l'Ancien termine Les Chasseurs dans la neige,1565-01-01,,,INSUFFICIENT_EVIDENCE,retrieval_insuffisant,0,true,Fournir des sources externes pour confirmer l'année d'achèvement du tableau.,,,
71d0e365-f769-4043-800e-9705e44fd878,Début de la dynastie Ming,1368-10-01,1368-01-01,year,CONFIRMED,confirme,1,false,Confirmer la date de 1368 comme début de la dynastie Ming.,Dynastie Ming,,Q9903
f56c85fb-64c1-419f-accf-b96729e8713b,TNP,1968-01-01,1968-01-01,year,CONFIRMED,confirme,1,false,Aucune modification nécessaire.,https://fr.wikipedia.org/wiki/TNP,https://en.wikipedia.org/wiki/TNP,Q395169
945dd990-474c-4ba3-b9d2-ff4c79b8dc68,Première dissection publique à Bologne,1302-01-01,,,INSUFFICIENT_EVIDENCE,annee_exacte_introuvable,0,true,Rechercher des sources historiques confirmant la date de la première dissection publique à Bologne.,,,Q116646
ba691df4-8227-492a-a4b5-ec66e4ccf020,Déclaration des Quatre Articles,1682-01-01,1682-01-01,year,CONFIRMED,confirme,0.9,false,CONFIRMED.,wikipedia_fr_article,,Q5249462
4a40df30-da99-4379-a88d-8f0e82df14ff,Publication de la Bible du roi Jacques (King James Version),1611-01-01,1611-01-01,year,CONFIRMED,confirme,1,false,No changes needed.,Bible du roi Jacques,,Q623398
9457b31a-8f7b-4636-b870-1ef2b5a984f8,Mort de Florence Nightingale,1910-01-01,1910-01-01,year,CONFIRMED,confirme,1,false,Aucune modification nécessaire.,wikipedia_fr_article,wikipedia_en_article,Q37103
63624f79-66c8-4b4c-97cd-ee142a1683ac,Début de la construction du château de Bran,1377-01-01,,,DISPUTED_DATE,date_disputee,0.2,true,Vérifier les sources primaires pour déterminer la date exacte de début de construction du château de Bran.,https://fr.wikipedia.org/wiki/Ch%C3%A2teau_de_Bran,,Q390275
932443c7-c3bd-40d0-afe5-cceec7e5527c,Fondation de l'Académie royale de danse à Paris,1661-01-01,1661-01-01,year,CONFIRMED,confirme,0.9,false,No changes needed.,wikipedia_fr_article,,Q1925090
dcddb6b1-b5bb-4922-9986-bb00bef2800f,Début de la Conférence de Berlin sur l'Afrique,1884-10-01,1884-01-01,year,CONFIRMED,confirme,0.9,false,Confirmer la date de 1884.,wikipedia_fr_article,wikipedia_en_article,Q13582
b38360ab-a740-4c13-b80f-996980718a51,Première canonisation formelle par un pape,0993-01-01,0993-01-01,year,LIKELY_CORRECT,preuve_externe_faible,0,false,Ajouter des sources externes fiables confirmant l'année 993 pour la première canonisation formelle par un pape.,,,
1ce923b6-d259-43aa-afce-6615aa3c4980,Règne de Louis X le Hutin,1314-01-01,,,INSUFFICIENT_EVIDENCE,absence_de_singularite,0,true,Confirmer l'année 1314 comme le début du règne de Louis X.,https://fr.wikipedia.org/wiki/Louis_X,,Q8384
d407566d-574a-4826-9d01-6f2c58f20309,Naufrage du HMS Association,1707-01-01,,,INSUFFICIENT_EVIDENCE,annee_exacte_introuvable,0,true,Rechercher des sources fiables concernant le naufrage du HMS Association pour confirmer l'année.,,,Q2577588
43d81f69-877c-4f04-8769-b8ef3ed084e0,"Mort d'Adalbert de Prague, martyr et saint patron de plusieurs pays",0997-01-01,0997-01-01,year,CONFIRMED,confirme,1,false,No change needed.,Adalbert de Prague,,Q243427
52a43f84-43f5-4ef7-bd4d-378550ad7e3f,Serment du Jeu de Paume,1789-01-01,1789-01-01,year,CONFIRMED,confirme,0.9,false,Confirmer la date de 1789.,wikipedia_fr_article,,Q60022
0baa3e58-888e-4353-aa22-bc0fec5297d0,Lundi noir (Black Monday) boursier,1987-01-01,1987-01-01,year,LIKELY_CORRECT,probable_mais_a_confirmer,0,false,Ajouter des sources externes fiables confirmant l'année 1987 pour le Lundi noir boursier.,,,Q55605562
162b3437-64e8-418a-8da4-fb686a83db18,Première transplantation faciale complète en Espagne,2010-01-01,,,INSUFFICIENT_EVIDENCE,retrieval_insuffisant,0,true,Fournir des sources externes pour confirmer l'année de la première transplantation faciale complète en Espagne.,,,
2e31348d-e4b4-45a2-a002-0f06b3153a90,Prix Goncourt 1916 : Henri Barbusse,1916-01-01,1916-01-01,year,CONFIRMED,confirme,0.9,false,No change needed.,wikipedia_fr_article,wikipedia_en_article,Q18404
eb370358-44d9-434f-8609-0c23c8ad287e,Début du Règne de Tibère,0014-09-18,0014-01-01,year,CONFIRMED,confirme,0.9,false,Confirmer la date de 14 après J.-C. comme le début du règne de Tibère.,Tibère,,Q1407
0c30b8cd-d4e0-4a37-abc7-f9278a3f909c,Partage du royaume de Clotaire I er entre ses quatre fils,0561-01-01,0561-01-01,year,LIKELY_CORRECT,preuve_externe_faible,0.5,false,Ajouter des sources externes pour valider l'année 561.,,,
65d46211-ce48-48db-9d94-c7d5661b0795,Mort de Laurent Terzieff,2010-01-01,2010-01-01,year,CONFIRMED,confirme,1,false,Confirmer la date de 2010 comme année de la mort de Laurent Terzieff.,wikipedia_fr_article,wikipedia_en_article,Q523545
d7fd0787-1431-41c6-96e1-7ed2d96a8abd,Institution du Collège des interprètes (Turjuman),1330-01-01,1330-01-01,year,LIKELY_CORRECT,preuve_externe_faible,0.5,false,Chercher des sources externes confirmant l'institution du Collège des interprètes (Turjuman) en 1330.,,,
9be53664-9f6d-474e-b87d-f13926c04418,Putsch de la Brasserie,1923-10-01,1923-01-01,year,CONFIRMED,confirme,0.9,false,Confirmer la date de 1923.,https://fr.wikipedia.org/wiki/Putsch_de_la_Brasserie,,Q36749
e1adce32-7b68-40ef-9fdb-4ca802ed646a,"Catherine d'Aragon épouse Arthur, prince de Galles",1501-01-01,1501-01-01,year,LIKELY_CORRECT,probable_mais_a_confirmer,0.8,false,Confirmer la date de 1501.,https://fr.wikipedia.org/wiki/Catherine_d%27Aragon,,Q162819
a4d12fc9-cd9d-4be1-9e0a-a175b94926e0,Publication de La Jungle,1906-01-01,1906-01-01,year,CONFIRMED,confirme,0.9,false,Confirmer la date de publication du roman 'La Jungle' comme étant 1906.,,wikipedia_en_article,Q260205
45d3f124-a31d-4541-9f7a-abeaa43286d8,Naissance de Léonard de Vinci,1452-04-15,1452-01-01,year,CONFIRMED,confirme,1,false,Confirmer la date de naissance de Léonard de Vinci comme étant 1452.,wikipedia_fr_article,wikipedia_en_article,Q3280239
70df1960-f652-47eb-8a79-bf4ea4b12cd9,Fin du Califat de Cordoue,1031-01-01,1031-01-01,year,CONFIRMED,confirme,0.9,false,Confirmer la date de 1031 comme fin du Califat de Cordoue.,Califat de Cordoue,,Q171740
f1431189-9093-4dfb-9ebb-38bde9815104,Dred Scott v. Sandford (États-Unis),1857-01-01,1857-01-01,year,CONFIRMED,confirme,1,false,No change needed.,https://fr.wikipedia.org/wiki/Scott_v._Sandford,,Q690462
2ce3ab9e-ddef-469b-ae76-147f1c084021,Publication de l'Encyclopédie de Diderot et d'Alembert,1751-01-01,1751-01-01,year,CONFIRMED,confirme,0.9,false,Confirm the date as 1751.,"https://fr.wikipedia.org/wiki/Encyclop%C3%A9die_ou_Dictionnaire_raisonn%C3%A9_des_sciences,_des_arts_et_des_m%C3%A9tiers",https://en.wikipedia.org/wiki/Encyclop%C3%A9die,Q447
7608e7eb-4d30-4ba3-9de0-b11b8862dab6,Instauration par Charlemagne de l'assemblée des plaids généraux,0780-01-01,,,INSUFFICIENT_EVIDENCE,annee_exacte_introuvable,0,true,More specific sources are needed to confirm the year of the event.,Charlemagne,,Q3044
812fffbb-1e72-4b21-a95b-14e0069afa14,Épidémie de SRAS,2003-01-01,2003-01-01,year,LIKELY_CORRECT,probable_mais_a_confirmer,0.7,false,"Confirmer l'année 2003 comme l'année principale de l'épidémie, tout en reconnaissant qu'elle s'est étendue sur plusieurs années.",Épidémie de SRAS de 2002-2004,,Q834456
d76e99e9-8d7d-4700-98b7-7c891dccc7b3,Séisme d'Alep,1138-01-01,1138-01-01,year,CONFIRMED,confirme,1,false,Confirmer la date de 1138.,Séisme de 1138 à Alep,,Q733739
074ace53-816c-48c0-8b0a-cf7ebdc38a58,Début de la conquête musulmane de l'Afrique du Nord,0647-01-01,0647-01-01,year,CONFIRMED,confirme,1,false,Confirmer la date de 647 comme début de la conquête musulmane de l'Afrique du Nord.,Conquête musulmane du Maghreb,,Q925960
a89089c0-5567-430a-8f87-13f3759a643a,Déposition de l’empereur byzantin Justinien II,0695-01-01,0695-01-01,year,CONFIRMED,confirme,0.9,false,No change needed.,https://fr.wikipedia.org/wiki/Justinien_II,,Q42021
24b6fb3b-b7b4-4607-a230-cf46b47d6120,Début de la construction de Notre-Dame de Paris,1163-04-21,1163-01-01,year,LIKELY_CORRECT,probable_mais_a_confirmer,0.8,false,Confirmer la date de début de la construction de Notre-Dame de Paris comme étant 1163.,,https://en.wikipedia.org/wiki/Notre-Dame_de_Paris,Q2981
93c54eb8-9613-4912-aaff-7db54cce3ec1,Création de la Manufacture de Vincennes,1740-11-17,1740-01-01,year,CONFIRMED,confirme,0.9,false,Confirmer la date de création de la Manufacture de Vincennes comme étant 1740.,wikipedia_fr_article,wikipedia_en_article,Q3287039
a54ab912-40e1-4f02-abbc-a7281c14ef78,Ouverture de l'hôpital Al-Adudi à Bagdad,0982-01-01,0982-01-01,year,LIKELY_CORRECT,preuve_externe_faible,0.5,false,Rechercher des sources externes confirmant l'ouverture de l'hôpital Al-Adudi à Bagdad en 982.,,,
d089dc51-71be-4268-bd3f-c57d59add319,Statut de Westminster,1931-01-01,1931-01-01,year,CONFIRMED,confirme,0.9,false,Confirmer la date de 1931.,https://fr.wikipedia.org/wiki/Statut_de_Westminster_de_1931,,Q719883
af061fbf-abc7-462e-9513-079556cf4172,Inauguration du Musée d'Art Moderne de Lille Métropole,1974-01-01,,,DISPUTED_DATE,date_disputee,0.2,true,Verify the correct inauguration date by consulting additional sources to resolve the conflicting information.,wikipedia_fr_article,,Q1607765
aa0e58ef-2169-493b-ba0f-8b9241abab0c,Abjuration d'Henri IV,1593-07-25,1593-01-01,year,CONFIRMED,confirme,1,false,Confirmer la date de 1593.,https://fr.wikipedia.org/wiki/Abjuration_d%27Henri_IV,,Q83851309
4496bfe6-f607-4e3a-a494-96feb27335bd,Publication de Guerre et Paix de Tolstoï,1869-01-01,1869-01-01,year,CONFIRMED,confirme,1,false,No change needed.,https://fr.wikipedia.org/wiki/Guerre_et_Paix,,Q161531
e9d5a964-f608-492a-8def-ec6acc5829dc,Zhang Heng invente le sismographe Houfeng Didong Yi,0132-01-01,0132-01-01,year,CONFIRMED,confirme,0.9,false,None,https://fr.wikipedia.org/wiki/Zhang_Heng,,Q197206
1e18ea1e-9798-4d7b-9c26-d8af15d1813f,Mariage de Mélisende avec Foulques V d'Anjou,1129-01-01,1129-01-01,year,CONFIRMED,confirme,0.9,false,Aucune modification nécessaire.,https://fr.wikipedia.org/wiki/Foulques_V_d%27Anjou,,Q312904
731ac9a5-da73-4cd1-a412-b539b8145e5e,Première du Boléro de Maurice Ravel,1928-11-22,1928-01-01,year,CONFIRMED,confirme,0.9,false,No change needed.,,,Q1178
ff5996e9-c0ac-45f0-b026-3aea64a40d08,Bataille de Khalkhin Gol entre Soviétiques et Japonais,1939-01-01,1939-01-01,year,CONFIRMED,confirme,0.9,false,Confirmer la date de 1939.,Bataille de Khalkhin Gol,,Q188925
a6bb9584-9ddb-48b2-a097-f202ce9bfdd0,1940 French Train Derailment during Mobilization,1940-01-01,1940-01-01,year,LIKELY_CORRECT,probable_mais_a_confirmer,0.8,false,Confirmer la date de 1940.,,,Q2874539
04716715-42a6-4c25-aa8c-a0bc59442747,Première édition française du Petit Prince,1946-01-01,,,INSUFFICIENT_EVIDENCE,annee_exacte_introuvable,0,true,Seek additional sources that specifically mention the first French edition of 'Le Petit Prince' to confirm the year.,https://fr.wikipedia.org/wiki/Le_Petit_Prince,,Q25338
83b59abc-4284-45fd-aa00-31f9bee526e6,Couronnement de Charlemagne empereur d’Occident,0800-01-01,0800-01-01,year,CONFIRMED,confirme,0.9,false,No change needed.,Charlemagne,,Q3044
f9752bce-87f9-4796-9f56-dc7c9ae73a21,Création du Commissariat à l’énergie atomique,1945-01-01,1945-01-01,year,CONFIRMED,confirme,1,false,No change needed.,Commissariat à l'énergie atomique et aux énergies alternatives,,Q868550
5e4e566f-ac95-4b0e-b1ef-82317b694819,"Ouverture du Teatro San Cassiano, premier opéra public",1637-02-24,1637-01-01,year,LIKELY_CORRECT,preuve_externe_faible,0,false,Rechercher des sources externes confirmant l'année exacte de l'ouverture du Teatro San Cassiano.,,,Q785522
19228dac-b855-4d7d-b246-0a172b72591c,Traité commercial de Thorn entre la Pologne et la Hanse,1466-01-01,1466-01-01,year,LIKELY_CORRECT,probable_mais_a_confirmer,0,false,Rechercher des sources externes confirmant l'année exacte du traité commercial de Thorn.,,,Q42908
119450a1-c7da-431a-a647-b60251bf8b0c,Mariage de Marie-Thérèse d'Autriche et François de Lorraine,1736-01-01,,,INSUFFICIENT_EVIDENCE,annee_exacte_introuvable,0,true,Ajouter une source fiable mentionnant l'année du mariage.,,,Q47365
e1645ae2-d7b2-48cd-84ac-8337834918a5,Affaire Dreyfus : réhabilitation d'Alfred Dreyfus,1906-07-12,1906-01-01,year,CONFIRMED,confirme,0.9,false,None,wikipedia_fr_article,,Q173457
fa1e9397-250e-43fb-8d92-6f6062ac1747,Fin de la croisade contre les Albigeois,1229-01-01,1229-01-01,year,CONFIRMED,confirme,0.9,false,Confirmer la date de fin de la croisade contre les Albigeois comme étant 1229.,Croisade des albigeois,,Q51657
08e14d95-a78a-4b80-be6e-3fbdabc4c902,Invention de la radio par Guglielmo Marconi,1895-01-01,1895-01-01,year,LIKELY_CORRECT,probable_mais_a_confirmer,0.7,false,Vérifier si d'autres sources confirment l'année exacte de l'invention de la radio par Marconi.,https://fr.wikipedia.org/wiki/Guglielmo_Marconi,,Q36488
3fcf8418-e1e9-49f0-bee1-8259a08d68d1,Défaite de Diên Biên Phu,1954-05-07,1954-01-01,year,CONFIRMED,confirme,1,false,Confirmer la date de 1954.,https://fr.wikipedia.org/wiki/Bataille_de_Di%C3%AAn_Bi%C3%AAn_Phu,,Q604897
e9ebcb9c-2622-4be0-9dae-b386fbc8a51b,Vote de la loi instituant la Couverture Maladie Universelle,1999-01-01,1999-01-01,year,LIKELY_CORRECT,probable_mais_a_confirmer,0.8,false,Confirm the event date as 1999.,,,Q2868312
cb9c8714-fc50-4376-a804-fde08bf2d7ce,Abdication de Christine de Suède,1654-06-07,1654-01-01,year,CONFIRMED,confirme,0.9,false,Aucune modification nécessaire.,https://fr.wikipedia.org/wiki/Christine_de_Su%C3%A8de,,Q52937
af3ae39f-f4e7-406a-b85b-cf1c321e9cd9,Décision d'ouverture du projet du musée du quai Branly,1999-01-01,,,INSUFFICIENT_EVIDENCE,retrieval_insuffisant,0,true,Fournir des sources externes pour valider l'année de la décision.,,,
40687364-ad16-4553-b4fd-a247d209af5d,Mort de Hugues le Grand,0956-01-01,0956-01-01,year,CONFIRMED,confirme,0.9,false,Aucune.,wikipedia_fr_article,,Q1305568
6e68e708-0020-4af7-92bf-a185a69af1d4,Loi française autorisant les femmes à ouvrir un compte,1907-01-01,1907-01-01,year,CONFIRMED,confirme,1,false,Confirmer la date de l'événement.,,,Q3030239
500cf331-d37f-440f-8f92-16d34032b087,La 'Danse de la Peste' à Strasbourg,1518-01-01,1518-01-01,year,LIKELY_CORRECT,preuve_externe_faible,0.8,false,Vérifier si d'autres sources confirment spécifiquement la 'Danse de la Peste' à Strasbourg en 1518.,,,Q473450
305fd0f4-94b0-474a-9906-0fa3b81b3236,Sacre de Stéphane Ier comme roi de Hongrie,1001-01-01,1001-01-01,year,LIKELY_CORRECT,probable_mais_a_confirmer,0.7,false,Verify the exact date of coronation using additional sources.,,,Q28
c22c370a-38dc-4b33-8985-9aea1ee9b02f,Antonin le Pieux Devient Empereur,0138-07-10,0138-01-01,year,CONFIRMED,confirme,0.9,false,No change needed.,https://fr.wikipedia.org/wiki/Antonin_le_Pieux,,Q1429
aa645b44-af90-430d-a9f4-f41808f42600,Pèlerinage de Mansa Musa à La Mecque,1324-01-01,1324-01-01,year,CONFIRMED,confirme,0.9,false,No change needed.,wikipedia_fr_article,wikipedia_en_article,Q309333
c51e1d76-3978-4be0-b819-291e04751e99,Premier vol motorisé des frères Wright,1903-12-17,1903-01-01,year,LIKELY_CORRECT,preuve_externe_faible,0.8,false,No change needed.,Orville et Wilbur Wright,,Q35820
e3e1bd43-90d7-4071-87ce-2128339e8461,Toyotomi Hideyoshi unifie le Japon,1590-01-01,1590-01-01,year,LIKELY_CORRECT,probable_mais_a_confirmer,0.8,false,No change needed.,,,Q313641
7d5d74cd-c59f-4d3e-881a-06ecba73ea7c,Fuite à Varennes,1791-01-01,1791-01-01,year,CONFIRMED,confirme,0.9,false,Confirmer la date de 1791.,wikipedia_fr_article,wikipedia_en_article,Q1192894
9fd23c25-1c10-485a-a0a4-703ec3e9bbae,Introduction du dinar d'or par les Abbassides,0771-01-01,0771-01-01,year,LIKELY_CORRECT,preuve_externe_faible,0.5,false,Ajouter des sources externes pour valider l'année 771.,,,
e7b1d255-86f1-4b69-842c-92dbe13e3668,Titien peint L'Assomption de la Vierge,1523-01-01,1517-01-01,year,POTENTIAL_DATE_ERROR,divergence_date,0.7,false,Vérifier si d'autres sources confirment l'année exacte de début de la peinture.,L'Assomption de la Vierge (Titien),,Q1899740
c423003d-3d17-4b0e-a075-25958ce529fc,Début des travaux de la cathédrale gothique Notre-Dame de Chartres,1195-01-01,1195-01-01,year,LIKELY_CORRECT,probable_mais_a_confirmer,0.8,false,No change needed.,https://fr.wikipedia.org/wiki/Cath%C3%A9drale_Notre-Dame_de_Chartres,,Q180274
4965e1d8-816f-4d37-a11c-760c6256d2b4,Occupation de la Ruhr par la France et la Belgique,1923-01-01,1923-01-01,year,CONFIRMED,confirme,0.9,false,Confirmer la date de 1923.,https://fr.wikipedia.org/wiki/Occupation_de_la_Ruhr,,Q40625
3a6ae6a5-7184-42c0-bd9f-73d85df47b4e,Révolte de Bardas Sklèros,0976-01-01,0976-01-01,year,CONFIRMED,confirme,0.9,false,Confirmer la date de 976 pour le début de la révolte de Bardas Sklèros.,Bardas Sklèros,,Q744590
d3d24f34-929f-47a6-9016-8839e5b473cd,Première unification de la Pologne sous le règne de Mieszko Ier,0960-01-01,,,INSUFFICIENT_EVIDENCE,absence_de_singularite,0,true,"Reject. The event describes a process, not a single-year event. More specific information is needed to identify a precise year.",,,
5e6f7ad1-b6f6-4137-94db-348e97dca482,Première compétition d'aviron,1829-01-01,,,INSUFFICIENT_EVIDENCE,retrieval_insuffisant,0,true,Fournir des sources externes pour valider l'année de la première compétition d'aviron.,,,
86f96337-0918-4412-9898-78b21628f311,Création du Conseil National des Femmes Françaises,1901-01-01,1901-01-01,year,CONFIRMED,confirme,0.9,false,No change needed.,wikipedia_fr_article,,Q16543497
4513af9f-518f-4ea5-8872-0d9afd7ade07,Suppression de l'ordre des Jésuites en France,1764-01-01,,,INSUFFICIENT_EVIDENCE,annee_exacte_introuvable,0,true,Further research is needed to confirm the exact year of the suppression of the Jesuit order in France.,https://fr.wikipedia.org/wiki/Expulsion_des_J%C3%A9suites,,Q13548138
34afc209-06e4-4225-a8d1-09913ba0f571,Traités de Westphalie,1648-10-24,1648-01-01,year,CONFIRMED,confirme,0.9,false,No change needed.,https://fr.wikipedia.org/wiki/Trait%C3%A9s_de_Westphalie,,Q150995
44185ec2-f2d2-4c88-b211-cd94cfa92ac5,Inauguration de la Porte Dorée (Palais de la Porte Dorée),1931-01-01,1931-01-01,year,CONFIRMED,confirme,1,false,No change needed.,Palais de la Porte-Dorée,,Q1141316
140c8d2c-331d-4527-8c6a-d3a11ea20c48,Création du premier parc national d'Abisko en Suède,1950-05-11,1909-01-01,year,POTENTIAL_DATE_ERROR,divergence_date,1,false,No change needed.,wikipedia_fr_article,,Q953092
74c9a4fb-e573-48f5-91ab-e8963e479087,Règne de Raoul I er,0923-01-01,,,INSUFFICIENT_EVIDENCE,absence_de_singularite,0,true,Rejeter car il s'agit d'une période et non d'une année précise.,,,
5bb47f08-d84b-439c-974d-a475f43c9581,Mercator projette sa carte du monde,1569-01-01,1569-01-01,year,CONFIRMED,confirme,1,false,Aucune.,Projection de Mercator,,Q309372
a34d21c1-768d-4310-ae0d-43538730a513,Loi d'amnistie de 1981,1981-01-01,1981-01-01,year,CONFIRMED,confirme,1,false,Aucune modification nécessaire.,Loi du 4 août 1981 portant amnistie,,Q125575726
39c20c48-9646-4835-92ea-65d352234f6e,Nationalisation de cinq grands groupes industriels,1982-01-01,,,INSUFFICIENT_EVIDENCE,annee_exacte_introuvable,0,true,Rechercher des sources externes fiables confirmant l'année de la nationalisation des cinq grands groupes industriels.,,,Q2704729
91f6f253-78e7-4df5-a3b6-79beebd19570,Première Guerre balkanique,1912-01-01,1912-01-01,year,CONFIRMED,confirme,0.9,false,Confirmer la date de 1912 comme année de début de la Première Guerre balkanique.,https://fr.wikipedia.org/wiki/Premi%C3%A8re_guerre_balkanique,,Q177918
3f9979c6-4675-431f-863f-84d7e54f5bfd,Accords de Locarno,1925-01-01,1925-01-01,year,CONFIRMED,confirme,0.9,false,Confirmer la date de 1925.,wikipedia_fr_article,wikipedia_en_article,Q152925
281255be-400a-4611-9647-3420377ba829,Achèvement de la Divine Comédie de Dante Alighieri,1320-01-01,,,INSUFFICIENT_EVIDENCE,annee_exacte_introuvable,0,true,Rechercher des sources fiables qui mentionnent l'année d'achèvement de la Divine Comédie.,Dante Alighieri,,Q1067
084152cb-66fa-4aa6-89a7-8f810d790ad9,Affrontement entre le comte de Blois Thibaud le Tricheur et les Normands,0961-01-01,,,INSUFFICIENT_EVIDENCE,absence_de_singularite,0,true,"Reject due to the event describing a conflict, which is not a singular event.",,,Q2991084
6ecd31f5-8b67-41af-9c87-ed81878feb25,Invention de la machine à fabriquer le papier continu,1799-01-01,,,INSUFFICIENT_EVIDENCE,retrieval_insuffisant,0,true,Search for sources that specifically mention Louis-Nicolas Robert's invention and its date.,,,Q11472
a8c2dda9-c1c4-451d-b774-3b9e35870b7d,Necker est renvoyé par Louis XVI,1789-01-01,,,INSUFFICIENT_EVIDENCE,annee_exacte_introuvable,0,true,Rechercher des sources mentionnant explicitement l'année du renvoi de Necker par Louis XVI.,,,Q7732
357b7774-79af-4bfc-9b5c-3c2fdd281661,Prix Renaudot 1933 : Charles Braibant,1933-01-01,1933-01-01,year,CONFIRMED,confirme,0.9,false,None,wikipedia_fr_article,wikipedia_en_article,Q1063803
0b5606f9-ec34-4c4e-9ac9-41e4f8c33eb1,Création des Offices à Florence,1560-01-01,,,INSUFFICIENT_EVIDENCE,annee_exacte_introuvable,0,true,Provide a source that confirms the year of the creation of the Uffizi.,,,Q2044
f62f127c-2820-4360-8570-66aa0a3f4b5f,Création du premier génome synthétique,2010-01-01,,,INSUFFICIENT_EVIDENCE,retrieval_insuffisant,0,true,Ajouter des sources externes fiables confirmant l'année de la création du premier génome synthétique.,,,Q337897
b3ae87ca-839d-46e1-855a-63cf6bf2a1a2,Création de l'UNESCO,1945-11-16,,,INSUFFICIENT_EVIDENCE,annee_exacte_introuvable,0,true,Rechercher des sources externes fiables mentionnant explicitement l'année de création de l'UNESCO.,,,Q378422
cd8bec4e-6b92-4573-8dc6-09261c2365d7,Première bombe atomique française,1960-02-13,1960-01-01,year,LIKELY_CORRECT,preuve_externe_faible,0,false,Fournir des sources externes pour valider l'année de l'événement.,,,
407d00b7-f912-4131-b8e9-907b92ee62f1,"Fin de l’Empire Gupta en Inde approx., fin d’un âge d’or indien",0550-01-01,,,INSUFFICIENT_EVIDENCE,absence_de_singularite,0,true,"Rechercher des sources fiables qui confirment une année exacte pour la fin de l'Empire Gupta. Si aucune année exacte ne peut être déterminée, rejeter l'événement.",,,
9b993bdc-8900-41d8-bc82-82dfba5e1f8f,Première célébration officielle de la fête nationale française,1880-07-14,1880-01-01,year,CONFIRMED,confirme,1,false,No change needed.,https://fr.wikipedia.org/wiki/F%C3%AAte_nationale_fran%C3%A7aise,,Q326724
77bfdfec-a05d-4c96-85a9-0cb825687fb8,Complot des Poudres,1605-01-01,1605-01-01,year,CONFIRMED,confirme,0.9,false,No change needed.,https://fr.wikipedia.org/wiki/Complot_des_poudres,,Q2990563
4db795e5-e4f8-4c39-8fd7-4c300d81d5d6,Extension de la loi Veil en France,1980-01-01,1980-01-01,year,LIKELY_CORRECT,probable_mais_a_confirmer,0.8,false,None,wikipedia_fr_article,,Q298180
0d295326-cc48-4fde-a7d2-d7eed37ba04c,Vague d'attentats à Paris liés au terrorisme pro-iranien,1986-01-01,1986-01-01,year,CONFIRMED,confirme,0.9,false,None,Attentats de 1985-1986 en France,,Q65142683
c653bb94-bf43-4b27-92f6-b103fede39ae,Début de la Croisade des Albigeois,1209-01-01,1209-01-01,year,CONFIRMED,confirme,1,false,Confirmer la date de 1209 comme début de la Croisade des Albigeois.,Croisade des albigeois,,Q51657
12a86c3e-6df5-45f4-9956-0d693ffd2574,Conspiration de Pépin le Bossu contre son père Charlemagne,0792-09-01,0792-01-01,year,CONFIRMED,confirme,0.9,false,Confirmer la date de 792.,Pépin le Bossu,,Q302212
0b140a1d-5b09-42c3-94e1-07a93d329353,Prix Goncourt 1909 : Marius-Ary Leblond,1909-01-01,1909-01-01,year,CONFIRMED,confirme,1,false,Aucune modification nécessaire.,Marius-Ary Leblond,Marius-Ary Leblond,Q3293766
00e6a08e-ae85-475b-b32b-1b30746190d8,Proclamation du Premier Empire,1804-05-18,1804-01-01,year,CONFIRMED,confirme,0.9,false,Confirmer la date de 1804.,,,Q2006756
bed4a3ab-0edb-4c57-ba5c-f94cd304eea7,Épidémie de grippe espagnole,1918-01-01,1918-01-01,year,CONFIRMED,confirme,1,false,No change needed.,https://fr.wikipedia.org/wiki/Grippe_espagnole,,Q178275
e50ec8f1-4a40-490c-9c59-fa50857106a1,Découverte du trésor de Mildenhall,1942-01-01,1942-01-01,year,CONFIRMED,confirme,1,false,Aucune modification nécessaire.,Trésor de Mildenhall,,Q1787471
81f59240-be5b-4cc1-bfa6-3a2c13a67f55,Début de la prédication de Luther et des 95 thèses,1517-01-01,1517-01-01,year,DISPUTED_DATE,date_disputee,0.7,false,Vérifier la date de publication des 95 thèses avec des sources supplémentaires.,95 thèses,,Q157506
4dc8a768-1cec-4a7f-b2b2-1c1618c7e0b4,"Désillusion du XV de France, éliminé à domicile lors de sa Coupe du monde.",2023-01-01,2023-01-01,year,CONFIRMED,confirme,0.9,false,No change needed.,,,Q518116
9942cefd-96ac-4fd3-8562-59a46d17c854,Sédition Nika,0532-01-01,0532-01-01,year,CONFIRMED,confirme,1,false,No changes needed.,wikipedia_fr_article,wikipedia_en_article,Q162665
0c382234-4893-4e96-a570-7034631885ba,Signature du Traité d'Aix-la-Chapelle,1668-02-13,1668-01-01,year,CONFIRMED,confirme,0.9,false,No change needed.,https://fr.wikipedia.org/wiki/Trait%C3%A9_d%27Aix-la-Chapelle,,Q478398
9188ce95-cff2-43ff-aa73-c5cfa8655cb7,Saint Louis rentre en France,1254-01-01,,,INSUFFICIENT_EVIDENCE,annee_exacte_introuvable,0,true,Rechercher des sources fiables mentionnant spécifiquement l'année du retour de Saint Louis en France après sa croisade.,,,Q79868
74a219d5-5472-452d-bcab-83d3641eb37f,Le scandale de Panama,1889-01-01,,,INSUFFICIENT_EVIDENCE,annee_exacte_introuvable,0,true,"Reject the event due to insufficient evidence for a single, exact year.",wikipedia_fr_article,,Q766534
48aeff24-a50e-437f-a5ac-01985a6cbe1c,Mort de Cosme de Médicis,1464-01-01,1464-01-01,year,CONFIRMED,confirme,1,false,No change needed.,https://fr.wikipedia.org/wiki/Cosme_de_M%C3%A9dicis,,Q48544
6a3e94ba-84fb-45e8-8ad5-bde4d471eb41,Incident nucléaire de Three Mile Island,1979-03-28,1979-01-01,year,CONFIRMED,confirme,1,false,No change needed.,https://fr.wikipedia.org/wiki/Accident_nucl%C3%A9aire_de_Three_Mile_Island,,Q840847
83084dfe-f785-4256-8d2a-fd312527ea22,Création du premier parc national,1872-01-01,1872-01-01,year,LIKELY_CORRECT,probable_mais_a_confirmer,0,false,Ajouter des sources externes fiables confirmant la date de création du premier parc national.,,,Q3364499
335b3035-b959-4002-8b5c-75d7c312a9b6,Massacre de Glencoe,1692-01-01,1692-01-01,year,CONFIRMED,confirme,0.9,false,Aucune modification nécessaire.,wikipedia_fr_article,wikipedia_en_article,Q1254804
161e802d-005e-43d2-a0e4-e9512ae210f2,Mort de Stanislas Leszczynski,1766-01-01,1766-01-01,year,CONFIRMED,confirme,1,false,No change needed.,wikipedia_fr_article,,Q54022
4e7b0603-9c95-47d5-91e5-7b93e7e97807,Discours de Raymond Poincaré à la Chambre,1923-01-01,1923-01-01,year,LIKELY_CORRECT,probable_mais_a_confirmer,0.8,false,None,https://fr.wikipedia.org/wiki/Raymond_Poincar%C3%A9,,Q191974
8ed1af99-f299-42bf-8600-8ecaf88d669b,Peary au pôle Nord,1909-01-01,1909-01-01,year,DISPUTED_DATE,date_disputee,0.8,false,Verify the claim and its controversy with additional sources.,,,Q934
c31982fb-f630-4536-806f-5c4f6a233bf1,Création de l'Université de Paris,1150-01-01,1150-01-01,year,LIKELY_CORRECT,preuve_externe_faible,0.7,false,Confirm the date with additional sources.,,University of Paris,Q209842
db67968d-ac5d-4ab2-b195-61388b853971,Création des premières lunettes correctrices,1285-09-08,,,INSUFFICIENT_EVIDENCE,annee_exacte_introuvable,0,true,Rejeter car l'événement décrit un processus et non un événement ponctuel. Le titre manque de précision et aucune source n'est fournie.,,,
8420f211-8c18-4f2f-bdbf-43eaa4d116fd,Aristide Briand propose les « États-Unis d’Europe »,1929-01-01,1929-01-01,year,LIKELY_CORRECT,probable_mais_a_confirmer,0.6,false,Vérifier si d'autres sources confirment l'année exacte de la proposition.,,,Q205073
a13932f9-5dcb-419c-b2f8-8773083f485a,Proclamation de la Deuxième République,1848-02-24,1848-01-01,year,CONFIRMED,confirme,1,false,Aucune.,https://fr.wikipedia.org/wiki/Proclamation_de_la_R%C3%A9publique,,Q96333137
3cac3cd4-23c7-4ebe-b5f3-4369c2f01beb,"Glissement de terrain de Zhouqu, Chine",2010-01-01,2010-01-01,year,CONFIRMED,confirme,0.9,false,Confirmer la date de 2010 pour le glissement de terrain de Zhouqu.,Inondations de 2010 en Chine,,Q2741550
3dafcbff-2824-4b66-bb14-c562e2efa1fd,Exécution de Jeanne d'Arc,1431-05-30,1431-01-01,year,CONFIRMED,confirme,1,false,No change needed.,Jeanne d'Arc,,Q7226
d2e48f94-7bc6-4786-bc5e-c99f25f4e1ad,Saint Augustin commence à écrire 'La Cité de Dieu',0413-01-01,0413-01-01,year,LIKELY_CORRECT,preuve_externe_faible,0.5,false,Provide external sources to confirm the year.,,,
2a268c79-851f-43da-84cd-10a916f07f81,Séisme de Bam,2003-01-01,2003-01-01,year,CONFIRMED,confirme,1,false,Aucune.,https://fr.wikipedia.org/wiki/S%C3%A9isme_de_2003_%C3%A0_Bam,,Q1990627
7fa62b4f-ec96-4e1d-9083-a7edbefb7c22,Le développement des jonques chinoises se poursuit,0200-01-01,,,INSUFFICIENT_EVIDENCE,absence_de_singularite,0,true,Rejeter car il s'agit d'un développement technologique sur une période et non d'un événement ponctuel.,,,
ca9b6cc8-3653-4de4-afb4-483008338846,Naufrage du White Ship,1120-01-01,1120-01-01,year,LIKELY_CORRECT,probable_mais_a_confirmer,0,false,Ajouter une source externe fiable confirmant l'année 1120 pour le naufrage du White Ship.,,,Q2577588
b87b0f8a-fac6-4f74-94f5-d67df9256270,Prix Goncourt 1928 : Maurice Constantin-Weyer,1928-01-01,1928-01-01,year,CONFIRMED,confirme,1,false,No change needed.,wikipedia_fr_article,wikipedia_en_article,Q3300600
600b4a0e-3cc7-4cf3-833d-e89e5b867504,Premiers Jeux paralympiques à Rome,1960-01-01,1960-01-01,year,CONFIRMED,confirme,0.9,false,Confirmer la date de 1960 pour les premiers Jeux paralympiques à Rome.,Jeux paralympiques,,Q73633
811f9247-d6e3-4b95-8d0b-dd3f6f9bc096,Débarquement des Sarrasins en Provence et pillage de Marseille,0838-01-01,0838-01-01,year,LIKELY_CORRECT,preuve_externe_faible,0.8,false,Aucune recommandation nécessaire.,,,Q23482
e0bb9abd-00da-4eb0-9a25-3ce40bc7b8f3,Fondation de l'hôpital Santo Spirito,1198-01-01,1198-01-01,year,LIKELY_CORRECT,probable_mais_a_confirmer,0.8,false,Vérifier d'autres sources pour confirmer l'année exacte de la fondation.,Borgo Santo Spirito,,Q105773285
e593de8f-f294-4b15-9a9c-2b0383ee87ad,Giordano Bruno publie De l'infinito universo et mondi,1584-01-01,1584-01-01,year,LIKELY_CORRECT,probable_mais_a_confirmer,0.8,false,None,Giordano Bruno,,Q36330
0ea7ecc9-fab8-4853-b36f-5442a72415f3,Dissolution de l'ordre des Templiers,1312-01-01,1312-01-01,year,CONFIRMED,confirme,0.9,false,No change needed.,https://fr.wikipedia.org/wiki/D%C3%A9volution_des_biens_de_l%27ordre_du_Temple,,Q3045508
6235b91c-f3eb-40c3-8a8f-feacaaf61e83,Première de La Symphonie Alpestre de Richard Strauss,1915-10-28,1915-01-01,year,LIKELY_CORRECT,probable_mais_a_confirmer,0.8,false,Confirmation de la date de première.,,,Q13894
513e67a2-8454-4bba-b0c9-412c1250a3ac,Génocide arménien,1915-01-01,1915-01-01,year,LIKELY_CORRECT,probable_mais_a_confirmer,0.8,false,Confirmer la date de 1915.,wikipedia_fr_article,wikipedia_en_article,Q80034
91b94daa-e16d-4035-a162-94d8790682f9,Création du CNRS,1939-01-01,,,INSUFFICIENT_EVIDENCE,retrieval_insuffisant,0,true,Fournir des sources externes fiables pour confirmer l'année de création du CNRS.,,,
48f4b1ff-1fd2-4599-9e51-18032e2274ba,Alaric II publie le Bréviaire d'Alaric,0506-01-01,0506-01-01,year,CONFIRMED,confirme,0.9,false,None,https://fr.wikipedia.org/wiki/Alaric_II,,Q110884
de302b91-ad70-41f3-98dd-08e67d04cc86,Piccard dans la stratosphère,1931-01-01,1931-01-01,year,LIKELY_CORRECT,probable_mais_a_confirmer,0.8,false,Confirmer que l'ascension d'Auguste Piccard dans la stratosphère a bien eu lieu en 1931.,,wikipedia_en_article,Q116553
2db55816-470c-414b-9b13-3fb74c510718,Réforme électorale au Royaume-Uni,1832-01-01,1832-01-01,year,LIKELY_CORRECT,preuve_externe_faible,0.5,false,Ajouter des sources externes pour confirmer l'année 1832.,,,
0a4cea51-342c-43b3-862c-635f51ec8d1f,Fin du monnayage individuel. Aix-la-Chapelle devient la résidence royale principale.,0790-01-01,0790-01-01,year,LIKELY_CORRECT,preuve_externe_faible,0.5,false,Fournir des sources externes pour confirmer l'année 790.,,,
2f6d4d29-2f6a-42af-8fdd-ab679816aad6,Loi sur l'exclusion des catholiques du trône (Angleterre),1701-01-01,1701-01-01,year,CONFIRMED,confirme,1,false,No changes needed.,Ordre de succession au trône britannique,,Q3832870
14246cb0-3f6e-4e2a-a054-7d88a9b5929f,Siège de Montevideo par les forces de José Artigas,1811-01-01,1811-01-01,year,LIKELY_CORRECT,probable_mais_a_confirmer,0,false,Rechercher des sources mentionnant explicitement l'année du siège de Montevideo par les forces de José Artigas.,,,Q252847
74cab55a-0fe8-44ae-ae21-0f3808675002,Lois Jim Crow (États-Unis),1877-01-01,1870-01-01,year,POTENTIAL_DATE_ERROR,divergence_date,0.7,true,Rejeter car il s'agit d'une période et non d'un événement ponctuel. Vérifier la date de début.,https://fr.wikipedia.org/wiki/Lois_Jim_Crow,,Q865365
38706966-5a73-424e-a7b5-f0f764c3c6c7,Début de la guerre de la Ligue de Cognac,1528-01-01,,,INSUFFICIENT_EVIDENCE,absence_de_singularite,0,true,"Reject. The event describes the start of a war, which is a time span, not a single-year event.",Guerre de la Ligue,,Q116862326
c6ec558e-1044-4930-9cbc-de0f720f686a,Marcel Proust publie Du côté de chez Swann,1913-01-01,1913-01-01,year,CONFIRMED,confirme,0.9,false,Aucune modification nécessaire.,,,Q7199
f993e2d9-abcf-44bd-bfa8-f83c5e7982b9,Création de la First Bank of the United States,1791-01-01,,,INSUFFICIENT_EVIDENCE,annee_exacte_introuvable,0,true,Rechercher des sources externes fiables qui confirment l'année de création de la First Bank of the United States.,,,Q2263849
11eac865-e0f0-4921-ace9-b3075ef819f6,"Fondation de Saint Augustine, Floride",1565-01-01,1565-01-01,year,CONFIRMED,confirme,0.9,false,No change needed.,wikipedia_fr_article,wikipedia_en_article,Q487988
9648d2b7-a1e9-4aaa-9c48-a9e344b3244c,Lancement du TGV Sud-Est,1981-01-01,,,INSUFFICIENT_EVIDENCE,retrieval_insuffisant,0,true,Fournir des sources externes pour valider l'année du lancement.,,,
151a8656-e085-4370-8cdb-32ff83661035,Introduction du pousse-pousse (Japon),1869-01-01,,,INSUFFICIENT_EVIDENCE,annee_exacte_introuvable,0,true,Rechercher des sources spécifiques sur l'histoire des transports au Japon ou sur l'invention et l'introduction du pousse-pousse au Japon.,,,Q130436
78e7b57d-a812-44c6-ba5b-8e2333856aae,Découverte du trésor de Guarrazar,1858-01-01,1858-01-01,year,CONFIRMED,confirme,0.9,false,Aucune recommandation nécessaire.,Trésor de Guarrazar,,Q1552900
8ba79ab2-c3ea-4eb0-aebf-11f74bf17ae2,Construction du mur d’Aurélien,0271-01-01,0271-01-01,year,CONFIRMED,confirme,1,false,No changes needed.,Mur d'Aurélien,,Q625149
241958cc-fda3-4487-ba58-4bb4524bba29,Abolition de l'esclavage en France,1794-01-01,1794-01-01,year,CONFIRMED,confirme,0.9,false,No change needed.,wikipedia_fr_article,,Q2966922
fd283116-0e03-4034-9359-a20e3e3d6181,Fondation de l'Ordre de la Jarretière,1348-01-01,1348-01-01,year,CONFIRMED,confirme,1,false,No change needed.,Ordre de la Jarretière,,Q215248
d2f3aa4e-c3b0-4d84-9e21-2b1f83ddc157,Traité de Paris (indépendance américaine),1783-10-01,1783-01-01,year,CONFIRMED,confirme,1,false,No change needed.,https://fr.wikipedia.org/wiki/Trait%C3%A9_de_Paris_(1783),,Q217450
6e2c5fa8-2e02-46c7-9f29-f6cd987a853f,Occupation de la zone libre par les Allemands,1942-11-11,1942-01-01,year,CONFIRMED,confirme,1,false,Confirmer la date de 1942.,Zone libre,,Q3575913
e01f57ab-8c76-43b8-8fdb-7f3d29361cb6,Loi française instaurant la parité hommes-femmes sur les listes électorales,2000-01-01,,,INSUFFICIENT_EVIDENCE,annee_exacte_introuvable,0,true,"Rechercher des sources externes fiables (journaux officiels, archives parlementaires, etc.) qui mentionnent explicitement l'année d'adoption de la loi sur la parité.",,,Q2967271
af0fa76e-8a21-4fbc-a1b6-0926c064e343,Séquençage complet du génome humain,2003-01-01,,,INSUFFICIENT_EVIDENCE,annee_exacte_introuvable,0,true,Find a source that explicitly states the year the human genome was completely sequenced.,Génome humain,,Q720988
39ec97ed-f33f-44c4-8682-cf3494379600,Triomphe gaulliste au scrutin de dissolution,1968-01-01,1968-01-01,year,LIKELY_CORRECT,preuve_externe_faible,0.8,false,Rechercher des sources externes pour confirmer l'année.,,,
0541208c-b253-4e63-bc30-d3c43a9f6881,Création du synchrotron européen ESRF,1994-01-01,1994-01-01,year,CONFIRMED,confirme,1,false,No changes needed.,European Synchrotron Radiation Facility,,Q901751
ba1ffae3-399e-4d84-b529-dae2f2d732e9,Entrée solennelle d'Henri II à Paris,1549-01-01,1549-01-01,year,LIKELY_CORRECT,probable_mais_a_confirmer,0.8,false,No changes needed.,,,Q132545
3a8dda6e-c09a-4353-bdfb-f2f1499f1f7b,Découverte de l'exoplanète Proxima Centauri b,2016-01-01,2016-01-01,year,CONFIRMED,confirme,0.9,false,Aucune.,https://fr.wikipedia.org/wiki/Proxima_Centauri_b,,Q26692445
4e5e21ca-4516-43a1-b025-8827f6e07c68,Début du siège de La Rochelle,1627-09-10,1627-01-01,year,CONFIRMED,confirme,0.9,false,Confirmer la date de début du siège de La Rochelle comme étant 1627.,https://fr.wikipedia.org/wiki/Si%C3%A8ge_de_La_Rochelle,https://en.wikipedia.org/wiki/Siege_of_La_Rochelle,Q815170
365b384b-2085-40d1-b4c2-5786173c8711,"Catastrophe de Los Alfaques – Espagne, victimes françaises",1978-01-01,1978-01-01,year,LIKELY_CORRECT,preuve_externe_faible,0.5,false,Fournir des sources externes pour confirmer l'année de la catastrophe.,,,
5f98a72c-b4f5-4264-95b2-ae32c2b4deb8,Brevet du pneu pneumatique (Dunlop),1888-01-01,1889-01-01,year,POTENTIAL_DATE_ERROR,divergence_date,0.7,false,Confirmer que 1889 est l'année du brevet.,Dunlop,,Q5315444
fc15e0ff-029f-4985-b4b2-a4c7daac674f,Serments de Strasbourg promulgués contre Lothaire I er,0842-01-01,0842-01-01,year,LIKELY_CORRECT,preuve_externe_faible,0,false,Ajouter des sources externes fiables confirmant l'année 842 pour les Serments de Strasbourg.,,,
a1fe0bfc-31cb-4773-82aa-6767f40faddc,"Mariage d'Aliénor d'Aquitaine et Henri Plantagenêt, futur roi d'Angleterre",1152-01-01,1152-01-01,year,CONFIRMED,confirme,0.9,false,No change needed.,https://fr.wikipedia.org/wiki/Ali%C3%A9nor_d%27Aquitaine,,Q178525
8d559096-2ef2-4f4d-9356-e6c9a83e2925,Léonard de Vinci meurt à Amboise,1519-01-01,1519-01-01,year,CONFIRMED,confirme,1,false,No change needed.,Léonard de Vinci,,Q762
ae87f1b7-a548-497c-a839-705736c37a2b,La lobotomie,1935-01-01,,,INSUFFICIENT_EVIDENCE,absence_de_singularite,0,true,Rejeter car l'événement décrit une période et non une année unique.,Lobotomie,,Q207684
4831c07f-7937-4e25-8ea7-3d66acc4b113,Le procès Barbie,1987-01-01,1987-01-01,year,CONFIRMED,confirme,1,false,Aucune modification nécessaire.,Procès de Klaus Barbie,,Q48472150
91b7c500-032c-4f60-928b-dd860e0cc3f5,Début de la construction de l'abbaye,1017-01-01,,,INSUFFICIENT_EVIDENCE,annee_exacte_introuvable,0,true,Ajouter des sources externes fiables confirmant le début de la construction de l'abbaye du Mont-Saint-Michel en 1017.,,,Q69520
f3b7ff7f-739c-4feb-8595-55a53a58c9c0,Début de la bataille d’Alger,1957-01-01,1957-01-01,year,CONFIRMED,confirme,0.9,false,No changes needed.,Bataille d'Alger,,Q1761043
15b7be42-2630-4985-9159-7cddaffe8bbf,Théodoric II devient roi des Wisigoths,0453-01-01,,,INSUFFICIENT_EVIDENCE,retrieval_insuffisant,0,true,Ajouter des sources externes fiables pour confirmer l'année de l'événement.,,,
9497a97a-1b32-4ef1-8baa-95d27d9a81be,Ordonnance de Charles VI sur la peste,1400-01-01,,,INSUFFICIENT_EVIDENCE,annee_exacte_introuvable,0,true,Search for sources that explicitly mention the year of the ordinance issued by Charles VI regarding the plague.,,,Q133372
6762e56e-e1a5-4982-9245-b9b79ae18628,Éruption du mont Unzen et tsunami de Kansei,1792-01-01,1792-01-01,year,LIKELY_CORRECT,preuve_externe_faible,0.5,false,Ajouter des sources externes fiables pour confirmer l'année de l'éruption du mont Unzen et du tsunami de Kansei.,,,
9cf77033-eab3-486c-ad9a-7d65b8e3a778,Siège de Margus par les Huns,0441-01-01,0441-01-01,year,LIKELY_CORRECT,preuve_externe_faible,0.5,false,Ajouter des sources externes fiables pour confirmer l'année du siège de Margus.,,,
a9dfb9fb-2347-4c80-b924-4b37c1897b1a,Naufrage du Torrey Canyon,1967-01-01,1967-01-01,year,CONFIRMED,confirme,1,false,Aucune modification nécessaire.,Torrey Canyon,,Q1755956
3054befd-0bdf-4ec9-9571-338534cdffd8,Ouverture du World Trade Center à New York,1973-01-01,1973-01-01,year,CONFIRMED,confirme,0.9,false,Confirmer la date de 1973 comme année d'ouverture du World Trade Center.,World Trade Center,,Q11235
d65a86ca-08c6-4ae8-9f4b-4bdcb0d576e1,Création de l'Inquisition à Séville,1478-01-01,,,INSUFFICIENT_EVIDENCE,annee_exacte_introuvable,0,true,Rechercher des sources supplémentaires pour confirmer l'année exacte de la création de l'Inquisition à Séville.,https://fr.wikipedia.org/wiki/Inquisition,https://en.wikipedia.org/wiki/Spanish_Inquisition,Q184725
314c681d-fbdd-4f5b-8e60-e734d7b3f2ae,Lancement du « Tropicale »,1982-01-01,,,INSUFFICIENT_EVIDENCE,retrieval_insuffisant,0,true,Fournir des sources externes pour valider l'année de lancement.,,,
2bd8c36e-7316-40fc-9ddf-a55b6c9e0204,Bataille de Beyrouth-Ouest,1982-01-01,,,INSUFFICIENT_EVIDENCE,annee_exacte_introuvable,0,true,Provide sources that confirm the year 1982 for the 'Bataille de Beyrouth-Ouest'.,,,Q4090324
4821559c-dba9-45af-9e96-a7d25195ff4c,Publication de 'Species Plantarum',1753-01-01,1753-01-01,year,CONFIRMED,confirme,1,false,Aucune.,Species plantarum,,Q849308
c57da1b7-9e07-4b0b-8dfe-4596cc8404a1,Traité de Saint-Germain-en-Laye (Autriche),1919-01-01,1919-01-01,year,CONFIRMED,confirme,1,false,Confirmer la date de 1919.,https://fr.wikipedia.org/wiki/Trait%C3%A9_de_Saint-Germain-en-Laye_(1919),,Q192924
f6709430-5171-4301-8407-6a4c76c0c08d,Disparition du premier Premier ministre de la Ve République,1988-01-01,1988-01-01,year,CONFIRMED,confirme,0.9,false,Confirmer la date de 1988.,,,Q191954
5bd38091-23aa-465a-9768-cf1de7c5af82,Massacre d'Oradour-sur-Glane,1944-06-10,1944-01-01,year,CONFIRMED,confirme,0.9,false,No change needed.,wikipedia_fr_article,,Q836897
5e01e2d6-6ce8-4d6f-83e4-5ef9f3aba56e,Louis XI crée les postes royales,1464-01-01,1464-01-01,year,LIKELY_CORRECT,probable_mais_a_confirmer,0.7,false,Vérifier si d'autres sources confirment spécifiquement l'année 1464 pour la création des postes royales.,Louis XI,,Q8058
d5a0c387-c213-4c92-b766-ec13476d3543,Bataille de la Kalka,1223-05-31,1223-01-01,year,CONFIRMED,confirme,1,false,Confirmer la date de 1223.,wikipedia_fr_article,,Q570204
7c9da6ce-3cb2-4657-a584-25255a57e003,Début de la construction du château d'Ancy-le-Franc,1546-01-01,1546-01-01,year,CONFIRMED,confirme,0.9,false,Confirmer la date de 1546 pour le début de la construction.,Château d'Ancy-le-Franc,,Q579961
42411945-7f43-43cd-9f84-af50a43185ab,Découverte du trésor de Hoxne,1992-01-01,1992-01-01,year,CONFIRMED,confirme,1,false,Aucune modification nécessaire.,Trésor de Hoxne,,Q2629914
b3c4ad0a-6776-408c-9c1b-480a1f66a4e6,"William Kidd, pirate écossais, est pendu à Londres",1701-01-01,1701-01-01,year,CONFIRMED,confirme,1,false,No change needed.,William Kidd,,Q26558
da5f94c5-1934-461e-9d74-302bfb22e68d,Barents découvre le Spitzberg,1596-01-01,1596-01-01,year,LIKELY_CORRECT,preuve_externe_faible,0,false,Ajouter des sources externes fiables pour confirmer l'année de la découverte.,,,
3bf85ff4-d22f-4858-8fcc-2c8fd0208355,Constitution de l'OMS,1948-01-01,1948-01-01,year,LIKELY_CORRECT,preuve_externe_faible,0.5,false,Fournir des sources externes pour confirmer l'année de la constitution de l'OMS.,,,
7655d44a-c870-437a-9c01-4113ded4dd5b,Vassalisation du roi breton Judicaël,0638-01-01,0638-01-01,year,LIKELY_CORRECT,preuve_externe_faible,0.8,false,Vérifier avec des sources externes supplémentaires.,,,
d0b34004-d366-42c4-bd48-b40d5a0b63ce,Compilation du Domesday Book sous Guillaume le Conquérant,1086-01-01,1086-01-01,year,CONFIRMED,confirme,1,false,Confirmer la date de 1086.,Domesday Book,,Q19867
109adbcd-850c-4d85-a96e-1e84418fc75b,Éruption du Nevado del Ruiz,1985-01-01,1985-01-01,year,CONFIRMED,confirme,0.9,false,No change needed.,https://fr.wikipedia.org/wiki/%C3%89ruption_du_Nevado_del_Ruiz_en_1985,,Q2532815
0c303af3-9935-4750-8eb6-9860a8d71b10,Clotaire II unifie les royaumes francs (Neustrie...),0613-01-01,0613-01-01,year,LIKELY_CORRECT,probable_mais_a_confirmer,0.8,false,Confirmer la date de 613 pour l'unification des royaumes francs par Clotaire II.,,,Q146246
6e79467b-9364-4599-9711-5af88c71dc22,Traité de Troyes (Charles VI),1420-01-01,1420-01-01,year,CONFIRMED,confirme,1,false,Confirmer la date de 1420.,Traité de Troyes,,Q1134125
cc76250d-d6b6-49a7-a8e8-df6a23e5ea82,Arrestation d'Oscar Wilde,1895-01-01,1895-01-01,year,LIKELY_CORRECT,probable_mais_a_confirmer,0.8,false,Aucune modification nécessaire.,https://fr.wikipedia.org/wiki/Oscar_Wilde,https://en.wikipedia.org/wiki/Oscar_Wilde,Q30875
d22a939e-c4d4-4244-aca6-f7f14139e7e1,Martyre des Saints Serge et Bacchus,0303-01-01,0303-01-01,year,LIKELY_CORRECT,preuve_externe_faible,0.8,false,No changes needed.,Serge et Bacchus de Rasafa,,Q140013
017d0982-d4ee-43d9-a742-96a8107f62d8,Bataille de Malplaquet (Grande Alliance),1709-01-01,,,INSUFFICIENT_EVIDENCE,preuve_insuffisante,0,true,Rechercher des sources externes fiables confirmant l'année de la bataille de Malplaquet.,,,Q552225
ab8b09a6-b9c5-4385-8482-344970381ab5,Sacre de Pépin le Bref par le pape Étienne II à Saint-Denis,0754-01-01,0754-01-01,year,LIKELY_CORRECT,probable_mais_a_confirmer,0.7,false,No change needed.,Pépin le Bref,,Q81212
b3bd7960-ee9e-4412-97d5-60f78ed7cfdb,Début de la rédaction du Dit des Heike,1200-01-01,,,INSUFFICIENT_EVIDENCE,absence_de_singularite,0,true,Rejeter car l'événement décrit une période et non une année unique.,,,
c3c2fdee-1c5b-4125-8f80-7b3b3f780caf,"Règne de Charles le Gros, empereur d'Occident et fils de Louis le Germanique",0884-01-01,0884-01-01,year,LIKELY_CORRECT,probable_mais_a_confirmer,0.7,false,"Vérifier si 884 est l'année exacte du début de son règne en Francie occidentale, ou si 885 est plus précis.",https://fr.wikipedia.org/wiki/Charles_III_le_Gros,,Q150712
8ff987e5-1788-4dfa-82db-961de35b691e,"Naissance de Louis IX, futur Saint Louis, à Poissy",1214-01-01,1214-01-01,year,CONFIRMED,confirme,1,false,Aucune modification nécessaire.,Louis IX,,Q346
cb742133-ad16-4645-8d97-c268ca26a66c,Rembrandt dévoile La Ronde de nuit,1642-01-01,1642-01-01,year,CONFIRMED,confirme,1,false,No change needed.,https://fr.wikipedia.org/wiki/La_Ronde_de_nuit,,Q219831
b528476b-b611-469d-9e76-50c041ee5c83,Première de la Symphonie n°9 d'Anton Bruckner,1894-02-11,,,INSUFFICIENT_EVIDENCE,annee_exacte_introuvable,0,true,Search for sources that explicitly mention the premiere date of Anton Bruckner's Symphony No. 9.,,,Q81752
8ab611a7-037c-4036-bb3a-8a1ce91a8d2f,Construction de la Home Insurance Building à Chicago,1885-01-01,1885-01-01,year,CONFIRMED,confirme,1,false,CONFIRMED,wikipedia_fr_article,,Q944544
4b4cde6a-34d8-4b16-934a-c19d152f4451,Découverte du virus de la mosaïque du tabac,1892-01-01,1892-01-01,year,CONFIRMED,confirme,0.9,false,Aucune modification nécessaire.,wikipedia_fr_article,,Q332874
46ce2154-3d69-4c94-bfc5-50be4d62cf63,Début de la construction de la Tour de Londres,1078-01-01,1078-01-01,year,CONFIRMED,confirme,0.9,false,None,Tour de Londres,,Q62378
325ba4af-c87c-4320-afc4-c2dbbfd5ab33,Naufrage du SS Central America,1857-01-01,1857-01-01,year,CONFIRMED,confirme,1,false,Aucune.,https://fr.wikipedia.org/wiki/SS_Central_America,,Q491961
8b4b7b80-ee92-4e6d-9c53-9e10cde160a8,Publication des 'Vies' de Giorgio Vasari,1550-01-01,1550-01-01,year,LIKELY_CORRECT,probable_mais_a_confirmer,0.8,false,No change needed.,Giorgio Vasari,,Q128027
f23fd39c-c41b-41a1-a428-efd6335bc80e,Signature du traité d'interdiction des essais nucléaires,1963-01-01,1963-01-01,year,CONFIRMED,confirme,0.9,false,No change needed.,Traité d'interdiction partielle des essais nucléaires,,Q278960
7fb6f602-ddf4-4c82-89ea-bbbeb3bd937a,Entrée de la Chine à l'OMC,2001-01-01,2001-01-01,year,CONFIRMED,confirme,0.9,false,Confirmer la date de 2001 comme année de l'entrée de la Chine à l'OMC.,,,Q148
4e675bbc-17a9-4d1e-9472-c82081437717,Naissance d'Armand d'Athos,1615-01-01,1615-01-01,year,DISPUTED_DATE,date_disputee,0.7,false,Vérifier les sources primaires pour déterminer la date de naissance exacte.,https://fr.wikipedia.org/wiki/Athos,,Q1649854
8d6f77cb-bdad-4d81-a3f6-1e064989949a,Décret de Gratien,1140-01-01,,,INSUFFICIENT_EVIDENCE,annee_exacte_introuvable,0,true,Rechercher des sources externes mentionnant le Décret de Gratien et sa date de publication.,,,Q189108
ed63e84a-fa3c-4fea-b65c-6720fc9e2503,Adoption de l'Accord de Paris sur le climat (COP21),2015-01-01,2015-01-01,year,CONFIRMED,confirme,0.9,false,No changes needed.,https://fr.wikipedia.org/wiki/Accord_de_Paris_sur_le_climat,,Q21707860
08cb5143-5524-453e-8c4e-90796f0c0ce4,Sac de Rome par les Vandales,0455-01-01,0455-01-01,year,CONFIRMED,confirme,1,false,None,https://fr.wikipedia.org/wiki/Sac_de_Rome,,Q730892
eb2fa72d-6f0c-4c02-a771-8078b584b7a5,Privilèges commerciaux accordés à Marseille par Toulouse,1192-01-01,1192-01-01,year,LIKELY_CORRECT,preuve_externe_faible,0.8,false,Confirmer la date si d'autres sources valident l'année 1192.,,,Q23482
b71702c9-843a-4f3b-a81f-844d86db3696,Arrestation de Mata Hari,1917-01-01,1917-01-01,year,CONFIRMED,confirme,0.9,false,No change needed.,wikipedia_fr_article,wikipedia_en_article,Q82180
74c81d01-6d0e-46c4-8a91-80d2261e2b4f,Crise des réfugiés en Europe,2015-10-01,2015-01-01,year,CONFIRMED,confirme,0.9,false,No change needed.,wikipedia_fr_article,,Q559076
4525e647-e914-4b28-8e07-19ab077f0209,Apparition du jeu d'échecs Chaturanga,0600-01-01,0601-01-01,year,POTENTIAL_DATE_ERROR,divergence_date,0.8,false,No change needed.,Échecs,,Q718
dda7c840-46b4-47db-a609-3ee7fc30dcf1,Traversée aérienne d'Amelia Earhart,1932-01-01,1932-01-01,year,LIKELY_CORRECT,preuve_externe_faible,0,false,Ajouter des sources externes fiables confirmant l'année 1932 pour la traversée aérienne d'Amelia Earhart.,,,
73f893f3-67d4-4eb0-b51c-c70ec65771d7,Création du cadastre général,1807-01-01,1807-01-01,year,LIKELY_CORRECT,preuve_externe_faible,0.8,false,No changes needed.,Cadastre de France,,Q2932598
2af75160-cdab-48f0-9658-dd489980a18b,Rugy Affair,2019-01-01,2019-01-01,year,CONFIRMED,confirme,0.9,false,No changes needed.,,,
05343b6f-6402-4218-9639-06ec61124666,Première de la Symphonie n°1 de Johannes Brahms,1876-11-04,1876-01-01,year,CONFIRMED,confirme,1,false,No change needed.,,,Q7294
8073f317-d085-4dc9-b59c-0f88a5d1be94,Création du Code Civil,1804-01-01,1804-01-01,year,CONFIRMED,confirme,0.9,false,Aucune.,wikipedia_fr_article,wikipedia_en_article,Q151060
4198b11f-7186-4be0-9b21-d0411499a05a,Voyage de Xuanzang vers l'Ouest,0629-01-01,0629-01-01,year,CONFIRMED,confirme,0.9,false,Confirmer la date de 629 pour le voyage de Xuanzang vers l'Ouest.,https://fr.wikipedia.org/wiki/Xuanzang,,Q42063
ec1c52ff-39cb-4ee8-9914-2718b30a8d66,Signature du Fair Labor Standards Act aux États-Unis,1938-01-01,1938-01-01,year,CONFIRMED,confirme,1,false,No change needed.,https://fr.wikipedia.org/wiki/Fair_Labor_Standards_Act,,Q3064514
8f9eec53-04a3-4329-9336-de8f5e431ed0,Victoire de François Hollande à l'élection présidentielle française contre Nicolas Sarkozy,2012-01-01,2012-01-01,year,CONFIRMED,confirme,1,false,Aucune modification nécessaire.,,,Q329
aa203e9f-c003-4282-b674-2e9385af4106,Défaite Otton II face aux Sarrasins en Calabre,0982-01-01,,,INSUFFICIENT_EVIDENCE,retrieval_insuffisant,0,true,Fournir des sources externes pour valider l'année de l'événement.,,,
b8a7b373-5e22-4a17-b006-3393561d0670,Construction du Vasa en Suède,1626-01-01,1626-01-01,year,LIKELY_CORRECT,preuve_externe_faible,0.8,false,Confirmer la date de construction du Vasa comme étant 1626.,Vasa,,Q219821
c2075df1-e586-44c0-a0c4-ca7346d625d3,Proclamation de l'Empire allemand à Versailles,1871-01-18,,,INSUFFICIENT_EVIDENCE,annee_exacte_introuvable,0,true,Rechercher des sources fiables confirmant l'année de la proclamation de l'Empire allemand à Versailles.,,,Q8736
22febc57-8bc0-4f5a-a10f-f0d063657446,Création de l'OPEP,1960-09-14,,,INSUFFICIENT_EVIDENCE,annee_exacte_introuvable,0,true,Fournir des sources externes fiables pour confirmer l'année de création de l'OPEP.,,,
cba2031f-3fe8-4514-9b45-ed084d6b6c75,Exploration de l'Australie par James Cook,1770-01-01,,,INSUFFICIENT_EVIDENCE,preuve_insuffisante,0,true,Rechercher des sources externes qui mentionnent spécifiquement l'année 1770 comme l'année de l'exploration de l'Australie par James Cook.,,,Q408
1935d436-acff-4fea-972e-43fc0aab64f6,Ouragan Galveston,1900-01-01,1900-01-01,year,CONFIRMED,confirme,1,false,No change needed.,wikipedia_fr_article,,Q186166
bfffc1da-748d-44bc-ae14-afd605bbb76c,Systématisation de la notation musicale par Guido d'Arezzo,1026-01-01,,,INSUFFICIENT_EVIDENCE,retrieval_insuffisant,0,true,Fournir des sources externes pour valider l'année exacte de l'événement.,,,
97f5ab2f-75d7-4e3c-8be4-d8555b919834,Annexion du Royaume de Hollande par Napoléon Ier,1810-07-09,,,INSUFFICIENT_EVIDENCE,annee_exacte_introuvable,0,true,Rechercher des sources confirmant l'année de l'annexion du Royaume de Hollande par Napoléon Ier.,Royaume de Hollande,,Q212278
852f9493-20d3-4b05-a581-d8fe0b06cca6,"Sortie du 'Chanteur de jazz', premier film sonore",1927-10-06,1927-01-01,year,CONFIRMED,confirme,0.9,false,Confirmer la date de 1927 comme année de sortie du film 'Le Chanteur de jazz'.,,,Q272036
9d4bcc5b-002c-4dfa-bb0a-f56c0098ad94,Ouverture de Disneyland Paris – renommage officiel,1994-01-01,1994-01-01,year,CONFIRMED,confirme,1,false,Aucune recommandation nécessaire.,,,Q1229066
7d105641-7dc8-46ab-b9fc-60653eec83ec,Pocahontas épouse John Rolfe,1614-01-01,1614-01-01,year,CONFIRMED,confirme,0.9,false,Confirmer la date de 1614 pour le mariage de Pocahontas et John Rolfe.,John Rolfe,,Q433948
1783bba1-b91f-4c9a-ac77-a4188add9f04,Publication de la première grammaire française,1550-01-01,,,INSUFFICIENT_EVIDENCE,annee_exacte_introuvable,0,true,Provide a source that explicitly mentions the publication of the first French grammar by Louis Meigret in 1550.,Grammaire française,,Q11923
c53501e8-60b4-4731-800e-aa6bf6246dbd,Crise économique et financière en France,1780-01-01,,,INSUFFICIENT_EVIDENCE,absence_de_singularite,0,true,Reject due to the event describing a period and not a specific year.,,,Q290178
53ed8b91-4787-4856-8e97-561f2274885d,Naissance de Jean Racine,1639-01-01,1639-01-01,year,CONFIRMED,confirme,1,false,None,https://fr.wikipedia.org/wiki/Racine,https://en.wikipedia.org/wiki/Jean_Racine,Q742
159b8df5-3746-46c4-8eea-b3d4ff784d47,Catarina Cornaro cède Chypre à Venise,1489-01-01,,,INSUFFICIENT_EVIDENCE,retrieval_insuffisant,0,true,Ajouter des sources externes fiables pour confirmer l'année de la cession.,,,
7479561f-f84c-45be-b9b6-fa994fe6bae5,Création de l'École militaire par Louis XV,1750-11-16,1750-01-01,year,LIKELY_CORRECT,probable_mais_a_confirmer,0.8,false,No change needed.,,,Q7738
b2df2b00-f16e-43d7-9747-73b8947e0ffb,Introduction du Shatranj,0700-01-01,,,INSUFFICIENT_EVIDENCE,absence_de_singularite,0,true,Rejeter car il s'agit d'un processus historique et non d'un événement ponctuel.,,,Q5886866
0b0d667b-ea43-4bb1-943f-5ba36ad4c2a0,Mort de Claude Nougaro,2004-01-01,2004-01-01,year,CONFIRMED,confirme,1,false,Aucune.,wikipedia_fr_article,wikipedia_en_article,Q719314
e489b2b6-38bb-4883-a398-5e4cf48a3f01,Paix d'Augsbourg,1555-01-01,1555-01-01,year,CONFIRMED,confirme,0.9,false,Confirmer la date de 1555.,https://fr.wikipedia.org/wiki/Paix_d%27Augsbourg,,Q154577
c826c45d-a000-4dd7-9853-95290937d6ed,Expéditions de Pépin contre l' Aquitaine,0760-01-01,,,INSUFFICIENT_EVIDENCE,absence_de_singularite,0,true,"Reject due to the event describing a period of expeditions, not a single event in a specific year.",Pépin le Bref,,Q81212
a23c4ebc-2d73-42ae-bdfc-f89c5c78a24b,Colbert devient contrôleur général des finances,1665-01-01,1665-01-01,year,CONFIRMED,confirme,0.9,false,No change needed.,Contrôleur général des finances,,Q2638620
525065dc-5e1d-4e97-93b9-5a19d6f879f6,"Eleanor Roosevelt, Première dame des États-Unis",1933-01-01,,,INSUFFICIENT_EVIDENCE,absence_de_singularite,0,true,Rejeter car le titre décrit une fonction et non un événement datable à une année unique.,,,Q7166256
19e36464-6e4d-4f1c-af0e-a821d191c519,Campagne des FTP contre les infrastructures allemandes,1942-01-01,,,INSUFFICIENT_EVIDENCE,absence_de_singularite,0,true,Rejeter car il s'agit d'une campagne et non d'un événement ponctuel. Nécessite des sources pour confirmer une année exacte.,,,
d3ea00d9-e82d-4e66-8bab-1303839991c4,Révolution marocaine et crise d'Agadir,1911-01-01,1911-01-01,year,LIKELY_CORRECT,preuve_externe_faible,0.5,false,Fournir des sources externes pour confirmer l'année 1911.,,,
bbbefae4-0be9-47a3-a4bf-b73be1b7dfdf,Annexion de la Bavière par Charlemagne,0788-07-03,0788-01-01,year,LIKELY_CORRECT,probable_mais_a_confirmer,0,false,Ajouter une source externe qui confirme l'annexion de la Bavière par Charlemagne en 788.,,,Q3044
dc6895c7-69d1-4726-9122-0a9714b473f4,Premiers esclaves africains arrivés dans le Nouveau Monde,1502-10-01,,,INSUFFICIENT_EVIDENCE,annee_exacte_introuvable,0,true,Rechercher des sources fiables qui confirment l'année exacte de l'arrivée des premiers esclaves africains dans le Nouveau Monde.,,,Q22905910
d87459cb-2f9b-4e40-96b7-e79798b0f085,Saint Louis promulgue la Grande ordonnance,1254-01-01,1254-01-01,year,LIKELY_CORRECT,probable_mais_a_confirmer,0.8,false,No change needed.,Louis IX,,Q346
b433ad5a-7f25-40ff-baa8-bab25deccad6,Fondation du Premier Empire bulgare,0681-01-01,0681-01-01,year,LIKELY_CORRECT,probable_mais_a_confirmer,0.7,false,Confirmer la date de 681.,Premier Empire bulgare,,Q203817
b2ae7023-ad8e-4e8e-b43c-ed6bf78da01a,"Représentation du 'Ballet comique de la Reine', considéré comme le premier ballet de cour",1581-10-15,1581-01-01,year,CONFIRMED,confirme,1,false,Aucune modification nécessaire.,https://fr.wikipedia.org/wiki/Ballet_comique_de_la_reine,,Q805229
70a30e4b-7535-4f9a-b67a-de0ebd8fd6db,Éruption du Laki,1783-01-01,1783-01-01,year,CONFIRMED,confirme,0.9,false,Confirm the date as 1783.,https://fr.wikipedia.org/wiki/Juin_1783,,Q16647010
f47d97bb-f41d-43a8-a0a9-18c209428262,João Vaz Corte-Real atteint Terre-Neuve,1472-01-01,,,INSUFFICIENT_EVIDENCE,annee_exacte_introuvable,0,true,Rechercher des sources externes qui confirment l'année exacte de l'expédition de João Vaz Corte-Real à Terre-Neuve.,,,Q48335
c94a9df0-bfff-4354-a7a6-18096101e23b,Élection d'Henri Ier l'Oiseleur comme roi de Germanie,0919-01-01,0919-01-01,year,CONFIRMED,confirme,0.9,false,No change needed.,Henri Ier de Germanie,,Q150620
9b4389c0-5f7a-41c1-832b-f3594ab653bb,Raid des Hérules sur Athènes,0267-01-01,0267-01-01,year,LIKELY_CORRECT,preuve_externe_faible,0.5,false,Rechercher des sources supplémentaires confirmant l'année du raid des Hérules sur Athènes.,,,Q220643
1a9ab321-4f84-4b6f-ae93-1254cc7dffd8,Règne de Charles VII,1422-01-01,,,INSUFFICIENT_EVIDENCE,absence_de_singularite,0,true,Confirmer 1422 comme début du règne de Charles VII.,,,Q160349
493db4fd-4123-45ff-a112-ab74252c7bd2,Règne effectif de Charles III le Simple sur le royaume de Francie occidentale,0898-01-01,0898-01-01,year,LIKELY_CORRECT,probable_mais_a_confirmer,0.8,false,No change needed.,https://fr.wikipedia.org/wiki/Charles_III_le_Simple,,Q187519
279bb590-e751-4e55-980c-08d6031208f0,Les procès de Salem,1692-01-01,1692-01-01,year,CONFIRMED,confirme,0.9,false,Confirmer la date de 1692 pour les procès de Salem.,wikipedia_fr_article,,Q54140
7ea6629d-e99b-49fb-95c4-f329629e3492,Reprise des guerres civiles mérovingiennes,0639-01-01,0639-01-01,year,LIKELY_CORRECT,preuve_externe_faible,0.5,false,Vérifier avec des sources externes l'année exacte de la mort de Dagobert Ier et le début des guerres civiles.,,,
157184e5-159a-4b05-b375-bf3eabc14529,Lancement du projet 'Global Plant Initiative',2004-01-01,,,INSUFFICIENT_EVIDENCE,retrieval_insuffisant,0,true,Fournir des sources externes pour confirmer l'année de lancement.,,,
f8ae4c03-0b57-407e-8b2d-e360cde278b0,Début de la Guerre d'Indépendance américaine,1775-01-01,1775-01-01,year,CONFIRMED,confirme,0.9,false,No changes needed.,Liste des batailles de la guerre d'indépendance des États-Unis,,Q1975913
1d65ce16-cd7d-4a1f-a5e7-745f6eaeedf8,Juan Ponce de León explore la côte de la Floride,1513-01-01,1513-01-01,year,CONFIRMED,confirme,0.9,false,No change needed.,https://fr.wikipedia.org/wiki/Juan_Ponce_de_Le%C3%B3n,,Q185974
1751bb0b-53be-4b54-914e-cd004a527d99,Dernière attaque viking sur Paris,0910-01-01,,,INSUFFICIENT_EVIDENCE,absence_de_singularite,0,true,Rejeter car le titre est ambigu et aucune source ne confirme une année exacte pour la dernière attaque viking sur Paris.,,,Q815192
9bf85b52-5bd5-425c-b5c1-b2975d92c687,Traité de Madrid,1526-01-01,1526-01-01,year,CONFIRMED,confirme,0.9,false,Aucune modification nécessaire.,https://fr.wikipedia.org/wiki/Trait%C3%A9_de_Madrid,,Q256055
8320df7a-0566-4bb2-9ce7-ddb28d3aa44d,Règne de Philippe IV le Bel,1285-01-01,,,INSUFFICIENT_EVIDENCE,absence_de_singularite,0,true,Vérifier si l'événement correspond à l'année de début du règne.,Philippe IV le Bel,,Q130969
aecacf14-3d41-4011-a302-5e0b0e093619,Bataille de Koursk,1943-01-01,1943-01-01,year,CONFIRMED,confirme,0.9,false,No change needed.,https://fr.wikipedia.org/wiki/Bataille_de_Koursk,,Q130861
97dc2047-a013-4fec-9cc0-a89d3846ff20,Sac de Thessalonique par les Arabes,0904-01-01,0904-01-01,year,CONFIRMED,confirme,0.9,false,Valider la date de 904.,https://fr.wikipedia.org/wiki/Thessalonique,,Q17151
86028f60-a212-4474-81cb-40ba9d5cb3ac,Grande Peste de Londres,1665-01-01,1665-01-01,year,CONFIRMED,confirme,1,false,Confirmer la date de 1665.,https://fr.wikipedia.org/wiki/Grande_peste_de_Londres,,Q917048
dfea6b53-0485-4cfd-acfd-e9903086905c,Inauguration de la Pyramide du Louvre,1989-03-29,1989-01-01,year,LIKELY_CORRECT,probable_mais_a_confirmer,0.7,false,No changes needed.,wikipedia_fr_article,,Q13397
04ef0700-33ae-47f8-8647-06250b8f206f,Ouverture du Crystal Palace à Londres,1851-01-01,1851-01-01,year,CONFIRMED,confirme,0.9,false,No change needed.,,,Q1190130
2fbb03d1-1527-42e9-b437-5c6bb4c78de7,Première des Noces de Figaro de Wolfgang Amadeus Mozart,1786-05-01,,,INSUFFICIENT_EVIDENCE,annee_exacte_introuvable,0,true,Ajouter une source externe qui mentionne l'année de la première des Noces de Figaro.,,,Q254
3bf9d0db-000c-439d-889f-695586efcee2,Jean de Vienne mène une expédition en Écosse,1385-01-01,1385-01-01,year,LIKELY_CORRECT,probable_mais_a_confirmer,0.8,false,No change needed.,https://fr.wikipedia.org/wiki/Jean_de_Vienne,,Q1398338
4edbd8f1-067b-4313-b1f1-d9d1abf573b4,Abdication de Napoléon Ier,1814-04-06,,,INSUFFICIENT_EVIDENCE,absence_de_singularite,0,true,The title needs to be more specific to identify the exact abdication event (first or second) to determine the correct year.,https://fr.wikipedia.org/wiki/Abdication_de_Napol%C3%A9on_Ier,https://en.wikipedia.org/wiki/Napoleon,Q113389301
0ccb3f4c-8c87-44ae-a51c-4d91cd817ae0,Création du Fonds africain de garantie et de coopération,1977-01-01,1977-01-01,year,CONFIRMED,confirme,1,false,Aucune modification nécessaire.,,,Q92194452
0a6983d6-1205-4d3f-ae6a-88a84091196f,Naufrage du Bourgogne,1898-01-01,1898-01-01,year,CONFIRMED,confirme,1,false,Aucune modification nécessaire.,wikipedia_fr_article,wikipedia_en_article,Q1125288
eca31211-bed9-4abe-b81b-bfd719bc7c1f,Traité Hay-Bunau-Varilla,1903-10-01,1903-01-01,year,CONFIRMED,confirme,1,false,Confirmer la date de 1903.,https://fr.wikipedia.org/wiki/Trait%C3%A9_Hay-Bunau-Varilla,,Q676676
be480a59-6dcb-47f9-8d91-628c8ec9bc54,Le 'Vendredi Noir' boursier américain,1929-01-01,1929-01-01,year,LIKELY_CORRECT,preuve_externe_faible,0.5,false,Ajouter des sources externes fiables confirmant que le 'Vendredi Noir' boursier américain a eu lieu en 1929.,,,
0bb1caba-03d9-404b-9372-83372a7c95d3,Fondation de l'Hôpital général de Paris,1656-01-01,1656-01-01,year,CONFIRMED,confirme,1,false,Aucune modification nécessaire.,wikipedia_fr_article,,Q1643047
83ca6d31-4017-4c0b-9ca2-ee2b7b2cb633,Scandale des décorations sous Fallières,1907-01-01,1907-01-01,year,LIKELY_CORRECT,preuve_externe_faible,0.5,false,Fournir des sources externes pour confirmer l'année de l'événement.,,,
40a5ee4e-4679-4a10-838b-b9278d060ff4,Marche du Sel menée par Gandhi,1930-03-12,1930-01-01,year,CONFIRMED,confirme,1,false,Confirmer la date de 1930.,Marche du sel,,Q239344
8d1091b4-a55c-4b62-8a0b-567f5943cce0,Création du système de Law et de la Banque générale,1719-01-01,1719-01-01,year,LIKELY_CORRECT,probable_mais_a_confirmer,0.7,false,Vérifier si d'autres sources confirment que l'apogée du système de Law et la création de la Banque générale ont eu lieu en 1719.,Banque générale,,Q133190091
ac4196df-f3a3-445c-b1c1-38b065ac1b7d,La reconnaissance légale de l'esclavage comme crime contre l'humanité,2001-01-01,2001-01-01,year,CONFIRMED,confirme,0.9,false,Aucune modification nécessaire.,,,Q173462
f17fc1cb-01c8-4079-8a83-7da0c7ea8378,Élection de Valéry Giscard d'Estaing,1974-05-27,1974-01-01,year,CONFIRMED,confirme,0.9,false,No change needed.,wikipedia_fr_article,wikipedia_en_article,Q2124
f05a96e2-9551-4c5d-b4a3-99933e97294d,Bataille des Monts Mauriacus,0553-01-01,,,INSUFFICIENT_EVIDENCE,annee_exacte_introuvable,0,true,Rechercher des sources externes fiables mentionnant la bataille des Monts Mauriacus et son année.,,,Q139808
13a64284-820c-4f71-b7ef-c73e9d7041b1,Règne de Charles IV le Bel,1322-01-01,,,INSUFFICIENT_EVIDENCE,absence_de_singularite,0,true,Rejeter car il s'agit d'une période et non d'un événement ponctuel. Le titre devrait être plus précis pour correspondre à un événement unique.,https://fr.wikipedia.org/wiki/Charles_IV_le_Bel,,Q174964
905e459e-2ce4-4a8d-8e44-b1aa3b01ee47,Échec de l'expédition franque contre les Musulmans à Saragosse,0778-01-01,0778-01-01,year,LIKELY_CORRECT,preuve_externe_faible,0.5,false,Ajouter des sources externes pour confirmer l'année de l'échec de l'expédition franque contre les Musulmans à Saragosse.,,,
becc65f7-c6ca-4ca1-b6f7-5b20f1b419dd,Invention des règles du basketball,1891-12-21,,,INSUFFICIENT_EVIDENCE,preuve_insuffisante,0,true,Rechercher des sources externes fiables qui confirment l'année exacte de l'invention des règles du basketball.,,,Q290922
cf213683-18bd-41c1-a27c-a44cec8943fd,Établissement du Ghetto de Venise,1516-01-01,1516-01-01,year,CONFIRMED,confirme,1,false,Confirmer la date de 1516.,https://fr.wikipedia.org/wiki/Ghetto_de_Venise,,Q649030
bcf340a6-d367-407c-b0b5-6b011efcd44e,Indépendance d'Haïti,1804-01-01,1804-01-01,year,LIKELY_CORRECT,probable_mais_a_confirmer,0.8,false,Confirmer la date de 1804 comme année de l'indépendance d'Haïti.,,,Q3297506
72603166-7333-4486-b95e-7c784bdd3ccc,Premier spectacle de cirque moderne,1768-01-09,1768-01-01,year,LIKELY_CORRECT,preuve_externe_faible,0.8,false,Aucune.,,,Q47928
b3297a92-d611-4473-b23f-e4bea011dc7b,Règne de Louis VIII le Lion,1223-01-01,,,INSUFFICIENT_EVIDENCE,absence_de_singularite,0,true,None,Louis VIII le Lion,Louis VIII of France,Q165284
73ac8a7e-ef64-497f-b12b-4b3b810485a9,Bataille de Brémule,1119-01-01,1119-01-01,year,CONFIRMED,confirme,0.9,false,Aucune action nécessaire.,wikipedia_fr_article,wikipedia_en_article,Q1516439
147ffc3f-b36c-46dc-9044-81dbcbe88e92,Leibniz invente la calculatrice mécanique,1672-01-01,,,INSUFFICIENT_EVIDENCE,preuve_insuffisante,0,true,Rechercher des sources confirmant l'année exacte de l'invention.,https://fr.wikipedia.org/wiki/Calculatrice_m%C3%A9canique,,Q211586
1a2959b2-3a4a-4734-a799-a0acd8a63c29,Création de la première monnaie japonaise,0708-01-01,0708-01-01,year,LIKELY_CORRECT,preuve_externe_faible,0,false,Fournir des sources externes pour confirmer l'année de création de la première monnaie japonaise.,,,
c90941c5-ffac-4631-86e7-0a44214a41da,Privatisations : Le gouvernement Chirac privatise plusieurs grandes entreprises publiques,1986-01-01,1986-01-01,year,CONFIRMED,confirme,0.9,false,No change needed.,Gouvernement Chirac II,,Q3112150
451a1c88-1252-4e63-948f-f142cfe1128e,Début de la construction des thermes de Dioclétien,0298-01-01,0298-01-01,year,CONFIRMED,confirme,0.9,false,Confirmer la date de début de construction des thermes de Dioclétien comme étant 298.,Thermes de Dioclétien,,Q836108
82bf9d98-d895-4556-9f49-d50bb1ea8e4b,Accident ferroviaire de Saint-Michel-de-Plélan,1942-01-01,,,INSUFFICIENT_EVIDENCE,retrieval_insuffisant,0,true,Fournir des sources externes pour valider l'année de l'accident.,,,
dab84e86-2bac-43e2-b529-be4156bb03bf,Isabelle Ire accède au trône de Castille,1474-01-01,1474-01-01,year,CONFIRMED,confirme,0.9,false,No change needed.,,,Q310918
7211c276-e3ad-437a-809c-7b4e01d12ea1,Adoption du dollar américain comme monnaie nationale par le Coinage Act de 1792,1792-04-02,1792-01-01,year,CONFIRMED,confirme,1,false,Aucune action nécessaire.,https://fr.wikipedia.org/wiki/Pi%C3%A8ce_d%27un_demi-disme_de_dollar_am%C3%A9ricain_de_1792,,Q4553389
30f7b7a5-a664-4268-a577-be6e6bf480d0,Fondation de la Ligue de Smalkalde,1531-01-01,1531-01-01,year,CONFIRMED,confirme,1,false,Confirmer la date de fondation de la Ligue de Smalkalde comme étant 1531.,https://fr.wikipedia.org/wiki/Ligue_de_Smalkalde,,Q155024
647f9037-ae80-4ca7-aae2-982773b8f194,Révolutions de 1820,1820-01-01,1820-01-01,year,CONFIRMED,confirme,0.9,false,Confirmer la date de 1820.,wikipedia_fr_article,wikipedia_en_article,Q6973
362ee41f-e282-4188-8df4-0c76e80f88cb,Début de la Renaissance italienne,1400-01-01,,,INSUFFICIENT_EVIDENCE,absence_de_singularite,0,true,"Reject. The event describes a period, not a specific year.",wikipedia_fr_article,,Q1404472
7ef664d6-e9d7-4166-b19f-f3a32285b52d,Exposition universelle de Philadelphie,1876-10-01,1876-01-01,year,CONFIRMED,confirme,1,false,No change needed.,https://fr.wikipedia.org/wiki/Exposition_universelle_de_1876,,Q984109
63328422-afee-462e-8988-aa4230f7ab69,Le scandale du Dieselgate,2015-01-01,,,INSUFFICIENT_EVIDENCE,annee_exacte_introuvable,0,true,Fournir des sources externes pour confirmer l'année du scandale.,,,
700a2b03-f082-4c6d-86c1-07d591a0ffc4,Torricelli invente le baromètre à mercure,1643-01-01,,,INSUFFICIENT_EVIDENCE,annee_exacte_introuvable,0,true,Rechercher des sources externes fiables qui confirment l'année exacte de l'invention du baromètre à mercure par Torricelli.,Baromètre,,Q79757
78394762-584d-4141-bdf5-43dd3e4cd1a8,Première émission régulière de Radio Paris,1923-01-01,,,INSUFFICIENT_EVIDENCE,preuve_insuffisante,0,true,Further research is needed to confirm the exact year of the first regular broadcast of Radio Paris.,Histoire de la radio à Paris,,Q3416969
c5f2fc6a-4a6a-4cad-8448-3ec2aa72ff6a,Campagne de Russie de Napoléon,1812-01-01,1812-01-01,year,CONFIRMED,confirme,1,false,Confirmer la date de 1812.,https://fr.wikipedia.org/wiki/Campagne_de_Russie,,Q179250
a1ddf26d-5d96-43d7-bb07-3ef70d37dcef,Bataille de Lauffeld (Maurice de Saxe),1747-01-01,1747-01-01,year,CONFIRMED,confirme,0.9,false,Confirmer la date de 1747.,wikipedia_fr_article,,Q696699
4a3987ed-b580-4392-b73b-265a1357149f,Création du FBI,1935-01-01,1935-01-01,year,LIKELY_CORRECT,preuve_externe_faible,0,false,Ajouter des sources externes fiables pour confirmer l'année de création du FBI.,,,
14680f68-f5c1-48eb-89ac-ea29de3c5299,Exploration du Mississippi par La Salle,1682-01-01,1682-01-01,year,LIKELY_CORRECT,preuve_externe_faible,0.8,false,Rechercher des sources confirmant l'année 1682 pour l'exploration du Mississippi par La Salle.,,,Q6502154
5474fc91-1a23-4bc5-a426-54a320b9b4f3,Début du règne de Khosro Ier,0531-01-01,0531-01-01,year,CONFIRMED,confirme,0.9,false,No change needed.,Khosro Ier,,Q207381
a361686c-6bff-4ce7-bca7-22415d3b1b84,Conquête de la Provence par Charles Martel,0739-01-01,0739-01-01,year,LIKELY_CORRECT,probable_mais_a_confirmer,0.8,false,Vérifier si d'autres sources confirment spécifiquement la conquête de la Provence par Charles Martel en 739.,Charles Martel,,Q3301
cac79080-d126-4b2a-a16d-44aaafd59cfa,Mort de Charles Martel,0741-01-01,0741-01-01,year,CONFIRMED,confirme,1,false,Confirm the date as 741.,wikipedia_fr_article,wikipedia_en_article,Q3301
b8b495ca-3983-48c5-8602-ce04a94c57f1,Première Ligue des Champions,1955-01-01,1955-01-01,year,CONFIRMED,confirme,0.9,false,None,wikipedia_fr_article,,Q2252016
9f4b1837-50e2-4413-8bf8-bf03b9331b83,"Début des voyages de Zheng He, explorateur chinois",1405-01-01,,,INSUFFICIENT_EVIDENCE,absence_de_singularite,0,true,"Reject due to the event describing the beginning of a series of voyages, not a singular event.",Zheng He,,Q7333
505a5ab8-59c2-4dbe-b0be-da8749da7f6f,French Maastricht Treaty Referendum,1992-01-01,1992-01-01,year,CONFIRMED,confirme,0.9,false,No change needed.,,1992 French Maastricht Treaty referendum,Q2319164
0edb5797-de0b-413e-917b-b7586be37636,Fondation de Santiago du Chili,1541-01-01,1541-01-01,year,CONFIRMED,confirme,0.9,false,Confirmer la date de fondation de Santiago du Chili comme étant 1541.,Santiago,,Q2887
24c9a2c6-f300-4716-9585-0b78215f42dd,Ligue des Trois Empereurs,1873-01-01,1873-01-01,year,CONFIRMED,confirme,0.9,false,Confirmer la date de 1873.,https://fr.wikipedia.org/wiki/Entente_des_trois_empereurs,,Q567712
f9803a69-7d4d-41a5-a150-107740a9f3fe,Le comte Eudes II de Blois hérite de la Champagne,1019-01-01,,,INSUFFICIENT_EVIDENCE,annee_exacte_introuvable,0,true,Rechercher des sources confirmant l'héritage de la Champagne par Eudes II de Blois en 1019.,https://fr.wikipedia.org/wiki/Eudes_II_de_Blois,,Q378889
2f7788be-58f1-4f35-8ec7-a6a10e0c3094,Introduction de la culture du riz en Europe,0900-01-01,,,INSUFFICIENT_EVIDENCE,absence_de_singularite,0,true,Rejeter car l'événement décrit une période et non une année précise.,,,Q5867586
02ffabbd-1ff2-4476-825b-4eed0edc0933,Ouverture du Taipei 101,2004-01-01,2004-01-01,year,DISPUTED_DATE,date_disputee,0.7,false,Vérifier et clarifier la date d'ouverture du Taipei 101 avec des sources supplémentaires.,Taipei 101,,Q83101
97cf5c63-876d-4d78-b609-ff9529bf9c97,Établissement de l'émirat indépendant de Cordoue par Abd al-Rahman Ier,0756-05-15,0756-01-01,year,CONFIRMED,confirme,1,false,No change needed.,Émirat de Cordoue,,Q1337854
8e513774-a632-4206-b060-83a44bbd07e7,Bataille de Midway,1942-06-04,1942-01-01,year,CONFIRMED,confirme,0.9,false,No change needed.,wikipedia_fr_article,wikipedia_en_article,Q173034
3821d0d2-b02c-4598-94ae-60b2653d286b,Règne de Philippe VI de Valois,1328-01-01,,,INSUFFICIENT_EVIDENCE,absence_de_singularite,0,true,"Reject the event as it describes a period, not a specific year.",wikipedia_fr_article,,Q170586
b6f0bf86-1b45-4baa-821e-d3429167517d,Transfert de la capitale wisigothe à Tolède (Espagne),0560-01-01,0560-01-01,year,LIKELY_CORRECT,probable_mais_a_confirmer,0,false,Ajouter une source externe fiable confirmant l'année 560.,,,Q29
cc24c64c-a7ba-4445-821c-ca14bb1d7c84,Trajan Devient Empereur,0098-01-27,0098-01-01,year,CONFIRMED,confirme,0.9,false,No change needed.,Trajan,,Q1425
d892fab3-333d-4410-a2fe-35ffb0e1f2eb,Exploration de la rivière Hudson,1609-01-01,1609-01-01,year,CONFIRMED,confirme,1,false,No change needed.,https://fr.wikipedia.org/wiki/Henry_Hudson,,Q179167
096f68d9-9560-4a72-9655-d41bdfd11fd5,Fondation de la Société des Amis (Quakers),1650-01-01,1650-01-01,year,LIKELY_CORRECT,preuve_externe_faible,0.5,false,Rechercher des sources externes confirmant l'année 1650 pour la fondation de la Société des Amis (Quakers).,,,Q7268599
3ae81653-9104-496a-b646-bfed0eec57e5,Début de la création de La Joconde par Léonard de Vinci,1503-01-01,,,INSUFFICIENT_EVIDENCE,annee_exacte_introuvable,0,true,Rechercher des sources externes qui confirment l'année exacte du début de la création de La Joconde par Léonard de Vinci.,,,Q762
8718d5d9-6e81-4d88-bd95-480d3da136b5,Mort de Charles Aznavour,2018-01-01,2018-01-01,year,CONFIRMED,confirme,1,false,Aucune modification nécessaire.,wikipedia_fr_article,wikipedia_en_article,Q1785
925c3c70-2482-48d1-a09e-e7ac83102901,Invention de la bicyclette à pédales,1861-07-12,,,INSUFFICIENT_EVIDENCE,preuve_insuffisante,0,true,Rechercher des sources externes fiables qui confirment l'année exacte de l'invention de la bicyclette à pédales.,,,Q2281298
c09af671-4d31-428e-a7de-5361a84d1044,Inauguration du Central Park Tower à New York,2020-01-01,,,INSUFFICIENT_EVIDENCE,annee_exacte_introuvable,0,true,Find a reliable source confirming the inauguration year of the Central Park Tower.,,,Q859452
e1bdc983-ab1a-4ed8-9f66-5d7d7cc3c434,Accords du Latran,1929-02-11,1929-01-01,year,CONFIRMED,confirme,0.9,false,Confirmer la date de 1929.,https://fr.wikipedia.org/wiki/Accords_du_Latran,,Q193270
0f3a99e3-c432-440c-bb41-4e20c2f65cbc,Création de l'Académie royale de musique,1669-01-01,,,INSUFFICIENT_EVIDENCE,annee_exacte_introuvable,0,true,"Rechercher des sources externes fiables (archives, publications académiques, etc.) qui confirment l'année de création de l'Académie royale de musique.",,,Q24941197
4bd32be8-fcd0-4446-b214-56f6c9962e44,Bataille du pont Milvius,0312-01-01,0312-01-01,year,CONFIRMED,confirme,1,false,No change needed.,https://fr.wikipedia.org/wiki/Bataille_du_pont_Milvius,,Q339321
a484395e-ce71-4b6a-8a89-eb654b55aaaa,Arrestation de Jean Moulin,1943-01-01,1943-01-01,year,CONFIRMED,confirme,0.9,false,Confirmer la date de 1943.,wikipedia_fr_article,wikipedia_en_article,Q632
07eaaa8b-ce07-4380-9572-f796f4068ac8,Pacte germano-soviétique,1939-08-23,1939-01-01,year,CONFIRMED,confirme,0.9,false,Confirmer la date de 1939.,https://fr.wikipedia.org/wiki/Pacte_germano-sovi%C3%A9tique,,Q130796
8fcb6009-9cef-451d-af96-6826a1e865a1,Révolte des canuts de Lyon,1834-01-01,,,INSUFFICIENT_EVIDENCE,annee_exacte_introuvable,0,true,A source explicitly mentioning the second revolt of the canuts occurring in 1834 is needed.,wikipedia_fr_article,,Q4125
a22a6801-39b2-486b-862d-ed503f97bb2c,Premier Américain en orbite (John Glenn),1962-02-20,1962-01-01,year,CONFIRMED,confirme,1,false,No change needed.,https://fr.wikipedia.org/wiki/John_Glenn,,Q182642
584df047-7e87-4111-ab23-1a1e44621ec1,Création de l’Union des sociétés françaises de sports athlétiques,1897-01-01,1887-01-01,year,POTENTIAL_DATE_ERROR,divergence_date,1,false,No changes needed.,wikipedia_fr_article,,Q1473411
a76811e4-c2a9-4321-864f-80ca99dd1e48,Mise en œuvre du Plan Marshall en Europe,1948-01-01,1948-01-01,year,CONFIRMED,confirme,0.9,false,No changes needed.,Plan Marshall,,Q4576
6730d7b0-109b-4420-97e1-308b16d296ec,Invention du pantalon jeans,1873-01-01,,,INSUFFICIENT_EVIDENCE,annee_exacte_introuvable,0,true,"Rechercher des sources externes fiables (articles de presse, publications académiques, biographies) qui confirment l'année exacte de l'invention du pantalon jeans par Levi Strauss et Jacob Davis.",,,Q39908
0d729c55-5811-42f3-ab7c-1d3616393dbd,Sacre et Couronnement de Philippe Auguste,1179-11-01,1179-01-01,year,CONFIRMED,confirme,0.9,false,No change needed.,https://fr.wikipedia.org/wiki/Philippe_II_Auguste,,Q34428
5bfc79cb-b65c-4e7d-aa72-a9c03b56dcf8,Année internationale de la femme et conférence de Mexico,1975-01-01,1975-01-01,year,CONFIRMED,confirme,0.9,false,No change needed.,https://fr.wikipedia.org/wiki/Ann%C3%A9e_internationale_de_la_femme,,Q14626962
88e1b791-07c1-4de4-b35b-fd4c4c2c9e6b,Formation du gouvernement d’union nationale de Gaston Doumergue,1934-01-01,1934-01-01,year,CONFIRMED,confirme,0.9,false,No change needed.,https://fr.wikipedia.org/wiki/Gaston_Doumergue,,Q296064
376378e3-895f-4e43-8e32-2f85c533ad09,Création de la RTF,1949-01-01,,,INSUFFICIENT_EVIDENCE,retrieval_insuffisant,0,true,Fournir des sources externes pour confirmer l'année de création de la RTF.,,,
af9dfd29-f64a-415d-acab-bf7fc0fd1ed2,La gauche s'impose aux municipales avec la victoire de Jacques Chirac à Paris,1977-01-01,1977-01-01,year,LIKELY_CORRECT,probable_mais_a_confirmer,0.8,false,Vérifier avec des sources plus directes sur les élections municipales de 1977.,,,Q2105
9c52707d-bbfe-4170-bf14-251e321bf3c8,Premier lancement du sous-marin Gymnote,1888-01-01,1888-01-01,year,CONFIRMED,confirme,1,false,Aucune modification nécessaire.,Gymnote (1888),,Q1476140
79bf1574-1388-4531-b6e2-c60fb41aee35,Annonce de la fin du service militaire obligatoire,1996-04-08,1996-01-01,year,CONFIRMED,confirme,1,false,Aucune modification nécessaire.,Service militaire en France,,Q3480452
9901e6d9-c93c-4bfb-b3c4-75022fe7aab4,Début du règne de Constantin le Grand,0306-01-01,0306-01-01,year,CONFIRMED,confirme,0.9,false,Vérifier avec d'autres sources historiques pour confirmer l'année exacte du début du règne de Constantin.,,,Q5163814
593b2403-1556-4071-8e7f-8e20cd37febb,Incendie du Reichstag,1933-01-01,1933-01-01,year,CONFIRMED,confirme,0.9,false,Aucune action nécessaire.,https://fr.wikipedia.org/wiki/Incendie_du_Reichstag,,Q153992
f932aa75-a4ed-4092-8747-8eba240ca78c,Introduction de la culture de la vigne en Gaule romaine,0100-01-01,,,INSUFFICIENT_EVIDENCE,absence_de_singularite,0,true,Reject due to the event describing a process rather than a specific event in a single year.,,,Q38060
e8306771-e0e7-4dd9-9c35-2ff0fc9fd1ce,Couronnement d'Isabeau de Bavière,1389-01-01,1389-01-01,year,CONFIRMED,confirme,0.9,false,Confirmer la date de 1389 pour le couronnement d'Isabeau de Bavière.,Isabeau de Bavière,,Q154064
48240714-f407-4319-a496-8f6818b9459c,"Publication du ""Dialogue sur les deux grands systèmes du monde""",1632-01-01,1632-01-01,year,CONFIRMED,confirme,1,false,No change needed.,https://fr.wikipedia.org/wiki/Dialogue_sur_les_deux_grands_syst%C3%A8mes_du_monde,,Q1768303
120d2fb4-8a9c-4d1d-8861-bb3af268d591,Début de la guerre de Sécession,1861-10-01,1861-01-01,year,CONFIRMED,confirme,1,false,No change needed.,Avril 1861 (guerre de Sécession),,Q56307176
40257aa4-3dd6-4c85-8ef4-fcea6dd3f27a,Union d'Utrecht et formation des Provinces-Unies,1579-01-01,1579-01-01,year,CONFIRMED,confirme,0.9,false,Confirmer la date de 1579 pour l'Union d'Utrecht.,Provinces-Unies,,Q170072
571336ad-eacb-4a9f-a69c-86916738fc3c,Bataille Teutobourg (Varus vaincu par Germains),0009-09-01,0009-01-01,year,CONFIRMED,confirme,1,false,Confirmer la date de 9 ap. J.-C.,Varus,,Q214765
477af2c1-5d6c-44f5-b59d-8caed008a489,Première observation de Sirius par les astronomes chinois,0140-01-01,,,INSUFFICIENT_EVIDENCE,annee_exacte_introuvable,0,true,Rechercher des sources supplémentaires confirmant l'année de la première observation de Sirius par les astronomes chinois.,,,Q3409
f3217950-4853-48d2-a5d2-c3b1fb64ab88,Construction de la Tour Galata à Constantinople,1348-01-01,,,INSUFFICIENT_EVIDENCE,annee_exacte_introuvable,0,true,Ajouter une source externe fiable mentionnant l'année de construction de la Tour Galata.,,,Q16869
a0a3e5e5-8911-4e1a-80ae-ed21c717c18e,Fa Xian atteint Java par voie maritime,0412-01-01,0412-01-01,year,LIKELY_CORRECT,preuve_externe_faible,0.5,false,Ajouter des sources externes fiables pour confirmer l'année de l'arrivée de Fa Xian à Java.,,,
3fc60bdf-dd2a-4135-a178-b166c7fa776a,Bataille de la Somme (Picardie),1916-07-01,1916-01-01,year,CONFIRMED,confirme,1,false,Confirmer la date de 1916.,wikipedia_fr_article,,Q132568
d4f848da-e518-4aea-8b25-66ec9c8c555d,"Publication du premier numéro Valmy , journal clandestin de la résistance",1941-01-01,1941-01-01,year,CONFIRMED,confirme,1,false,Confirmer la date de publication du premier numéro de Valmy comme étant 1941.,Valmy (journal),,Q3554107
fac1a3f4-fd4c-441b-a613-83b6c20c61fb,Début de la construction de la cathédrale de Cologne,1248-01-01,1248-01-01,year,CONFIRMED,confirme,1,false,No change needed.,Cathédrale de Cologne,,Q4176
7ccc1142-f97d-44ce-a7f5-17ed8beaaaee,"Concile de Nicée, première réunion œcuménique du christianisme",0325-01-01,0325-01-01,year,LIKELY_CORRECT,preuve_externe_faible,0,false,Ajouter des sources externes fiables confirmant l'année 325 pour le Concile de Nicée.,,,
70c493bf-6b54-47f2-a60e-c73d9275d523,Première utilisation de la fourchette en France,1533-01-01,,,INSUFFICIENT_EVIDENCE,absence_de_singularite,0,true,"Rechercher des sources externes qui confirment une année précise pour l'introduction de la fourchette en France, ou requalifier le titre.",,,
0a24c6b7-3332-4aaa-b193-e40af0b65490,Épidémie de chikungunya mobilise les autorités sanitaires à La Réunion,2006-01-01,2006-01-01,year,LIKELY_CORRECT,probable_mais_a_confirmer,0.7,false,Vérifier si d'autres sources confirment que la mobilisation des autorités sanitaires a été plus importante en 2006 qu'en 2005.,https://fr.wikipedia.org/wiki/%C3%89pid%C3%A9mie_de_chikungunya_%C3%A0_La_R%C3%A9union,,Q3589133
bf4480bb-0061-4aaf-88ae-2dfe8a2cc548,Victoire des Saxons révoltés de Widukind contre les Francs dans la région de la Weser,0782-01-01,0782-01-01,year,LIKELY_CORRECT,probable_mais_a_confirmer,0.8,false,Confirmer l'année 782 comme date de l'événement.,Guerre des Saxons,,Q499909
eeacfb15-27d9-4775-9c06-521efc6648de,Partage du royaume des Francs entre les quatre fils de Clovis,0511-01-01,0511-01-01,year,CONFIRMED,confirme,1,false,Aucune modification nécessaire.,,,Q43482
deab2fd9-44cc-43fb-ab6a-a660459c5403,Décès de Christophe Colomb,1506-01-01,1506-01-01,year,CONFIRMED,confirme,0.9,false,No change needed.,Christophe Colomb,,Q7322
52f32753-4f77-4cf7-9b03-17ec661049bc,Sécheresse en Amazonie brésilienne,2010-01-01,,,INSUFFICIENT_EVIDENCE,annee_exacte_introuvable,0,true,Rechercher des sources externes mentionnant une sécheresse en Amazonie brésilienne en 2010.,,,Q2841453
baea9545-5bf2-4b84-8f7e-b6a1497c0d12,Bataille d'Okinawa,1945-01-01,1945-01-01,year,CONFIRMED,confirme,0.9,false,Confirmer la date de 1945.,https://fr.wikipedia.org/wiki/Bataille_d%27Okinawa,,Q192660
699f66bf-0d66-4184-82a8-692c51822a51,Construction de Sainte-Sophie à Constantinople,0537-01-01,0537-01-01,year,LIKELY_CORRECT,probable_mais_a_confirmer,0.8,false,No changes needed.,Sainte-Sophie (Constantinople),,Q12506
6c05620f-f1f1-4f66-b00c-0e25606946a3,Fracastoro théorise la contagion,1546-01-01,1546-01-01,year,LIKELY_CORRECT,preuve_externe_faible,0.8,false,Ajouter une source externe confirmant la date de publication de l'ouvrage *De Contagione et Contagiosis Morbis*.,,,
0571829d-f8f2-469d-acac-842181b247b3,Conjuration de Charles de Gontaut-Biron,1602-01-01,1602-01-01,year,CONFIRMED,confirme,0.9,false,No change needed.,https://fr.wikipedia.org/wiki/Charles_de_Gontaut-Biron,,Q1066570
f92a6ab4-3ac9-4e7e-a383-6cd9fa9fb404,Dissolution de l'Assemblée nationale par Chirac,1997-01-01,,,INSUFFICIENT_EVIDENCE,annee_exacte_introuvable,0,true,Rechercher des sources mentionnant spécifiquement la dissolution de l'Assemblée nationale par Jacques Chirac et l'année de cet événement.,https://fr.wikipedia.org/wiki/Dissolution_de_l%27Assembl%C3%A9e_nationale_(France),https://en.wikipedia.org/wiki/Parliamentary_dissolution_(France),Q17177277
620cadab-e95f-434b-99f2-58b08180d68b,Accords de Bretton Woods,1944-01-01,1944-01-01,year,CONFIRMED,confirme,0.9,false,No changes needed.,wikipedia_fr_article,wikipedia_en_article,Q188532
36366c1b-2efe-4930-bbbe-f116050f86bf,Annexion de la Bosnie-Herzégovine par l'Autriche-Hongrie,1908-10-05,1908-01-01,year,CONFIRMED,confirme,1,false,Aucune modification nécessaire.,,,Q194465
cb57922d-84c3-44d8-bd91-85079007c030,L'Angleterre prend le contrôle de New Amsterdam,1664-01-01,1664-01-01,year,CONFIRMED,confirme,0.9,false,Aucune recommandation.,La Nouvelle-Amsterdam,null,Q223308
21bfaf2e-bd06-4b58-8266-6b2f2b9f134e,"Disparition du fondateur des Restos du Cœur, humoriste français engagé dans l'aide sociale",1986-01-01,,,INSUFFICIENT_EVIDENCE,retrieval_insuffisant,0,true,Ajouter des sources externes fiables pour confirmer l'année de la mort de Coluche.,,,
7c880165-17aa-478e-9269-eb992e969455,Hegel publie « La Phénoménologie de l'esprit »,1807-01-01,1807-01-01,year,CONFIRMED,confirme,1,false,No change needed.,Phénoménologie de l'esprit,,Q877510
6611a85c-e1d6-4e7f-b504-a2f90d254da4,"Publication de ""L'Origine des espèces"" de Darwin",1859-11-24,1859-01-01,year,CONFIRMED,confirme,1,false,Aucune modification nécessaire.,https://fr.wikipedia.org/wiki/L%27Origine_des_esp%C3%A8ces,,Q20124
0deb9a71-5fc0-493d-b8a7-2def26f63987,Arrestation de Klaus Barbie,1983-01-01,1983-01-01,year,CONFIRMED,confirme,0.9,false,Aucune modification nécessaire.,wikipedia_fr_article,wikipedia_en_article,Q77088
ad5ed6d5-0bca-4c8a-a36b-fdb0c63c83e6,Règne de Louis XI,1461-01-01,,,INSUFFICIENT_EVIDENCE,absence_de_singularite,0,true,Confirmer la date de début du règne de Louis XI comme 1461.,Louis XI,,Q8058
90fdcad4-bc33-49f2-b6ee-1a117ecb8dde,Jean-Marie Lustiger nommé archevêque de Paris,1981-01-01,1981-01-01,year,CONFIRMED,confirme,0.9,false,No changes needed.,wikipedia_fr_article,,Q168509
51fa3dbd-fe05-4ee1-ba1a-5c93b452f003,The Great Gatsby,1925-01-01,1925-01-01,year,CONFIRMED,confirme,0.9,false,Confirmer la date de publication du roman The Great Gatsby comme étant 1925.,wikipedia_fr_article,wikipedia_en_article,Q214371
0b1c5dc5-097b-4afd-b6fd-7030c2da0b65,Sortie du film Matrix,1999-01-01,1999-01-01,year,CONFIRMED,confirme,0.9,false,No change needed.,https://fr.wikipedia.org/wiki/Matrix_(film),,Q83495
805822a3-270a-4ca4-b20f-42b3d83a4dcc,Début du règne de Justinien et Théodora,0527-01-01,0527-01-01,year,LIKELY_CORRECT,probable_mais_a_confirmer,0.8,false,No change needed.,"Théodora (impératrice, épouse de Justinien Ier)",,Q204843
a131de3d-85b4-413f-b390-7ecd309eb33d,Ouverture du tunnel sous la Manche – chantier,1988-01-01,,,INSUFFICIENT_EVIDENCE,absence_de_singularite,0,true,"Reject. The title refers to a construction phase, not a specific event in a single year.",Tunnel sous la Manche,,Q10257
7647024f-fbf5-43c7-b318-bf8a5a4586e1,Défaite de l'Invincible Armada,1588-10-01,1588-01-01,year,CONFIRMED,confirme,1,false,Aucune modification nécessaire.,Invincible Armada,Spanish Armada,Q179684
d3b5a6fc-26ef-4595-a55a-c10f08aa249f,"Mobilisation nationale contre le projet de Contrat première embauche, finalement abandonné",2006-01-01,2006-01-01,year,LIKELY_CORRECT,preuve_externe_faible,0.8,false,No change needed.,,,
6d14b243-b17b-4e9e-a536-e1b738db9bfb,Voyage de Vasco de Gama vers les Indes,1497-01-01,1497-01-01,year,LIKELY_CORRECT,probable_mais_a_confirmer,0.7,false,"Vérifier si 1497 est bien le début du voyage, et non l'arrivée en Inde.",https://fr.wikipedia.org/wiki/Vasco_de_Gama,,Q7328
28940099-777f-43cf-856e-f7353310c403,Schisme entre Églises d’Orient et d’Occident,1054-01-01,1054-01-01,year,CONFIRMED,confirme,0.9,false,No change needed.,Séparation des Églises d'Orient et d'Occident,,Q51648
29432e84-c418-46b6-9966-eff1b4d854c9,Accord commercial entre Gênes et le calife Al-Mu'tamid,1079-01-01,1079-01-01,year,LIKELY_CORRECT,preuve_externe_faible,0,false,Fournir des sources externes pour valider l'année de l'accord.,,,
8bd3b2a5-4c84-4ea0-83f2-eb079812c61d,Traité de Sèvres,1920-10-01,1920-01-01,year,CONFIRMED,confirme,0.9,false,Confirmer la date de 1920.,wikipedia_fr_article,wikipedia_en_article,Q182515
dccb3a15-d3ca-4857-9904-39967d06d1bc,Création du SMIC agricole,1971-01-01,,,INSUFFICIENT_EVIDENCE,annee_exacte_introuvable,0,true,Rechercher des sources fiables confirmant l'année de création du SMIC agricole.,,,Q3117998
c4573a6f-3b6a-4a32-8d04-fbbe84c15b23,Le Japon envahit la Mandchourie,1931-01-01,1931-01-01,year,LIKELY_CORRECT,preuve_externe_faible,0,false,Ajouter des sources externes pour confirmer l'année de l'invasion.,,,
196e6f18-3cfe-496a-ba39-412c55848bf9,Premier survol de Vénus par la sonde Mariner 2,1962-01-01,1962-01-01,year,CONFIRMED,confirme,1,false,Aucune modification nécessaire.,wikipedia_fr_article,,Q208984
ec2c7a6e-1739-48d2-aee1-727426c3daa4,Percée du Front National aux élections européennes en France,2014-01-01,2014-01-01,year,CONFIRMED,confirme,1,false,Aucune modification nécessaire.,Élections européennes de 2014 en France,,Q15057715
edc0e6cd-544f-43d2-9686-6614d60a87a3,"Bataille de Kosovo, expansion ottomane dans les Balkans",1389-01-01,1389-01-01,year,LIKELY_CORRECT,probable_mais_a_confirmer,0,false,Ajouter des sources externes fiables confirmant l'année 1389 pour la bataille de Kosovo.,,,Q1246
3d20c02f-c5c5-40cf-802e-7e7f0880fea0,Traité d'alliance franco-américaine,1778-01-01,1778-01-01,year,CONFIRMED,confirme,1,false,No change needed.,https://fr.wikipedia.org/wiki/Alliance_franco-am%C3%A9ricaine,,Q2838107
3e83eb33-e757-4959-b25e-48d7b9ca148b,Fondation de l'abbaye de Mellifont,1143-01-01,1143-01-01,year,LIKELY_CORRECT,probable_mais_a_confirmer,0.7,false,No change needed.,Abbaye de Mellifont,,Q966426
ccb51aaf-c89d-4988-8fbd-ae39d9220ad3,Achèvement du Nihon Shoki (Chroniques du Japon),0720-01-01,0720-01-01,year,CONFIRMED,confirme,1,false,Aucune modification nécessaire.,https://fr.wikipedia.org/wiki/Nihon_shoki,,Q813935
d5f9f87d-85d0-4a7b-b25d-b12b090de741,Éruption de la Montagne Pelée en Martinique,1902-05-08,1902-01-01,year,CONFIRMED,confirme,0.9,false,No change needed.,wikipedia_fr_article,,Q386230
37ee852e-d0d1-406e-8e74-b1b8dd400a02,Le discours secret de Khrouchtchev,1956-01-01,1956-01-01,year,CONFIRMED,confirme,0.9,false,None,,,Q35314
1879da59-9ccd-4f39-a6e2-fe45b35fef7c,Mariage de Jeanne de France et Louis d'Orléans,1476-01-01,,,INSUFFICIENT_EVIDENCE,annee_exacte_introuvable,0,true,Rechercher des sources externes qui mentionnent explicitement l'année du mariage de Jeanne de France et Louis d'Orléans.,,,Q337057
6d6e147d-83a1-46be-9f6d-99cab6d9d1df,Fondation de la Compagnie de Jésus (Jésuites),1540-01-01,1540-01-01,year,CONFIRMED,confirme,1,false,No change needed.,Compagnie de Jésus,,Q36380
f16d3b8b-d339-4506-a2b2-6e04d3e82d98,Bataille de Bouvines,1214-07-27,1214-01-01,year,CONFIRMED,confirme,0.9,false,Confirmer la date de 1214.,wikipedia_fr_article,wikipedia_en_article,Q830626
4296cf1b-f14e-4bf2-9799-fc297d7ac7c1,Première utilisation des cartes de crédit,1950-01-01,1950-01-01,year,LIKELY_CORRECT,preuve_externe_faible,0,false,Ajouter des sources externes fiables pour confirmer l'année de la première utilisation des cartes de crédit.,,,
bc84902b-b719-4c18-85bd-6258c6a5b8b8,Première traversée de la Manche en avion par Louis Blériot,1909-07-25,1909-01-01,year,CONFIRMED,confirme,1,false,No change needed.,Louis Blériot,,Q5396
1e775917-caa2-4794-b17e-55635bdaac82,Marie Curie obtient son deuxième prix Nobel,1911-01-01,1911-01-01,year,CONFIRMED,confirme,0.9,false,CONFIRMED.,https://fr.wikipedia.org/wiki/Marie_Curie,,Q7186
eaa6fc5e-5ec2-464d-b79b-74c76e3f5562,Mariage d'Anne de Bretagne avec Maximilien d'Autriche par procuration,1490-01-01,1490-01-01,year,CONFIRMED,confirme,0.9,false,None,https://fr.wikipedia.org/wiki/Anne_de_Bretagne,,Q201143
7b9e1c12-621e-4cbe-8dde-59e72a704d55,Sécheresse exceptionnelle provoquant une crise agricole grave en France,1976-01-01,1976-01-01,year,LIKELY_CORRECT,preuve_externe_faible,0.8,false,Aucune recommandation nécessaire.,,,Q25348950
ff8ccbf0-b732-45f1-a1ff-54ddd3c00b53,Début du règne d'Octar et Roua,0422-01-01,,,INSUFFICIENT_EVIDENCE,absence_de_singularite,0,true,Rejeter car il s'agit d'une période et non d'une année précise. Nécessite des sources externes pour confirmer l'année exacte du début du règne.,,,
cad44891-d977-467c-bf69-8844ae66a1ea,Occupation de la Bourgogne par Charles Martel,0734-01-01,0734-01-01,year,LIKELY_CORRECT,preuve_externe_faible,0,false,Ajouter des sources externes fiables pour confirmer l'année de l'événement.,,,
76916ed2-d707-419b-9c3f-953276e00472,Mort de Patrick Dewaere,1982-01-01,1982-01-01,year,CONFIRMED,confirme,1,false,Confirmer la date de 1982.,wikipedia_fr_article,wikipedia_en_article,Q551439
da481700-9a91-45f6-8990-48cc75e36a99,Assaut de Querétaro et chute de Maximilien Ier,1867-01-01,,,INSUFFICIENT_EVIDENCE,retrieval_insuffisant,0,true,Fournir des sources externes pour valider l'année de l'événement.,,,
9f46542b-93d4-418b-b49b-21e6292b8c0a,Guerre hispano-américaine,1898-10-01,1898-01-01,year,CONFIRMED,confirme,0.9,false,No changes needed.,https://fr.wikipedia.org/wiki/Guerre_hispano-am%C3%A9ricaine,,Q12583
22ece3d5-6e14-4137-9015-2e382545ee03,Lance Armstrong est déchu de ses titres,2012-01-01,2012-01-01,year,CONFIRMED,confirme,0.9,false,None,https://fr.wikipedia.org/wiki/Lance_Armstrong,,Q2172
729d2689-f1d2-40c7-a123-eb57f7797ae8,Publication du Liber Abaci introduisant les chiffres arabes en Europe,1202-01-01,1202-01-01,year,CONFIRMED,confirme,1,false,Aucune modification nécessaire.,Liber abaci,,Q2044496
9fc35ffb-bb7d-4ede-9899-8d733f755fbc,Bataille de Thessalonique,1040-01-01,,,INSUFFICIENT_EVIDENCE,preuve_insuffisante,0,true,Rechercher des sources supplémentaires pour confirmer l'année de la bataille de Thessalonique.,,,Q2890177
a167f3fb-dd4f-4269-b996-6b3fe9b0fa6a,Mort de Stéphane Hessel : L’auteur de « Indignez-vous,2013-01-01,2013-01-01,year,CONFIRMED,confirme,1,false,No change needed.,https://fr.wikipedia.org/wiki/St%C3%A9phane_Hessel,,Q165110
5e7bce44-ad2d-4393-b1f0-43d9a016be0e,Mort de Gengis Khan,1227-01-01,1227-01-01,year,DISPUTED_DATE,date_disputee,0.9,false,Vérifier les sources primaires pour déterminer la date exacte du décès.,wikipedia_fr_article,wikipedia_en_article,Q720
e47f61c3-7440-44c9-91e6-7bd882b5046b,Édit de pacification de Compiègne - Dissolution du parlement de Bretagne,1767-01-01,,,INSUFFICIENT_EVIDENCE,annee_exacte_introuvable,0,true,Fournir des sources externes pour valider l'année de l'édit de pacification de Compiègne et de la dissolution du parlement de Bretagne.,,,
33f018d4-fbed-4f32-a3a5-e5201f50b278,Génocide des Tutsis au Rwanda,1994-04-07,1994-01-01,year,CONFIRMED,confirme,0.9,false,Aucune modification nécessaire.,Événements initiaux du génocide des Tutsis au Rwanda,Rwandan genocide denial,Q3592940
badb8edc-93e7-4754-bb6d-e37be77dcf5a,Début de la christianisation de l’Irlande par saint Patrick,0432-01-01,,,DISPUTED_DATE,date_disputee,0.2,true,Rechercher des sources plus précises sur la date du début de la mission de saint Patrick en Irlande.,https://fr.wikipedia.org/wiki/Patrick_d%27Irlande,,Q165479
b17b6e0c-315a-4205-896a-00b5859e8507,Traité de Saragosse partageant le monde,1529-04-22,1529-01-01,year,CONFIRMED,confirme,0.9,false,Confirmer la date de 1529.,Saragosse,,Q10305
d8816694-0534-4432-b3d1-9b8925ca8ee5,Guerre du Tonneau,1774-01-01,,,INSUFFICIENT_EVIDENCE,annee_exacte_introuvable,0,true,A more reliable source is needed to confirm the year of the 'Guerre du Tonneau'.,,,Q42418881
faa9fc94-8717-4bf9-9edb-bfe8e573e030,Début de la construction du mur d'Hadrien,0122-01-01,0122-01-01,year,CONFIRMED,confirme,1,false,No change needed.,Mur d'Hadrien,,Q57357
d5cdb0ed-8c10-42f8-acde-4c9da98e2fed,Naufrage du Georges Philippar,1932-01-01,1932-01-01,year,CONFIRMED,confirme,1,false,Aucune.,Georges Philippar,,Q654411
a496d9b6-f980-4883-83df-a7fb2c386729,Fuite des moines de Noirmoutier devant les Normands qui y installent une base,0836-01-01,0836-01-01,year,LIKELY_CORRECT,preuve_externe_faible,0.5,false,Ajouter des sources externes pour valider l'année 836.,,,
16d9c8c0-7a14-4414-8347-fd9611ab1ea0,Début des guerres d'Italie,1494-01-01,1494-01-01,year,LIKELY_CORRECT,probable_mais_a_confirmer,0.8,false,Confirmer la date de 1494 comme début des guerres d'Italie.,https://fr.wikipedia.org/wiki/Guerres_d%27Italie,,Q273348
e800d138-16a4-4f10-b7b3-dda8732184cd,Publication de Madame Bovary de Flaubert,1857-01-01,1857-01-01,year,CONFIRMED,confirme,0.9,false,Confirmer la date de publication.,wikipedia_fr_article,wikipedia_en_article,Q193417
543e1a73-a9b4-49c6-90d5-f9c01cb6c655,Congrès d'Aix-la-Chapelle,1818-01-01,1818-01-01,year,CONFIRMED,confirme,1,false,No changes needed.,https://fr.wikipedia.org/wiki/Congr%C3%A8s_d%27Aix-la-Chapelle_(1818),,Q300738
3a99fc25-086f-40f2-b834-f3ea66a1ab34,Tasman découvre la Tasmanie,1642-01-01,1642-01-01,year,CONFIRMED,confirme,1,false,Aucune modification nécessaire.,Histoire de la Tasmanie,,Q1232351
adcae931-24c8-4161-9bb5-f823b7d50846,Création de l’Union pour la Vérité par Paul Desjardins,1909-01-01,1909-01-01,year,LIKELY_CORRECT,preuve_externe_faible,0.5,false,Ajouter des sources externes fiables pour confirmer l'année de création de l'Union pour la Vérité.,,,
08f04657-dfc0-4786-8a5e-b45ff6af1145,Mission Apollo 8,1968-12-21,1968-01-01,year,CONFIRMED,confirme,1,false,No changes needed.,wikipedia_fr_article,wikipedia_en_article,Q184201
87a456ca-6462-47dc-ade1-19479ffd6129,Naissance de Marie-Thérèse d'Autriche (Reine de France),1638-01-01,1638-01-01,year,CONFIRMED,confirme,0.9,false,None,wikipedia_fr_article,,Q400928
4fe78f75-fa0a-49ea-a47a-bf7957003eef,Éveil nationaliste tunisien face au protectorat français,1952-01-01,1952-01-01,year,LIKELY_CORRECT,probable_mais_a_confirmer,0.5,false,Rechercher des sources externes qui confirment l'éveil nationaliste tunisien et les événements spécifiques de 1952.,,,Q2017684
22eda382-dcd7-447d-8526-3f0d63722091,Invention du thermoscope,1612-01-01,1612-01-01,year,LIKELY_CORRECT,preuve_externe_faible,0.7,false,Vérifier si d'autres sources confirment l'année exacte de l'invention par Santorio.,Thermoscope,,Q2142490
2537cf00-1240-449b-baba-4b04139b43f8,Création de l’OTAN,1949-01-01,,,INSUFFICIENT_EVIDENCE,annee_exacte_introuvable,0,true,Ajouter des sources externes fiables mentionnant l'année de création de l'OTAN.,,,Q12800833
11b80e58-e6c4-4e63-a284-74b9d4924056,Inauguration du canal de Suez,1869-11-17,1869-01-01,year,CONFIRMED,confirme,0.9,false,No change needed.,Canal de Suez,,Q899
52bc3ad5-c3c8-45d0-ada0-d10e4ba00209,Première liaison transatlantique par Marconi,1901-01-01,,,INSUFFICIENT_EVIDENCE,retrieval_insuffisant,0,true,Ajouter des sources externes fiables pour confirmer l'année de la première liaison transatlantique par Marconi.,,,
6f731167-c988-42ea-a7dd-85de28ccf87e,Publication du premier magazine d'échecs,1836-01-01,,,INSUFFICIENT_EVIDENCE,annee_exacte_introuvable,0,true,Rechercher des sources confirmant l'année de publication du premier magazine d'échecs.,,,Q190042
fb11ea60-dc4e-459d-b795-f2ca1377b391,Fin de la révolte de Bar Kokhba,0135-01-01,0135-01-01,year,CONFIRMED,confirme,1,false,No change needed.,https://fr.wikipedia.org/wiki/R%C3%A9volte_de_Bar_Kokhba,,Q334502
03d3a455-31f2-48b4-998e-c950f7bbfa1b,Première course cycliste Paris-Rouen,1869-11-07,1869-01-01,year,CONFIRMED,confirme,1,false,Confirmation de la date de 1869.,https://fr.wikipedia.org/wiki/Paris-Rouen,,Q3365213
65028efa-4179-4dca-914a-f5258e00701a,Création de la police royale à Paris,1667-01-01,1667-01-01,year,CONFIRMED,confirme,1,false,No change needed.,Lieutenant général de police,,Q3238290
636af2ac-5013-4cbd-b0f6-aae395ca66c8,Création de moulin à vent de Weedley,1185-01-01,1185-01-01,year,LIKELY_CORRECT,preuve_externe_faible,0.5,false,Ajouter des sources externes fiables pour confirmer l'année de la création du moulin à vent de Weedley.,,,
02f185e5-ceaa-4b97-bd7e-a4cb2c03683f,Incendie du Bazar de la Charité à Paris,1897-05-04,1897-01-01,year,CONFIRMED,confirme,0.9,false,No change needed.,https://fr.wikipedia.org/wiki/Bazar_de_la_Charit%C3%A9,,Q661950
d1a85902-6654-41b6-8ba9-a58060620edd,Brevet du système secret de Hedy Lamarr,1942-01-01,1942-01-01,year,CONFIRMED,confirme,0.9,false,No change needed.,Hedy Lamarr,,Q49034
72c5fd64-949c-4d0c-88bf-37944dd29eb9,Règne de Philippe V le Long,1316-01-01,,,INSUFFICIENT_EVIDENCE,absence_de_singularite,0,true,"Reject the event as it describes a period, not a specific year.",wikipedia_fr_article,,Q8433
bf6f05c1-0903-41de-9d6e-f521534fbf42,Les Wisigoths pillent la Grèce,0396-01-01,0396-01-01,year,LIKELY_CORRECT,preuve_externe_faible,0.5,false,Ajouter des sources externes fiables pour confirmer l'année du pillage.,,,
13f1e868-910f-40bf-9919-4ca575dea7f9,Première émission de Radio Nova,1981-01-01,1981-01-01,year,CONFIRMED,confirme,0.9,false,Confirmer la date de 1981.,wikipedia_fr_article,,Q2292969
a4ebf446-515f-49d7-a4ad-c3175ed7128b,Signature de l'Entente cordiale avec le Royaume-Uni,1904-04-08,1904-01-01,year,CONFIRMED,confirme,0.9,false,No change needed.,Entente cordiale,,Q464399
6645b8af-1f85-42a7-9659-b42ecc716928,"Le premier cuirassé français, La Gloire",1859-01-01,1859-01-01,year,CONFIRMED,confirme,1,false,Aucune modification nécessaire.,Navire cuirassé,,Q1410980
a4c3dc97-b9a3-49e2-8a21-f6fceeb2f462,Inauguration du Burj Khalifa à Dubaï,2010-01-01,2010-01-01,year,CONFIRMED,confirme,1,false,No change needed.,Burj Khalifa,,Q12495
0d64e648-2776-4d98-ba43-68079d2efe6c,Début de la prohibition aux États-Unis,1920-01-17,1920-01-01,year,CONFIRMED,confirme,1,false,No changes needed.,1920 aux États-Unis,,Q2811297
81860d52-17c4-45cd-8378-fff5cb32adff,Fondation de la Ligue arabe,1945-01-01,1945-01-01,year,CONFIRMED,confirme,1,false,No change needed.,Ligue arabe,,Q7172
4bd0d7e6-82a5-4aec-be72-92346e78cf52,Coulage du navire écologiste Rainbow Warrior par les services secrets français à Auckland,1985-01-01,1985-01-01,year,LIKELY_CORRECT,preuve_externe_faible,0.5,false,Provide external sources to confirm the year of the event.,,,
1420cd24-e93c-4020-814e-4845d7093a4b,Traité des Pyrénées entre la France et l'Espagne,1659-01-01,1659-01-01,year,CONFIRMED,confirme,1,false,No change needed.,https://fr.wikipedia.org/wiki/Trait%C3%A9_des_Pyr%C3%A9n%C3%A9es,,Q221670
ec1409fb-6ce1-4352-b60f-a2b0325432bf,Sir Francis Drake revendique la Nouvelle-Albion,1579-01-01,1579-01-01,year,LIKELY_CORRECT,preuve_externe_faible,0.5,false,Ajouter des sources externes fiables pour confirmer l'année de la revendication de la Nouvelle-Albion par Sir Francis Drake.,,,
cbd5ab74-9245-4259-a2a9-4b07e932dc08,Publication de Les Misérables de Victor Hugo,1862-01-01,1862-01-01,year,CONFIRMED,confirme,1,false,Aucune modification nécessaire.,wikipedia_fr_article,,Q180736
7a6bf247-f99b-4c20-b082-6235cb33145c,Paix de Gisors,0965-01-01,,,INSUFFICIENT_EVIDENCE,annee_exacte_introuvable,0,true,Rechercher des sources historiques fiables mentionnant la Paix de Gisors et sa date.,,,Q271072
9122973f-897a-4ef4-bd01-0400a884cb9a,Révolte des fils de Louis le Pieux,0830-01-01,0830-01-01,year,LIKELY_CORRECT,probable_mais_a_confirmer,0.8,false,Confirmer la date de 830 pour la révolte des fils de Louis le Pieux.,Louis le Pieux,,Q43974
3ed8f080-071a-4583-88c4-dfa72e89e422,Bataille d’Andrinople,0378-01-01,0378-01-01,year,CONFIRMED,confirme,1,false,No change needed.,https://fr.wikipedia.org/wiki/Bataille_d%27Andrinople,,Q221374
f2a36e6a-81b6-4fdb-b04c-c6faf6378cef,Inauguration du One World Trade Center,2014-11-03,2014-01-01,year,CONFIRMED,confirme,0.9,false,Confirmer la date de 2014.,wikipedia_fr_article,,Q11245
6e23f987-7db0-46b5-a404-c0b5e789ebca,Crise des subprimes,2007-08-01,2007-01-01,year,CONFIRMED,confirme,0.9,false,Confirmer la date de 2007.,https://fr.wikipedia.org/wiki/Crise_des_subprimes,,Q844541
aabd0af8-ac90-4a82-a7bf-547874b54ba7,Apparition des premières guildes de boulangers,1200-01-01,,,INSUFFICIENT_EVIDENCE,absence_de_singularite,0,true,Rejeter car il s'agit d'un processus et non d'un événement singulier.,,,
451a3ad3-26d6-4006-a1aa-512c5c722d3e,Fin de la Guerre Iran-Irak,1988-10-01,1988-01-01,year,CONFIRMED,confirme,0.9,false,Aucune modification nécessaire.,https://fr.wikipedia.org/wiki/Guerre_Iran-Irak,,Q82664
8a7f8088-2a29-49bb-b0e0-d57f5210b91e,Affaire de corruption impliquant le club de football de Marseille,1993-01-01,1993-01-01,year,CONFIRMED,confirme,0.9,false,Aucune recommandation nécessaire.,,,Q2736
7a662452-1349-4471-82de-7d4e81a2e36b,Expulsion des derniers Sarrasins de Provence à La Garde-Freinet,0973-01-01,0973-01-01,year,CONFIRMED,confirme,0.9,false,No change needed.,,,Q2991382
fecb1136-e133-4f41-87f0-1909cdfe8552,Construction du premier moulin à papier en Espagne,1148-01-01,1148-01-01,year,LIKELY_CORRECT,probable_mais_a_confirmer,0.7,false,Vérifier d'autres sources pour confirmer l'année exacte.,Moulin à papier,,Q56316683
33f54e0d-3f1f-4fb6-9b00-ff452b4c5c0b,Seconde Guerre de l'Opium,1856-01-01,1856-01-01,year,POTENTIAL_DATE_ERROR,divergence_date,0.8,true,Rejeter car l'événement s'étend sur plusieurs années.,https://fr.wikipedia.org/wiki/Seconde_guerre_de_l%27opium,,Q418151
c601f736-b55e-45df-bb80-35a3fb7ad50b,Amédée VI crée l'Ordre du Collier,1362-01-01,1362-01-01,year,CONFIRMED,confirme,0.9,false,No change needed.,Amédée VI de Savoie,,Q451995
aaf724e5-d86b-42a1-8fe5-18a029d605fd,Amalaric devient roi des Wisigoths,0526-01-01,0526-01-01,year,CONFIRMED,confirme,0.9,false,No change needed.,https://fr.wikipedia.org/wiki/Amalaric,,Q452673
7cff624e-3a1f-42ec-ad66-461f1fb540cd,Apogée de la culture Nazca au Pérou,0300-01-01,,,INSUFFICIENT_EVIDENCE,absence_de_singularite,0,true,Rejeter car il s'agit d'une période et non d'une année unique.,,,Q208188
0abfdcf6-f2e0-4b96-947c-b2489be9b85b,Mort des suites de l'éruption du Kelut,1586-01-01,,,INSUFFICIENT_EVIDENCE,retrieval_insuffisant,0,true,Ajouter des sources externes fiables confirmant l'année de l'éruption du Kelut et les décès associés.,,,
8c2c741c-d7db-4bb5-a2ac-3915562f3f75,Début de l'empire Gupta,0320-01-01,0320-01-01,year,LIKELY_CORRECT,probable_mais_a_confirmer,0.7,false,Vérifier si d'autres sources confirment l'année 320 pour le début de l'empire Gupta.,https://fr.wikipedia.org/wiki/Empire_Gupta,,Q11774
36d76bb9-013b-4d10-a197-f0bd32b6ee18,Création de l'Union Française pour le Suffrage,1909-01-01,1909-01-01,year,LIKELY_CORRECT,probable_mais_a_confirmer,0.8,false,Vérifier avec des sources externes spécifiques à l'Union Française pour le Suffrage des Femmes.,,,Q185682
b23d1179-7e79-4a5a-a5f2-bbd3f4853dce,Création de l'Organisation Internationale du Travail,1919-01-01,1919-01-01,year,CONFIRMED,confirme,1,false,No changes needed.,https://fr.wikipedia.org/wiki/Organisation_internationale_du_travail,,Q54129
037f2773-ef85-42de-831e-278ae8b8170c,Cook débarque à Hawaï,1778-01-01,1778-01-01,year,LIKELY_CORRECT,probable_mais_a_confirmer,0,false,Rechercher des sources externes confirmant l'année du débarquement de Cook à Hawaï.,,,Q782
be827192-2cc3-479d-b544-c70cd5bfee53,Création de La Gazette par Théophraste Renaudot,1631-01-30,1631-01-01,year,CONFIRMED,confirme,0.9,false,No change needed.,Théophraste Renaudot,,Q560999
6056591d-b2aa-4348-a2d6-39dc007f53e9,Discours 'I Have a Dream' de Martin Luther King,1963-08-28,1963-01-01,year,CONFIRMED,confirme,0.9,false,Confirmer la date de 1963.,https://fr.wikipedia.org/wiki/I_have_a_dream,,Q192341
8b830ce0-dc3f-4b5b-b026-687704bf0ca4,Premières cellules armées FTP en zone occupée,1941-01-01,1941-01-01,year,LIKELY_CORRECT,preuve_externe_faible,0.5,false,Fournir des sources externes confirmant l'année 1941 pour la formation des premières cellules armées FTP en zone occupée.,,,
f62db111-d7fa-4b40-a889-6ca665d06c42,Premières observations de Leeuwenhoek,1676-01-01,1676-01-01,year,LIKELY_CORRECT,probable_mais_a_confirmer,0.8,false,Aucune modification nécessaire.,Antoni van Leeuwenhoek,,Q43522
1d7c9a16-8ab7-4081-85a7-6cec48b28be5,Seconde guerre du Liban,2006-01-01,2006-01-01,year,CONFIRMED,confirme,0.9,false,No changes needed.,2006 au Liban,,Q31339674
0ace7eab-3120-4112-95a0-3ec75819bd5b,Édit de Compiègne contre les Protestants,1557-01-01,1557-01-01,year,CONFIRMED,confirme,1,false,None,https://fr.wikipedia.org/wiki/%C3%89dit_de_Compi%C3%A8gne,,Q5338009
179860b6-c093-4e80-bcd2-1621b8d74c29,Révolte des Boxers,1900-10-01,,,DISPUTED_DATE,date_disputee,0.5,true,Rejeter car il s'agit d'une période et non d'une année unique.,https://fr.wikipedia.org/wiki/R%C3%A9volte_des_Boxers,,Q150229
162b9549-38b2-4bf2-a8d8-f820882eb332,Création du poste de surintendant des Finances,1561-01-01,1561-01-01,year,CONFIRMED,confirme,1,false,Confirmer la date de 1561.,https://fr.wikipedia.org/wiki/Surintendant_des_finances,,Q1809082
f956ad9a-fdac-47ea-b4c2-3832bb67f070,Canonisation de Louis IX,1297-01-01,1297-01-01,year,CONFIRMED,confirme,1,false,No changes needed.,Louis IX,,Q346
e5e2b582-5ed9-4973-9266-d7aa066f5879,Promulgation du Code Noir sur l'esclavage,1685-01-01,1685-01-01,year,CONFIRMED,confirme,1,false,No change needed.,wikipedia_fr_article,wikipedia_en_article,Q222969
2790cdfb-8ef6-449b-906b-a539137b064d,Régence de Baudouin V de Flandre sur le royaume de France,1060-01-01,,,INSUFFICIENT_EVIDENCE,annee_exacte_introuvable,0,true,Rechercher des sources externes qui confirment l'année exacte de la régence de Baudouin V.,,,Q3454969
d5317bde-a7e3-420a-bae9-d8c673dc76a2,Début de la colonisation du Congo Belge,1885-01-01,,,INSUFFICIENT_EVIDENCE,absence_de_singularite,0,true,Rejeter car le titre décrit une période et non un événement ponctuel. Le titre est ambigu car il ne précise pas si on parle de l'État Indépendant du Congo ou du Congo Belge.,Congo belge,,Q213510
b12ca59e-7584-49ed-a3a9-484bf4403343,Mouvement contre la loi Pécresse,2009-01-01,2009-01-01,year,LIKELY_CORRECT,preuve_externe_faible,0.8,false,Vérifier avec des sources externes pour une confirmation plus forte.,,,
d7d904e3-b9eb-4c72-af32-367418e29e49,Albert de Brandebourg sécularise la Prusse,1525-01-01,1525-01-01,year,CONFIRMED,confirme,1,false,Aucune.,Duché de Prusse,,Q153091
9d573b74-2c0a-4e01-b37a-c1bdd352ddcb,Début de la construction du Fort de Lahore,1566-01-01,,,INSUFFICIENT_EVIDENCE,absence_de_singularite,0,true,Rejeter car l'événement décrit une construction qui s'étale sur une période et non une année unique.,,,Q11739
ec296b23-80a6-42d7-8e3f-6eff2b262f72,Pacte Briand-Kellogg,1928-08-27,1928-01-01,year,CONFIRMED,confirme,1,false,Aucune révision nécessaire.,https://fr.wikipedia.org/wiki/Pacte_Briand-Kellogg,,Q205073
6e4a9a84-cc46-4c32-99cf-176024a96022,"Siège de Constantinople par les Avars et les Perses, repoussé par Byzance",0626-01-01,0626-01-01,year,LIKELY_CORRECT,preuve_externe_faible,0.5,false,Ajouter des sources externes fiables pour confirmer l'année du siège de Constantinople.,,,
982a8132-ac76-4deb-893a-78cbaf51db78,Mort de Marc Aurèle,0180-01-01,0180-01-01,year,CONFIRMED,confirme,1,false,Aucune.,wikipedia_fr_article,,Q1430
9d4a34a7-7763-4070-801e-20e4a3668d64,Première transfusion sanguine,1667-01-01,,,INSUFFICIENT_EVIDENCE,preuve_insuffisante,0,true,Chercher une source qui confirme l'année 1667 pour la première transfusion sanguine.,https://fr.wikipedia.org/wiki/Transfusion_sanguine,,Q183605
ec563b78-da8d-4d56-8f2b-e8c72b174fdc,Mungo Park atteint le fleuve Niger,1796-07-20,,,INSUFFICIENT_EVIDENCE,annee_exacte_introuvable,0,true,Rechercher des sources externes qui confirment l'année exacte où Mungo Park a atteint le fleuve Niger.,https://fr.wikipedia.org/wiki/Mungo_Park,,Q219086
2541a190-d9ea-4471-9c1d-f57ff4968b65,Traité de Verdun,0843-08-10,0843-01-01,year,CONFIRMED,confirme,0.9,false,Confirmer la date de 843 comme l'année du Traité de Verdun.,wikipedia_fr_article,wikipedia_en_article,Q134840
332cd52e-0a62-4a66-a7ff-26acf9f588b5,STO instauré par Vichy,1943-01-01,1943-01-01,year,LIKELY_CORRECT,probable_mais_a_confirmer,0.8,false,Confirmer la date de 1943 comme année d'instauration du STO par le régime de Vichy.,Régime de Vichy,,Q69808
3d4a594c-f8d4-42ad-9390-6b8d3a8f42d8,Déclaration Balfour,1917-01-01,1917-01-01,year,CONFIRMED,confirme,0.9,false,Confirmer la date de 1917.,wikipedia_fr_article,wikipedia_en_article,Q187152
e6a2ce6f-65cb-4f4a-b440-77b9eef7de0f,Newton découvre le calcul infinitésimal,1665-01-01,,,INSUFFICIENT_EVIDENCE,annee_exacte_introuvable,0,true,Rechercher des sources plus précises sur l'année exacte de la découverte du calcul infinitésimal par Newton.,Histoire du calcul infinitésimal,,Q2338709
f731bff9-4bc1-4581-b3b4-1a1361f02e0e,Grève nationale à EDF,1987-01-01,1987-01-01,year,LIKELY_CORRECT,preuve_externe_faible,0.5,false,Ajouter des sources externes pour valider l'année de la grève.,,,
34d924a4-468c-49fc-b3c4-6d5a9512ab33,Traité de Vienne mettant fin à la guerre de Succession de Pologne,1738-01-01,1738-01-01,year,CONFIRMED,confirme,1,false,Aucune recommandation nécessaire.,,,Q32929
ff37c46c-fd49-4916-98b1-90fd41648e1b,Bataille de Bannockburn,1314-01-01,1314-01-01,year,CONFIRMED,confirme,0.9,false,Confirmer la date de 1314 pour la bataille de Bannockburn.,wikipedia_fr_article,wikipedia_en_article,Q222520
cae1314b-0ee1-4840-a15a-7e589416890f,Bataille de Lépante,1571-01-01,1571-01-01,year,CONFIRMED,confirme,1,false,Confirmer la date de 1571.,https://fr.wikipedia.org/wiki/Bataille_de_L%C3%A9pante,,Q165425
29d701a7-da56-45ea-b315-09b883dc30a2,Premier aquarium public,1853-05-21,1853-01-01,year,CONFIRMED,confirme,1,false,Aucune recommandation nécessaire.,,,Q45782
5b11d018-f14d-45d1-9ac7-37f4c4021cf8,Ouverture première ligne d'omnibus (Nantes),1826-01-01,1826-01-01,year,LIKELY_CORRECT,probable_mais_a_confirmer,0.8,false,Vérifier avec d'autres sources l'année exacte de l'ouverture de la première ligne d'omnibus à Nantes.,,,Q3238930
408ce7ca-49f0-4198-94c5-73188cdf1476,Massacre de Nankin,1937-12-13,1937-01-01,year,CONFIRMED,confirme,0.9,false,Confirmer la date de 1937.,wikipedia_fr_article,wikipedia_en_article,Q192055
5a48057f-4c33-4782-8956-00c34d43bc79,Mort du roi Robert II,1031-01-01,1031-01-01,year,CONFIRMED,confirme,0.9,false,Confirmer la date de 1031 comme année de la mort de Robert II.,wikipedia_fr_article,wikipedia_en_article,Q178918
6c416632-8000-4afc-af7b-35d2b0631ee6,Fin de la Guerre de Cent Ans - Bataille de Castillon,1453-01-01,1453-01-01,year,CONFIRMED,confirme,0.9,false,Confirmer la date de 1453 comme année de la fin de la Guerre de Cent Ans avec la bataille de Castillon.,wikipedia_fr_article,wikipedia_en_article,Q932613
0c362acd-a86a-403e-a378-c0f4370322ed,Invention du bateau à vapeur par Jouffroy d'Abbans,1783-01-01,,,INSUFFICIENT_EVIDENCE,annee_exacte_introuvable,0,true,Search for sources that explicitly mention the year of Jouffroy d'Abbans' invention of the steamboat.,Bateau à vapeur,,Q178193
7f91b9b3-07c4-45a8-9963-e87e2ed1c361,Première bataille navale de Jutland,1916-01-01,1916-01-01,year,CONFIRMED,confirme,0.9,false,Confirmer la date de 1916.,Bataille du Jutland,,Q156554
c9b9b228-6c2a-428e-a2e7-4cceee6e831d,Siège de Tenochtitlan par Cortés,1521-01-01,1521-01-01,year,CONFIRMED,confirme,0.9,false,Confirmer la date de 1521.,https://fr.wikipedia.org/wiki/Si%C3%A8ge_de_Tenochtitlan,,Q593267
f9a0fd44-5889-48be-9a71-048eba7e0a31,Naufrage du SS Arctic,1854-01-01,1854-01-01,year,LIKELY_CORRECT,preuve_externe_faible,0.8,false,Confirmer la date de 1854.,https://fr.wikipedia.org/wiki/SS_Arctic,,Q637991
4c2b4900-f500-4b63-8384-cad81d09ed92,Approbation du premier vaccin contre le cancer (Gardasil),2006-01-01,,,INSUFFICIENT_EVIDENCE,retrieval_insuffisant,0,true,Fournir des sources externes fiables pour confirmer l'année d'approbation du vaccin Gardasil.,,,
d1ce6693-2346-4354-9f1f-3af36af6d62f,Mort de Clovis Ier,0511-11-27,0511-01-01,year,CONFIRMED,confirme,1,false,Confirmer la date de 511 comme année de la mort de Clovis Ier.,https://fr.wikipedia.org/wiki/Clovis_Ier,,Q82339
6453c820-dc86-4343-b616-10c59415c681,Première loi sur la ségrégation raciale (Afrique du Sud),1911-01-01,1911-01-01,year,LIKELY_CORRECT,probable_mais_a_confirmer,0.8,false,Confirmer la date de 1911 comme étant l'année de la première loi sur la ségrégation raciale en Afrique du Sud.,,,Q59816
2bcbc926-5670-4fae-8d13-0277a3fe39ce,Mort de Louis XIV,1715-09-01,1715-01-01,year,CONFIRMED,confirme,1,false,Aucune modification nécessaire.,wikipedia_fr_article,wikipedia_en_article,Q3324481
57bba2ab-a878-4379-a197-32663935ebd5,Chute du mur de Berlin,1989-11-09,1989-01-01,year,CONFIRMED,confirme,0.9,false,Confirmer la date de 1989.,https://fr.wikipedia.org/wiki/Chute_du_mur_de_Berlin,,Q69163529
a62a7996-0027-478d-9ede-73548effc130,Mort de Martin Luther,1546-01-01,1546-01-01,year,CONFIRMED,confirme,0.9,false,Aucune modification nécessaire.,wikipedia_fr_article,wikipedia_en_article,Q9554
a810602b-52c2-498c-a2d8-702bca1f7615,Nuit de Cristal,1938-11-09,1938-01-01,year,CONFIRMED,confirme,0.9,false,Confirmer la date de 1938.,wikipedia_fr_article,,Q36756
25b17e0d-6d4e-4a41-8eef-88bbc5869d81,Mort de Brian Boru à Clontarf,1014-01-01,1014-01-01,year,CONFIRMED,confirme,1,false,No change needed.,Brian Boru,,Q272498
8c1b31ae-6fd8-48e2-ae69-da578f8710ae,Fondation de l’ENA,1945-01-01,,,INSUFFICIENT_EVIDENCE,retrieval_insuffisant,0,true,Ajouter des sources externes fiables pour confirmer l'année de fondation de l'ENA.,,,
2a235ca4-701f-4ce8-8338-9fa5d19693f0,Conférence de Yalta,1945-02-04,1945-01-01,year,CONFIRMED,confirme,0.9,false,Aucune modification nécessaire.,wikipedia_fr_article,,Q161227
1c713c20-17c9-4415-8b29-8ce7a93edbbb,Athanagild devient roi des Wisigoths,0554-01-01,0554-01-01,year,LIKELY_CORRECT,preuve_externe_faible,0.5,false,Search for external sources to confirm the year 554.,,,
0c4eb946-a8b5-43c4-91ab-a7d0f64a8076,Bill of Rights,1689-10-01,1689-01-01,year,CONFIRMED,confirme,0.9,false,None,wikipedia_fr_article,,Q251933
191bfc63-e3dd-46e6-8270-3e96061b7d8d,Grandes purges en URSS,1936-08-19,1936-01-01,year,CONFIRMED,confirme,0.9,false,No change needed.,https://fr.wikipedia.org/wiki/Grandes_Purges,,Q187650
4108d7ab-2aae-427a-be59-5a0b11fb3b14,Botticelli peint la Naissance de Vénus,1486-01-01,,,DISPUTED_DATE,date_disputee,0.4,true,Rechercher des sources supplémentaires pour confirmer l'année exacte de la peinture.,https://fr.wikipedia.org/wiki/La_Naissance_de_V%C3%A9nus_(Botticelli),,Q151047
0dbbb958-c979-42ef-83f5-634737acf18c,Réformes de Dioclétien en Gaule,0297-01-01,0297-01-01,year,LIKELY_CORRECT,preuve_externe_faible,0.8,false,No change needed.,wikipedia_fr_article,,Q715376
803a333e-efed-45a7-8128-1199da8e2ece,Découverte de la vitamine C par Albert Szent-Györgyi,1932-01-01,,,INSUFFICIENT_EVIDENCE,annee_exacte_introuvable,0,true,Rechercher des sources mentionnant explicitement l'année de la découverte de la vitamine C par Albert Szent-Györgyi.,https://fr.wikipedia.org/wiki/Albert_Szent-Gy%C3%B6rgyi,,Q180468
3b467573-ee58-4db2-b4b5-f672c95ca3cc,Bataille de Ravenne,1512-01-01,1512-01-01,year,CONFIRMED,confirme,1,false,Confirmer la date de 1512.,wikipedia_fr_article,wikipedia_en_article,Q1137980
3f477ac9-816c-4c09-8974-9032d68196d8,Bataille d'Audenarde,1708-01-01,1708-01-01,year,CONFIRMED,confirme,1,false,Confirmer la date de 1708.,https://fr.wikipedia.org/wiki/Bataille_d%27Audenarde_(1708),,Q316139
29373817-c8dd-47b7-a3b7-426aa90aad37,Création du Secrétariat d'État à la Condition féminine,1974-01-01,,,INSUFFICIENT_EVIDENCE,annee_exacte_introuvable,0,true,Seek additional sources to confirm the year of creation.,,,Q136231595
a6ed5d6b-cdf3-45e9-a50e-5266d0cc04de,Création de l'Imprimerie Royale,1539-01-01,,,INSUFFICIENT_EVIDENCE,annee_exacte_introuvable,0,true,"Rechercher des sources externes fiables (articles historiques, documents officiels) qui confirment l'année exacte de la création de l'Imprimerie Royale.",,,Q11034
9c2533a9-3b6f-4b53-9226-1205e439fd3a,Invention de la machine à écrire par Christopher Latham Sholes,1868-01-01,,,INSUFFICIENT_EVIDENCE,annee_exacte_introuvable,0,true,Rechercher des sources confirmant l'année de l'invention.,Christopher Latham Sholes,,Q453351
1152cdb9-5cc4-48a5-82de-a05dd9c8ede4,Arrestation de Nicolas Fouquet,1661-01-01,1661-01-01,year,CONFIRMED,confirme,0.9,false,Aucune recommandation nécessaire.,wikipedia_fr_article,wikipedia_en_article,Q312794
2d6c4f8a-58b2-4350-86d8-db5762d36129,Prix Goncourt 1906 : Jérôme et Jean Tharaud,1906-01-01,1906-01-01,year,CONFIRMED,confirme,0.9,false,Aucune action nécessaire.,https://fr.wikipedia.org/wiki/Prix_Goncourt,https://en.wikipedia.org/wiki/Prix_Goncourt,Q187300
8d3dd5b1-91c5-4549-a8f5-522bed664034,Raids des Hongrois en Bourgogne,0935-01-01,0935-01-01,year,LIKELY_CORRECT,preuve_externe_faible,0.5,false,Fournir des sources externes pour confirmer l'année 935.,,,
171c07f9-8f2d-446c-99ad-b24f677f5688,Bataille du réservoir de Chosin,1950-11-27,1950-01-01,year,CONFIRMED,confirme,0.9,false,Confirmer la date de 1950.,https://fr.wikipedia.org/wiki/Bataille_du_r%C3%A9servoir_de_Chosin,,Q277337
a698d03e-9892-4f7d-ad69-be9109e068f4,Signature du Concordat de Bologne,1516-08-10,1516-01-01,year,CONFIRMED,confirme,1,false,Aucune modification nécessaire.,https://fr.wikipedia.org/wiki/Concordat_de_Bologne,,Q1627409
d0863150-66aa-4e6e-8f4a-fc640c09ff61,Bataille de Saint-Quentin,1557-01-01,1557-01-01,year,CONFIRMED,confirme,0.9,false,No change needed.,wikipedia_fr_article,wikipedia_en_article,Q2066129
56b110ff-77b1-4351-95f7-6987dd40b2a0,Prix Goncourt 1908 : Francis de Miomandre,1908-01-01,1908-01-01,year,CONFIRMED,confirme,1,false,Aucune action nécessaire.,wikipedia_fr_article,wikipedia_en_article,Q3081769
533f7507-85bb-4cab-aa57-2496c9aec4bb,Éruption du Volcan Agua,1541-01-01,1541-01-01,year,CONFIRMED,confirme,0.9,false,Aucune.,Volcán de Agua,,Q1327687
9960764a-6ef7-4e21-99bc-662d11809ef3,Premier scanner médical (Hounsfield),1972-01-01,1972-01-01,year,CONFIRMED,confirme,1,false,No change needed.,Godfrey Hounsfield,,Q273769
b22aedef-9b43-434a-a648-f9c8d6967dc5,Bataille de Tewkesbury dans la Guerre des Roses,1471-01-01,1471-01-01,year,CONFIRMED,confirme,0.9,false,Confirmer la date de 1471.,https://fr.wikipedia.org/wiki/Bataille_de_Tewkesbury,,Q1337059
420e814c-5732-4313-adfe-b36708fcf492,Traité de Jaffa entre Richard Cœur de Lion et Saladin,1192-01-01,1192-01-01,year,CONFIRMED,confirme,1,false,Aucune modification nécessaire.,https://fr.wikipedia.org/wiki/Trait%C3%A9_de_Jaffa_(1192),,Q7837102
162e91d4-a2e5-4b68-8e60-c1e3d34deb1c,Fondation de Singapour par Sir Stamford Raffles,1819-01-01,,,INSUFFICIENT_EVIDENCE,preuve_insuffisante,0,true,Rechercher des sources confirmant l'année 1819 pour la fondation de Singapour par Sir Stamford Raffles.,Singapour,,Q334
e830a6d9-bce4-49ec-9f4a-4140e91b85e1,Création de l'Académie royale des sciences,1666-12-22,1666-01-01,year,CONFIRMED,confirme,1,false,Aucune recommandation.,https://fr.wikipedia.org/wiki/Liste_des_membres_de_l%27Acad%C3%A9mie_royale_des_sciences,https://en.wikipedia.org/wiki/French_Academy_of_Sciences,Q188771
b0fc609e-6376-4c3f-b09a-979fc4717455,Procès du Singe,1925-10-01,1925-01-01,year,CONFIRMED,confirme,1,false,Aucune recommandation nécessaire.,Procès du singe,,Q642342
54f95f10-f61c-430f-b371-6d12fe440f82,Premières voitures Citroën DS exportées massivement,1959-01-01,1959-01-01,year,LIKELY_CORRECT,preuve_externe_faible,0.5,false,Rechercher des sources confirmant l'exportation massive des Citroën DS en 1959.,,,Q233327
81489ec4-cdb1-4e32-afca-47ac917a6542,Crise des otages en Iran,1979-11-04,1979-01-01,year,CONFIRMED,confirme,1,false,Confirmer la date de 1979 comme année de l'événement.,https://fr.wikipedia.org/wiki/Crise_des_otages_am%C3%A9ricains_en_Iran,,Q589673
2acc66fc-71af-4ca4-b71c-60b6f5cb9c14,Naufrage du SS Eastland,1915-01-01,1915-01-01,year,CONFIRMED,confirme,1,false,Aucune.,Eastland,,Q1278272
83e39e33-2d02-4791-b525-0e0b90534b8b,Coupe du Monde 1950 : Le 'Maracanazo',1950-01-01,1950-01-01,year,CONFIRMED,confirme,1,false,No change needed.,Coupe du monde de football 1950,,Q132515
8fe29348-672c-4405-a54d-6961b53f6a79,Accord commercial entre Pise et l'Égypte fatimide,1156-01-01,,,INSUFFICIENT_EVIDENCE,annee_exacte_introuvable,0,true,Rechercher des sources primaires ou secondaires qui mentionnent spécifiquement l'accord commercial entre Pise et l'Égypte fatimide en 1156.,,,Q2756472
a80e3e13-9983-401c-8059-95d3c45e67ba,Création du prix littéraire Renaudot,1926-01-01,1926-01-01,year,CONFIRMED,confirme,1,false,No change needed.,Prix Renaudot,,Q755723
f3f97a0e-0179-470e-9bd2-e59943fd5ca1,Participation de Michel Jazy aux JO de Melbourne,1956-01-01,1956-01-01,year,CONFIRMED,confirme,0.9,false,No change needed.,https://fr.wikipedia.org/wiki/Michel_Jazy,,Q1385699
df685a4e-88ae-43b3-a747-751cd0ce7f30,Identification de Gliese 581g,2010-01-01,,,INSUFFICIENT_EVIDENCE,retrieval_insuffisant,0,true,Fournir des sources externes pour valider l'année de l'identification de Gliese 581g.,,,
7706f611-1f06-4a57-8c35-9d87a850752a,Création de l’Agence France-Presse,1954-01-01,,,INSUFFICIENT_EVIDENCE,annee_exacte_introuvable,0,true,Find a reliable source confirming the creation date of AFP in 1954.,https://fr.wikipedia.org/wiki/Agence_France-Presse,,Q40464
ee06d285-a73d-4903-abd6-95eb2f01f200,Événement scientifique national visant à promouvoir la recherche auprès du grand public,1991-01-01,1991-01-01,year,CONFIRMED,confirme,0.9,false,Aucune modification nécessaire.,,,Q76588157
529c9c1a-7d26-4149-909c-7a11231e9d13,Mise en service de la centrale d'Obninsk,1954-01-01,1954-01-01,year,CONFIRMED,confirme,1,false,No change needed.,Centrale nucléaire d'Obninsk,,Q1739453
96f1ce26-953a-4d09-958a-22828240dfa8,Première de La Mer de Claude Debussy,1905-10-15,1905-01-01,year,CONFIRMED,confirme,0.9,false,None,https://fr.wikipedia.org/wiki/Claude_Debussy,https://en.wikipedia.org/wiki/Claude_Debussy,Q4700
50b4294c-6247-47f5-93b6-0177aa4710af,Massacre des Latins,1182-01-01,1182-01-01,year,CONFIRMED,confirme,0.9,false,Aucune modification nécessaire.,wikipedia_fr_article,,Q1246569
f1b5bfe9-4a00-4805-88e0-365730e54244,Découverte de la Nouvelle-France par Jacques Cartier,1534-01-01,1534-01-01,year,CONFIRMED,confirme,0.9,false,Confirmer la date de 1534 comme l'année de la découverte de la Nouvelle-France par Jacques Cartier.,wikipedia_fr_article,wikipedia_en_article,Q7321
406ef2d7-dc6f-426f-a101-280f57540404,Création de la première banque centrale (Suède),1668-01-01,1668-01-01,year,CONFIRMED,confirme,1,false,No change needed.,Banque de Suède,,Q564652
bcaad286-8475-440f-b337-b68f74997ebd,Édit de Compiègne (persécutions religieuses),1535-01-01,1535-01-01,year,LIKELY_CORRECT,preuve_externe_faible,0.5,false,Ajouter des sources externes fiables confirmant l'année de l'Édit de Compiègne.,,,
77254478-2741-4941-a997-c6e9a16324fd,Création de la Fédération abolitionniste internationale,1875-01-01,1875-01-01,year,DISPUTED_DATE,date_disputee,0.6,true,Vérifier les sources primaires pour déterminer la date exacte de création.,https://fr.wikipedia.org/wiki/F%C3%A9d%C3%A9ration_abolitionniste_internationale,,Q302373
094c94bd-fadf-4508-96f8-9f34a70a5e93,Marriage of Marie Leszczyńska and Louis XV,1725-01-01,1725-01-01,year,CONFIRMED,confirme,1,false,No change needed.,wikipedia_fr_article,wikipedia_en_article,Q231674
422c4576-ec61-45b1-b14e-b3f08dc3639f,Plotin fonde l'école néoplatonicienne,0244-01-01,0246-01-01,year,POTENTIAL_DATE_ERROR,divergence_date,0.7,false,Corriger la date dans la base de données avec 246.,Plotin,,Q134189
b3a527fd-582b-4850-a37e-451e88fb8a6d,Création du RPF,1947-01-01,1947-01-01,year,LIKELY_CORRECT,preuve_externe_faible,0,false,Ajouter des sources externes fiables pour confirmer l'année de création du RPF.,,,
8232a031-e735-43c8-bc33-6b3c74c1e200,Sacre de Louis XV,1722-01-01,1722-01-01,year,LIKELY_CORRECT,probable_mais_a_confirmer,0.8,false,Confirm the date based on additional sources.,,Louis XV,Q125522956
af7e9232-973e-479c-b41f-dce85f24209f,"Mort de Diana, princesse de Galles",1997-01-01,1997-01-01,year,CONFIRMED,confirme,0.9,false,Aucune action nécessaire.,,,Q2000835
dbc69022-7f48-4ff2-8b80-4a598facc9b2,Ptolémée écrit l'Almageste,0150-01-01,,,INSUFFICIENT_EVIDENCE,annee_exacte_introuvable,0,true,Rechercher des sources plus précises concernant la date de publication de l'Almageste.,Claude Ptolémée,,Q34943
b412511a-66e8-4b5a-a2a7-ae26845f86f5,Jean sans Terre se rebelle contre Richard Coeur de Lion et Philippe Auguste,1193-01-01,1193-01-01,year,LIKELY_CORRECT,probable_mais_a_confirmer,0.7,false,Vérifier si d'autres sources confirment la rébellion en 1193.,https://fr.wikipedia.org/wiki/Jean_sans_Terre,,Q129308
2c71ab2c-3c0f-49b2-bb42-f9466ca4c7b4,Stanley retrouve Livingstone en Afrique centrale,1871-01-01,1871-01-01,year,LIKELY_CORRECT,probable_mais_a_confirmer,0.8,false,Confirmer la date de 1871 comme date de la rencontre entre Stanley et Livingstone.,Comment j'ai retrouvé Livingstone,,Q2986148
333970ca-0667-40f1-a939-67c77bdaa18f,Utilisation du zéro comme séparateur décimal par Al-Battani,0904-01-01,,,INSUFFICIENT_EVIDENCE,absence_de_singularite,0,true,Rejeter car l'événement décrit une utilisation et non un événement ponctuel.,,,
c3a6a089-91db-49fb-8ae6-08d20daad821,Mort de Napoléon Ier,1821-01-01,1821-01-01,year,CONFIRMED,confirme,0.9,false,Confirmer la date de 1821.,wikipedia_fr_article,wikipedia_en_article,Q1452017
7db3363c-4d35-42d9-9aa0-9646ca7ca05c,Arrestation de Babeuf,1796-01-01,1796-01-01,year,LIKELY_CORRECT,preuve_externe_faible,0.5,false,Ajouter des sources externes fiables pour confirmer l'année de l'arrestation de Babeuf.,,,
93a5c3b3-f48b-43b4-acf1-d99f2a091275,Création de l'Organisation maritime internationale,1948-01-01,,,DISPUTED_DATE,date_disputee,0.1,true,Vérifier la date de création de l'OMI avec des sources plus fiables.,https://fr.wikipedia.org/wiki/Organisation_maritime_internationale,,Q201054
70adc6e7-3d6a-4a20-b116-61943ff17233,Conférence interalliée de Paris (janvier 1917),1917-01-01,1917-01-01,year,CONFIRMED,confirme,1,false,Confirmer la date de 1917.,,,Q2092
7514416f-c285-4d29-bc1c-9e09d11b065f,Pétition pour le droit de vote des femmes,1876-01-01,1876-01-01,year,LIKELY_CORRECT,probable_mais_a_confirmer,0.7,false,Vérifier si d'autres sources confirment l'année exacte du dépôt de la pétition.,Droit de vote des femmes,,Q205204
25607b24-5e94-47d2-b9f1-43866ab3765c,Bicentenaire de la Révolution Française,1989-01-01,1989-01-01,year,CONFIRMED,confirme,1,false,No changes needed.,https://fr.wikipedia.org/wiki/Bicentenaire_de_la_R%C3%A9volution,,Q2901609
389c2b65-96bb-4bd6-80d2-e6c8b154147e,Grande Jacquerie,1358-01-01,1358-01-01,year,CONFIRMED,confirme,0.9,false,Confirm the date as 1358.,wikipedia_fr_article,wikipedia_en_article,Q7126013
ab1ec388-b480-496e-9063-bb1cec883c88,Le Golden Hind fait le tour du monde,1580-01-01,1580-01-01,year,CONFIRMED,confirme,0.9,false,Confirmer la date de 1580 comme l'année où le Golden Hind a terminé son tour du monde.,wikipedia_fr_article,,Q546198
5d3a08ef-2ea7-4712-8e64-654a821af7ae,Naissance de François Ravaillac,1578-01-01,1578-01-01,year,CONFIRMED,confirme,0.9,false,Confirm the date as 1578-01-01 with precision year.,wikipedia_fr_article,wikipedia_en_article,Q349190
5d67c247-82fd-45ee-94b7-dfa86e33f1ee,Indépendance du Maroc,1956-03-02,1956-01-01,year,CONFIRMED,confirme,0.9,false,None,wikipedia_fr_article,wikipedia_en_article,Q120823474
f487c5cc-eb1c-4043-babb-4c6dd8963dc6,Publication du premier volume de 'Das Kapital',1867-01-01,,,INSUFFICIENT_EVIDENCE,retrieval_insuffisant,0,true,Fournir des sources externes fiables pour confirmer l'année de publication.,,,
23e96e4d-373e-4daf-a8f4-e68486ddeb09,Début de l'Empire du Mali sous Soundiata Keita,1235-01-01,1235-01-01,year,CONFIRMED,confirme,0.9,false,Confirmer la date de 1235 comme début de l'Empire du Mali.,Empire du Mali,,Q184536
0487bbe7-70a3-401d-8dbb-033248a0b89e,Scandale des LuxLeaks,2014-01-01,2014-01-01,year,LIKELY_CORRECT,preuve_externe_faible,0.5,false,Fournir des sources externes fiables pour confirmer l'année de l'événement.,,,
188847c2-ed67-4189-9082-1169d106f056,Choix de Paris comme capitale du royaume des Francs,0508-01-01,0508-01-01,year,CONFIRMED,confirme,0.9,false,None,,,Q146246
fe390698-c365-4587-9d43-6f15a6535f49,Création du Parti communiste français,1920-12-27,1920-01-01,year,CONFIRMED,confirme,1,false,Confirmer la date de 1920.,Parti communiste français,,Q192821
6be56e78-7956-4b1e-bb2a-bdd2d5ec65de,Début de la Grande Guerre du Nord,1700-01-01,1700-01-01,year,CONFIRMED,confirme,0.9,false,Confirmer la date de 1700 comme début de la Grande Guerre du Nord.,Grande guerre du Nord,,Q151616
c44e4789-7533-4d51-81dd-1be5de54aa6c,Condamnation de l’Action française,1926-01-01,1926-01-01,year,CONFIRMED,confirme,0.9,false,No change needed.,wikipedia_fr_article,wikipedia_en_article,Q49629
a4a2c24b-dd7b-4e69-a026-d96e29060b63,Loi sur les apparentements en France,1951-01-01,1951-01-01,year,CONFIRMED,confirme,1,false,None,Loi des apparentements,,Q3258636
04908b7e-6074-4c97-b85d-c7ef87ea8a9a,Création de la première école hôtelière à Lausanne,1893-01-01,,,INSUFFICIENT_EVIDENCE,retrieval_insuffisant,0,true,Rechercher des sources externes qui confirment l'année de création de l'école hôtelière de Lausanne.,,,Q807
c7645fd5-db2c-481a-993f-eaae0fb55b3b,Abolition de l'esclavage dans les colonies françaises,1848-01-01,1848-01-01,year,CONFIRMED,confirme,1,false,No change needed.,L'Abolition de l'esclavage dans les colonies françaises en 1848,"Proclamation of the Abolition of Slavery in the French Colonies, 27 April 1848",Q3201377
a1c59fac-8a4e-47b2-b5f6-7300b09ccf48,Fin des croisades avec la chute de Tripoli,1289-01-01,1289-01-01,year,CONFIRMED,confirme,1,false,Confirmer la date de 1289.,https://fr.wikipedia.org/wiki/Chute_de_Tripoli,,Q5432166
dacd1fbb-b1d4-413e-9286-25feb7721b51,Guerre sino-japonaise,1894-10-01,1894-01-01,year,CONFIRMED,confirme,0.9,false,Confirmer la date de 1894.,Première guerre sino-japonaise,,Q178687
dc933b63-a1f9-413c-8256-d9920daed083,Ouverture du Concile de Trente,1545-10-01,1545-01-01,year,CONFIRMED,confirme,1,false,Aucune modification nécessaire.,Concile de Trente,,Q172991
afe61923-e64b-420d-b190-4bafa0b9b98f,"Le Tsar Bomb, la plus puissante bombe H",1961-01-01,1961-01-01,year,LIKELY_CORRECT,preuve_externe_faible,0,false,Ajouter une source externe confirmant l'année 1961 pour l'explosion de Tsar Bomba.,,,Q625107
43b47d76-1c71-4531-8fce-bf413077431a,Réforme de l'organisation universitaire française sous la loi sur l'enseignement supérieur,1985-01-01,1985-01-01,year,CONFIRMED,confirme,0.9,false,Confirmer la date de 1985.,,,Q136822
3e1d96bc-4c39-4e94-b567-c99660120c7b,Massacre de Wassy,1562-01-01,1562-01-01,year,CONFIRMED,confirme,0.9,false,Confirmer la date de 1562.,wikipedia_fr_article,,Q1086489
b95eb5a8-c721-40cc-80b8-f3762c068520,Référendum sur le Brexit,2016-01-01,2016-01-01,year,CONFIRMED,confirme,0.9,false,None,wikipedia_fr_article,wikipedia_en_article,Q7888194
00cafd61-cc7c-4684-99d6-dd59a7b57351,Mort de Pierre Paul Rubens,1640-01-01,1640-01-01,year,CONFIRMED,confirme,1,false,No change needed.,wikipedia_fr_article,,Q5599
cdd605f2-80fb-4316-b4c3-b666317d151f,Bataille de Bornhöved,1227-01-01,1227-01-01,year,CONFIRMED,confirme,1,false,Confirmer la date de 1227.,wikipedia_fr_article,wikipedia_en_article,Q490223
44673b7e-74c0-4d7e-abdc-9728e94344bc,Crise sociale majeure à Florange après fermeture de hauts-fourneaux,2012-01-01,2012-01-01,year,LIKELY_CORRECT,preuve_externe_faible,0.5,false,Fournir des sources externes confirmant la crise sociale à Florange et la fermeture des hauts-fourneaux en 2012.,,,
cc0be0cf-4dd4-4964-b461-9c555adc88c6,Découverte de l'épave du Titanic par Robert Ballard,1985-01-01,1985-01-01,year,CONFIRMED,confirme,0.9,false,Aucune modification nécessaire.,Épave du Titanic,,Q3018259
67b5d960-2977-4d62-aa22-fb5bfe2512e6,Descartes publie « Discours de la méthode »,1637-01-01,1637-01-01,year,CONFIRMED,confirme,1,false,Confirmer la date de publication en 1637.,https://fr.wikipedia.org/wiki/Discours_de_la_m%C3%A9thode,,Q731224
a05b9f30-6012-4f1e-b6b1-33d4e8036a68,Bataille de Plassey,1757-01-01,1757-01-01,year,CONFIRMED,confirme,0.9,false,Confirmer la date de 1757.,wikipedia_fr_article,wikipedia_en_article,Q203233
65cc01e5-1bfc-4405-81b5-983aaeca9778,Inauguration de la Tour Eiffel,1889-05-06,1889-01-01,year,CONFIRMED,confirme,0.9,false,Confirm the date as 1889.,wikipedia_fr_article,,Q243
9d92192d-4145-424c-8976-fa029b81844a,Construction de Cluny III,1088-01-01,1088-01-01,year,CONFIRMED,confirme,1,false,Confirmer la date de 1088 comme début de la construction de Cluny III.,wikipedia_fr_article,wikipedia_en_article,Q4410358
e506e552-1b4f-41f4-a851-8e9f78df5073,Découverte du neutron par James Chadwick,1932-01-01,1932-01-01,year,CONFIRMED,confirme,0.9,false,Valider la date de 1932.,Découverte du neutron,,Q19720529
b39ce22c-f975-4e2b-aa80-6dbac14c8e3f,Raimon-Bérenger IV s'unit à Pétronille,1150-01-01,,,INSUFFICIENT_EVIDENCE,retrieval_insuffisant,0,true,Fournir des sources externes pour confirmer l'année du mariage.,,,
cc2f84af-3385-42a2-b755-6fd4666718d4,Mort de Karl Marx,1883-01-01,1883-01-01,year,CONFIRMED,confirme,1,false,Confirmer la date de l'événement.,wikipedia_fr_article,wikipedia_en_article,Q9061
050efd83-8ca5-462e-8812-2a76feb7f2a3,Acte d'Union entre l'Angleterre et l'Écosse,1707-10-01,,,INSUFFICIENT_EVIDENCE,annee_exacte_introuvable,0,true,Rechercher des sources externes mentionnant explicitement l'année de l'Acte d'Union entre l'Angleterre et l'Écosse.,,,Q22
b7637266-7cf0-4513-aeae-93738cba3333,Première mention écrite du nom 'France',1030-01-01,,,INSUFFICIENT_EVIDENCE,absence_de_singularite,0,true,"Rechercher des sources externes fiables qui confirment l'année exacte de la première mention écrite du nom 'France'. Si l'information ne permet pas d'établir une année exacte unique, rejeter l'événement.",,,
3c7a4b41-851d-436c-a46f-01dafaec1edb,Première représentation du Bourgeois gentilhomme de Molière,1670-10-14,,,INSUFFICIENT_EVIDENCE,annee_exacte_introuvable,0,true,Ajouter une source externe fiable mentionnant l'année de la première représentation du Bourgeois gentilhomme de Molière.,,,Q687
1b8090b2-e565-405c-8a30-e885202bfe44,Bataille navale du 13 prairial au large d'Ouessant,1794-01-01,1794-01-01,year,LIKELY_CORRECT,preuve_externe_faible,0.8,false,Confirmer l'année 1794 comme date de l'événement.,,,Q202378
43d8dd3f-b126-42d7-bd1a-07be86aed774,Création du Ministère de la Mer,1983-01-01,,,INSUFFICIENT_EVIDENCE,annee_exacte_introuvable,0,true,"Rechercher des sources externes fiables (archives gouvernementales, journaux officiels, etc.) qui confirment l'année exacte de la création du Ministère de la Mer.",,,Q1518496
30f26cda-b9fe-4728-9d1b-c6795c5e7a75,Premier journal quotidien français,1777-01-01,1777-01-01,year,LIKELY_CORRECT,probable_mais_a_confirmer,0.8,false,Confirmer la date avec d'autres sources.,,,Q11032
efda7376-76b5-460c-b8aa-b1abda3f96e3,Premier vol commercial de l'Airbus A380,2007-01-01,,,INSUFFICIENT_EVIDENCE,annee_exacte_introuvable,0,true,Ajouter une source externe qui mentionne explicitement l'année du premier vol commercial de l'Airbus A380.,Airbus A380,,Q5830
610e2e93-29a6-4177-a91b-0e8e80d5205e,Massacre de Columbine,1999-01-01,1999-01-01,year,CONFIRMED,confirme,1,false,Confirmer la date de 1999.,,,Q1784535
5dae74b6-e700-4f41-b824-08683f175f7d,Cellule de crise au Quai d’Orsay après la prise de pouvoir nazie,1933-01-01,1933-01-01,year,LIKELY_CORRECT,preuve_externe_faible,0.8,false,Aucune recommandation nécessaire.,,,
d6918e35-b348-4264-b04b-7011cf752b4f,Marche pour l'égalité et contre le racisme,1983-01-01,1983-01-01,year,CONFIRMED,confirme,1,false,Confirm the date as 1983.,https://fr.wikipedia.org/wiki/Marche_pour_l%27%C3%A9galit%C3%A9_et_contre_le_racisme,,Q2401844
a376be9d-b9a6-49cc-8474-d904df12aae9,Implantation du protectorat français au Maroc,1912-01-01,1912-01-01,year,LIKELY_CORRECT,probable_mais_a_confirmer,0,false,Rechercher des sources externes confirmant l'année 1912 pour l'implantation du protectorat français au Maroc.,,,Q1028
c85b0329-c5bf-436e-aa26-a373346c6a3a,"Enquête sur l'affaire Clearstream 2, des liens présumés entre élite politique et secteur financier",2005-01-01,,,INSUFFICIENT_EVIDENCE,absence_de_singularite,0,true,Rechercher des sources externes pour identifier l'année de l'enquête sur l'affaire Clearstream 2.,,,
6fff7772-5747-439f-8e6f-f9b2cea9ad6f,Libération de la Bretagne occupée par les Vikings par Alain Barbe-Torte,0937-01-01,0937-01-01,year,LIKELY_CORRECT,preuve_externe_faible,0.8,false,Aucune action nécessaire.,,,Q327
fb24f5e3-2837-45e1-8040-f05083d24a7f,Bataille de Grandson,1476-01-01,1476-01-01,year,CONFIRMED,confirme,1,false,Aucune modification nécessaire.,wikipedia_fr_article,wikipedia_en_article,Q668008
b1ecee4d-7ee1-46a5-906a-c09c4a1659e5,Coup d'État du 18 Brumaire,1799-11-10,1799-01-01,year,CONFIRMED,confirme,0.9,false,No change needed.,wikipedia_fr_article,,Q620965
ca767447-1eb4-4e1a-9ed7-a5335ee313f3,Petrus Peregrinus' Dry Compass Description,1269-01-01,1269-01-01,year,CONFIRMED,confirme,0.9,false,Aucune modification nécessaire.,,Petrus Peregrinus de Maricourt,Q577394
8303f658-2339-4a38-bae8-2fbdb860740d,Retour de Christophe Colomb de son premier voyage en Amérique,1493-01-01,,,INSUFFICIENT_EVIDENCE,annee_exacte_introuvable,0,true,Rechercher des sources mentionnant spécifiquement l'année du retour de Christophe Colomb de son premier voyage en Amérique.,Christophe Colomb,,Q7322
98d528b9-82d0-44ed-9c86-50b46abb16da,Inauguration des Invalides,1679-01-01,1679-01-01,year,LIKELY_CORRECT,probable_mais_a_confirmer,0.8,false,No change needed.,wikipedia_fr_article,,Q188977
30b97748-834d-459c-b4fb-320a305fbcf7,Création du Conseil français du culte musulman – préparatifs,2002-01-01,2002-01-01,year,LIKELY_CORRECT,preuve_externe_faible,0.5,false,Fournir des sources externes pour confirmer l'année de création du CFCM.,,,
247e4e3f-b86c-49dc-bff3-c0a044521b70,Traité de Trianon,1920-06-04,1920-01-01,year,CONFIRMED,confirme,0.9,false,Confirmer la date de 1920 comme année de signature du traité de Trianon.,wikipedia_fr_article,wikipedia_en_article,Q181902
a5a66b7b-d155-45fd-a217-8e82f39ea0d6,Constitution de l'an III,1795-01-01,1795-01-01,year,CONFIRMED,confirme,0.9,false,Aucune modification nécessaire.,wikipedia_fr_article,wikipedia_en_article,Q664271
5e84a326-bcee-437b-bcd9-d810a43e7831,Adoption du Statut de Rome par la Sierra Leone,2002-01-01,,,INSUFFICIENT_EVIDENCE,preuve_insuffisante,0,true,Rechercher des sources externes confirmant l'année exacte de l'adoption du Statut de Rome par la Sierra Leone.,,,Q4742397
89e01393-a36d-420a-95e5-2d6920885007,Découverte du Mississippi,1673-01-01,1673-01-01,year,LIKELY_CORRECT,preuve_externe_faible,0.8,false,None,Mississippi (fleuve),,Q1497
ba35053b-5249-4fc5-9796-3803b78faaae,Trajan lance la construction de son forum à Rome,0107-01-01,0107-01-01,year,LIKELY_CORRECT,probable_mais_a_confirmer,0,false,Ajouter une source externe qui confirme l'année 107 pour le lancement de la construction du forum de Trajan.,https://fr.wikipedia.org/wiki/Trajan,,Q1425
7f6220d9-c285-4f30-8bdb-c25f05c063b8,Création de la FIFA,1904-01-01,1904-01-01,year,CONFIRMED,confirme,0.9,false,Confirmer la date de création de la FIFA comme étant 1904.,,wikipedia_en_article,Q182529
8c17e8be-25e9-4a6d-b2ce-4e356a3bdd4b,Publication de Don Quichotte de Cervantes,1605-01-01,1605-01-01,year,CONFIRMED,confirme,0.9,false,No change needed.,wikipedia_fr_article,,Q480
337a46d6-f488-49b4-938f-03cd4828d06d,Publication d''Une chambre à soi' de Virginia Woolf,1929-01-01,1929-01-01,year,CONFIRMED,confirme,0.9,false,No changes needed.,Virginia Woolf,,Q40909
19b4c083-2359-4fc3-b50c-be64cad93a38,Signature du traité Cobden-Chevalier,1860-01-01,1860-01-01,year,CONFIRMED,confirme,1,false,Aucune.,Traité Cobden-Chevalier,,Q688995
4a8a29ce-87c4-4dde-92be-a2f45da5202e,Première retransmission télévisée française,1935-01-01,,,INSUFFICIENT_EVIDENCE,retrieval_insuffisant,0,true,Fournir des sources externes pour valider l'année de la première retransmission télévisée française.,,,
5aee30ef-9b8e-45db-b3d2-8d8de47e17de,Loi SRU : obligation de construire des logements sociaux dans les communes,2001-01-01,2000-01-01,year,POTENTIAL_DATE_ERROR,divergence_date,0.5,false,Rechercher des sources externes confirmant l'année exacte de l'adoption de la loi SRU.,,,
b84d24e3-ff7c-4f00-8069-e6afb24ee0d1,Début de la Guerre de Sept Ans,1756-01-01,,,INSUFFICIENT_EVIDENCE,absence_de_singularite,0,true,Confirmer la date de début de la Guerre de Sept Ans comme étant 1756.,https://fr.wikipedia.org/wiki/Guerre_de_Sept_Ans,,Q33143
0bb2101e-6785-4f1f-9058-41aecd858c5d,Création de la Fédération Internationale des Échecs,1924-01-01,1924-01-01,year,CONFIRMED,confirme,1,false,Confirmer la date de 1924.,1924 aux échecs,,Q28135979
53568ce6-b0e4-4055-8d5b-99d7a3cf9232,Bataille de Ballon,0845-01-01,0845-01-01,year,CONFIRMED,confirme,0.9,false,Confirmer la date de 845.,wikipedia_fr_article,,Q2888101
2b8c663e-9051-4d6e-9a77-80e7a9799b43,Lancement du 'Flowbee' (tondeuse à cheveux),1980-01-01,,,INSUFFICIENT_EVIDENCE,annee_exacte_introuvable,0,true,Fournir des sources externes fiables pour confirmer l'année exacte du lancement du Flowbee.,,,
484e5113-8df6-4a8c-9c75-2b670871ffef,Lien entre le CO2 et le climat par Arrhenius,1896-01-01,1896-01-01,year,LIKELY_CORRECT,preuve_externe_faible,0.5,false,Fournir une source externe confirmant la publication de l'article d'Arrhenius en 1896.,,,
a83d704d-884c-48db-9157-5707e16b276e,Premier numéro de la revue mensuelle « homophile » Arcadie créée par André Baudry,1954-01-01,1954-01-01,year,LIKELY_CORRECT,preuve_externe_faible,0.5,false,Ajouter des sources externes confirmant la date de création de la revue Arcadie en 1954.,,,
e4525593-739b-46df-baf4-6e44a74eb70f,Naissance de Guillaume le Maréchal,1146-01-01,1146-01-01,year,CONFIRMED,confirme,0.9,false,Confirmer la date de naissance de Guillaume le Maréchal comme étant 1146.,wikipedia_fr_article,,Q348911
22ab5810-98eb-43f1-9e9d-2547929145ab,Conférence interalliée de Paris sur les réparations,1923-01-01,1923-01-01,year,LIKELY_CORRECT,probable_mais_a_confirmer,0.8,false,Vérifier si d'autres sources confirment l'année 1923 pour cette conférence spécifique.,,,Q2052390
5acedf56-2102-4606-bfae-b1473290cb2c,Exécution du roi Charles Ier d'Angleterre,1649-01-01,1649-01-01,year,CONFIRMED,confirme,1,false,No change needed.,Charles Ier (roi d'Angleterre),,Q81506
8c38728b-41e4-4061-9dc3-42eeb737b319,Édits royaux accordant aux maires du palais autorité et aux évêques liberté de désignation,0614-01-01,0614-01-01,year,LIKELY_CORRECT,preuve_externe_faible,0.5,false,Fournir des sources externes pour confirmer l'année de l'Édit de Paris.,,,
eb29abf6-3581-4355-91d6-98cd3fb3790b,Première greffe de rein par Joseph Murray,1954-01-01,1954-01-01,year,CONFIRMED,confirme,0.9,false,Aucune modification nécessaire.,Joseph Murray (médecin),,Q192282
77365226-dadc-437d-bb37-46044d23fe39,Mariage de Marie Tudor et Philippe II d'Espagne,1554-01-01,1554-01-01,year,CONFIRMED,confirme,0.9,false,No changes needed.,,,Q34417
d9850526-4c4b-46ab-bf1b-8b5eaeafdb02,Première de l'Orfeo de Monteverdi,1607-01-01,1607-01-01,year,CONFIRMED,confirme,0.9,false,Confirmer la date de 1607.,wikipedia_fr_article,wikipedia_en_article,Q724008
4ac6019a-813c-475c-83c3-919b4b2ea9ce,Bataille de Kleidion (Byzance contre Bulgarie),1014-01-01,1014-01-01,year,CONFIRMED,confirme,0.9,false,Confirmer la date de 1014 pour la bataille de Kleidion.,Bataille de la passe de Kleidion,,Q584047
830b5dc6-78e2-4277-b822-976f6330f892,Lancement de Google,1998-01-01,1998-01-01,year,CONFIRMED,confirme,1,false,Confirmer la date de 1998.,wikipedia_fr_article,,Q95
a96d857d-f81b-46f5-bf1c-4355175e5302,Guerre des Paysans allemands,1524-01-01,,,INSUFFICIENT_EVIDENCE,absence_de_singularite,0,true,Confirmer la date de début de la Guerre des Paysans allemands comme 1524.,https://fr.wikipedia.org/wiki/Guerre_des_Paysans_allemands,,Q154031
7d54197c-47b7-4d84-acb4-1090d2323de4,Bataille de la Bicoque,1522-01-01,1522-01-01,year,CONFIRMED,confirme,1,false,Confirmer la date de 1522.,https://fr.wikipedia.org/wiki/Bataille_de_la_Bicoque,,Q683341
efd5b3ae-8576-4dbb-9603-e0b7cd348a72,Charles VII autorise Jacques Coeur,1439-01-01,,,INSUFFICIENT_EVIDENCE,annee_exacte_introuvable,0,true,Rechercher des sources externes fiables confirmant l'année de l'autorisation de Charles VII à Jacques Coeur.,,,Q126188
7bf71d45-cead-4993-8b8e-bf1f7e9383c8,Invention de la machine à coudre,1829-01-01,,,INSUFFICIENT_EVIDENCE,annee_exacte_introuvable,0,true,Search for sources that explicitly state the year of the invention of the sewing machine by Barthélemy Thimonnier.,https://fr.wikipedia.org/wiki/Machine_%C3%A0_coudre,,Q49013
060a50b2-d5f8-44ff-ac52-b5c4a0a24c32,Synode de Saint-Basle de Verzy,0991-01-01,0991-01-01,year,LIKELY_CORRECT,preuve_externe_faible,0.5,false,Ajouter des sources externes pour confirmer l'année 991.,,,
238c322d-5452-4a0a-bbae-0f66b799c09a,Développement de la thérapie génique,1990-01-01,,,INSUFFICIENT_EVIDENCE,absence_de_singularite,0,true,Rejeter car il s'agit d'un développement et non d'un événement ponctuel. Le titre est ambigu et nécessite plus de précision pour identifier une année spécifique.,Thérapie génique,,Q213901
9a78f028-a4f1-42a2-8a04-1d74e409f6af,Le Calcio Fiorentino est codifié,1580-01-01,1580-01-01,year,LIKELY_CORRECT,preuve_externe_faible,0.5,false,Ajouter des sources externes fiables confirmant l'année 1580 pour la codification des règles du Calcio Fiorentino.,,,
780f7bfa-1271-4bd1-b2db-ccaaa32eca60,Révolte des Maillotins,1382-01-01,1382-01-01,year,CONFIRMED,confirme,1,false,Confirmer la date de 1382.,https://fr.wikipedia.org/wiki/R%C3%A9volte_des_Maillotins,,Q759980
b627d1af-5a1f-4b2c-a724-0e0bc328d656,Indépendance du Ghana,1957-03-06,1957-01-01,year,LIKELY_CORRECT,probable_mais_a_confirmer,0,false,Ajouter une source externe fiable confirmant l'année de l'indépendance du Ghana.,,,Q2672728
375db2fa-447e-4c39-aae9-f39330d9e077,Panique de 1907 aux États-Unis,1907-01-01,1907-01-01,year,CONFIRMED,confirme,1,false,Confirmer la date de 1907.,https://fr.wikipedia.org/wiki/1907_aux_%C3%89tats-Unis,,Q3735944
f162f5cb-3b29-4e2e-89bd-3d52767f2409,Fondation de la Royal Veterinary College de Londres,1792-01-01,1791-01-01,year,POTENTIAL_DATE_ERROR,divergence_date,1,false,Corriger l'année dans la base de données avec 1791.,Royal Veterinary College,,Q268411
b7d02be8-6033-420f-88da-0c83f94f0ee7,Indépendance du Bangladesh,1971-03-26,1971-01-01,year,CONFIRMED,confirme,0.9,false,No changes needed.,Proclamation d'indépendance du Bangladesh,,Q4855429
b177b34e-97bd-48a3-b65d-5caa8686e100,Chute de Massada,0073-01-01,0073-01-01,year,CONFIRMED,confirme,0.9,false,None,Massada,,Q186312
fdbee8b4-ecca-4c3e-9479-e6032e63019f,Décès du Titien,1576-01-01,1576-01-01,year,CONFIRMED,confirme,0.9,false,No change needed.,Titien,,Q47551
75ba759d-d9f1-4937-8207-ff140aef93f8,Doctrine Monroe,1823-01-01,1823-01-01,year,CONFIRMED,confirme,0.9,false,Confirmer la date de 1823.,wikipedia_fr_article,wikipedia_en_article,Q181026
cb3817d1-ef68-4944-9759-ff39bc6ccc81,Grande Famine dans l'Europe Féodale,1315-01-01,1315-01-01,year,LIKELY_CORRECT,preuve_externe_faible,0.8,false,Aucune modification nécessaire.,,,Q369406
3c04373c-92f0-4690-9d00-2f6edff25ec9,Début de la période surréaliste de Salvador Dalí,1924-01-01,,,INSUFFICIENT_EVIDENCE,absence_de_singularite,0,true,Vérifier si d'autres sources confirment le début de la période surréaliste de Dalí en 1924.,https://fr.wikipedia.org/wiki/Salvador_Dal%C3%AD,,Q5577
2e857537-e07e-43f8-b72b-f689229728f1,Signature des accords de Dayton,1995-12-14,1995-01-01,year,CONFIRMED,confirme,0.9,false,Confirmer la date de 1995.,https://fr.wikipedia.org/wiki/Accords_de_Dayton,,Q190315
3fa9e9d7-79e5-4031-82d1-20bc9897efdd,Élection de Boson en tant que roi de Bourgogne et de Provence,0879-01-01,0879-01-01,year,LIKELY_CORRECT,probable_mais_a_confirmer,0.8,false,Confirmer la date de 879 pour l'élection de Boson comme roi de Bourgogne et de Provence.,,,Q437435
ffc4bfc5-f15a-4c8f-b259-0eee7a1b2cdb,Prix Goncourt 1904 : Léon Frapié,1904-01-01,1904-01-01,year,CONFIRMED,confirme,0.9,false,No change needed.,wikipedia_fr_article,wikipedia_en_article,Q966324
b48c70d0-e86a-48de-a381-ef0f36e76365,Première utilisation du télégraphe électrique,1837-01-01,,,INSUFFICIENT_EVIDENCE,annee_exacte_introuvable,0,true,Rechercher des sources plus précises sur la première utilisation du télégraphe électrique.,Télégraphe,,Q6987428
f126c095-ce3a-49d7-b791-01b81d2d7ce9,Inauguration du Musée Soumaya à Mexico,2011-01-01,2011-01-01,year,LIKELY_CORRECT,preuve_externe_faible,0.8,false,Confirmer l'année 2011 comme date d'inauguration du Musée Soumaya à Mexico.,,,
42375cc0-fc35-429b-b1a8-4d394edc79b8,Süleyman le Magnifique prend Rhodes,1522-01-01,,,INSUFFICIENT_EVIDENCE,retrieval_insuffisant,0,true,Fournir des sources externes pour confirmer l'année de l'événement.,,,
024894b1-8e4b-4164-8e26-0ab63b8d2aea,Début de la guerre de Succession de Pologne,1733-01-01,1733-01-01,year,CONFIRMED,confirme,0.9,false,Confirmer la date de 1733 comme début de la guerre de Succession de Pologne.,https://fr.wikipedia.org/wiki/Guerre_de_Succession_de_Pologne,,Q25991231
595918af-8224-4edf-aea0-ad20f7428ae6,Modification de l'acte de succession de l'empire,0829-01-01,0829-01-01,year,CONFIRMED,confirme,1,false,Confirmer la date de 829.,,,Q12548
ec494051-5c76-4ebc-a826-479e6cde3c93,Mort de Raymond Aubrac,2012-01-01,2012-01-01,year,CONFIRMED,confirme,1,false,Confirmer la date de décès de Raymond Aubrac comme étant 2012.,wikipedia_fr_article,wikipedia_en_article,Q567529
cf3fd48d-c21a-40f6-b7e9-2155d6d0f88e,Couronnement d'Adèle de Champagne,1160-01-01,1160-01-01,year,CONFIRMED,confirme,0.9,false,Aucune modification nécessaire.,https://fr.wikipedia.org/wiki/Ad%C3%A8le_de_Champagne,,Q229407
b4151014-7abf-4209-89a3-e71f3cba5da0,Mort d’Erik Satie,1925-01-01,1925-01-01,year,DISPUTED_DATE,date_disputee,0.9,false,Vérifier la date exacte du décès d'Erik Satie et corriger l'information si nécessaire.,wikipedia_fr_article,,Q187192
7a64c4bb-9642-4ebc-bf80-cef103e87b37,Échec de l'expédition franque contre les Burgondes,0524-01-01,0524-01-01,year,LIKELY_CORRECT,preuve_externe_faible,0.5,false,Ajouter des sources externes fiables pour confirmer l'année de l'événement.,,,
0eb23ea9-602c-4f7e-9878-02c4c1b40b1a,Découverte de Pluton,1930-01-01,1930-01-01,year,CONFIRMED,confirme,1,false,No change needed.,Pluton (planète naine),,Q339
f07a0550-e73c-42f9-8fe9-bfb80d850dd8,Première guerre du Golfe : position française,1990-01-01,1990-01-01,year,CONFIRMED,confirme,0.9,false,None,https://fr.wikipedia.org/wiki/Guerre_du_Golfe,,Q37643
ed754d3b-3937-49cf-a1b2-c5579f955d22,"Massacres de Sétif, Guelma et Kherrata",1945-01-01,1945-01-01,year,CONFIRMED,confirme,0.9,false,Confirm the date as 1945.,wikipedia_fr_article,,Q593024
dfecc963-4ea5-45e1-808d-93ac9f548e8b,Accords de Genève sur l'Indochine,1954-01-01,1954-01-01,year,CONFIRMED,confirme,0.9,false,No change needed.,https://fr.wikipedia.org/wiki/Accords_de_Gen%C3%A8ve,,Q482407
cfad6ccc-ee8c-4a0a-a8d2-6363ba44b851,Achèvement de la Sainte-Chapelle,1248-01-01,1248-01-01,year,LIKELY_CORRECT,probable_mais_a_confirmer,0.8,false,Vérifier si d'autres sources confirment l'année d'achèvement.,Sainte-Chapelle,,Q193193
e4ac0f5a-5988-493b-ad00-75930da5061a,Création de l’Open de France de tennis féminin,1925-01-01,,,INSUFFICIENT_EVIDENCE,preuve_insuffisante,0,true,Rechercher des sources externes qui confirment l'année de création de l'Open de France de tennis féminin.,,,Q17988507
23f70796-9d77-4257-bb6e-3f8f05b0df84,Création de la Marche d'Espagne,0795-01-01,0800-01-01,year,POTENTIAL_DATE_ERROR,divergence_date,0.8,false,None,Marche d'Espagne,,Q663258
bbf502d5-556e-40f8-abf8-6950aa78c8b5,Début du mouvement des suffragettes au Royaume-Uni,1903-01-01,1903-01-01,year,LIKELY_CORRECT,preuve_externe_faible,0.5,false,Ajouter des sources externes fiables pour confirmer l'année 1903.,,,
5fd913ae-556b-4aff-9f0e-421e7c799e12,Privilèges commerciaux accordés à la Hanse à Bergen,1385-01-01,1385-01-01,year,LIKELY_CORRECT,probable_mais_a_confirmer,0.8,false,Rechercher des sources externes qui confirment l'octroi de privilèges commerciaux à la Hanse à Bergen en 1385.,,,Q42908
09ffe21d-7b2c-4025-ad52-e396f2617020,Proclamation de l’indépendance de la Tchécoslovaquie,1918-01-01,1918-01-01,year,CONFIRMED,confirme,0.9,false,Confirm the date.,Tchécoslovaquie,,Q33946
615ac4f0-f348-466b-956f-3cd40a73ec58,Henri VIII devient roi d'Angleterre,1509-01-01,1509-01-01,year,CONFIRMED,confirme,0.9,false,No changes needed.,https://fr.wikipedia.org/wiki/Henri_VIII,,Q38370
bc4eb4ff-97bb-4ba7-88b4-b187f3a3a7e7,Début de la construction du Palazzo Vecchio à Florence,1299-01-01,1299-01-01,year,CONFIRMED,confirme,1,false,No change needed.,Palazzo Vecchio,,Q271928
3afa1c29-1e26-4b51-863c-15164e051729,Prise de Constantinople par les Ottomans,1453-10-01,1453-01-01,year,CONFIRMED,confirme,0.9,false,Aucune modification nécessaire.,,,Q12506
4764b56c-be2e-43e6-85ee-033b2cee5d46,Irène devient impératrice byzantine,0797-01-01,,,INSUFFICIENT_EVIDENCE,annee_exacte_introuvable,0,true,Rechercher des sources externes fiables confirmant l'année exacte où Irène est devenue impératrice byzantine.,,,Q233631
993f1413-eefa-4117-b597-f41bd09a2231,Invention du vélocipède par Karl von Drais,1817-02-12,1817-01-01,year,CONFIRMED,confirme,0.9,false,Confirm the date based on Wikipedia.,Karl Drais,,Q77122
b395bcde-4701-48e3-9b39-9933ac331368,Bataille de Teotihuacan et prise de Tikal,0378-01-01,0378-01-01,year,LIKELY_CORRECT,preuve_externe_faible,0.8,false,Vérifier avec des sources archéologiques ou des études mayas pour une confirmation plus forte.,,,Q172613
cf24aa15-1b27-400a-a08e-6c42646a1569,Règne conjoint de Louis III et Carloman II sur le royaume de Francie occidentale,0879-01-01,,,INSUFFICIENT_EVIDENCE,absence_de_singularite,0,true,"Reject the event as it describes a period, not a single year.",,,Q160190
6b0f526b-9864-4e52-b840-217fb04e39f8,Construction du Pont Neuf à Paris,1578-01-01,1578-01-01,year,CONFIRMED,confirme,0.9,false,No changes needed.,wikipedia_fr_article,,Q335277
847fb317-3033-4e2c-b079-06c979d111c6,SwissLeaks,2015-01-01,2015-01-01,year,CONFIRMED,confirme,1,false,Aucune modification nécessaire.,https://fr.wikipedia.org/wiki/SwissLeaks,,Q19058883
f9c6e6d0-747b-4506-b5c4-6f34c2dc45e7,Première utilisation de l'écriture Nsibidi,0400-01-01,,,INSUFFICIENT_EVIDENCE,absence_de_singularite,0,true,Rejeter car l'événement décrit une période et non une année unique.,https://fr.wikipedia.org/wiki/Nsibidi,,Q1707730
3bd11ef2-18e4-4f54-8eb2-0917945471b2,Traité de Londres - Paix entre l'Angleterre et l'Espagne,1604-01-01,1604-01-01,year,CONFIRMED,confirme,1,false,No change needed.,Traité de Londres (1604),,Q2014021
26029941-e7fa-4c0a-9bf2-8b18f19e2634,Lettres philosophiques de Voltaire,1734-01-01,,,INSUFFICIENT_EVIDENCE,annee_exacte_introuvable,0,true,Ajouter une source externe qui mentionne l'année de publication des Lettres philosophiques de Voltaire.,,,Q9068
21cac5af-1645-4f88-8333-194f864f0e0a,Siège de Vienne par Soliman le Magnifique,1529-01-01,1529-01-01,year,CONFIRMED,confirme,1,false,No change needed.,https://fr.wikipedia.org/wiki/Si%C3%A8ge_de_Vienne_(1529),,Q207576
668ef528-c13f-4187-9280-61cd0304297d,Proclamation de la Troisième République,1870-09-04,1870-01-01,year,CONFIRMED,confirme,1,false,No change needed.,wikipedia_fr_article,wikipedia_en_article,Q3406432
9d948699-22b5-4dec-92b6-b74c487922c6,Naissance de Richelieu,1585-09-09,1585-01-01,year,CONFIRMED,confirme,1,false,Confirmer la date de naissance de Richelieu comme étant 1585.,wikipedia_fr_article,wikipedia_en_article,Q225309
03423836-0ca0-460c-9873-716b674ccf84,Proclamation du Royaume d'Italie,1861-01-01,1861-01-01,year,CONFIRMED,confirme,1,false,Confirmer la date de 1861.,https://fr.wikipedia.org/wiki/Proclamation_du_royaume_d%27Italie,,Q3922436
59eadc1e-17d8-47db-a721-cfa4a01d066d,Début du siège de Castro dei Volsci,1135-01-01,1135-01-01,year,LIKELY_CORRECT,preuve_externe_faible,0.5,false,Rechercher des sources externes confirmant le début du siège de Castro dei Volsci en 1135.,,,
7d03a3b1-e630-4d73-85a4-df9a0dc77a8d,Traité de Paris - Fin de la guerre de Crimée,1856-01-01,1856-01-01,year,LIKELY_CORRECT,probable_mais_a_confirmer,0.8,false,Vérifier si d'autres sources confirment spécifiquement l'année 1856 pour le Traité de Paris finissant la guerre de Crimée.,https://fr.wikipedia.org/wiki/Trait%C3%A9_de_Paris,,Q184821
25e975fe-e6df-4c9b-99a0-94fe6c87e45f,Ouverture de la route de la soie,0130-01-01,,,INSUFFICIENT_EVIDENCE,absence_de_singularite,0,true,Rejeter car il s'agit d'une période et non d'un événement ponctuel.,Route de la soie,,Q36288
182e93a7-e66f-41b9-9c9f-08a92300d25b,Invention du mot vitamine,1912-01-01,1912-01-01,year,CONFIRMED,confirme,0.9,false,Aucune.,Vitamine,,Q34956
0b8052ce-00f9-4a61-9602-5a0820cac550,Sacre de Hugues Capet,0987-01-01,0987-01-01,year,LIKELY_CORRECT,probable_mais_a_confirmer,0.8,false,No change needed.,https://fr.wikipedia.org/wiki/Hugues_Capet,,Q159575
86613e8a-f163-43aa-a66f-0b76ba3078e5,Mariage de Louis XIV et de Marie-Thérèse d'Autriche,1660-06-09,1660-01-01,year,CONFIRMED,confirme,0.9,false,Confirmer la date de 1660.,,,Q7742
f1210295-76f1-42f3-9f50-a6231a01a594,Prise d'Amiens par les Espagnols,1597-01-01,1597-01-01,year,CONFIRMED,confirme,0.9,false,Aucune action nécessaire.,wikipedia_fr_article,wikipedia_en_article,Q3485809
df1a032b-7c28-4cdd-8808-e44a6a2ea210,Bataille de Maldon où les Anglo-Saxons sont défaits par les Vikings danois,0991-01-01,0991-01-01,year,CONFIRMED,confirme,0.9,false,Confirmer la date de 991 pour la bataille de Maldon.,,,Q784963
3765fc1d-28e6-488f-9be3-ecf39944e411,Crise économique asiatique,1997-10-01,1997-01-01,year,CONFIRMED,confirme,0.9,false,Confirmer la date de 1997.,https://fr.wikipedia.org/wiki/Crise_%C3%A9conomique_asiatique,,Q80880
b02182a4-e6d9-4098-9a09-6de169dba2fc,Panique de 1837 aux États-Unis,1837-01-01,1837-01-01,year,CONFIRMED,confirme,0.9,false,Valider la date de 1837 comme année de la Panique de 1837 aux États-Unis.,https://fr.wikipedia.org/wiki/1837_aux_%C3%89tats-Unis,,Q2810064
944bbf45-7aa9-4852-8103-b568b0f838da,Déposition de Louis le Pieux par Lothaire I er et Louis le Germanique,0833-01-01,0833-01-01,year,CONFIRMED,confirme,0.9,false,No change needed.,,,Q12548
03f51b5d-4e18-4ebc-8e25-4379e04ead42,Début du blocus de Berlin,1948-06-24,1948-01-01,year,CONFIRMED,confirme,0.9,false,Confirmer la date de 1948.,Blocus de Berlin,,Q151349
c5eaa478-e14b-48d6-b500-90eb85b53f78,Nouvelles modalités de calcul des pensions du secteur public,1983-01-01,,,INSUFFICIENT_EVIDENCE,retrieval_insuffisant,0,true,Ajouter des sources externes confirmant que les nouvelles modalités de calcul des pensions du secteur public ont été introduites en 1983.,,,
68a367c5-7393-47bc-b240-459793a2a759,Bataille de Hastings (conquête normande de l'Angleterre),1066-10-14,1066-01-01,year,CONFIRMED,confirme,1,false,Aucune modification nécessaire.,Conquête normande de l'Angleterre,,Q200485
436f6c42-8ba2-4f93-8798-06fce4e5ce40,Construction du château de Chambord commencée,1519-01-01,1519-01-01,year,CONFIRMED,confirme,1,false,No change needed.,Château de Chambord,,Q205367
ddd94d30-8c10-4068-ac0b-e7fe15f43413,Soumission et conversion forcée des Saxons devant Charlemagne,0777-01-01,,,INSUFFICIENT_EVIDENCE,absence_de_singularite,0,true,Reject due to the event spanning multiple years.,Charlemagne,,Q3044
b6f15c99-15f6-4fb4-9bea-3bfe85b28b83,Accident ferroviaire : Solaize : déraillement du train rapide 19 Paris– Vintimille au pk,1960-01-01,1960-01-01,year,LIKELY_CORRECT,preuve_externe_faible,0.5,false,Fournir des sources externes pour confirmer l'année de l'accident ferroviaire.,,,
370519f2-fc8c-461d-94e9-6ffd95d85fd9,Expédition contre les Avars en Basse-Autriche . Vassalisation de la Bohême,0791-01-01,,,INSUFFICIENT_EVIDENCE,annee_exacte_introuvable,0,true,Rechercher des sources externes confirmant l'année 791 pour l'expédition contre les Avars et la vassalisation de la Bohême.,,,Q68962
1e55e8e5-02b5-4df7-b329-59e61f5e0fd2,Crise financière russe,1998-01-01,1998-01-01,year,CONFIRMED,confirme,0.9,false,Confirmer la date de 1998.,https://fr.wikipedia.org/wiki/Crise_financi%C3%A8re_russe_de_1998,,Q1142572
8f62896b-0c84-422d-9ddc-fc2857c5bb2d,Claude Simon naît à Tananarive,1913-01-01,1913-01-01,year,CONFIRMED,confirme,1,false,No change needed.,Claude Simon,,Q131549
7fa8841d-6532-431f-87a4-dbebc0a4be16,La Gazette devient journal officiel,1672-01-01,,,INSUFFICIENT_EVIDENCE,annee_exacte_introuvable,0,true,Further research is needed to confirm the year 'La Gazette' became an official journal.,,,Q1815103
fd8fafc9-f033-45ea-bd69-6eecab7f9248,La folie du tulipier,1634-01-01,,,INSUFFICIENT_EVIDENCE,absence_de_singularite,0,true,Rejeter car il s'agit d'une période et non d'un événement singulier datable précisément.,,,
f57b18cb-51c3-401f-8468-a20712d47783,Bataille de Blenheim,1704-01-01,1704-01-01,year,CONFIRMED,confirme,1,false,Aucune.,Ordre de bataille à Blenheim (1704),Battle of Blenheim,Q154635
ab43eae7-0d40-42b4-a6e6-4f284e8af474,Prise de Calais,1558-01-01,1558-01-01,year,CONFIRMED,confirme,1,false,Confirmer la date de 1558.,wikipedia_fr_article,wikipedia_en_article,Q3403813
cb356242-030f-459e-8d9b-adaaf471cb4b,Éléonore de Provence devient reine d'Angleterre,1236-01-01,1236-01-01,year,CONFIRMED,confirme,0.9,false,No change needed.,Éléonore de Provence,,Q228885
16deeb87-4016-400d-b08b-93f656d15647,Assassinat de Malcolm X,1965-02-21,1965-01-01,year,CONFIRMED,confirme,1,false,Aucune révision nécessaire.,https://fr.wikipedia.org/wiki/Assassinat_de_Malcolm_X,,Q10858954
db51b6a1-1cf7-40f9-8b88-6fe50cf62687,Bataille d'Angleterre,1940-10-01,1940-01-01,year,CONFIRMED,confirme,0.9,false,Confirmer la date de 1940 pour la Bataille d'Angleterre.,wikipedia_fr_article,,Q154720
8320fece-552f-484d-85f2-0c0746e208ba,Bering traverse le détroit de Béring,1728-01-01,,,INSUFFICIENT_EVIDENCE,preuve_insuffisante,0,true,Rechercher une source mentionnant explicitement la traversée du détroit de Béring par Vitus Bering en 1728.,Détroit de Béring,,Q11769
6b68d0ac-c1ce-47be-9320-c90e387f2397,Invention du moteur diesel par Rudolf Diesel,1893-01-01,1893-01-01,year,LIKELY_CORRECT,probable_mais_a_confirmer,0.8,false,None,Moteur Diesel,,Q174174
54fec039-cbe6-47c8-8452-a0a67e6d3160,Première de Don Giovanni de Wolfgang Amadeus Mozart,1787-10-29,1787-01-01,year,LIKELY_CORRECT,probable_mais_a_confirmer,0.8,false,No further action needed.,,,Q254
ce12efbb-f4bc-4550-b65a-300a7902cd29,Grand schisme d'Occident,1378-10-01,1378-01-01,year,CONFIRMED,confirme,1,false,Confirmer la date de 1378 comme le début du Grand Schisme d'Occident.,https://fr.wikipedia.org/wiki/Grand_schisme_d%27Occident,,Q26189
7b82d4f5-5b75-44e2-9414-f140d8e6dca3,Philippe Auguste annexe la Normandie,1204-01-01,1204-01-01,year,CONFIRMED,confirme,0.9,false,No change needed.,https://fr.wikipedia.org/wiki/Invasion_fran%C3%A7aise_de_la_Normandie,,Q16933898
a38d2b9c-ff9b-4a23-8f7d-6ae87e766890,Entrevue du Camp du Drap d'Or,1520-01-01,1520-01-01,year,CONFIRMED,confirme,1,false,No change needed.,wikipedia_fr_article,,Q1030061
65b6b6dc-44f1-4637-b402-96be8928b8b9,Crise financière en Angleterre (South Sea Bubble),1720-01-01,,,INSUFFICIENT_EVIDENCE,retrieval_insuffisant,0,true,Fournir des sources externes fiables pour confirmer l'année exacte de la crise.,,,
4fcdd82f-cb5c-45a1-841b-2d88732a2ce2,Concile de Tours,0813-01-01,0813-01-01,year,CONFIRMED,confirme,1,false,No change needed.,Concile de Tours (813),,Q1300356
7b71bf43-1fed-4f21-8607-1a7184b60634,Début de la Guerre froide,1947-01-01,,,INSUFFICIENT_EVIDENCE,absence_de_singularite,0,true,Rejeter car il s'agit d'une période et non d'un événement ponctuel. Le titre manque de précision.,https://fr.wikipedia.org/wiki/Guerre_froide,,Q8683
7d885ca9-c3e6-498c-80bf-dfd7874becac,Ouverture du Centre Pompidou à Paris,1977-01-01,1977-01-01,year,CONFIRMED,confirme,0.9,false,None,Librairie du centre Pompidou,,Q59769018
732966ad-54d5-400d-8a0c-18c1d33478f4,Traité d'Alcáçovas entre la France et l'Espagne,1479-01-01,1479-01-01,year,CONFIRMED,confirme,1,false,Aucune.,https://fr.wikipedia.org/wiki/Trait%C3%A9_d%E2%80%99Alc%C3%A1%C3%A7ovas,,Q593355
98dc4684-b47a-425e-b658-5571c071b92b,Louise de Savoie assure la régence de France,1525-01-01,1525-01-01,year,CONFIRMED,confirme,0.9,false,None,https://fr.wikipedia.org/wiki/Louise_de_Savoie,,Q233192
9573f072-1836-4405-93d7-a811fdedcef2,Guerre du Kippour,1973-10-06,1973-01-01,year,CONFIRMED,confirme,0.9,false,Confirmer la date de 1973.,https://fr.wikipedia.org/wiki/Guerre_du_Kippour,,Q49100
008290b9-e4ef-4596-9480-9c91322d7861,Conférence de Washington sur le désarmement naval,1922-01-01,1922-01-01,year,CONFIRMED,confirme,0.9,false,Confirmer la date de 1922 comme année de la Conférence de Washington sur le désarmement naval.,,,Q704536
58039f76-4caf-4696-9a47-7d8a85aba9cb,Naissance de Michel-Ange,1475-03-06,1475-01-01,year,DISPUTED_DATE,date_disputee,0.9,false,Confirmer la date de naissance de Michel-Ange en utilisant des sources supplémentaires.,wikipedia_fr_article,,Q5592
76abbcae-22a8-4514-b507-29c86d51a614,Conversion de Paul de Tarse,0035-01-01,,,INSUFFICIENT_EVIDENCE,annee_exacte_introuvable,0,true,Further research is needed to determine the exact year of the event.,wikipedia_fr_article,,Q901397
4d463e9d-e098-44ff-9832-d9671c89d969,Invention du World Wide Web par Tim Berners-Lee,1989-01-01,1989-01-01,year,CONFIRMED,confirme,0.9,false,No changes needed.,World Wide Web,,Q466
230d70ca-c8a7-417b-84f8-b8cfbaeb999e,Première utilisation astronomique du télescope par Galilée,1609-08-25,,,INSUFFICIENT_EVIDENCE,annee_exacte_introuvable,0,true,Further research is needed to confirm the exact year of the event.,,,Q4213
1a641da5-3253-413d-be29-4338c0f6e788,Naufrage du Valbanera,1919-01-01,,,INSUFFICIENT_EVIDENCE,retrieval_insuffisant,0,true,Rechercher des sources externes fiables pour confirmer l'année du naufrage.,,,
7baff59a-f3b0-450d-adce-6d92117d2c39,Création des duchés d' Aquitaine et de Vasconie,0877-01-01,0877-01-01,year,LIKELY_CORRECT,preuve_externe_faible,0.8,false,None,,,Q11705002
8abc6aa7-d167-4e7b-852c-c29304f8b058,Invasion de l’URSS : impact en France,1941-01-01,,,INSUFFICIENT_EVIDENCE,annee_exacte_introuvable,0,true,Ajouter des sources externes fiables confirmant l'année de l'invasion de l'URSS.,,,Q1773668
8ecf3cba-5ec6-4c61-bb36-577f09289d4c,Autorisation dissections Paris,1231-01-01,1231-01-01,year,LIKELY_CORRECT,preuve_externe_faible,0,false,"Rechercher des sources externes fiables (articles, livres d'histoire, etc.) qui confirment l'année 1231 pour l'autorisation des dissections à Paris.",,,
7b078601-bc49-4036-ab50-6bf1f227e2c5,Tentative de coup d'État au Japon (Incident du 26 février),1936-01-01,1936-01-01,year,CONFIRMED,confirme,1,false,No change needed.,Incident du 26 février,,Q477958
178d6f4d-f1dd-4ebd-b0fe-19909830bdba,"Mort d'Otton Ier le Grand, empereur du Saint-Empire",0973-01-01,,,INSUFFICIENT_EVIDENCE,retrieval_insuffisant,0,true,Ajouter des sources externes fiables pour confirmer l'année du décès.,,,
c36ac19b-a5ba-4809-bb1f-1a68fb94dec7,Deep Blue bat Garry Kasparov aux échecs,1997-01-01,1997-01-01,year,CONFIRMED,confirme,1,false,Aucune modification nécessaire.,Deep Blue,,Q187899
d4694a31-7be2-46eb-847b-34c3fc7a98ec,Début de la construction de Chan Chan,1350-01-01,,,INSUFFICIENT_EVIDENCE,absence_de_singularite,0,true,Reject due to the event describing a process rather than a singular event and the lack of a specific year in the provided sources.,wikipedia_fr_article,wikipedia_en_article,Q277540
7ca9710f-5ef0-4a34-ba20-2d2885de9105,Première plongée au fond de la fosse des Mariannes,1960-01-01,1960-01-01,year,LIKELY_CORRECT,probable_mais_a_confirmer,0.7,false,Vérifier d'autres sources pour confirmer la date exacte.,Fosse des Mariannes,,Q510
91420fef-fba2-4130-9e5a-d08b598e920a,Début du règne de Basile II Bulgaroctone dans l'Empire byzantin,0976-01-01,,,INSUFFICIENT_EVIDENCE,absence_de_singularite,0,true,Reject. The beginning of a reign is not a singular event.,,,Q5004697
8385a94d-f4aa-4593-b150-330b4745d55c,Présentation du magnétisme animal,1774-01-01,1774-01-01,year,LIKELY_CORRECT,probable_mais_a_confirmer,0.8,false,Aucune modification nécessaire.,wikipedia_fr_article,,Q547546
0515896a-d8c1-465d-a47d-7005431c319a,Mort de d'Artagnan au siège de Maastricht,1673-01-01,1673-01-01,year,CONFIRMED,confirme,0.9,false,No change needed.,wikipedia_fr_article,wikipedia_en_article,Q540121
5919ad05-48da-49af-b047-c4e81afb5c5f,Début de la Guerre des Boers en Afrique du Sud,1880-01-01,,,INSUFFICIENT_EVIDENCE,absence_de_singularite,0,true,Clarify the title to specify which Boer War is being referred to (First or Second).,Guerre des Boers,,Q1676845
deb51d8c-03f0-42b0-935e-1f1234602a81,Pillage de Nantes,0853-01-01,0853-01-01,year,CONFIRMED,confirme,0.9,false,Confirmer la date de 853 pour le pillage de Nantes.,,,Q2069311
6f7e23ce-f5d3-483a-b6a7-5b3f7b38fd43,Mort d'al-Mundhir Ier al-Tujibi,1018-01-01,,,INSUFFICIENT_EVIDENCE,retrieval_insuffisant,0,true,Fournir des sources externes pour confirmer l'année de la mort.,,,
2777fc5f-264e-4c88-83f6-c0451849964d,Catastrophe ferroviaire de Thumeries en France,1948-01-01,,,INSUFFICIENT_EVIDENCE,retrieval_insuffisant,0,true,"Rechercher des sources externes fiables (articles de presse, rapports officiels, etc.) qui mentionnent la catastrophe ferroviaire de Thumeries et confirment l'année de l'événement.",,,
3ac83ae5-6bc3-4765-8f2e-37848153b6d7,"Prise de Jérusalem par Titus, Destruction du Second Temple",0070-08-30,0070-01-01,year,CONFIRMED,confirme,0.9,false,Aucune modification nécessaire.,wikipedia_fr_article,wikipedia_en_article,Q728428
8ac71571-24e5-4fd5-9d7c-8fb6b5d1e17a,Construction du Park Row Building,1899-01-01,1899-01-01,year,CONFIRMED,confirme,1,false,Confirmer la date de 1899.,https://fr.wikipedia.org/wiki/Park_Row_Building,,Q1066662
056fddcc-d51e-4e14-a0f6-405cab2d5147,Assassinat du duc d'Orléans,1407-01-01,1407-01-01,year,CONFIRMED,confirme,1,false,No change needed.,https://fr.wikipedia.org/wiki/Assassinat_de_Louis_Ier_d%27Orl%C3%A9ans,,Q2866974
5f000f64-3a7c-40de-8d04-2e9417b8eeae,Déflation Laval face à la Grande Dépression,1932-01-01,,,INSUFFICIENT_EVIDENCE,absence_de_singularite,0,true,"Reject. The title describes a period and a policy response, not a singular event in a specific year.",https://fr.wikipedia.org/wiki/Grande_D%C3%A9pression,,Q8698
e9fbbdb5-fe90-44d4-a7d4-f57fd80324bb,Victoire de Clovis sur Syagrius,0486-01-01,0486-01-01,year,LIKELY_CORRECT,probable_mais_a_confirmer,0.7,false,None,https://fr.wikipedia.org/wiki/Syagrius,,Q207499
641a8a5e-1e2b-4e58-9c50-e47b0972399e,Colomban en Gaule franque,0590-01-01,0590-01-01,year,LIKELY_CORRECT,probable_mais_a_confirmer,0.8,false,No change needed.,Colomban de Luxeuil,,Q319653
b5b50d23-d742-4cfb-8544-00c88ff62b93,Inondations de la Sainte-Lucie,1287-01-01,1287-01-01,year,CONFIRMED,confirme,1,false,No change needed.,https://fr.wikipedia.org/wiki/Raz-de-mar%C3%A9e_de_la_Sainte-Lucie_en_1287,,Q493534
dd7c9a93-677f-4a56-9916-6bce495bbeee,Guerre du Cachemire,1947-10-22,1947-01-01,year,LIKELY_CORRECT,preuve_externe_faible,0.8,false,Confirmer la date de 1947 comme année de début de la Guerre du Cachemire.,Cachemire,,Q43100
9d29b1c9-acca-494c-a48c-6a83312a8744,Saint Louis impose la monnaie royale,1263-01-01,,,INSUFFICIENT_EVIDENCE,preuve_insuffisante,0,true,Rechercher des sources externes confirmant l'année exacte de l'imposition de la monnaie royale par Saint Louis.,,,Q184407
3a93e53f-bb22-4d04-9711-7f4068b2024d,Bataille de Beresteczko,1651-01-01,1651-01-01,year,CONFIRMED,confirme,0.9,false,Confirmer la date de 1651.,https://fr.wikipedia.org/wiki/Bataille_de_Berestetchko,,Q593045
5fbbb1e2-f1fe-40ac-a98a-6b2fa9b29e27,Incendie du foyer de travailleurs d’Aubervilliers,1970-01-01,,,INSUFFICIENT_EVIDENCE,annee_exacte_introuvable,0,true,Rechercher des sources supplémentaires pour confirmer l'année de l'incendie.,,,Q205632
d555e153-7b3a-4bc2-a5fc-94cdf246946e,Dépôt du brevet de la machine à voter,1869-01-01,1869-01-01,year,LIKELY_CORRECT,preuve_externe_faible,0,false,Ajouter des sources externes fiables pour confirmer l'année du dépôt du brevet.,,,
204973f2-0100-4cde-8c2f-1d6205f80869,Fondation du Théâtre des Arts à Paris,1793-01-01,,,INSUFFICIENT_EVIDENCE,annee_exacte_introuvable,0,true,Request more specific sources to confirm the exact year of the foundation of the Théâtre des Arts in Paris.,wikipedia_fr_article,,Q3527739
6fefa7f5-fa8c-4b84-b5d3-1ee8418ce034,Premier message commercial par satellite,1962-01-01,,,INSUFFICIENT_EVIDENCE,annee_exacte_introuvable,0,true,Rechercher des sources confirmant l'année exacte du premier message commercial par satellite.,,,Q149918
95e96d3a-eb2d-4a0d-ac56-17a13b821cfb,Paracelse brûle des livres à Bâle,1529-01-01,1529-01-01,year,LIKELY_CORRECT,probable_mais_a_confirmer,0.8,false,Confirmer l'événement avec une confiance élevée.,https://fr.wikipedia.org/wiki/Paracelse,,Q83428
b245a5aa-ee04-491b-a734-6c25039b11ff,Traité commercial entre Gênes et le royaume de Sicile,1141-01-01,1141-01-01,year,LIKELY_CORRECT,probable_mais_a_confirmer,0.8,false,Vérifier si des sources externes confirment l'existence d'un traité commercial entre Gênes et le royaume de Sicile en 1141.,,,Q188586
e55b58d9-de99-4297-aae0-3d1f4ed43bae,Accord de libre-échange continental africain (AfCFTA),2018-01-01,2018-01-01,year,CONFIRMED,confirme,0.9,false,No changes needed.,https://fr.wikipedia.org/wiki/Zone_de_libre-%C3%A9change_continentale_africaine,,Q50822331
07cc7f9b-b295-4a93-9f7d-104b847d99de,Naissance de Charles Quint,1500-01-01,1500-01-01,year,CONFIRMED,confirme,0.9,false,Confirmer la date de naissance de Charles Quint comme étant 1500.,wikipedia_fr_article,wikipedia_en_article,Q32500
30e5f576-52fd-45a1-8ca8-7140ffdedd35,Guerre des Six Jours,1967-01-01,1967-01-01,year,CONFIRMED,confirme,0.9,false,Confirmer la date de 1967.,https://fr.wikipedia.org/wiki/Guerre_des_Six_Jours,,Q49077
e17e9113-e79e-4317-a7b4-ba20072850df,Création Université de Paris,1200-01-01,1200-01-01,year,LIKELY_CORRECT,preuve_externe_faible,0.5,false,Rechercher des sources externes confirmant la date de création de l'Université de Paris en 1200.,,,Q3551775
a7abad38-6bb0-4952-870f-49c6919d56f6,Naufrage du MV Wilhelm Gustloff,1945-01-01,,,INSUFFICIENT_EVIDENCE,retrieval_insuffisant,0,true,Fournir des sources externes fiables pour confirmer l'année du naufrage.,,,
5241071d-8b12-4099-b1d2-360a97872832,Création de l’ORTF,1964-01-01,1964-01-01,year,LIKELY_CORRECT,preuve_externe_faible,0.8,false,Aucune modification nécessaire.,Création de l’ORTF,,Q3025062
47558367-c44a-446b-b0b4-e6eed6840400,"Construction de la Villa Hadriana à Tivoli, Italie",0118-01-01,0118-01-01,year,LIKELY_CORRECT,preuve_externe_faible,0.8,false,Confirm the year 0118 based on the database information and the general context provided by the Wikipedia article.,Villa d'Hadrien,,Q272777
09137079-7903-466c-911a-64a7f4017336,Révocation de l'édit de Nantes,1685-10-18,1685-01-01,year,CONFIRMED,confirme,1,false,No change needed.,https://fr.wikipedia.org/wiki/R%C3%A9vocation_de_l%27%C3%A9dit_de_Nantes,,Q512443
7f22227b-f650-4aad-9fc8-0d01f694b0a6,Accords d'Oslo,1993-10-01,1993-01-01,year,CONFIRMED,confirme,1,false,Aucune modification nécessaire.,Accords d'Oslo,,Q17013132
242b859c-ddcd-4706-9115-3fb85b54f629,Première femme docteur en médecine en France,1875-01-01,,,INSUFFICIENT_EVIDENCE,preuve_insuffisante,0,true,"Rechercher des sources externes fiables (articles de journaux d'époque, biographies, publications universitaires) qui mentionnent explicitement l'année où Madeleine Brès est devenue la première femme docteur en médecine en France.",,,Q2712251
b77ad91c-a1ef-4fd0-8433-f70820c54867,Signature du traité d'Entrammes,0863-01-01,0863-01-01,year,CONFIRMED,confirme,1,false,Confirmer la date de 863 pour la signature du traité d'Entrammes.,https://fr.wikipedia.org/wiki/Trait%C3%A9_d%27Entrammes,,Q3536732
68765490-19b3-423a-8efc-17ebc4d62be2,Premier feu de circulation au monde,1868-12-10,1868-01-01,year,LIKELY_CORRECT,preuve_externe_faible,0.5,false,"Rechercher des sources externes fiables (articles de presse, publications académiques, etc.) qui confirment l'année 1868 pour l'installation du premier feu de circulation au monde.",,,
ca21bcb7-637f-4bc5-8257-d283598e44f7,Schopenhauer publie « Le Monde comme volonté »,1818-01-01,1819-01-01,year,POTENTIAL_DATE_ERROR,divergence_date,1,false,Corriger la date dans la base de données avec l'année 1819.,Le Monde comme volonté et comme représentation,,Q560352
c35547c2-5ec2-4cc9-8512-9544cacccb9d,Publication du Décaméron de Boccace,1353-01-01,1353-01-01,year,CONFIRMED,confirme,0.9,false,Confirm the date as 1353.,https://fr.wikipedia.org/wiki/D%C3%A9cam%C3%A9ron,https://en.wikipedia.org/wiki/The_Decameron,Q16438
f3d6be08-4abb-4e56-ac45-509c747ca242,Catherine de Médicis devient reine de France,1547-01-01,1547-01-01,year,CONFIRMED,confirme,1,false,Aucune modification nécessaire.,Catherine de Médicis,,Q131552
c15c6cfa-b31c-47e0-84c7-b36714fe69af,Première femme nommée ministre en France,1936-01-01,1936-01-01,year,LIKELY_CORRECT,probable_mais_a_confirmer,0.8,false,Confirmer la date de 1936 comme l'année de la première femme nommée ministre en France.,Front populaire (France),,Q1422284
dcf77576-463c-4069-b15e-74e0c19ad4da,Loi sur les Indes (Espagne),1542-01-01,1542-01-01,year,CONFIRMED,confirme,1,false,Confirmer la date de 1542.,wikipedia_fr_article,,Q1822545
2b344d3e-bc1b-4575-bf59-a128c5cb2c2f,Plan Mountbatten pour la partition des Indes britanniques,1947-01-01,1947-01-01,year,CONFIRMED,confirme,0.9,false,Confirmer la date de 1947.,Partition des Indes,,Q129053
8ff83437-b3c6-499b-a870-db32993cab69,Palme d'or 1949 : Le Troisième Homme,1949-01-01,1949-01-01,year,LIKELY_CORRECT,probable_mais_a_confirmer,0,false,Rechercher des sources confirmant l'attribution de la Palme d'or au film 'Le Troisième Homme' en 1949.,,,Q179808
d70e603d-42cc-423f-8e9c-9a05a7d99433,Convocation des États généraux de 1614,1614-01-01,1614-01-01,year,CONFIRMED,confirme,1,false,Aucune action nécessaire.,États généraux de 1614,,Q3591917
1ee32797-8e9d-4fba-a586-82c9be21b7a8,Ambassade franque à Bagdad,0797-01-01,0797-01-01,year,LIKELY_CORRECT,preuve_externe_faible,0.5,false,Fournir des sources externes pour confirmer l'année de l'ambassade franque à Bagdad.,,,
2dc05568-c5e0-4d2f-ba91-7dccd42b9149,Conférence des femmes pour la paix (La Haye),1915-01-01,1915-01-01,year,CONFIRMED,confirme,0.9,false,Confirmer la date de 1915.,Ligue internationale des femmes pour la paix et la liberté,,Q689768
1a3745cc-918c-4e02-afcf-ca2c0bd1870f,Adoption de la Convention CITES,1973-01-01,,,INSUFFICIENT_EVIDENCE,annee_exacte_introuvable,0,true,Rechercher des sources externes fiables qui confirment l'année exacte de l'adoption de la Convention CITES.,,,Q180472
581e9c46-a4d7-43c7-997f-52265b62389b,Opération Market Garden,1944-01-01,1944-01-01,year,CONFIRMED,confirme,0.9,false,Confirm the date as 1944.,wikipedia_fr_article,wikipedia_en_article,Q189930
283e40b1-85c4-42ca-b998-81f80f8edfd3,Création de l'Université d'Uppsala,1472-01-01,,,INSUFFICIENT_EVIDENCE,annee_exacte_introuvable,0,true,Rechercher des sources externes fiables confirmant l'année de création de l'Université d'Uppsala.,,,Q193510
75980792-415e-4058-9d58-79aff3476130,Classification stellaire d'Annie Jump Cannon,1901-01-01,1901-01-01,year,LIKELY_CORRECT,probable_mais_a_confirmer,0.8,false,No change needed.,Annie Jump Cannon,,Q230650
7cc17149-5400-42c2-8ebc-6792924f3b25,Construction du barrage Hoover,1931-01-01,1931-01-01,year,CONFIRMED,confirme,0.9,false,Confirmer la date de début de la construction du barrage Hoover comme étant 1931.,https://fr.wikipedia.org/wiki/Barrage_Hoover,,Q172822
8c1c6e28-dfc6-4508-995a-4989e89d3ca7,Mariage secret de Louis XIV et de Madame de Maintenon,1683-01-01,1683-01-01,year,CONFIRMED,confirme,0.9,false,No changes needed.,wikipedia_fr_article,,Q230670
7da353e4-7fbb-49a1-a104-c3526284357d,Jean sans Terre cède le Poitou,1204-01-01,1204-01-01,year,LIKELY_CORRECT,preuve_externe_faible,0.5,false,Ajouter des sources externes fiables pour valider l'année de la cession du Poitou.,,,
1e37c532-f876-45e1-ad35-0765571b06d4,Amundsen atteint le pôle Sud,1911-12-14,,,INSUFFICIENT_EVIDENCE,annee_exacte_introuvable,0,true,Ajouter une source externe mentionnant explicitement l'année où Amundsen a atteint le pôle Sud.,,,Q933
135815af-f789-4ad0-86af-64b3352387f0,Publication de Orgueil et Préjugés de Jane Austen,1813-01-01,1813-01-01,year,CONFIRMED,confirme,1,false,Aucune modification nécessaire.,wikipedia_fr_article,,Q170583
97c8c3b8-97ec-4005-9d06-a4b4bead5074,"Frida Kahlo, figure emblématique de l'art mexicain",1930-01-01,,,AMBIGUOUS_TITLE,titre_ambigu_ou_collision,0,true,Préciser le titre pour identifier un événement spécifique lié à Frida Kahlo qui s'est produit en une année unique.,,,
dd6a5368-9152-482b-aa28-97faa62f52f7,Guerre du Football (Honduras/Salvador),1969-01-01,1969-01-01,year,LIKELY_CORRECT,probable_mais_a_confirmer,0.8,false,Confirmer l'année 1969 comme date de l'événement.,,,Q783
cf30b7ed-5bc5-48cf-8d71-0ce78c6d18bd,Deuxième défaite du Roi de France à Varaville face à Guillaume le Conquérant,1057-01-01,,,INSUFFICIENT_EVIDENCE,annee_exacte_introuvable,0,true,A search for sources mentioning the battle of Varaville and its date is needed.,,,Q37594
eafa3bf6-d1c9-4bd7-a4b4-7db085b8a328,Sixième croisade menée par Frédéric II,1228-01-01,,,INSUFFICIENT_EVIDENCE,preuve_insuffisante,0,true,Rechercher des sources externes confirmant l'année 1228 pour la Sixième croisade menée par Frédéric II.,,,Q1788485
c13fd56f-ea19-4329-9047-595ffb8ca02c,Supplice de la reine Brunehilde par Clotaire II,0613-01-01,0613-01-01,year,DISPUTED_DATE,date_disputee,0.9,false,Check other sources to confirm the exact date of death.,https://fr.wikipedia.org/wiki/Brunehaut_(reine),,Q230639
759eebce-f337-46e3-bae0-ab0258a2151d,Fondation du Cyclists' Touring Club,1878-01-01,,,INSUFFICIENT_EVIDENCE,annee_exacte_introuvable,0,true,Rechercher des sources fiables confirmant l'année de fondation du Cyclists' Touring Club.,,,Q692936
59408d49-e776-452d-aa27-a16029b1ef65,Prix Goncourt 1932 : Guy Mazeline,1932-01-01,1932-01-01,year,CONFIRMED,confirme,0.9,false,No change needed.,wikipedia_fr_article,wikipedia_en_article,Q187300
e575e77f-9ccb-403b-97e6-d0357c47dd9b,Lancement du satellite artificiel XMM-Newton par l'ESA,1999-01-01,,,INSUFFICIENT_EVIDENCE,annee_exacte_introuvable,0,true,Ajouter une source externe mentionnant explicitement l'année de lancement du satellite XMM-Newton.,,,Q26540
8f80525e-1fb9-4015-829f-eeea183a136a,Conquête Inca par Francisco Pizarro,1532-10-01,1532-01-01,year,LIKELY_CORRECT,probable_mais_a_confirmer,0.8,false,Confirmation de la date de 1532 pour le début de la conquête Inca par Francisco Pizarro.,Francisco Pizarro,,Q44741
99b13d43-37cc-44bd-afe5-529bd27efb23,Signature des accords d'Évian,1962-03-18,1962-01-01,year,CONFIRMED,confirme,0.9,false,No changes needed.,wikipedia_fr_article,wikipedia_en_article,Q1471139
18303c6e-dea2-411b-9d05-34cc002096d4,Première exposition universelle de Paris,1855-01-01,1855-01-01,year,CONFIRMED,confirme,1,false,No change needed.,Exposition universelle de 1855,,Q1114964
ad254b87-d246-4caf-b1a0-db7e94b5b128,Bataille du Garigliano,0915-01-01,0915-01-01,year,CONFIRMED,confirme,1,false,Confirmer la date de 915 pour la bataille du Garigliano.,wikipedia_fr_article,,Q2890765
a89db923-e5c6-4f6e-b0a7-505969ec2de0,Achèvement du Panthéon de Rome,0125-01-01,,,INSUFFICIENT_EVIDENCE,retrieval_insuffisant,0,true,Rechercher des sources externes fiables qui confirment l'année exacte de l'achèvement du Panthéon de Rome.,,,Q220
d097121c-4126-459e-b130-68c8ddc98ff4,Sac de Ctésiphon par les Romains,0197-01-01,0197-01-01,year,LIKELY_CORRECT,preuve_externe_faible,0.8,false,Aucune action nécessaire.,,,Q192541
634c6137-25b3-41e4-ab09-fba406f1b5ea,Invasion de la Pologne par l'Allemagne,1939-09-01,1939-01-01,year,CONFIRMED,confirme,0.9,false,No change needed.,https://fr.wikipedia.org/wiki/Campagne_de_Pologne_(1939),,Q150812
00bec5ad-1583-42c8-ad5d-e678528d9f06,Référendum sur l’élargissement de la CEE (France),1972-01-01,1972-01-01,year,CONFIRMED,confirme,0.9,false,No change needed.,https://fr.wikipedia.org/wiki/R%C3%A9f%C3%A9rendum_fran%C3%A7ais_sur_l%27%C3%A9largissement_des_Communaut%C3%A9s_europ%C3%A9ennes,,Q2318576
814fed69-84b4-427f-b227-7af31c9fb2ba,Création de l'ICANN,1998-01-01,,,INSUFFICIENT_EVIDENCE,retrieval_insuffisant,0,true,Fournir des sources externes fiables pour confirmer l'année de création de l'ICANN.,,,
0a3c06fe-3d2a-4469-b842-67a491e39454,Mise en service du LHC au CERN,2008-01-01,,,INSUFFICIENT_EVIDENCE,retrieval_insuffisant,0,true,Fournir des sources externes pour confirmer l'année de mise en service du LHC au CERN.,,,
378ea8b7-a308-4b2e-9dcb-bd05082d9474,Attaques terroristes contre Paris liées au groupe armé algérien GIA,1995-01-01,1995-01-01,year,LIKELY_CORRECT,preuve_externe_faible,0.8,false,Vérifier avec des sources externes pour confirmer l'année exacte.,,,
c14ebede-8881-4173-af0a-714d5d346a7e,Loi sur les pouvoirs spéciaux en Algérie,1956-01-01,1956-01-01,year,CONFIRMED,confirme,1,false,Aucune modification nécessaire.,wikipedia_fr_article,,Q113840436
71bb060c-15d8-411f-98a7-f441ad203ed1,Prix Goncourt 1918 : Georges Duhamel,1918-01-01,1918-01-01,year,CONFIRMED,confirme,0.9,false,Confirmer la date de 1918 comme l'année de l'attribution du Prix Goncourt à Georges Duhamel.,wikipedia_fr_article,wikipedia_en_article,Q20733
4ce8c049-63e1-4f27-b9e8-a2c6a7285ad7,Première de La Traviata de Giuseppe Verdi,1853-03-06,,,INSUFFICIENT_EVIDENCE,annee_exacte_introuvable,0,true,Rechercher des sources externes confirmant l'année de la première de La Traviata.,,,Q7317
7ad71c03-7832-4041-88ae-a1761380f5db,Éruption du Huaynaputina au Pérou,1600-01-01,1600-01-01,year,CONFIRMED,confirme,0.9,false,Aucune révision nécessaire.,wikipedia_fr_article,wikipedia_en_article,Q3591466
0ba09607-09b8-4033-b630-4cc3da4cce14,Début de l'épidémie de choléra à Paris,1832-06-05,1832-01-01,year,LIKELY_CORRECT,probable_mais_a_confirmer,0.5,false,Confirmer avec d'autres sources.,,,Q30744064
2162be68-6e36-4284-87fb-d687b7e2cc7d,Fondation de la Pennsylvanie,1681-01-01,,,INSUFFICIENT_EVIDENCE,annee_exacte_introuvable,0,true,Rechercher des sources externes confirmant l'année de fondation de la Pennsylvanie.,https://fr.wikipedia.org/wiki/Pennsylvanie,,Q1400
109a7e69-8f3e-40a2-8ae3-b98c4a2df9b3,Fondation de la BBC,1922-01-01,1922-01-01,year,LIKELY_CORRECT,preuve_externe_faible,0,false,Fournir des sources externes pour confirmer l'année de fondation de la BBC.,,,
f4f1aac9-de15-442e-a838-e2f2f3377f23,Première course de chevaux publique,1776-05-14,,,INSUFFICIENT_EVIDENCE,retrieval_insuffisant,0,true,Fournir des sources externes pour valider l'année de la première course de chevaux publique.,,,
f5cfa4b1-bda6-4516-b631-b5a3934f21a9,Première ascension de l'Annapurna,1950-01-01,1950-01-01,year,LIKELY_CORRECT,preuve_externe_faible,0.8,false,Confirmer la date de 1950 comme étant celle de la première ascension de l'Annapurna.,Annapurna,,Q159621
1898de11-362a-477b-b834-50dd46238f7e,Ouverture du Canal de Panama,1914-01-01,,,INSUFFICIENT_EVIDENCE,annee_exacte_introuvable,0,true,Search for sources that explicitly state the year the Panama Canal opened.,Canal de Panama,,Q7350
9a6b1dcd-8559-4f5a-ab8d-de1f63902832,Début de la construction du château de Pierrefonds par Louis d'Orléans,1397-01-01,1397-01-01,year,LIKELY_CORRECT,probable_mais_a_confirmer,0.5,false,Vérifier si d'autres sources confirment 1397.,Château de Pierrefonds,,Q376699
f7ff3f47-e1d6-405b-8c0c-adec4a18c0eb,Prise du château de Beynac par Richard Cœur de Lion,1197-01-01,,,INSUFFICIENT_EVIDENCE,annee_exacte_introuvable,0,true,Rechercher des sources historiques fiables qui mentionnent spécifiquement l'année de la prise du château de Beynac par Richard Cœur de Lion.,https://fr.wikipedia.org/wiki/Ch%C3%A2teau_de_Beynac,,Q1011026
bc33ce47-7599-419b-99b9-5be341c5a307,Naissance du festival d’Avignon,1947-01-01,1947-01-01,year,CONFIRMED,confirme,1,false,Confirmer la date de naissance du festival d'Avignon comme étant 1947.,wikipedia_fr_article,,Q473423
4815f55c-bea1-40c3-8f82-ba2c1c645093,Lancement de la pilule contraceptive en France,1967-01-01,1967-01-01,year,LIKELY_CORRECT,preuve_externe_faible,0.7,false,Confirmer la date avec d'autres sources.,Contraception en France,,Q113834900
16c25ef8-0223-431e-acd4-1dcfbe3ad1c3,Mariage d'Henriette de France avec Charles Ier d'Angleterre,1625-01-01,1625-01-01,year,CONFIRMED,confirme,0.9,false,Confirmer la date de 1625.,https://fr.wikipedia.org/wiki/Henriette-Marie_de_France,,Q848615
0594057c-f647-4676-9daa-7b6ce0c9781d,Ascension de l'Everest par Yuichiro Miura à 70 ans,2003-05-25,2003-01-01,year,CONFIRMED,confirme,1,false,Aucune.,,,Q513
d0f01cbf-b43d-4176-8340-fe35e0b6184d,Traité d'Utrecht,1713-01-01,1713-01-01,year,CONFIRMED,confirme,1,false,Aucune modification nécessaire.,https://fr.wikipedia.org/wiki/Trait%C3%A9_d%27Utrecht,,Q750976
802d4ada-2950-46c0-a982-d63706fdce91,Mise en service du surgénérateur Phénix,1973-01-01,1973-01-01,year,CONFIRMED,confirme,0.9,false,Confirmer la date de 1973.,Phénix (réacteur),,Q113368
6660623c-1a27-4e34-afa2-f02d92476420,Création du Ministère des Affaires Culturelles,1959-01-01,,,INSUFFICIENT_EVIDENCE,annee_exacte_introuvable,0,true,Rechercher des sources externes fiables confirmant l'année de création du Ministère des Affaires Culturelles.,,,Q3151636
bd2b2979-72b2-43a5-82be-908a24f88e2c,Grand séisme de Riobamba en Équateur,1797-01-01,1797-01-01,year,LIKELY_CORRECT,probable_mais_a_confirmer,0.8,false,Aucune action nécessaire.,,,Q736
b76eea23-044b-46cd-af6a-aec6cf09bee3,Naissance de Jean-Sébastien Bach,1685-01-07,1685-01-01,year,CONFIRMED,confirme,0.9,false,Aucune modification nécessaire.,https://fr.wikipedia.org/wiki/Maison_de_naissance_de_Jean-S%C3%A9bastien_Bach,,Q798175
6bfaee6a-c0fc-48a1-a56a-f3cb2ae249e5,Indépendance du Brésil,1822-01-01,1822-01-01,year,CONFIRMED,confirme,0.9,false,Confirmer la date de 1822 pour l'indépendance du Brésil.,https://fr.wikipedia.org/wiki/Ind%C3%A9pendance_du_Br%C3%A9sil,,Q1548600
e867aa7f-7bbd-457f-9376-7cccd42017d2,"Fondation de San Juan, Porto Rico",1521-01-01,1521-01-01,year,CONFIRMED,confirme,0.9,false,"Confirmer la date de fondation de San Juan, Porto Rico, comme étant 1521.",wikipedia_fr_article,wikipedia_en_article,Q41211
12bac25b-9a5f-4766-b4d0-05689618f584,Première exposition impressionniste à Paris,1874-01-01,1874-01-01,year,CONFIRMED,confirme,1,false,No changes needed.,https://fr.wikipedia.org/wiki/Liste_des_%C5%93uvres_pr%C3%A9sent%C3%A9es_%C3%A0_la_premi%C3%A8re_exposition_impressionniste_de_1874,,Q30740745
680a2d35-3094-4c70-88f3-f3ed7ac8b9da,Marguerite Porete brûlée pour hérésie,1310-01-01,1310-01-01,year,CONFIRMED,confirme,1,false,No change needed.,https://fr.wikipedia.org/wiki/Marguerite_Porete,,Q255132
3382e50d-d8f8-4eee-90af-9e97932cf1bf,Traité entre Gênes et Pise sur la Sardaigne,1156-01-01,,,INSUFFICIENT_EVIDENCE,retrieval_insuffisant,0,true,Fournir des sources externes pour valider l'année du traité.,,,
c356f5d7-e133-4a6e-b2fc-1338fefe4e88,Mort de Claude,0054-10-13,,,INSUFFICIENT_EVIDENCE,annee_exacte_introuvable,0,true,Ajouter une source externe fiable mentionnant l'année de la mort de Claude.,,,Q17523984
37ea6cbb-c591-48e2-875d-faa295a4d937,Catastrophe de Seveso en Italie,1976-07-10,1976-01-01,year,CONFIRMED,confirme,1,false,No change needed.,https://fr.wikipedia.org/wiki/Catastrophe_de_Seveso,,Q8190
d2ea771b-69ca-4569-aca7-9ac0d687bb89,"Échec du siège, Byzance repousse les forces arabes",0718-01-01,,,INSUFFICIENT_EVIDENCE,absence_de_singularite,0,true,Rejeter car l'événement décrit une période et non une année unique.,Siège de Constantinople (674-678),,Q399482
f2a72f5a-c960-4aab-8e95-fdc4f2cc6cd0,Arrestation du marquis de Sade,1777-01-01,1777-01-01,year,LIKELY_CORRECT,probable_mais_a_confirmer,0.8,false,None,wikipedia_fr_article,wikipedia_en_article,Q123867
1229ea85-d0e5-4eb6-9ebd-eae9455c0aba,Manifeste futuriste,1909-01-01,1909-01-01,year,CONFIRMED,confirme,1,false,No change needed.,https://fr.wikipedia.org/wiki/Manifeste_du_futurisme,,Q1983009
df9c40ba-2086-4fe3-a08a-a592dabefab5,Premières rédactions du poème anglo-saxon Beowulf approx.,0700-01-01,,,INSUFFICIENT_EVIDENCE,absence_de_singularite,0,true,Reject due to the event describing a period and the lack of supporting evidence for a specific year.,,,
c66c35d2-489d-4bce-a804-5b90d14c12c2,Fondation de l'abbaye de Clairvaux,1115-06-25,1115-01-01,year,CONFIRMED,confirme,1,false,Confirmer la date de 1115.,wikipedia_fr_article,,Q647070
49fb6d27-37d1-4e2d-a7b6-50c9b8638f29,Premier ordinateur programmable MARK I d'IBM,1944-01-01,1944-01-01,year,LIKELY_CORRECT,preuve_externe_faible,0.8,false,Chercher des sources externes confirmant l'année 1944 pour l'inauguration du Harvard Mark I.,,,Q68
869fc70f-bc40-4db0-bbf5-5380b06d5769,Début des guerres marcomanes,0166-01-01,0166-01-01,year,POTENTIAL_DATE_ERROR,divergence_date,0.7,true,Vérifier si 166 est bien l'année de début des guerres marcomanes et non le début d'une période de conflit.,https://fr.wikipedia.org/wiki/Guerres_marcomanes,,Q933963
60b22d87-a856-47c4-a6bb-082dea701d7c,Début de la guerre anglo-espagnole,1585-01-01,1585-01-01,year,CONFIRMED,confirme,0.9,false,Aucune modification nécessaire.,https://fr.wikipedia.org/wiki/Guerre_anglo-espagnole,,Q295283
c6712510-c03f-4467-8bff-2ce94d9ad811,James Joyce publie Ulysse,1922-01-01,1922-01-01,year,CONFIRMED,confirme,0.9,false,Confirmer la date de publication d'Ulysse comme étant 1922.,James Joyce,,Q6882
c6a7cb29-4942-478e-b7e1-87a499d99405,Sécurité sociale en Allemagne,1911-01-01,,,INSUFFICIENT_EVIDENCE,annee_exacte_introuvable,0,true,Rechercher des sources supplémentaires pour confirmer l'année exacte de la création du système de sécurité sociale en Allemagne.,https://fr.wikipedia.org/wiki/S%C3%A9curit%C3%A9_sociale_en_Allemagne,,Q368468
11d72313-7597-498e-99a7-228d731fc354,Bataille de Grunwald,1410-01-01,1410-01-01,year,CONFIRMED,confirme,1,false,No change needed.,wikipedia_fr_article,wikipedia_en_article,Q33570
9e3d1f67-7bc1-4a00-8ec6-8886d194f0b7,Fondation de Tenochtitlan,1325-01-01,1325-01-01,year,LIKELY_CORRECT,probable_mais_a_confirmer,0.7,false,"Confirmer l'année 1325 comme année de fondation de Tenochtitlan, en reconnaissant l'incertitude quant à la date exacte.",,https://en.wikipedia.org/wiki/Tenochtitlan,Q13695
b696d488-2d09-468e-8804-d1a9a02221a1,Guillaume d'Ockham formule le rasoir d'Ockham,1320-01-01,1320-01-01,year,LIKELY_CORRECT,probable_mais_a_confirmer,0.6,false,Vérifier si d'autres sources confirment l'année 1320.,wikipedia_fr_article,,Q131012
a560ec1e-bf88-40d4-b587-3036d5c335c4,Dissolution du PCUS : réactions françaises,1991-01-01,,,INSUFFICIENT_EVIDENCE,annee_exacte_introuvable,0,true,Fournir des sources externes fiables pour confirmer l'année de la dissolution du PCUS et les réactions françaises.,,,
1f88094a-06df-4d74-90c9-e53f8100d82e,Début du règne d'Ivan IV le Terrible,1533-01-01,1533-01-01,year,LIKELY_CORRECT,probable_mais_a_confirmer,0.8,false,No change needed.,Ivan le Terrible,,Q7996
c133c56c-a37a-4146-8bf3-41470d4795bf,Incendie de la cathédrale de Durham,1083-01-01,,,INSUFFICIENT_EVIDENCE,annee_exacte_introuvable,0,true,Rechercher des sources confirmant l'incendie de 1083.,https://fr.wikipedia.org/wiki/%C3%89glise_cath%C3%A9drale_de_Durham,,Q746207
7158f882-d0e8-4d92-9b07-cf98378b4b7b,Découverte des capillaires par Marcello Malpighi,1661-01-01,1661-01-01,year,LIKELY_CORRECT,probable_mais_a_confirmer,0.7,false,Verify the year of discovery of capillaries by Marcello Malpighi with additional sources.,https://fr.wikipedia.org/wiki/Marcello_Malpighi,,Q232583
cca30a6c-838b-41b2-8f6a-122fd8fe90f9,Identification de Toumaï,2001-01-01,,,INSUFFICIENT_EVIDENCE,annee_exacte_introuvable,0,true,Ajouter des sources externes mentionnant l'année de l'identification de Toumaï.,,,
1dad592a-f4a0-40dd-89e3-1cafed3032ef,Lancement de la sonde Voyager 1,1977-01-01,1977-01-01,year,CONFIRMED,confirme,1,false,Confirmer la date de lancement de Voyager 1 comme étant 1977.,Voyager 1,,Q48469
f7beb44e-5610-4ac1-8583-070932214a22,2007 French Pension Reform Protests,2007-01-01,2007-01-01,year,LIKELY_CORRECT,probable_mais_a_confirmer,0.8,false,No changes needed.,,,Q245238
dbba72d0-3b50-4940-99d6-1eccf7d41d78,Signature du Civil Rights Act aux États-Unis,1964-01-01,1964-01-01,year,CONFIRMED,confirme,1,false,Confirmer la date de 1964.,https://fr.wikipedia.org/wiki/Civil_Rights_Act_de_1964,,Q585962
546a4397-5634-46a7-ba26-76752c4e3e23,Première observation de la supernova SN 1054,1054-01-01,1054-01-01,year,CONFIRMED,confirme,1,false,None,SN 1054,,Q32037
013d28c8-5b5d-4b0d-ae8c-7fd639ce7a0f,Transfert du cœur de Léon Gambetta au Panthéon,1920-01-01,1920-01-01,year,LIKELY_CORRECT,probable_mais_a_confirmer,0.8,false,No changes needed.,Léon Gambetta,,Q295090
e49b5993-4101-4331-a01f-83983861bb6d,Bataille de Toulouse (Abdérame),0721-01-01,0721-01-01,year,LIKELY_CORRECT,probable_mais_a_confirmer,0,false,Ajouter une source externe confirmant l'année 721 pour la bataille de Toulouse.,,,Q4871928
1723c5be-6898-48ea-8103-faa71e6c8f72,Construction de la Tour de Pise,1173-01-01,1173-01-01,year,CONFIRMED,confirme,1,false,No change needed.,Tour de Pise,,Q39054
c334dc19-efbd-4c9b-a49a-d409494597d6,Début du règne de Louis XIV,1643-05-14,1643-01-01,year,CONFIRMED,confirme,1,false,No change needed.,Louis XIV,,Q7742
9a369530-08e6-4f5b-b470-151054e59ad2,Promulgation de la loi sur les associations de 1901,1901-07-01,1901-01-01,year,CONFIRMED,confirme,1,false,Confirmer la date de 1901.,,,Q15974554
bf172837-80f9-4244-80b2-e053713b4cef,Traité de Rastatt,1714-01-01,1714-01-01,year,CONFIRMED,confirme,1,false,No change needed.,https://fr.wikipedia.org/wiki/Trait%C3%A9_de_Rastatt,,Q163236
0744afad-e57d-4333-a9f9-6f0a435b1c24,Jacques Chirac élu Président de la République,1995-01-01,1995-01-01,year,CONFIRMED,confirme,0.9,false,Confirmer la date de 1995 comme année de l'élection de Jacques Chirac à la présidence.,https://fr.wikipedia.org/wiki/Jacques_Chirac,,Q2105
85544624-c31e-4085-b5f9-2a25340f2b6b,Reconnaissance de l' empereur d'Occident Charlemagne par l' empereur d'Orient Michel I er,0812-01-01,0812-01-01,year,LIKELY_CORRECT,probable_mais_a_confirmer,0.8,false,Aucune modification nécessaire.,,,Q130834
a5b50d09-8442-4df6-a4ab-1f7a961559cc,Développement de techniques de modification génétique,1983-01-01,,,INSUFFICIENT_EVIDENCE,absence_de_singularite,0,true,Rejeter car il s'agit d'un développement technique et non d'un événement ponctuel.,,,Q7162
89a4507a-90e3-4c64-beb0-7ab3691d565b,Explosion du dirigeable Hindenburg,1937-05-06,1937-01-01,year,CONFIRMED,confirme,1,false,Confirmer la date de 1937.,Accident du Hindenburg,,Q3182723
63a14282-741e-49cd-bd15-584f6bcf3997,Clovis reçoit le titre de consul,0508-01-01,0508-01-01,year,LIKELY_CORRECT,preuve_externe_faible,0,false,Ajouter des sources externes fiables confirmant que Clovis a reçu le titre de consul en 508.,,,
8d3a4682-9892-47a2-b298-fde0e0bab819,Corneille écrit Le Cid,1637-01-01,1637-01-01,year,CONFIRMED,confirme,0.9,false,Confirmer avec la date de première représentation mentionnée dans Wikipedia.,Le Cid (Corneille),,Q637787
9287eba8-c61c-40dd-8306-74e36f825493,Exécution de Marie-Antoinette,1793-01-01,1793-01-01,year,CONFIRMED,confirme,1,false,Confirmer la date de 1793.,wikipedia_fr_article,wikipedia_en_article,Q1391310
d7e40c7b-d5e8-4f4e-883f-ec681542223b,Fondation de l'abbaye de Fleury,0638-01-01,,,DISPUTED_DATE,date_disputee,0,true,Reject the date due to conflicting information and the absence of a reliable source confirming the database's year.,Abbaye de Saint-Benoît-sur-Loire,,Q956741
4209af7b-0c6d-497a-a5d8-f90512c123a8,Concile de Charroux,0989-01-01,0989-01-01,year,CONFIRMED,confirme,0.9,false,Aucune modification nécessaire.,wikipedia_fr_article,wikipedia_en_article,Q2991987
69aff258-2456-4518-af01-fa47c89b1a1e,Émeutes de Stonewall,1969-06-28,1969-01-01,year,CONFIRMED,confirme,1,false,No change needed.,wikipedia_fr_article,wikipedia_en_article,Q51402
3d35f47f-1a3f-4505-bed5-7403dc54b11e,Catastrophe ferroviaire de Melun (France),1923-01-01,,,INSUFFICIENT_EVIDENCE,annee_exacte_introuvable,0,true,Rechercher des sources externes confirmant l'année 1923 pour la catastrophe ferroviaire de Melun.,,,Q41139
0f29731a-eea6-42b8-ba2f-074d94288417,Début de la Bataille de France,1940-05-10,1940-01-01,year,CONFIRMED,confirme,0.9,false,Confirmer la date de 1940 comme année de début de la Bataille de France.,wikipedia_fr_article,,Q151340
67cd034e-19da-49fc-a84f-7c1c27200ff2,Publication de Les Contes de Canterbury,1400-01-01,,,INSUFFICIENT_EVIDENCE,annee_exacte_introuvable,0,true,Reject. The sources do not provide a specific publication year.,https://fr.wikipedia.org/wiki/Les_Contes_de_Canterbury,,Q191663
7ec453bc-509e-425f-8c99-0f2b512d0560,Prix Goncourt 1912 : André Savignon,1912-01-01,1912-01-01,year,LIKELY_CORRECT,probable_mais_a_confirmer,0.8,false,Aucune action nécessaire.,wikipedia_fr_article,wikipedia_en_article,Q934708
052957c4-6855-4132-8261-69ef1e233159,Édit de Rothari chez les Lombards,0643-01-01,0643-01-01,year,CONFIRMED,confirme,1,false,No change needed.,Édit de Rothari,,Q1284512
5f81d46c-8577-457b-a258-c28429ac896c,Mort d'Al-Mansur Ibn Abi Aamir,1002-01-01,,,INSUFFICIENT_EVIDENCE,retrieval_insuffisant,0,true,Rechercher des sources plus précises sur la mort d'Al-Mansur Ibn Abi Aamir.,https://fr.wikipedia.org/wiki/Al-Mansur,,Q287192
98860f4b-0799-4b6c-9e51-2f92f7d48dec,Fondation du royaume burgonde,0411-01-01,0411-01-01,year,LIKELY_CORRECT,preuve_externe_faible,0,false,Ajouter des sources externes fiables pour confirmer l'année de fondation du royaume burgonde.,,,
05d60929-83f7-4a70-a769-e482ab3a01ab,Invasion et pillage de Gainsborough par Sven Forkbeard,1013-01-01,1013-01-01,year,LIKELY_CORRECT,preuve_externe_faible,0.5,false,Ajouter des sources externes fiables pour confirmer l'année de l'événement.,,,
9e5ca05c-c7a9-4961-873c-87084fa90fbe,Reddition et conversion massive des Saxons révoltés,0785-01-01,0785-01-01,year,LIKELY_CORRECT,preuve_externe_faible,0.5,false,Rechercher des sources externes confirmant l'année 785 pour la reddition et la conversion des Saxons.,,,
bba2b96a-7a7a-49cb-b062-292d827cd803,Première ascension du Mont-Blanc,1786-08-08,1786-01-01,year,CONFIRMED,confirme,0.9,false,Valider la date de 1786 comme année de la première ascension du Mont-Blanc.,Mont Blanc,,Q583
891fd573-e074-4137-8c41-220af6cacc34,Restauration de Justinien II,0705-01-01,0705-01-01,year,CONFIRMED,confirme,1,false,Aucune.,Justinien II,,Q42021
bcbe9fc4-f07e-4b40-bf30-2d41d30109d6,Concile d’Orléans,0511-01-01,0511-01-01,year,CONFIRMED,confirme,1,false,Confirmer la date de 511 pour le Concile d'Orléans.,https://fr.wikipedia.org/wiki/Concile_d%27Orl%C3%A9ans,,Q1594005
89e5e902-d7b0-4cbc-8afb-7542546a12c6,Naissance de Molière,1622-01-01,1622-01-01,year,CONFIRMED,confirme,0.9,false,Confirmer la date de naissance de Molière comme étant 1622.,wikipedia_fr_article,wikipedia_en_article,Q687
2741a5dd-ada6-4b88-902b-afb4b05ded3c,Traversée du Groenland par Fridtjof Nansen,1888-01-01,1888-01-01,year,CONFIRMED,confirme,0.9,false,No changes needed.,Fridtjof Nansen,,Q72292
0695d075-08bd-4150-8484-b0436ac57843,Guerre des Pasteis,1838-01-01,1838-01-01,year,LIKELY_CORRECT,preuve_externe_faible,0.5,false,Provide external sources to validate the year 1838 for the 'Guerre des Pasteis'.,,,
96ade0f1-cb2e-40a5-a9fa-f009e6fdaffc,Petite ère glaciaire,1350-01-01,1303-01-01,year,POTENTIAL_DATE_ERROR,divergence_date,0.7,true,Vérifier si 1303 est une date de début pertinente pour la Petite Ère Glaciaire et si l'événement peut être rattaché à une année unique.,Petit âge glaciaire,,Q190530
210cdb12-7916-4e06-939b-27d31fb17e04,Apogée de la Maison de la Sagesse à Bagdad,0830-01-01,0830-01-01,year,LIKELY_CORRECT,probable_mais_a_confirmer,0.6,false,Vérifier si d'autres sources confirment l'apogée en 830.,Maison de la sagesse,,Q33018
883a4779-88d0-4674-bf81-d71d0779ad64,Invention de la Pascaline,1642-01-01,1642-01-01,year,CONFIRMED,confirme,0.9,false,No changes needed.,wikipedia_fr_article,wikipedia_en_article,Q873501
46f69b0d-7c37-4b68-8b60-473f34a16e72,"Mort de Gontran, roi de Bourgogne",0592-01-01,0592-01-01,year,DISPUTED_DATE,date_disputee,0.7,false,Vérifier et potentiellement corriger la date de décès de Gontran en se basant sur des sources historiques primaires.,https://fr.wikipedia.org/wiki/Gontran_(roi),,Q295086
d8848738-3ad9-4081-89b9-2ec8243c0cd7,Première opération d'appendicite réussie,1887-01-01,,,INSUFFICIENT_EVIDENCE,retrieval_insuffisant,0,true,Ajouter des sources externes fiables mentionnant l'année de la première opération d'appendicite réussie.,,,Q121041
4abcebb5-2c55-4c8f-9f96-a04a239f4205,L'affaire Cahuzac,2013-01-01,2013-01-01,year,LIKELY_CORRECT,probable_mais_a_confirmer,0.8,false,None,wikipedia_fr_article,wikipedia_en_article,Q16010103
ea2a4c79-c443-4790-9d48-6f2f485d3aa6,Découverte du trésor de Petrossa,1837-01-01,1837-01-01,year,CONFIRMED,confirme,1,false,No changes needed.,Trésor de Pietroasa,,Q1426657
63cde3bc-37ad-4164-83f2-229a44551b2f,Instauration de la Tétrarchie par Dioclétien,0293-01-01,,,INSUFFICIENT_EVIDENCE,annee_exacte_introuvable,0,true,Provide a source that explicitly states the year the Tetrarchy was formally established by Diocletian.,,,Q43107
1947b792-3e63-41c3-b623-bf3726a10920,Chute de l’Empire romain d’Occident,0476-01-01,0476-01-01,year,CONFIRMED,confirme,1,false,No change needed.,Empire romain d'Occident,,Q42834
c2b5218c-c1c8-4bb8-b585-90a1b98c813c,Loi Defferre sur l’outre-mer,1956-01-01,1956-01-01,year,CONFIRMED,confirme,1,false,Aucune.,Loi-cadre Defferre,,Q1088290
c7bfd033-aacb-4856-9c1a-833c2215c139,Traité de Rome,1957-03-25,1957-01-01,year,CONFIRMED,confirme,0.9,false,Confirmer la date de 1957.,Traité de Rome,Treaty of Rome,Q414432
b5921241-1b08-4e39-b0c4-6c109b87fe8d,Fondation du Ku Klux Klan,1865-01-01,1865-01-01,year,CONFIRMED,confirme,0.9,false,Confirmer la date de fondation du Ku Klux Klan comme étant 1865.,wikipedia_fr_article,wikipedia_en_article,Q47131
692a4999-96de-433f-a525-9df10ad6d897,Présentation du Concorde au Salon du Bourget,1968-01-01,1968-01-01,year,LIKELY_CORRECT,probable_mais_a_confirmer,0.7,false,Vérifier si une source mentionne explicitement la présentation du Concorde au Salon du Bourget en 1968.,Salon international de l'aéronautique et de l'espace de Paris - Le Bourget,,Q174352
979c9402-6e79-4036-8566-8970b04d046f,"Mort de Charles VII, Roi de France",1461-01-01,1461-01-01,year,CONFIRMED,confirme,0.9,false,None,wikipedia_fr_article,,Q133372
8511372f-fe42-4ddb-96e4-3bae07df32fc,Abolition des Corn Laws en Angleterre,1846-06-01,1846-01-01,year,CONFIRMED,confirme,0.9,false,No change needed.,Corn Laws,,Q1133144
f8394394-e95a-4ee1-b246-cb409bd936e0,Accident industriel de Seveso – retentissement en France,1976-01-01,,,INSUFFICIENT_EVIDENCE,annee_exacte_introuvable,0,true,Fournir des sources externes pour identifier l'année exacte du retentissement en France.,,,
1ef3f2b6-373a-48ae-bf36-052863fce2d0,Élections européennes : La liste socialiste menée par Laurent Fabius devance la droite,1989-01-01,1989-01-01,year,CONFIRMED,confirme,0.9,false,Aucune recommandation nécessaire.,,,Q217070
7e8bbb31-241a-4e35-ac5c-5669e2cef603,Assassinat d'Inés de Castro,1355-01-01,,,INSUFFICIENT_EVIDENCE,retrieval_insuffisant,0,true,Fournir des sources externes pour confirmer l'année de l'assassinat.,,,
793c8f39-a2cb-40c8-bd21-9225f71fb873,Entrée en guerre de la Roumanie aux côtés de l'Entente,1916-01-01,1916-01-01,year,LIKELY_CORRECT,probable_mais_a_confirmer,0.8,false,No change needed.,Front de l'Est (Première Guerre mondiale),,Q154573
ab9d8b80-c93b-489c-a060-448d0cf72579,Révolution d'Octobre,1917-10-01,1917-01-01,year,CONFIRMED,confirme,0.9,false,Confirmer la date de 1917.,https://fr.wikipedia.org/wiki/R%C3%A9volution_d%27Octobre,,Q42976
82276494-8762-4112-a090-b302084a7eb9,Translation des reliques de Saint-Martin,0461-01-01,0461-01-01,year,LIKELY_CORRECT,probable_mais_a_confirmer,0.5,false,Ajouter une source externe fiable confirmant l'année 461.,,,Q663370
f6fcf859-b7d7-4b61-afe4-54c70d68c255,Naissance de Galilée,1564-02-15,1564-01-01,year,CONFIRMED,confirme,1,false,Aucune.,Galilée,,Q412493
41c7051d-fbef-4c5e-9039-f23724cb0160,Découverte des sources du Nil par John Hanning Speke,1858-08-03,,,INSUFFICIENT_EVIDENCE,annee_exacte_introuvable,0,true,Provide a source that explicitly states the year of the discovery of the sources of the Nile by John Hanning Speke.,https://fr.wikipedia.org/wiki/John_Hanning_Speke,,Q125084
929b4535-9d2d-4274-9c55-97d8b04a5742,Mort de Saint Louis,1270-08-25,,,INSUFFICIENT_EVIDENCE,annee_exacte_introuvable,0,true,Rechercher des sources externes fiables qui indiquent l'année exacte de la mort de Saint Louis (Louis IX de France).,,wikipedia_en_article,Q3324481
92fcc8d9-1a45-4387-8c4c-d879c65f96af,Création de la Casa de Contratación,1503-01-01,1503-01-01,year,CONFIRMED,confirme,0.9,false,No changes needed.,,Casa de Contratación,Q1046537
ba77b7be-1c5a-4b91-aad5-e6268d5fa7ef,Installation des Huns en Pannonie,0400-01-01,,,INSUFFICIENT_EVIDENCE,annee_exacte_introuvable,0,true,Rechercher des sources historiques mentionnant l'installation des Huns en Pannonie et datant cet événement.,,,Q170062
eef775c1-e64d-46df-85a4-0ad54ff4adb5,Assassinat d'Abraham Lincoln,1865-01-01,1865-01-01,year,CONFIRMED,confirme,0.9,false,Confirmer la date de 1865.,https://fr.wikipedia.org/wiki/Assassinat_d%27Abraham_Lincoln,,Q1025404
d7d1866d-615e-460b-b3b3-7dcf91199b38,Naissance de Jean de La Fontaine,1621-01-01,1621-01-01,year,DISPUTED_DATE,date_disputee,0.7,false,Vérifier les sources primaires pour déterminer l'année exacte de naissance.,wikipedia_fr_article,wikipedia_en_article,Q49496
a7cfca15-5da4-4d09-b7ab-9a115b059368,Paix de Vervins,1598-01-01,1598-01-01,year,CONFIRMED,confirme,1,false,No change needed.,wikipedia_fr_article,wikipedia_en_article,Q1188688
8ed7ea02-4423-4e87-a726-adbff9b38117,Grande inondation de Paris,1910-01-01,,,INSUFFICIENT_EVIDENCE,retrieval_insuffisant,0,true,"Rechercher des sources externes fiables (articles de presse, études historiques) qui mentionnent spécifiquement l'année de la grande inondation de Paris.",,,Q8068
c8d30c58-fde0-4589-b06e-ef05074e2aba,Invention du procédé Daguerre,1839-01-01,,,INSUFFICIENT_EVIDENCE,preuve_insuffisante,0,true,Provide a reliable external source confirming the year of the invention of the Daguerre process.,,,Q3447592
f3830fe0-4420-487e-bd1c-4f9808385cf9,Bataille navale de Diu,1509-01-01,1509-01-01,year,LIKELY_CORRECT,probable_mais_a_confirmer,0,false,Rechercher des sources externes confirmant l'année 1509 pour la bataille navale de Diu.,,,Q4087480
f3a5df36-b396-4f3b-a3b4-3c31a6150d69,Conférence de Bandung,1955-01-01,1955-01-01,year,CONFIRMED,confirme,0.9,false,Aucune recommandation nécessaire.,wikipedia_fr_article,,Q208191
6c376369-92f0-4adb-880a-2d9c3213fbf5,Développement du premier programme d'échecs,1951-01-01,1951-01-01,year,LIKELY_CORRECT,probable_mais_a_confirmer,0.8,false,Confirmer l'information avec d'autres sources.,https://fr.wikipedia.org/wiki/Programme_d%27%C3%A9checs,,Q1122588
2b9735f2-6384-4f1d-a5a9-9619fc1ab15c,Procès de Nuremberg,1945-01-01,1945-01-01,year,CONFIRMED,confirme,0.9,false,Aucune recommandation nécessaire.,wikipedia_fr_article,wikipedia_en_article,Q80130
45587ba5-796a-46e3-a6cd-e17b55a058e0,Deuxième bataille de Conquereuil,0992-01-01,,,INSUFFICIENT_EVIDENCE,retrieval_insuffisant,0,true,Rechercher des sources externes confirmant l'année de la bataille.,Conquereuil,,Q1001956
f5b17ec2-b94e-4318-a949-a81fe0a92e9b,Loi Taubira sur le mariage pour tous,2013-01-01,2013-01-01,year,CONFIRMED,confirme,0.9,false,No changes needed.,,,Q13406421
8396f9e9-5087-447b-85fb-c247cb66b4b8,Reconquête de l'Afrique vandale,0533-01-01,0533-01-01,year,LIKELY_CORRECT,preuve_externe_faible,0.5,false,Ajouter des sources externes confirmant l'année 533 pour la reconquête de l'Afrique vandale.,,,
97a6c9e2-8390-42af-b2a5-95be57b33f9e,Défenestration de Prague,1618-01-01,1618-01-01,year,CONFIRMED,confirme,1,false,No change needed.,wikipedia_fr_article,wikipedia_en_article,Q113635701
cb3e0b6f-2111-45ce-88e1-b017e19e793f,Installation des Normands dans la vallée de la Seine,0856-01-01,0856-01-01,year,LIKELY_CORRECT,preuve_externe_faible,0.8,false,Vérifier avec des sources externes l'année exacte de l'établissement du camp fortifié sur l'île d'Oissel.,,,
081867b2-321d-4c46-9e40-3eed4db579f9,Usurpation de Magnence,0350-01-01,0350-01-01,year,CONFIRMED,confirme,0.9,false,No change needed.,https://fr.wikipedia.org/wiki/Magnence,,Q212876
024ea4a6-106d-4e12-8039-ea3e6a1c6824,Tournoi des Six Nations,1883-01-01,1883-01-01,year,LIKELY_CORRECT,probable_mais_a_confirmer,0.7,false,Vérifier si le tournoi a débuté en 1882 ou 1883.,Tournoi des Six Nations,,Q16642
84e893be-4448-4536-b367-d27f5299331c,Entrée en guerre des États-Unis dans la Première Guerre mondiale,1917-01-01,1917-01-01,year,CONFIRMED,confirme,1,false,No changes needed.,États-Unis dans la Première Guerre mondiale,,Q2918355
8b03d69e-f793-44b5-94c0-10e14756c674,Adoption du droit canonique en Irlande,0697-01-01,,,INSUFFICIENT_EVIDENCE,retrieval_insuffisant,0,true,Fournir des sources externes pour valider l'année 697.,,,
a6a922ec-6319-4406-96ef-9fd73f2d2eaf,Inondation de la Toussaint en Flandre,1170-01-01,1170-01-01,year,LIKELY_CORRECT,preuve_externe_faible,0.5,false,Ajouter des sources externes fiables pour confirmer l'année de l'inondation.,,,
138424b2-1cff-4e3e-99e1-b2b012bb0ead,Assassinat de Valentinien III,0455-03-16,0455-01-01,year,CONFIRMED,confirme,1,false,No change needed.,https://fr.wikipedia.org/wiki/Valentinien_III,,Q170026
e932af71-3b78-4764-894c-bb52c8000029,Création des conseils de prud’hommes,1806-01-01,,,INSUFFICIENT_EVIDENCE,preuve_insuffisante,0,true,Rechercher des sources externes confirmant l'année 1806 pour la création des conseils de prud'hommes.,,,Q60575734
37c8c219-5247-48bf-9e27-33c00104d427,Début de la présidence de Charles de Gaulle,1959-01-08,1959-01-01,year,CONFIRMED,confirme,0.9,false,Aucune modification nécessaire.,wikipedia_fr_article,wikipedia_en_article,Q28493908
8737b509-b01b-41b3-a0d9-6957b80a222e,Début du règne de Gallien,0253-01-01,0253-01-01,year,CONFIRMED,confirme,0.9,false,No change needed.,Gallien,,Q104475
8b0f4699-44a8-46f7-840e-77837d575edf,Création de la Société des Nations (SDN),1920-01-01,1919-01-01,year,POTENTIAL_DATE_ERROR,divergence_date,0.9,false,Confirmer la date de création de la Société des Nations comme étant 1919.,https://fr.wikipedia.org/wiki/Soci%C3%A9t%C3%A9_des_Nations,,Q38130
0c78dda5-93a8-48fa-a488-96ff7db142fc,Prise de pouvoir de Savonarole à Florence,1494-01-01,1494-01-01,year,CONFIRMED,confirme,0.9,false,Confirmer la date de 1494.,Théocratie à Florence,,Q3526348
34de04fb-507e-4940-8c32-9a5dfb8b92b9,Première de Carmen de Georges Bizet,1875-03-03,1875-01-01,year,CONFIRMED,confirme,0.9,false,Aucune modification nécessaire.,wikipedia_fr_article,wikipedia_en_article,Q56158
05ee5fcc-722f-4875-b3ca-f51a012464d9,Bataille de Noyon,0890-01-01,,,INSUFFICIENT_EVIDENCE,annee_exacte_introuvable,0,true,Rechercher des sources supplémentaires confirmant la bataille de Noyon en 890.,wikipedia_fr_article,,Q130538699
8e5f1723-b10c-4151-842a-4001fb4190fd,"Invasion de l’Italie par les Lombards, début du royaume lombard",0568-01-01,0568-01-01,year,CONFIRMED,confirme,1,false,Confirmer la date de 568 comme année de l'invasion de l'Italie par les Lombards et le début du royaume lombard.,Royaume lombard,,Q854415
aad35619-0528-45ff-b9e2-a500daf5c350,Inauguration de la Jeddah Tower,2024-01-01,,,INSUFFICIENT_EVIDENCE,annee_exacte_introuvable,0,true,Attendre une source fiable confirmant l'année exacte de l'inauguration.,,,Q374365
748d2e61-919d-43c9-af42-dbe961b8d3d6,Mariage de Napoléon et Marie-Louise d'Autriche,1810-03-11,1810-01-01,year,CONFIRMED,confirme,0.9,false,No change needed.,Marie-Louise d'Autriche,,Q157491
fa170eba-0421-41f9-b9f5-eedff85f8d27,Règne de Louis VII le Jeune,1137-01-01,,,INSUFFICIENT_EVIDENCE,absence_de_singularite,0,true,Rejeter car il s'agit d'une période et non d'un événement ponctuel. L'année 1137 correspond au début du règne selon wikipedia_fr_article.,Louis VII le Jeune,,Q134259
03ec8391-ed66-41dc-959b-fa183fcc148a,Expédition de George Vancouver sur la côte Pacifique,1792-01-01,,,INSUFFICIENT_EVIDENCE,absence_de_singularite,0,true,Reject due to the event spanning multiple years.,George Vancouver,,Q205485
dd5f147f-edd3-42a4-a06b-c0bbd32eb6f1,Tour de France automobile,1907-01-01,1907-01-01,year,LIKELY_CORRECT,probable_mais_a_confirmer,0.7,false,Verify the year 1907 with additional sources that specifically mention the 1907 edition of the Tour de France automobile.,https://fr.wikipedia.org/wiki/Tour_de_France_automobile,https://en.wikipedia.org/wiki/Tour_de_France_Automobile,Q1847992
98786c05-04b5-4a59-81c8-810d1168f9b4,Georgius Agricola publie De Re Metallica,1556-01-01,,,INSUFFICIENT_EVIDENCE,retrieval_insuffisant,0,true,Fournir des sources externes pour valider l'année de publication.,,,
81b0eac7-4e45-4c26-8855-6ceb18bec534,Publication du Comte de Monte-Cristo d'Alexandre Dumas,1844-01-01,,,INSUFFICIENT_EVIDENCE,annee_exacte_introuvable,0,true,"Search for sources that explicitly state the publication year of ""Le Comte de Monte-Cristo"".",,,Q38337
b8a058ee-81c5-43fb-a82b-161f01241920,Le royaume Burgonde établi en Sapaudie,0443-01-01,0443-01-01,year,CONFIRMED,confirme,1,false,Aucune.,Sapaudie,,Q3473124
3f2fa680-7fc6-4c54-b654-cd98819acefd,Mariage d'Isabelle de Castille et Ferdinand d'Aragon,1469-01-01,1469-01-01,year,LIKELY_CORRECT,preuve_externe_faible,0,false,Ajouter des sources externes fiables pour valider l'année du mariage.,,,
16c1ce9a-ea81-4bd7-bb74-a5ec3b52da8f,Premier tour du monde achevé,1522-01-01,1522-01-01,year,CONFIRMED,confirme,0.9,false,Aucune.,Tour du monde,,Q3533809
4efbffd1-5867-4348-94d9-da4cd5ae0107,Naufrage du General Slocum,1904-01-01,1904-01-01,year,CONFIRMED,confirme,1,false,Aucune.,wikipedia_fr_article,,Q376769
62d7efdb-ecc6-488c-bc75-71ebe01441b7,Boycott des marchandises anglaises (Boston),1767-01-01,1767-01-01,year,LIKELY_CORRECT,preuve_externe_faible,0.5,false,Ajouter des sources externes fiables pour confirmer l'année du boycott.,,,
ecc575be-8dce-44f2-ab85-68b69578f7c0,Première Bible en Latin (Vulgate),0382-01-01,,,INSUFFICIENT_EVIDENCE,annee_exacte_introuvable,0,true,Rechercher des sources externes fiables qui confirment l'année exacte de la première Bible en latin (Vulgate).,,,Q1845
9a20d867-a691-4100-bf54-40e98780f23e,Bataille d'Azincourt,1415-01-01,1415-01-01,year,CONFIRMED,confirme,1,false,Aucune modification nécessaire.,wikipedia_fr_article,wikipedia_en_article,Q188495
f906c637-8fe8-4534-a95e-d6dedbf020f2,Mission de saint Augustin en Angleterre,0597-01-01,0597-01-01,year,LIKELY_CORRECT,probable_mais_a_confirmer,0.7,false,Vérifier si d'autres sources confirment l'année 597.,wikipedia_fr_article,,Q7592555
af2f7a1a-ea86-4fb9-8a2b-a9a1092981e2,Occupation de la Septimanie wisigothe par les Musulmans d' Espagne,0719-01-01,0719-01-01,year,LIKELY_CORRECT,preuve_externe_faible,0,false,Ajouter des sources externes qui confirment l'année 719 pour l'occupation de la Septimanie wisigothe par les Musulmans d'Espagne.,,,Q7781
68c7b49a-9f26-43f9-88a1-f2f3d9f29d22,Achèvement du Dôme du Rocher à Jérusalem,0691-01-01,0691-01-01,year,CONFIRMED,confirme,1,false,No change needed.,https://fr.wikipedia.org/wiki/D%C3%B4me_du_Rocher,,Q172077
8255b0b0-c70b-4244-ad95-a51a152a9e6a,Célébration annuelle de la musique française,1982-01-01,1982-01-01,year,CONFIRMED,confirme,1,false,Confirmer la date de 1982 comme l'année de la première Fête de la Musique.,,,Q191954
72851dc3-e97b-41e3-b27e-ef8c5745c635,Promulgation de la loi Falloux en France sur la liberté de l'enseignement,1850-03-15,1850-01-01,year,CONFIRMED,confirme,1,false,No change needed.,Loi Falloux,,Q3258177
fa99474e-7652-43c1-930a-1e692714e41c,Premier vol du bombardier Bloch MB.131,1935-12-13,1935-01-01,year,CONFIRMED,confirme,0.9,false,Confirmer la date du premier vol du Bloch MB.131 comme étant en 1935.,Bloch MB.131,,Q767748
f134f6f3-b5e4-4585-928b-8088f2ff13b9,Mariage de Berthe de Bourgogne et Robert II,0996-01-01,0996-01-01,year,LIKELY_CORRECT,probable_mais_a_confirmer,0.8,false,Confirm the date as 996 based on the description and the Wikipedia article.,https://fr.wikipedia.org/wiki/Berthe_de_Bourgogne,,Q232522
b72bd5be-6e57-4681-84e6-bfd0c47dd795,Traité de Bâle avec la Prusse,1795-01-01,1795-01-01,year,CONFIRMED,confirme,1,false,Confirmer la date de 1795.,Traité de Bâle,,Q1179966
fb0c6b6f-3e00-4721-872b-7c60c94efa5c,Concile de Clermont,1095-01-01,1095-01-01,year,CONFIRMED,confirme,1,false,No change needed.,wikipedia_fr_article,,Q2513130
155839a8-4907-4474-8dfe-32c951c4e7c3,Première persécution de chrétiens par Dèce,0250-01-01,0250-01-01,year,LIKELY_CORRECT,probable_mais_a_confirmer,0.8,false,None,https://fr.wikipedia.org/wiki/Pers%C3%A9cution_de_D%C3%A8ce,,Q2590336
a46a70d8-6b14-41da-96ce-f3f11e8144d4,Fondation de l'Université de Palencia,1211-01-01,,,INSUFFICIENT_EVIDENCE,annee_exacte_introuvable,0,true,Rechercher des sources externes confirmant l'année de fondation de l'Université de Palencia.,,,Q8378
55e25b4d-05c3-4c08-babd-5ae5d9719a00,Assassinat de Thomas Becket,1170-01-01,1170-01-01,year,CONFIRMED,confirme,1,false,No change needed.,https://fr.wikipedia.org/wiki/Thomas_Becket,,Q192236
325e350e-182c-4329-a3b7-0f1df4b0394e,Création de la Ligue internationale des femmes,1915-01-01,1915-01-01,year,CONFIRMED,confirme,1,false,Aucune modification nécessaire.,https://fr.wikipedia.org/wiki/Ligue_internationale_des_femmes_pour_la_paix_et_la_libert%C3%A9,,Q689768
5ba871af-7ef9-4a1a-bdc5-fd3f893fd4d9,Fondation de la Première Internationale,1864-01-01,1864-01-01,year,LIKELY_CORRECT,probable_mais_a_confirmer,0.8,false,Aucune recommandation nécessaire.,,,Q610272
6a707ef3-071e-433c-90d5-5ba3fd4c8daf,Première vaccination BCG contre la tuberculose en France,1921-01-01,1921-01-01,year,LIKELY_CORRECT,preuve_externe_faible,0,false,Ajouter des sources externes confirmant l'année de la première vaccination BCG en France.,,,Q12204
46c921d3-4722-47ab-af99-3b16ddd3c44c,Préparatifs des premiers essais nucléaires militaires français,1955-01-01,,,INSUFFICIENT_EVIDENCE,absence_de_singularite,0,true,"Reject. The title describes a process, not a specific event in a single year. No source confirms the year.",,,Q521306
eab3410e-51af-4549-9d7e-37b11de51da8,Établissement de la gabelle,1341-01-01,1341-01-01,year,LIKELY_CORRECT,preuve_externe_faible,0.8,false,No changes needed.,Gabelle du sel,,Q1488259
973f93eb-9e54-453c-9974-8921035aaba0,Naufrage d'un pétrolier entraînant une grave pollution des côtes françaises,1999-01-01,1999-01-01,year,LIKELY_CORRECT,preuve_externe_faible,0.5,false,Fournir des sources externes confirmant l'année du naufrage de l'Erika.,,,
5c1fb292-c43b-477f-bd8f-65f6e61cc2ee,Guerre italo-turque,1911-01-01,,,INSUFFICIENT_EVIDENCE,absence_de_singularite,0,true,Confirmation de la date de début de la guerre italo-turque.,https://fr.wikipedia.org/wiki/Guerre_italo-turque,,Q203824
27cbaf86-c334-4aa0-b308-69d211e21728,Fondation de l'abbaye de Saint-Maurice,0515-01-01,0515-01-01,year,CONFIRMED,confirme,1,false,No change needed.,wikipedia_fr_article,,Q334174
67e286bb-f9f7-4bd4-9027-50c4a7d75078,La crainte en France face à l'accident nucléaire soviétique et ses enjeux de communication,1986-01-01,1986-01-01,year,CONFIRMED,confirme,0.9,false,No change needed.,Catastrophe nucléaire de Tchernobyl,,Q486
86d54687-02f4-4ae1-bce8-f03e0d85c683,Sécheresse du Dust Bowl,1930-01-01,,,INSUFFICIENT_EVIDENCE,absence_de_singularite,0,true,Confirmer que 1930 est une année de début plausible pour le Dust Bowl.,Dust Bowl,,Q726501
6ce9a5d0-e5d4-4761-be42-2203f5523902,JO d’hiver de Chamonix,1924-01-01,1924-01-01,year,CONFIRMED,confirme,1,false,Aucune modification nécessaire.,Jeux olympiques d'hiver de 1924,,Q9583
4044438d-a113-4430-bea8-88906c78f90c,Bataille de Strasbourg,0357-01-01,0357-01-01,year,CONFIRMED,confirme,0.9,false,None,wikipedia_fr_article,,Q1367199
53358e1d-f8b9-4839-ab70-64f3b5dcb206,Koch identifie le bacille de la tuberculose,1882-01-01,1882-01-01,year,CONFIRMED,confirme,0.9,false,Confirmer la date de 1882 comme l'année de l'identification du bacille de la tuberculose par Koch.,Robert Koch,,Q37193
8019c179-c9b1-4819-91cf-c012cfa1d0fc,Réforme du système monétaire en France,1519-01-01,1519-01-01,year,LIKELY_CORRECT,probable_mais_a_confirmer,0.5,false,Vérifier si des sources plus précises confirment cette réforme en 1519.,,,Q2389458
a516f85b-0f9c-449c-8e18-b79ae3c80745,Première victoire de l'équipe de France à la Coupe du Monde,1998-01-01,1998-01-01,year,CONFIRMED,confirme,1,false,No changes needed.,Équipe de France de football à la Coupe du monde 1998,,Q1477685
9219120c-58c5-4857-8d0b-854b8659db34,Bataille de Pavie (François Ier),1525-01-01,1525-01-01,year,CONFIRMED,confirme,0.9,false,Confirmer la date de 1525 pour la bataille de Pavie.,wikipedia_fr_article,,Q63468
aad36698-6508-4db1-afe2-cafce81611c5,Ouverture de la Bourse de Londres,1571-01-01,,,INSUFFICIENT_EVIDENCE,annee_exacte_introuvable,0,true,Rechercher des sources externes fiables qui confirment l'année exacte de l'ouverture de la Bourse de Londres.,,,Q2385849
86c58bea-5241-4f48-9584-a343f8f99b47,"Victoire de la droite aux élections européennes, la liste RPR-UDF de Simone Veil l'emporte",1984-01-01,1984-01-01,year,CONFIRMED,confirme,1,false,No change needed.,Élections européennes de 1984 en France,,Q2562267
a482e4a3-a17d-4b95-801c-6e2caf207074,Destruction du Saint-Sépulcre à Jérusalem,1009-01-01,1009-01-01,year,LIKELY_CORRECT,probable_mais_a_confirmer,0.8,false,No further action needed.,https://fr.wikipedia.org/wiki/Saint-S%C3%A9pulcre,,Q3463426
66ff5fc0-07e9-4bbf-8147-39fa76f10ff0,Défaite de l'arrière-garde de Charlemagne à Roncevaux face aux Basques,0778-08-15,0778-01-01,year,LIKELY_CORRECT,probable_mais_a_confirmer,0.8,false,Aucune.,,,Q3044
ae64709f-6802-446f-9ca1-88176f328793,Concile d'Éphèse et Nestorianisme,0431-01-01,0431-01-01,year,CONFIRMED,confirme,1,false,Confirmer la date de 431.,Concile d'Éphèse,,Q184332
011c4206-c1bb-411f-b7b7-c919b2294581,Création du Jardin des Plantes de Paris,1635-01-01,1635-01-01,year,CONFIRMED,confirme,0.9,false,Aucune recommandation nécessaire.,wikipedia_fr_article,wikipedia_en_article,Q730948
bc8defef-7401-463d-a274-afdc0997fc19,Première cérémonie de remise des prix Nobel,1901-12-10,1901-01-01,year,CONFIRMED,confirme,1,false,No change needed.,Prix Nobel,,Q7191
74c12b0e-1df6-4c4c-884b-5747872cb07b,Fondation de la Compagnie néerlandaise des Indes orientales,1602-10-01,1602-01-01,year,CONFIRMED,confirme,1,false,Confirmer la date de fondation de la Compagnie néerlandaise des Indes orientales comme étant 1602.,Compagnie néerlandaise des Indes orientales,,Q159766
3bf78265-b670-4382-85ae-e5fa3dc963b1,Début du règne de François Ier,1515-01-01,,,INSUFFICIENT_EVIDENCE,absence_de_singularite,0,true,Rejeter car l'événement décrit une période et non une année unique.,,,
b42136dd-9c22-4191-b74c-a4469fae405e,Francis Bacon publie « Novum Organum »,1620-01-01,1620-01-01,year,CONFIRMED,confirme,0.9,false,Confirmer la date de publication.,Francis Bacon (philosophe),,Q37388
2e4d2617-0f4d-4486-bdcd-891d0e20d597,Introduction de l’euro – scriptural,1999-01-01,1999-01-01,year,CONFIRMED,confirme,0.9,false,Confirmer la date de 1999.,Euro,Euro,Q4916
e179edc3-c0b2-418e-ac0d-0f13f11163ee,Découverte des grottes de Lascaux,1940-01-01,,,INSUFFICIENT_EVIDENCE,annee_exacte_introuvable,0,true,Search for a source that explicitly states the year of the discovery of the Lascaux caves.,https://fr.wikipedia.org/wiki/Lascaux,,Q346283
758eedcf-5430-48ac-9669-2d1a33d56565,Création du royaume de Bourgogne,0855-01-01,0855-01-01,year,LIKELY_CORRECT,preuve_externe_faible,0.8,false,Confirmer la date de 855 comme année de création du royaume de Bourgogne.,,,Q125948291
4717c810-1536-470a-aa65-1f16eb404202,Grande ordonnance de 1357,1357-01-01,1357-01-01,year,CONFIRMED,confirme,1,false,No change needed.,wikipedia_fr_article,wikipedia_en_article,Q2066679
6d0967f9-7177-4c8e-9033-77e00f59215d,Accession au Trône de l’Empereur Caligula,0037-03-16,0037-01-01,year,LIKELY_CORRECT,probable_mais_a_confirmer,0.8,false,Confirmer l'année 0037 comme date de l'accession au trône de Caligula.,,,Q1411
92263553-493a-4e3c-9ac5-f017eae02bbe,Révolte des Cipayes en Inde,1857-01-01,1857-01-01,year,CONFIRMED,confirme,0.9,false,No change needed.,https://fr.wikipedia.org/wiki/R%C3%A9volte_des_cipayes,,Q129864
9f06fa98-fbac-4f5b-8489-a3ed5c7d7ba6,Bataille de Chaldiran,1514-01-01,1514-01-01,year,CONFIRMED,confirme,0.9,false,Confirmer la date de 1514.,https://fr.wikipedia.org/wiki/Bataille_de_Tchaldiran,,Q745110
7ab255ac-8adf-4bde-9efd-e5835188076e,Mort de Charles II d'Espagne,1700-01-01,1700-01-01,year,CONFIRMED,confirme,1,false,Confirmer la date de 1700.,wikipedia_fr_article,,Q36174
3d472ef8-a185-4778-b5ac-55ce3f57f96f,Hedin découvre les sources de l'Indus,1907-01-01,1907-01-01,year,LIKELY_CORRECT,preuve_externe_faible,0,false,Ajouter des sources externes pour valider l'année de la découverte.,,,
560803e4-769f-4877-b7ea-ccc16849b748,Bataille du Champ Sanglant (Ager Sanguinis),1119-01-01,1119-01-01,year,LIKELY_CORRECT,preuve_externe_faible,0.5,false,Ajouter des sources externes fiables pour confirmer l'année de la bataille.,,,
67615989-327b-4a8c-a6c3-a8b2db93efb3,Premier jardin public de Paris,1779-07-21,1779-01-01,year,LIKELY_CORRECT,probable_mais_a_confirmer,0.8,false,Aucune modification nécessaire.,,,Q22746
93162364-33ed-4cf4-ad55-49ed365c9876,Victoire de Jeanne d'Arc au siège d'Orléans,1429-05-08,1429-01-01,year,CONFIRMED,confirme,0.9,false,No change needed.,https://fr.wikipedia.org/wiki/Si%C3%A8ge_d%27Orl%C3%A9ans_(1428-1429),,Q392213
ddbc9f12-88fc-45fa-91ed-296a94dd877e,Signature du traité du Baqt entre la Nubie et l'Égypte,0651-01-01,,,DISPUTED_DATE,date_disputee,0.4,true,Check other sources to resolve the date discrepancy.,https://fr.wikipedia.org/wiki/Baqt,,Q1283007
57978633-3141-48ff-b91c-bb89f8c97689,Création du Front populaire en France,1935-01-01,1935-01-01,year,LIKELY_CORRECT,probable_mais_a_confirmer,0.8,false,None,wikipedia_fr_article,,Q3123463
cf047d21-ecba-4093-ba82-293143c3e4f1,Sommet historique entre les deux Corées,2018-04-27,2018-01-01,year,CONFIRMED,confirme,1,false,Aucune modification nécessaire.,https://fr.wikipedia.org/wiki/Sommet_inter-cor%C3%A9en_d%27avril_2018,,Q50396447
3c40ea9b-0916-4c93-ad7d-173c8a963a55,Ouverture de la Conférence de paix de Paris,1919-01-01,1919-01-01,year,CONFIRMED,confirme,0.9,false,No change needed.,Conférence des femmes interalliées,,Q61049946
5f1521f6-87ad-4b0c-b3e6-ae21d72f1f3d,Arrestation d'Eichmann (Buenos Aires),1960-01-01,1960-01-01,year,LIKELY_CORRECT,preuve_externe_faible,0,false,Fournir des sources externes pour confirmer l'année de l'arrestation.,,,
7be25dcb-c87c-457c-9dd2-cf480a1a1af1,Bataille de Fontenoy,1745-01-01,1745-01-01,year,LIKELY_CORRECT,probable_mais_a_confirmer,0.8,false,Confirmer la date de 1745.,wikipedia_fr_article,wikipedia_en_article,Q569953
5789e2ad-ecbd-4300-9444-d18b51b01efc,Sommet de Versailles du G7,1982-01-01,1982-01-01,year,CONFIRMED,confirme,1,false,Confirmer la date de 1982.,https://fr.wikipedia.org/wiki/Sommet_de_Versailles,,Q131324496
e47539fb-64f9-47ec-b958-52f5664dfe60,Siege of Philippsburg,1734-01-01,1734-01-01,year,CONFIRMED,confirme,0.9,false,CONFIRM the date as 1734.,wikipedia_fr_article,wikipedia_en_article,Q481325
a7a247f4-2b1e-4388-a274-1c7c39901901,Épidémie de peste cyprianique,0250-01-01,0250-01-01,year,LIKELY_CORRECT,preuve_externe_faible,0,false,Ajouter des sources externes fiables pour confirmer l'année de l'épidémie.,,,
747809b9-3e9f-4201-993c-1cf4620a929f,Boèce écrit « La Consolation de la philosophie »,0524-01-01,0524-01-01,year,CONFIRMED,confirme,0.9,false,No change needed.,https://fr.wikipedia.org/wiki/Bo%C3%A8ce,,Q102851
81f5c6c0-359e-4090-8b2c-f9a6ef3bdf3d,Règne de Louis le Pieux,0814-01-01,,,INSUFFICIENT_EVIDENCE,absence_de_singularite,0,true,"Reject the event as it describes a period, not a specific year.",Louis le Pieux,,Q43974
4ae702fe-9300-4811-bdf7-a6b64986a0cd,Prix Goncourt 1920 : Ernest Pérochon,1920-01-01,1920-01-01,year,CONFIRMED,confirme,1,false,No change needed.,wikipedia_fr_article,wikipedia_en_article,Q740850
99cd31e5-b7aa-4256-afe1-3d9b7113a14c,Al-Razi décrit la variole et la rougeole,0922-01-01,,,INSUFFICIENT_EVIDENCE,annee_exacte_introuvable,0,true,Fournir des sources externes fiables pour valider l'année exacte de la description de la variole et de la rougeole par Al-Razi.,,,
5068ba3d-c9f5-4613-b69f-e0ea8d9a5cfc,Télévision numérique terrestre,2005-01-01,2005-01-01,year,CONFIRMED,confirme,0.9,false,Aucune modification nécessaire.,wikipedia_fr_article,,Q1083894
848e3800-d35c-4599-9be4-51beea441e3b,Richelieu devient principal ministre,1624-08-13,1624-01-01,year,CONFIRMED,confirme,0.9,false,No change needed.,Armand Jean du Plessis de Richelieu,,Q26702
fe232b3a-a0a9-482f-912f-0f7fd725dbd3,Collision meurtrière de deux trains au passage à niveau de Colmar,1946-01-01,1946-01-01,year,LIKELY_CORRECT,preuve_externe_faible,0.5,false,Fournir des sources externes pour confirmer l'année de l'accident.,,,
a33efec0-2f7d-4e80-a8f6-00b760a04193,Crise bancaire autrichienne (Creditanstalt),1931-01-01,1931-01-01,year,LIKELY_CORRECT,preuve_externe_faible,0.5,false,Ajouter des sources externes fiables pour confirmer l'année de la crise bancaire autrichienne (Creditanstalt).,,,
b4fe3ef8-1489-4f66-ad23-ce07ceab8d3d,Paracelse médecin de Bâle,1527-01-01,,,INSUFFICIENT_EVIDENCE,preuve_insuffisante,0,true,Rechercher des sources confirmant la date de la nomination de Paracelse comme médecin de Bâle.,https://fr.wikipedia.org/wiki/Paracelse,,Q83428
f10ea731-2a56-42bb-8ca3-22bbd0e3fa59,Bataille de Passchendaele,1917-01-01,1917-01-01,year,CONFIRMED,confirme,0.9,false,Confirmer la date de 1917.,wikipedia_fr_article,wikipedia_en_article,Q426227
71187f3a-8e75-4602-ba9f-596e1a82174b,Graham Bell invente le téléphone,1876-03-10,1876-01-01,year,CONFIRMED,confirme,0.9,false,Confirmer la date de 1876 comme année de l'invention du téléphone par Graham Bell.,Chronologie du téléphone,,Q12071111
0665c752-0d2f-4ed0-8fad-1d5d227eb704,Première croisade,1096-10-01,,,INSUFFICIENT_EVIDENCE,absence_de_singularite,0,true,Confirmer la date de début de la Première croisade comme 1096.,https://fr.wikipedia.org/wiki/Premi%C3%A8re_croisade,,Q51649
a9217354-2c01-4bf7-9657-2b6bb8c37fa3,Sac de Rome (Charles Quint),1527-01-01,1527-01-01,year,CONFIRMED,confirme,1,false,Confirmer la date de 1527.,,https://en.wikipedia.org/wiki/Sack_of_Rome_(1527),Q465627
5989a5c4-3fa8-4812-8cd6-ca295a95c3e4,Premier Tour de France cycliste,1903-07-01,1903-01-01,year,CONFIRMED,confirme,0.9,false,Confirmer la date de 1903.,Tour de France 1903,Tour de France,Q506911
04fda992-4157-4632-ab97-d5809b405e7f,Fondation de la Compagnie anglaise des Indes orientales,1600-01-01,1600-01-01,year,LIKELY_CORRECT,probable_mais_a_confirmer,0.8,false,Rechercher des sources externes fiables qui confirment l'année de fondation de la Compagnie anglaise des Indes orientales.,,,Q2989905
87732e43-88b9-430e-8aa4-72d6df69228c,Création de la Caisse d'Escompte,1776-01-01,1776-01-01,year,CONFIRMED,confirme,0.9,false,None,https://fr.wikipedia.org/wiki/Caisse_d%27escompte,https://en.wikipedia.org/wiki/Caisse_d%27Escompte,Q2933279
0516cb77-4f16-48f5-9198-ffa4b8478360,Le virus Melissa infecte les systèmes,1999-01-01,1999-01-01,year,CONFIRMED,confirme,1,false,Aucune modification nécessaire.,wikipedia_fr_article,,Q590243
6581fe9f-c425-4ab1-9296-a00574f056bf,Première de la Symphonie No. 5 de Tchaïkovski,1888-01-01,1888-01-01,year,CONFIRMED,confirme,1,false,No change needed.,https://fr.wikipedia.org/wiki/Symphonie_no_5_de_Tcha%C3%AFkovski,,Q240314
792e4f42-dee8-4a54-b99b-661d3985ff53,Expédition du commodore Perry au Japon,1853-10-01,1853-01-01,year,CONFIRMED,confirme,1,false,Confirmer la date de 1853.,1853 au Japon,,Q134288019
74b94cc3-eead-4788-8a5c-eeb8a2f5b787,Publication de 'Vingt ans après',1845-01-01,1845-01-01,year,CONFIRMED,confirme,0.9,false,Confirmer la date de publication.,Vingt Ans après,,Q1639633
88ca6499-c7fb-4d1f-b30a-c22fb4dd73b9,Thomas More publie « L'Utopie »,1516-01-01,1516-01-01,year,CONFIRMED,confirme,1,false,No change needed.,L'Utopie,,Q404158
b1ddbefe-409a-4925-97d4-ee35056620cd,Union de Krewo entre la Pologne et la Lituanie,1385-01-01,1385-01-01,year,CONFIRMED,confirme,0.9,false,No change needed.,Union de Krewo,,Q1121044
40785270-a2a8-4d25-92c4-82d6d15d4f49,Loi Royer sur la protection des consommateurs,1972-01-01,1972-01-01,year,LIKELY_CORRECT,preuve_externe_faible,0.5,false,Ajouter des sources externes confirmant l'année d'adoption de la loi Royer.,,,
afae03a0-58e0-4b60-8e1d-629633f4b352,Naufrage du MV Doña Paz,1987-01-01,1987-01-01,year,CONFIRMED,confirme,1,false,Aucune modification nécessaire.,Doña Paz,,Q1253637
da7157a0-26b9-48d3-a676-deef17499c9d,Chirac fonde le Rassemblement pour la République après sa séparation de Giscard d'Estaing,1976-01-01,1976-01-01,year,CONFIRMED,confirme,1,false,Confirmer la date de 1976.,,,Q191954
e179c59e-93b1-4fae-92ca-dc33cdc96df1,Ouverture du Queen's College de Londres,1848-01-01,,,INSUFFICIENT_EVIDENCE,annee_exacte_introuvable,0,true,Rechercher des sources externes fiables confirmant l'année d'ouverture du Queen's College de Londres.,,,Q189022
db3d5319-8662-47fe-a6e4-1aa408340ca4,Première mention des Wisigoths,0257-01-01,,,INSUFFICIENT_EVIDENCE,annee_exacte_introuvable,0,true,Fournir des sources externes fiables pour confirmer l'année exacte de la première mention des Wisigoths.,,,
1fa94f5d-0294-41c9-949c-c80fdd4cb62b,Création de la Société française d'archéologie,1833-05-21,1834-01-01,year,DISPUTED_DATE,date_disputee,0.9,false,Vérifier les sources primaires pour déterminer la date exacte de création.,wikipedia_fr_article,,Q3488285
3d5325a2-d084-4cd4-b9a5-4f8ccf9f6c03,Mort de Louis XV,1774-01-01,1774-01-01,year,CONFIRMED,confirme,1,false,No change needed.,wikipedia_fr_article,wikipedia_en_article,Q7738
9a7108f9-1565-41c8-8612-e1ca496a0e49,Règlement de la succession de Louis le Pieux entre ses fils,0817-01-01,0817-01-01,year,CONFIRMED,confirme,0.9,false,No change needed.,Louis le Pieux,,Q43974
082d5f18-e416-486f-9238-3cea3b55da7c,Naissance du journal « Le Monde diplomatique »,1948-01-01,,,DISPUTED_DATE,date_disputee,0.1,true,Vérifier et corriger la date de naissance du journal Le Monde diplomatique en se basant sur des sources fiables et indépendantes.,wikipedia_fr_article,wikipedia_en_article,Q858121
bf5316e3-a077-4b9e-8fbd-bb7b84f8a96c,L'Angleterre remporte la Coupe du Monde à domicile,1966-01-01,1966-01-01,year,CONFIRMED,confirme,0.9,false,No change needed.,Équipe d'Angleterre de football,,Q47762
42e9a134-266a-421e-8c39-99aa38a9ba4b,Premier éclairage public au gaz à Paris,1829-01-01,,,INSUFFICIENT_EVIDENCE,preuve_insuffisante,0,true,Rechercher des sources externes fiables qui confirment l'année exacte de l'installation du premier éclairage public au gaz à Paris.,,,Q3577509
13df933f-3c45-4e67-bb85-90d382632e1f,Entrée de Bélisaire dans Rome,0536-01-01,0536-01-01,year,LIKELY_CORRECT,probable_mais_a_confirmer,0.7,false,No change needed.,Bélisaire,,Q174943
b25439b9-e114-4e21-a5c5-309f521f788a,Premiers Jeux Olympiques modernes,1896-10-01,1896-01-01,year,CONFIRMED,confirme,1,false,Confirmer la date de 1896.,wikipedia_fr_article,,Q5389
07a6be06-aeab-4971-a206-c9c4b10a960a,Election de Raymond Poincaré à la présidence du Conseil,1912-01-01,1912-01-01,year,LIKELY_CORRECT,probable_mais_a_confirmer,0.8,false,None,https://fr.wikipedia.org/wiki/Raymond_Poincar%C3%A9,,Q191974
4cc0899c-e1ff-4d8a-90d5-7fa303c2e970,Bataille de Saucourt,0881-01-01,0881-01-01,year,CONFIRMED,confirme,0.9,false,No changes needed.,wikipedia_fr_article,wikipedia_en_article,Q2445761
a0ca2566-d3d9-4a1f-a2cc-1550aec33a64,Début de la Deuxième Croisade,1147-01-01,1147-01-01,year,CONFIRMED,confirme,0.9,false,Confirmer la date de 1147 comme début de la Deuxième Croisade.,https://fr.wikipedia.org/wiki/Deuxi%C3%A8me_croisade,,Q51654
0ce0b1c6-7909-405f-ac93-82f1364468bd,Mayflower Compact signé par les Pères pèlerins,1620-10-01,1620-01-01,year,CONFIRMED,confirme,0.9,false,Confirmer la date de 1620.,https://fr.wikipedia.org/wiki/Mayflower_Compact,,Q868502
e27f2d32-3089-45df-8c3c-bcb6e54919a1,Premier tournoi d'échecs international,1851-01-01,1851-01-01,year,CONFIRMED,confirme,0.9,false,No change needed.,Tournoi d'échecs de Londres 1851,,Q1190130
6f09272a-2fcc-4823-94b8-525327ddc399,Siège de Bari (Robert Guiscard),1071-01-01,1071-01-01,year,CONFIRMED,confirme,0.9,false,Aucune modification nécessaire.,wikipedia_fr_article,,Q815120
dc88dca7-3301-4d56-8087-d4d6e65265aa,Naissance traditionnelle de Charlemagne,0742-04-02,,,INSUFFICIENT_EVIDENCE,annee_exacte_introuvable,0,true,"Rechercher des sources historiques fiables (actes de naissance, biographies anciennes) qui confirment l'année de naissance de Charlemagne.",,,Q2229556
356f03e7-0a49-42bf-8092-517530615965,Fondation de l'abbaye de Rebais,0630-01-01,0630-01-01,year,LIKELY_CORRECT,preuve_externe_faible,0.7,false,Confirmer la date de fondation avec d'autres sources.,https://fr.wikipedia.org/wiki/Rebais,,Q840728
6ce6e10a-be29-4dfc-bf59-d8c18df7d973,Création de la Ligue Internationale de la Paix,1867-01-01,,,INSUFFICIENT_EVIDENCE,annee_exacte_introuvable,0,true,Provide sources that confirm the year of creation for the 'Ligue Internationale de la Paix'.,,,Q689768
2a838840-8e8f-460f-be68-b2128aa50cb3,Mort de Suryavarman II,1150-01-01,1150-01-01,year,CONFIRMED,confirme,0.9,false,No change needed.,wikipedia_fr_article,wikipedia_en_article,Q313298
7475ef6c-3939-4d51-8cd4-0dc17a77e245,Vincent Auriol devient le premier président de la IVe République,1947-01-16,1947-01-01,year,CONFIRMED,confirme,1,false,No change needed.,https://fr.wikipedia.org/wiki/Vincent_Auriol,,Q158772
0aaa4ea4-610f-4a1c-9158-bbf19f881b84,Publication de Mein Kampf,1925-01-01,1925-01-01,year,CONFIRMED,confirme,0.9,false,Confirmer la date de publication à 1925.,https://fr.wikipedia.org/wiki/Mein_Kampf,https://en.wikipedia.org/wiki/Mein_Kampf,Q48244
4921ce83-ee1f-4686-9bd1-ec6d5eb36935,Avènement de Clovis,0481-01-01,0481-01-01,year,CONFIRMED,confirme,0.9,false,Confirmer la date de 481 comme année de l'avènement de Clovis.,https://fr.wikipedia.org/wiki/Clovis_Ier,,Q82339
e6e6eec2-0460-458b-800b-20b081537ddf,Première Guerre de l'opium,1839-10-01,1839-01-01,year,CONFIRMED,confirme,0.9,false,Aucune.,wikipedia_fr_article,,Q191282
05d1aa49-4905-47ec-bbdb-b044bcb8f1a4,Conjuration des Pazzi,1478-01-01,1478-01-01,year,CONFIRMED,confirme,0.9,false,No changes needed.,https://fr.wikipedia.org/wiki/Conjuration_des_Pazzi,,Q772874
13c0d77c-b9ed-4794-9989-a8a22033db5f,Mort de Gustave Adolphe,1632-01-01,1632-01-01,year,LIKELY_CORRECT,probable_mais_a_confirmer,0.8,false,Confirm the death year using reliable historical sources.,,,Q16209171
76cdae9f-dd21-4556-8096-4b908408c796,Création du système des flottes du trésor espagnoles,1504-01-01,,,INSUFFICIENT_EVIDENCE,retrieval_insuffisant,0,true,Fournir des sources externes fiables pour valider l'année de création.,,,
69f8cfac-262b-49ec-b270-87e9cdb7adc7,Lancement de la première radio d'information continue en France,1987-01-01,,,INSUFFICIENT_EVIDENCE,annee_exacte_introuvable,0,true,Search for sources that explicitly state the launch year of France Info.,Histoire de la radio en France,,Q55597228
f1c9147a-d993-4153-a2ad-fa22b5c429d5,Landsteiner découvre les groupes sanguins,1901-01-01,1901-01-01,year,LIKELY_CORRECT,preuve_externe_faible,0.5,false,Ajouter des sources externes fiables pour confirmer l'année de la découverte.,,,
75e95bd5-4930-472c-808d-0ffe2ed04357,Premier électrocardiogramme,1902-01-01,,,INSUFFICIENT_EVIDENCE,retrieval_insuffisant,0,true,Ajouter des sources externes fiables pour confirmer l'année de la réalisation du premier électrocardiogramme.,,,
6a88e639-0033-4531-87cc-212656e69190,Bataille de Sadowa (Königgrätz),1866-01-01,1866-01-01,year,CONFIRMED,confirme,0.9,false,Aucune action nécessaire.,wikipedia_fr_article,wikipedia_en_article,Q154942
96b73815-d3dc-4466-bb44-cbb353ba02c3,Naufrage du Royal George,1782-01-01,1782-01-01,year,CONFIRMED,confirme,1,false,Aucune modification nécessaire.,wikipedia_fr_article,,Q1194034
1965b844-083e-4676-9178-ce07133a53d8,Création des jardins botaniques de Padoue,1545-01-01,1545-01-01,year,LIKELY_CORRECT,probable_mais_a_confirmer,0,false,Ajouter une source externe fiable confirmant l'année de création des jardins botaniques de Padoue.,,,Q10297684
c830c0f5-b7c2-4ca1-8b93-37a2f38e99e7,Découverte de la pierre de Rosette,1799-07-15,1799-01-01,year,CONFIRMED,confirme,0.9,false,Aucune modification nécessaire.,Pierre de Rosette,,Q48584
3f3aa84c-bb80-43c4-ab6a-55d3920a35be,Attaque de Pearl Harbor,1941-12-07,1941-01-01,year,CONFIRMED,confirme,0.9,false,Confirmer la date de 1941.,https://fr.wikipedia.org/wiki/Attaque_de_Pearl_Harbor,,Q52418
fcd485a5-55e7-46bc-809e-e1f70395ccd3,Attaque de Baltimore par les corsaires,1798-01-01,,,INSUFFICIENT_EVIDENCE,annee_exacte_introuvable,0,true,Rechercher des sources externes confirmant l'année 1798 pour l'attaque de Baltimore par des corsaires.,,,Q805755
89c6943e-6a1e-495d-8780-079d651d654a,Semaine des barricades à Alger,1960-01-01,1960-01-01,year,CONFIRMED,confirme,1,false,Aucune modification nécessaire.,wikipedia_fr_article,,Q2268876
4c5a9e5a-363d-4f9a-bc95-5f9eb221b25c,"Fondation de Luanda, Angola",1575-01-01,1575-01-01,year,CONFIRMED,confirme,0.9,false,Confirm the date as 1575.,wikipedia_fr_article,wikipedia_en_article,Q3897
d5321094-4c61-4055-9c64-d68d1ca1af55,Chindaswint devient roi des Wisigoths,0642-01-01,,,INSUFFICIENT_EVIDENCE,retrieval_insuffisant,0,true,Fournir des sources externes pour valider l'année.,,,
de172437-3dbd-47bb-8ffe-f2b4158f32f0,Le couronnement d'Otton Ier,0962-01-01,0962-01-01,year,LIKELY_CORRECT,preuve_externe_faible,0,false,Ajouter des sources externes fiables pour confirmer la date du couronnement.,,,
f8be164b-ce5a-41ab-aa31-7e4af6b1a9f8,Rapport Beveridge sur la sécurité sociale,1942-01-01,1942-01-01,year,CONFIRMED,confirme,1,false,No change needed.,https://fr.wikipedia.org/wiki/Rapport_Beveridge,,Q2583737
cbf81c47-d9b5-492f-8cf1-5a20408f5347,"Début du pontificat de Grégoire Ier Grégoire le Grand, figure majeure de l’Église",0590-09-03,0590-01-01,year,CONFIRMED,confirme,0.9,false,No change needed.,Grégoire Ier,,Q42827
36c3e1c7-3997-475c-9331-959414381e05,Diffusion de l'artichaut en Italie depuis la Sicile,1466-01-01,,,INSUFFICIENT_EVIDENCE,absence_de_singularite,0,true,"Rechercher des sources qui confirment une année précise pour le début ou un moment significatif de la diffusion de l'artichaut en Italie depuis la Sicile. Sinon, rejeter car il s'agit d'une période.",,,
138a9db5-1b13-4a18-b2b0-9251c015cc6d,Première greffe cardiaque,1967-12-03,,,INSUFFICIENT_EVIDENCE,retrieval_insuffisant,0,true,Fournir des sources externes pour valider l'année de la première greffe cardiaque.,,,
7d1da251-4f32-4ab9-bbb5-52d5506b2345,Premier vaccin BCG administré,1921-01-01,1921-01-01,year,LIKELY_CORRECT,preuve_externe_faible,0.8,false,Confirmer l'événement avec l'année 1921.,Vaccin bilié de Calmette et Guérin,,Q798309
d849d97c-5a86-4e10-b4e7-b6f4193e8f11,Diète de Worms,1521-01-01,1521-01-01,year,CONFIRMED,confirme,1,false,No changes needed.,https://fr.wikipedia.org/wiki/%C3%A8te_de_Worms,,Q536822
bb646743-62a6-4a0e-ae51-75bb502ff51d,Début du règne de Narapati Sithu en Birmanie,1174-01-01,,,INSUFFICIENT_EVIDENCE,absence_de_singularite,0,true,"Rechercher des sources externes fiables pour confirmer l'année exacte du début du règne de Narapati Sithu. Si aucune source ne permet de confirmer une année unique, rejeter l'événement.",,,
33be8e20-e136-418b-85f8-392689e55ab2,Bataille de Stalingrad,1942-01-01,1942-01-01,year,CONFIRMED,confirme,0.9,false,Confirmer la date de 1942 comme année de début de la bataille.,wikipedia_fr_article,,Q38789
1dc29bd3-656e-45a9-8584-c15e66fc5305,Découverte de l'Homme de Kennewick,1996-07-28,1996-01-01,year,CONFIRMED,confirme,1,false,No changes needed.,https://fr.wikipedia.org/wiki/Homme_de_Kennewick,,Q551700
009e0791-1584-4757-8950-7cd6312e5019,Démonstration du radar par Watson-Watt,1935-02-26,1935-01-01,year,LIKELY_CORRECT,preuve_externe_faible,0.8,false,Aucune modification nécessaire.,,,Q1517472
4037c4f1-2bb1-47c9-aa04-943e56d978e4,Révolte des vignerons du Languedoc,1907-08-28,1907-01-01,year,CONFIRMED,confirme,1,false,Aucune modification nécessaire.,wikipedia_fr_article,wikipedia_en_article,Q3458318
c50b0fc3-d7c3-413d-b28a-aa894b784b6d,Démission du président Mac Mahon,1879-01-01,1879-01-01,year,CONFIRMED,confirme,0.9,false,Aucune modification nécessaire.,,,Q3587934
9ab79c40-c8a4-46ac-b0b3-362aea09a787,Édit d'expulsion des Juifs (Angleterre),1290-01-01,1290-01-01,year,LIKELY_CORRECT,probable_mais_a_confirmer,0.8,false,Aucune modification nécessaire.,,,Q112651297
7e652040-3252-4728-aba8-902cbbe7eade,Guerre américano-mexicaine,1846-10-01,1846-01-01,year,CONFIRMED,confirme,0.9,false,No change needed.,https://fr.wikipedia.org/wiki/Guerre_am%C3%A9ricano-mexicaine,,Q6683
f7388f77-db03-4ee1-9fb6-dad87ddd4e63,Le scandale de l'Irangate,1985-01-01,,,INSUFFICIENT_EVIDENCE,annee_exacte_introuvable,0,true,Rechercher des sources externes pour identifier l'année où le scandale a été révélé ou a atteint son apogée.,,,
86d34489-6c50-4654-9a70-eb6e3fceb717,Construction du Costanera Center,2006-01-01,2006-01-01,year,LIKELY_CORRECT,probable_mais_a_confirmer,0.7,false,Vérifier si d'autres sources confirment le début de la construction en 2006.,Costanera Center,,Q906170
7fe427fc-6ea8-4b65-ac5f-90ab82f710f9,Création du duché de Normandie,0942-01-01,,,INSUFFICIENT_EVIDENCE,absence_de_singularite,0,true,Rejeter car il s'agit d'un processus étalé sur plusieurs années.,Normandie,,Q15878
d0e0de17-5797-4747-a2fa-c56e500f5e04,Signature du traité de Maastricht,1992-02-07,1992-01-01,year,CONFIRMED,confirme,1,false,Aucune modification nécessaire.,Maastricht,,Q1309
336e4bde-6bb3-4180-96a5-65c441bf676f,Boston Tea Party,1773-01-01,1773-01-01,year,CONFIRMED,confirme,0.9,false,No change needed.,wikipedia_fr_article,wikipedia_en_article,Q19024
a7d02a7f-6783-4406-8a6c-061840129cb3,"Sacre de Pépin, fils de Charlemagne, comme roi d'Italie",0781-04-15,0781-01-01,year,LIKELY_CORRECT,probable_mais_a_confirmer,0.8,false,Aucune action nécessaire.,,,Q3044
3ee96f1c-01a0-4b62-ab6f-02c5c25f39ef,Création de l'École supérieure d'aéronautique,1907-03-23,1907-01-01,year,LIKELY_CORRECT,preuve_externe_faible,0.7,false,Vérifier si d'autres sources confirment la date exacte de création de l'École supérieure d'aéronautique.,,wikipedia_en_article,Q155446
30398aaa-76be-4609-aa5c-bae80154e32e,Réformes fiscales et agricoles de Dioclétien en Gaule,0292-01-01,,,INSUFFICIENT_EVIDENCE,annee_exacte_introuvable,0,true,Rechercher des sources externes confirmant l'année 292 pour les réformes fiscales et agricoles de Dioclétien en Gaule.,,,Q26897
b9aef865-0e45-4da3-9190-1ba601ddf0b9,Création des Ateliers nationaux,1848-01-01,1848-01-01,year,CONFIRMED,confirme,1,false,No change needed.,https://fr.wikipedia.org/wiki/Ateliers_nationaux,,Q1330971
0c8cbef4-c486-419b-845a-69d76d5897e4,Première exploration européenne de la Californie,1542-01-01,,,INSUFFICIENT_EVIDENCE,retrieval_insuffisant,0,true,Fournir des sources externes pour valider l'année de l'exploration.,,,
6652d377-77ec-4043-9e79-edc1ae01e3df,Signature du Pacte tripartite,1940-01-01,1940-01-01,year,CONFIRMED,confirme,1,false,No change needed.,https://fr.wikipedia.org/wiki/Pacte_tripartite,,Q153122
94cf10fe-33ee-4f17-b72c-b64e6813b595,Louis IX épouse Marguerite de Provence,1234-01-01,1234-01-01,year,CONFIRMED,confirme,1,false,Confirmer la date de 1234 comme année du mariage.,Marguerite de Provence,,Q230889
fede08fd-a393-43a2-977f-925a9e55eb01,"Séisme majeur de Damghan, Perse",0856-01-01,0856-01-01,year,LIKELY_CORRECT,preuve_externe_faible,0.5,false,Ajouter des sources externes fiables pour confirmer l'année du séisme.,,,
d33aa3df-c9a4-4690-9a84-234ba879b1e1,"Jean Philopon, Commentaire sur Aristote",0517-01-01,0517-01-01,year,LIKELY_CORRECT,probable_mais_a_confirmer,0.7,false,Vérifier si d'autres sources confirment l'année exacte de la rédaction du commentaire.,https://fr.wikipedia.org/wiki/Jean_Philopon,,Q317632
b91ddf4c-b712-4522-93d3-d8d08c9f19d9,Création du comté de Toulouse,0849-01-01,0849-01-01,year,LIKELY_CORRECT,probable_mais_a_confirmer,0.6,false,Vérifier si d'autres sources confirment l'année 849.,wikipedia_fr_article,,Q1334322
94624d44-87a9-4ac0-b01d-eefd4b1f80ff,Bataille de Brissarthe,0866-01-01,0866-01-01,year,CONFIRMED,confirme,0.9,false,Confirmer la date de 866 pour la bataille de Brissarthe.,wikipedia_fr_article,wikipedia_en_article,Q1542647
edb9004e-d2b0-4cbf-aead-0df6713876b9,Calonne nommé Contrôleur général des finances,1783-01-01,1783-01-01,year,LIKELY_CORRECT,probable_mais_a_confirmer,0.8,false,Vérifier avec des sources plus directes confirmant la date exacte de la nomination de Calonne.,https://fr.wikipedia.org/wiki/Contr%C3%B4leur_g%C3%A9n%C3%A9ral_des_finances,,Q2638620
c85385d8-bfa5-4690-a6f2-021933c28dad,Conférence de Cannes,1922-01-01,1922-01-01,year,CONFIRMED,confirme,0.9,false,Confirmer la date de 1922 pour la Conférence de Cannes.,wikipedia_fr_article,wikipedia_en_article,Q2992849
c1457ef2-247b-48fe-a9d7-8329cb89ec55,Publication de De revolutionibus orbium coelestium de Copernic,1543-02-19,1543-01-01,year,CONFIRMED,confirme,0.9,false,None,Nicolas Copernic,,Q619
30cd6e38-9c96-41fd-8f94-c8cc385371af,Bataille de Waterloo,1815-06-18,1815-01-01,year,CONFIRMED,confirme,0.9,false,No change needed.,wikipedia_fr_article,wikipedia_en_article,Q48314
6a81b07f-9393-4ccd-8b4b-2bcea860fc68,Inauguration de l'élargissement du canal de Panama,2016-01-01,2016-01-01,year,CONFIRMED,confirme,1,false,No changes needed.,Élargissement du canal de Panama,,Q2702346
d4ed0d53-f768-4a30-9bd2-e32af1958937,Publication de Paradise Lost de John Milton,1667-01-01,1667-01-01,year,CONFIRMED,confirme,0.9,false,No change needed.,https://fr.wikipedia.org/wiki/John_Milton,https://en.wikipedia.org/wiki/John_Milton,Q79759
bc3821e3-6204-40e6-bdb3-2e3ef887bd36,"Mobilisation massive contre le plan Juppé, paralysie de la France pendant des semaines",1995-01-01,1995-01-01,year,CONFIRMED,confirme,1,false,Aucune modification nécessaire.,Grèves de 1995 en France,,Q3118411
d9110992-4119-4a0b-bf92-df754c927168,Première Coupe du monde de football,1930-01-01,1930-01-01,year,CONFIRMED,confirme,1,false,No changes needed.,Coupe du monde de football 1930,,Q48432
d3dc2583-71e5-4c47-9832-97e567dfa3b4,Première de L'Enlèvement au sérail de Wolfgang Amadeus Mozart,1782-07-16,1782-01-01,year,CONFIRMED,confirme,1,false,No change needed.,,,Q254
6847968e-b1c3-4c99-b217-35499a51da19,Loi sur la liberté de la presse,1881-01-01,1881-01-01,year,CONFIRMED,confirme,1,false,Aucune modification nécessaire.,wikipedia_fr_article,wikipedia_en_article,Q3258603
1ca9ffdb-0d85-46d2-a7e6-6d9aeb4fdefb,Construction de la première cathédrale de Hagia Sophia,0360-01-01,,,INSUFFICIENT_EVIDENCE,annee_exacte_introuvable,0,true,Further research is needed to find a reliable source that confirms the construction year of the first Hagia Sophia in Constantinople.,,,Q124611997
0d2700f7-000c-4670-9782-9277edbe5df8,J.M.W. Turner peint Naufrage du négrier,1840-01-01,1840-01-01,year,CONFIRMED,confirme,0.9,false,Aucune action nécessaire.,,,Q159758
58e73c23-a2e8-4a18-9b31-18b428d72fb4,Découverte de la fission nucléaire,1938-12-17,1938-01-01,year,CONFIRMED,confirme,0.9,false,Aucune modification nécessaire.,https://fr.wikipedia.org/wiki/D%C3%A9couverte_de_la_fission_nucl%C3%A9aire,,Q1344449
c29f2eab-c061-4bfe-99b9-79bdde28d408,Mort de Michel Rocard,2016-01-01,2016-01-01,year,CONFIRMED,confirme,1,false,No change needed.,wikipedia_fr_article,wikipedia_en_article,Q12946
8b2c1f41-34e1-4f13-afbb-3bd87eb76745,Mort du pape Grégoire le Grand,0604-03-12,0604-01-01,year,CONFIRMED,confirme,1,false,Confirmer la date de 604 comme année de la mort de Grégoire le Grand.,Grégoire Ier,,Q42827
e4721fb1-dffa-4028-98b9-ba9c43cb2c72,Conquête arabe d'Alexandrie,0642-01-01,0642-01-01,year,LIKELY_CORRECT,probable_mais_a_confirmer,0.8,false,No change needed.,Conquête musulmane de l'Égypte,,Q317519
5574eeff-d743-4d02-88c0-9c670b51b2dc,Bataille de Wittstock entre forces suédoises et impériales,1636-01-01,1636-01-01,year,CONFIRMED,confirme,1,false,Confirmer la date de 1636.,https://fr.wikipedia.org/wiki/Bataille_de_Wittstock,,Q428972
3afe6669-7947-4269-937e-a0a6684ac916,Disparition de l'emblématique acteur comique français Louis de Funès,1983-01-01,1983-01-01,year,CONFIRMED,confirme,1,false,Confirmer la date de 1983.,Louis de Funès,,Q2737
18055141-9f6b-4d3e-956f-16f9a52c2e8a,Destruction de la ville de Valtari par les Vikings,1009-01-01,,,INSUFFICIENT_EVIDENCE,retrieval_insuffisant,0,true,Rechercher des sources externes fiables mentionnant la destruction de Valtari par les Vikings et l'année de cet événement.,,,
7d6fc453-7492-422c-9d28-5249b2e9061b,Lancement du premier satellite artificiel Spoutnik 1,1957-10-04,1957-01-01,year,CONFIRMED,confirme,0.9,false,None,Satellite artificiel,,Q26540
eadb21c3-ab62-4641-8174-032ef71e9a29,Naissance du quotidien L’Humanité,1904-01-01,1904-01-01,year,CONFIRMED,confirme,0.9,false,None,L'Humanité,,Q1137404
b80c8b1f-6cb0-4d58-bebe-e560dd6c2c47,Rétrospective de Damien Hirst au Tate Modern,2012-01-01,2012-01-01,year,LIKELY_CORRECT,preuve_externe_faible,0.5,false,"Rechercher des sources externes (articles de presse, catalogues d'exposition, sites web officiels) qui confirment que la rétrospective de Damien Hirst au Tate Modern a eu lieu en 2012.",,,
3a3decbd-540c-416f-9e45-758074790cf6,Paul-Émile Victor traverse le Groenland,1934-01-01,1934-01-01,year,LIKELY_CORRECT,probable_mais_a_confirmer,0.8,false,Verify the year of the crossing with additional sources.,https://fr.wikipedia.org/wiki/Paul-%C3%89mile_Victor,,Q1307585
15b95cb9-68d1-4a68-a309-8d51ba1bec65,Indépendance de l'Argentine,1816-01-01,,,INSUFFICIENT_EVIDENCE,preuve_insuffisante,0,true,Rechercher des sources externes qui mentionnent explicitement l'année de l'indépendance de l'Argentine.,Guerre d'indépendance de l'Argentine,,Q617409
4a8604cd-b3ef-4f20-a2a1-0d3f45fd01da,Mort de Trajan,0117-08-08,0117-01-01,year,CONFIRMED,confirme,0.9,false,Confirmer la date de 117 comme année de la mort de Trajan.,wikipedia_fr_article,wikipedia_en_article,Q1425
e5b204ab-0dfa-4590-b8e6-fda8b6a8e9a3,Découverte d'eau liquide sur Mars,2018-01-01,,,INSUFFICIENT_EVIDENCE,retrieval_insuffisant,0,true,Ajouter des sources externes mentionnant l'année de la découverte.,,,Q601319
737858c2-77d6-4d43-9163-3eb8fa81a2ec,Création championnat foot féminin en France,2001-01-01,,,INSUFFICIENT_EVIDENCE,annee_exacte_introuvable,0,true,Further research is needed to find a reliable source that confirms the exact year of the creation of the top-tier women's football championship in France.,,,Q2951169
41a53b08-cf25-4d47-b18e-c3f2f0970b25,Naissance de Marie-Thérèse Charlotte (Madame Royale),1778-01-01,1778-01-01,year,CONFIRMED,confirme,0.9,false,Aucune action nécessaire.,wikipedia_fr_article,,Q659488
6026017e-a8be-4737-9fc0-e7430e80ed3d,Loi Loucheur sur le logement social,1928-01-01,1928-01-01,year,CONFIRMED,confirme,1,false,No change needed.,https://fr.wikipedia.org/wiki/Loi_Loucheur,,Q3258198
bffbd4de-404b-436c-b783-52f6f67e6428,Capitulations franco-ottomanes sur le commerce levantin,1535-01-01,1535-01-01,year,LIKELY_CORRECT,preuve_externe_faible,0,false,Ajouter des sources externes fiables pour confirmer l'année 1535.,,,
6b66a25f-a641-4e3b-827c-adf44e91a1be,Ibn al-Haytham décrit la vision dans son Optique,1021-01-01,1021-01-01,year,CONFIRMED,confirme,1,false,No change needed.,Traité d'optique,,Q264562
934deba0-1762-4354-acd1-465f3331175a,Institution de la foire de Champagne,1114-01-01,1114-01-01,year,LIKELY_CORRECT,preuve_externe_faible,0.8,false,Confirmer la date de 1114 comme l'année de l'institution de la foire de Champagne.,,,Q47135
d0299ce3-dd83-47b2-b48b-738deb1fed8a,Première image d'un trou noir capturée,2019-01-01,2019-01-01,year,CONFIRMED,confirme,0.9,false,Confirmer la date de 2019.,,,Q589
8f2c7f3d-b2f2-4ef4-948e-a2eeef9dc241,Première boîte aux lettres publique à Paris,1849-03-15,,,INSUFFICIENT_EVIDENCE,annee_exacte_introuvable,0,true,Rechercher des sources supplémentaires pour confirmer l'année de l'événement.,Boîte aux lettres,,Q49844
7c185e41-f26b-49ba-ba0d-80ff3c6c6f7c,Christine de Pizan publie 'La Cité des Dames',1405-01-01,1405-01-01,year,CONFIRMED,confirme,0.9,false,No change needed.,https://fr.wikipedia.org/wiki/La_Cit%C3%A9_des_dames,,Q1479512
6113351a-1763-46de-ae19-9658b208b9b9,Fondation du Real Madrid,1902-01-01,,,INSUFFICIENT_EVIDENCE,preuve_insuffisante,0,true,Chercher des sources externes qui mentionnent explicitement l'année de fondation du Real Madrid.,Real Madrid,,Q3421609
1fa4b6ff-1eec-4d88-a20f-2b3c39d399b3,Concile de Trente - Seconde période,1551-01-01,,,INSUFFICIENT_EVIDENCE,absence_de_singularite,0,true,"Reject due to the event describing a period, not a specific year.",,,Q169789
cfa94d40-be05-49fd-b9fc-437d9642e6d3,Inauguration de l'Opéra de Paris,1875-01-01,1875-01-01,year,CONFIRMED,confirme,0.9,false,No change needed.,,,Q599099
9d766886-e157-458d-9fb4-8e1d992283aa,Grave déraillement d'un train de voyageurs sur la ligne Lyon-Genève près de Montluel,1943-01-01,1943-01-01,year,LIKELY_CORRECT,preuve_externe_faible,0.5,false,Rechercher des sources externes confirmant l'année du déraillement.,,,
d7055542-0611-4bca-9eb5-ad0e1d2e3205,Début de l'expédition de Magellan,1519-01-01,,,INSUFFICIENT_EVIDENCE,retrieval_insuffisant,0,true,Ajouter des sources externes fiables pour confirmer l'année de début de l'expédition de Magellan.,,,
25d0d52d-86fd-4acb-b2f5-b8f183eadd57,Découverte du trésor de Sutton Hoo,1939-01-01,1939-01-01,year,CONFIRMED,confirme,0.9,false,Aucune recommandation nécessaire.,Sutton Hoo,,Q503256
88a029cc-76d4-46e4-a9b1-d1c960a1a451,Affaire de la Chevrette,1605-01-01,1605-01-01,year,LIKELY_CORRECT,preuve_externe_faible,0.5,false,Provide external sources to confirm the year of the event.,,,
14337463-82b9-4b98-93e1-c457c4436cad,Bataille de Guadalcanal,1942-01-01,1942-01-01,year,CONFIRMED,confirme,0.9,false,No changes needed.,wikipedia_fr_article,wikipedia_en_article,Q217145
4252be59-dd96-4d39-8da4-c4dfdfdfe3a7,"Mort d'Avicenne, philosophe et médecin perse",1037-01-01,1037-01-01,year,CONFIRMED,confirme,1,false,No change needed.,Avicenne,,Q8011
1f70acd1-b258-4049-94f5-7340e69b4d3d,Construction de la Sainte-Chapelle à Paris,1242-01-01,1245-01-01,year,POTENTIAL_DATE_ERROR,divergence_date,0.6,false,Confirm 1245 as the start of construction.,wikipedia_fr_article,wikipedia_en_article,Q193193
7a07b33e-c64e-45fa-8874-e4e9a73b75cc,Loi Copé-Zimmermann sur les quotas de genre dans les conseils d'administration,2011-01-01,2011-01-01,year,LIKELY_CORRECT,preuve_externe_faible,0.5,false,"Chercher des sources externes (articles de presse, publications officielles) qui confirment l'année d'adoption de la loi Copé-Zimmermann.",,,
85852ee7-9798-45cd-991f-dcc7b691d02b,Victoire travailliste en Nouvelle-Zélande,1999-01-01,1999-01-01,year,LIKELY_CORRECT,probable_mais_a_confirmer,0.8,false,Confirmer la date de 1999 comme année de la victoire travailliste en Nouvelle-Zélande.,,,Q664
ec334b35-6c1d-4aa8-854b-da538dabc4d7,Naufrage du HMS Captain,1870-01-01,,,INSUFFICIENT_EVIDENCE,annee_exacte_introuvable,0,true,Rechercher des sources fiables mentionnant explicitement l'année du naufrage du HMS Captain.,,,Q2577588
df37130e-e21d-4422-a142-f242cbe07558,Gouvernement provisoire de De Gaulle,1944-01-01,1944-01-01,year,LIKELY_CORRECT,probable_mais_a_confirmer,0.8,false,Aucune modification nécessaire.,https://fr.wikipedia.org/wiki/Gouvernement_provisoire,https://en.wikipedia.org/wiki/Charles_de_Gaulle_during_World_War_II,Q59281
5bad3173-3b52-4821-982e-63f61a60c4f5,"Boucicaut, Maréchal de France",1391-01-01,1391-01-01,year,LIKELY_CORRECT,probable_mais_a_confirmer,0.8,false,Aucune action nécessaire.,https://fr.wikipedia.org/wiki/Mar%C3%A9chal_de_France,https://en.wikipedia.org/wiki/Boucicaut_Master,Q474485
ca68a266-fbd5-444b-854c-190564ee0a22,Marriage of Isabelle of France and Edward II of England,1308-01-01,1308-01-01,year,CONFIRMED,confirme,1,false,No change needed.,,,Q5236
291f4b1b-8482-4f59-94d8-4b44d539d675,Victoire de Clotaire Ier et unification du royaume franc,0558-01-01,0558-01-01,year,LIKELY_CORRECT,preuve_externe_faible,0.5,false,Ajouter des sources externes confirmant l'année 558 pour la victoire de Clotaire Ier et l'unification du royaume franc.,,,
195d551a-7973-44d8-ba04-5a1000d57606,7ème concile œcuménique (Nicée) rétablit culte icônes,0787-10-13,0787-01-01,year,LIKELY_CORRECT,preuve_externe_faible,0.8,false,Fournir des sources externes pour valider l'année 787.,,,
8d89a986-42f3-4493-b108-513c05cdec22,Premier sous-marin à propulsion humaine,1620-01-01,,,INSUFFICIENT_EVIDENCE,preuve_insuffisante,0,true,Rechercher des sources externes confirmant l'année 1620 pour le premier sous-marin à propulsion humaine de Cornelis Drebbel.,,,Q60963609
3c387dbb-3a6c-43d5-b1e3-0ba1d8785825,Fondation de Jamestown,1607-01-01,1607-01-01,year,CONFIRMED,confirme,0.9,false,Aucune.,wikipedia_fr_article,wikipedia_en_article,Q47493
7ebeead1-8ed2-471a-9074-bed441279b47,Bataille de Cassel où d'Artagnan se distingue,1677-01-01,1677-01-01,year,LIKELY_CORRECT,preuve_externe_faible,0.8,false,Ajouter des sources externes confirmant que la bataille de Cassel où d'Artagnan s'est distingué a eu lieu en 1677.,,,
9907e038-2342-4834-8529-c68e0295f074,L'expérience de Stanford,1971-01-01,1971-01-01,year,CONFIRMED,confirme,0.9,false,No change needed.,https://fr.wikipedia.org/wiki/Exp%C3%A9rience_de_Stanford,,Q235089
ae9a89c5-2dbe-42f3-af18-8c56c0f78928,Première classification des espèces animales,1735-01-01,1735-01-01,year,LIKELY_CORRECT,probable_mais_a_confirmer,0.7,false,Confirmer avec une source externe mentionnant explicitement l'année 1735 pour la publication de Systema Naturae et la classification des espèces animales.,Classification scientifique des espèces,,Q11398
19f58d7b-5d40-4a8d-a957-78dbfeb8744b,Rédaction des Mille et Une Nuits (compilation),0800-01-01,,,INSUFFICIENT_EVIDENCE,absence_de_singularite,0,true,Reject due to the event describing a compilation process rather than a single event in a specific year.,Les Mille et Une Nuits,,Q8258
726215e8-07eb-4a3b-a5ba-0b1f661a8cd5,Mort de François d'Anjou,1584-01-01,1584-01-01,year,CONFIRMED,confirme,0.9,false,RAS,wikipedia_fr_article,wikipedia_en_article,Q318380
5b2abc3e-1131-44c1-b412-5a1ee6522281,Mort d'Olivier Levasseur,1730-01-01,,,INSUFFICIENT_EVIDENCE,retrieval_insuffisant,0,true,"Rechercher des sources externes fiables (articles de journaux, biographies, documents d'archives) qui confirment l'année exacte de la mort d'Olivier Levasseur.",,,Q412337
ba40aee7-1528-47a1-b276-763b1a358bee,Construction du château de Coca en Espagne,1453-01-01,1453-01-01,year,LIKELY_CORRECT,probable_mais_a_confirmer,0.8,false,No change needed.,Château de Coca,,Q11845
c873982b-88f8-4da9-99da-b2d8071a7fa5,"Séisme majeur en Campanie, Italie",0062-01-01,0062-01-01,year,CONFIRMED,confirme,1,false,Confirmer la date de 62 après J.-C.,Séisme du 5 février 62 à Pompéi,,Q3718708
e9a5cf8d-71f5-4079-832c-e2047d3a1879,Accords SALT,1972-05-26,1972-01-01,year,CONFIRMED,confirme,0.9,false,No change needed.,wikipedia_fr_article,,Q623994
3fb5bd6a-e70b-4ec1-b341-f29de11f4cca,Discours de De Gaulle sur l’autodétermination,1961-01-01,1961-01-01,year,LIKELY_CORRECT,probable_mais_a_confirmer,0,false,Ajouter une source externe qui mentionne le discours de De Gaulle sur l'autodétermination et sa date.,,,Q2042
a1727f3f-a306-4be9-84d7-545b8237712e,Panique de 1819 aux États-Unis,1819-01-01,1819-01-01,year,CONFIRMED,confirme,1,false,Aucune modification nécessaire.,Crise bancaire de 1819,,Q7131100
fa42de9d-847a-426b-8f57-09fe294b7013,La Danse de Saint-Guy,1374-01-01,,,INSUFFICIENT_EVIDENCE,annee_exacte_introuvable,0,true,Rechercher des sources externes qui confirment l'année 1374 pour l'épidémie de la Danse de Saint-Guy.,,,Q115471148
3e5ab7e5-955d-4492-ac72-4a1011c35642,Impression Sūtra du diamant (plus ancien livre daté),0868-05-11,0868-01-01,year,LIKELY_CORRECT,preuve_externe_faible,0,false,Ajouter des sources externes fiables pour confirmer l'année de l'impression du Sūtra du diamant.,,,
3a33c385-cd69-4296-9a8d-d8be63dd35b3,Henri IV se convertit au catholicisme,1593-01-01,,,INSUFFICIENT_EVIDENCE,annee_exacte_introuvable,0,true,Rechercher des sources externes fiables qui mentionnent explicitement l'année de la conversion d'Henri IV au catholicisme.,,,Q493670
e007e6d2-4197-4c98-9938-502e151fce96,"Début du pontificat du pape Nicolas Ier, réformateur de l’Église",0858-01-01,,,INSUFFICIENT_EVIDENCE,preuve_insuffisante,0,true,Rechercher des sources externes confirmant l'année 858 pour le début du pontificat de Nicolas Ier.,,,Q19546
803dddff-f3b5-46a8-8f80-4590ce73b23d,Arrestation des Templiers,1307-01-01,1307-01-01,year,LIKELY_CORRECT,preuve_externe_faible,0,false,Rechercher des sources externes qui confirment explicitement l'année 1307 comme l'année de l'arrestation des Templiers.,,,Q6422427
8e3e8db2-d6c7-42b5-b272-08a87dd20cec,Prix Renaudot 1935 : François de Roux,1935-01-01,1935-01-01,year,CONFIRMED,confirme,0.9,false,Confirmer la date.,,François de Roux,Q3086308
44f373e7-6a9c-410c-ba19-c1a3dff2319a,Introduction du café en Europe,1600-01-01,,,INSUFFICIENT_EVIDENCE,absence_de_singularite,0,true,"Reject due to the event describing a process over time, not a singular event.",Café,,Q8486
c7b3c8f4-1459-4520-96ee-60bebc14203b,Début de la construction du Château de Versailles,1661-01-01,1661-01-01,year,CONFIRMED,confirme,1,false,Confirmer la date de 1661 comme début de la construction du Château de Versailles.,Château de Versailles,,Q2946
03b54987-956f-4aaa-93fa-d4211c44041f,Fondation de la Ford Motor Company à Detroit,1903-01-01,1903-01-01,year,CONFIRMED,confirme,1,false,Confirmer la date de fondation de la Ford Motor Company comme étant 1903.,Ford,,Q44294
516eba39-d253-442a-b6ca-71ca346d86ad,Mariage de Philippe IV le Bel et Jeanne de Navarre,1284-01-01,1284-01-01,year,CONFIRMED,confirme,0.9,false,Confirmer la date de 1284 pour le mariage de Philippe IV le Bel et Jeanne de Navarre.,Philippe IV le Bel,,Q130969
3c1151b1-dcfe-454e-af1b-4d1898537323,Traité de Brest-Litovsk,1918-01-01,1918-01-01,year,CONFIRMED,confirme,1,false,No change needed.,https://fr.wikipedia.org/wiki/Trait%C3%A9_de_Brest-Litovsk,,Q122371
e669ee83-1323-4f11-be6b-99f8aecff506,Occupation de Saint-Bernard,1996-01-01,1996-01-01,year,CONFIRMED,confirme,0.9,false,Aucune recommandation nécessaire.,,,Q106880989
660ef028-f95f-48ca-a915-1949a5a9dc4a,Death of Catherine de Médicis,1589-01-01,1589-01-01,year,CONFIRMED,confirme,0.9,false,Confirm the date as 1589.,,https://en.wikipedia.org/wiki/Catherine_de%27_Medici,Q131552
0854ae5d-61e0-4466-90b6-188d7f659b72,Fondation de la Royal Academy of Arts à Londres,1768-01-01,1768-01-01,year,CONFIRMED,confirme,1,false,Aucune modification nécessaire.,Royal Academy of Arts,,Q270920
2362cacb-a1f9-4a52-85c2-982c9810e2c9,Passage du Rhin par les Vandales,0406-01-01,0406-01-01,year,LIKELY_CORRECT,probable_mais_a_confirmer,0.8,false,Vérifier si d'autres sources confirment spécifiquement le passage des Vandales en 406.,https://fr.wikipedia.org/wiki/Passage_du_Rhin,,Q124808695
1aae4b65-c8a0-4a26-a2f4-d09faa9d68ae,Début du voyage de Charles Darwin sur le HMS Beagle,1831-01-01,1831-01-01,year,LIKELY_CORRECT,probable_mais_a_confirmer,0.8,false,Ajouter une source externe qui confirme l'année de début du voyage de Darwin sur le HMS Beagle.,,,Q1035
7d84e187-2861-40b5-a4f6-3b8ab58b385f,Ibn Battuta commence ses voyages,1325-01-01,1325-01-01,year,LIKELY_CORRECT,probable_mais_a_confirmer,0.8,false,None,Ibn Battûta,,Q7331
40113f29-7f18-40a7-aee8-6cf0dff82aea,Mort de Philippe IV le Bel,1314-01-01,,,INSUFFICIENT_EVIDENCE,annee_exacte_introuvable,0,true,Rechercher des sources fiables mentionnant l'année exacte de la mort de Philippe IV le Bel.,,,Q97174972
27b97150-dd6e-4e99-a990-315f6f67bb34,Opération Barkhane,2014-01-01,2014-01-01,year,CONFIRMED,confirme,0.9,false,Confirmer la date de début de l'opération Barkhane comme étant 2014.,wikipedia_fr_article,wikipedia_en_article,Q17354007
a7ce4c29-e1b4-4a3a-a8c9-02b80018ae67,Bataille de Wagram (France/Autriche),1809-01-01,1809-01-01,year,CONFIRMED,confirme,0.9,false,Confirmer la date de 1809.,https://fr.wikipedia.org/wiki/Bataille_de_Wagram,,Q467777
2069d75c-cd07-43d6-adee-782b27b6381b,Assassinat de Concino Concini,1617-04-24,1617-01-01,year,CONFIRMED,confirme,1,false,Confirmer la date de 1617.,wikipedia_fr_article,wikipedia_en_article,Q442205
6e3b9f1c-1842-4975-a009-af8cd11e585b,Pavillon républicain à l’Exposition de Arts et Techniques de Paris,1937-01-01,1937-01-01,year,CONFIRMED,confirme,1,false,No change needed.,Exposition universelle de 1937,,Q1165755
12a2e810-cbf8-4ba9-bfda-8bc308136587,Invention de la glace artificielle,1842-07-14,,,INSUFFICIENT_EVIDENCE,annee_exacte_introuvable,0,true,Search for external sources that explicitly mention the year of the invention of artificial ice.,,,Q1317266
99522ca2-33d5-4819-8a3f-c273d007787b,Création du volleyball,1895-02-09,1895-01-01,year,LIKELY_CORRECT,preuve_externe_faible,0.8,false,Confirmer la date de création du volleyball en 1895.,,,Q117351716
b0beefdb-f394-4104-91be-7d5d8f14788a,Première retransmission d'un match de football,1938-01-01,1938-01-01,year,LIKELY_CORRECT,preuve_externe_faible,0,false,Ajouter des sources externes fiables confirmant que la première retransmission télévisée d'un match de football a eu lieu en 1938.,,,
53de23da-8449-43d6-bd4c-cf833a0c56e1,Première implantation d'un cœur artificiel permanent,1982-12-02,1982-01-01,year,LIKELY_CORRECT,preuve_externe_faible,0,false,Fournir des sources externes pour confirmer l'année de l'implantation.,,,
8cef8fe0-f0a5-458d-8e22-993ecc8b252d,Ouverture du Girton College,1869-01-01,,,INSUFFICIENT_EVIDENCE,retrieval_insuffisant,0,true,Fournir des sources externes pour valider l'année d'ouverture du Girton College.,,,
e231a15e-8a94-47a9-82ca-bfb096aa85f5,Fondation de l'ordre des Frères Prêcheurs (Dominicains) par saint Dominique,1215-01-01,1215-01-01,year,DISPUTED_DATE,date_disputee,0.7,false,Vérifier les sources primaires pour déterminer la date exacte de la fondation.,Ordre des Prêcheurs,,Q131479
08424d54-348b-41e3-9afa-68deb7ac6480,Mort de Sarah Bernhardt,1923-01-01,1923-01-01,year,CONFIRMED,confirme,0.9,false,No change needed.,wikipedia_fr_article,wikipedia_en_article,Q4605
a98e5726-c0b2-4d3d-8fef-6a5808f24523,Le 'Match du Siècle': Italie-Allemagne,1970-01-01,1970-01-01,year,CONFIRMED,confirme,0.9,false,No change needed.,Match de football Italie – RFA (1970),,Q516025
ec2c9431-5f5d-4bb1-be26-ef920dc20b12,Fondation du Club Méditerranée,1950-01-01,1950-01-01,year,CONFIRMED,confirme,0.9,false,Aucune action nécessaire.,wikipedia_fr_article,wikipedia_en_article,Q1076645
8946c24a-0465-4758-9ae0-b8e8e87fc16b,Introduction du tabac au Japon,1587-01-01,,,INSUFFICIENT_EVIDENCE,annee_exacte_introuvable,0,true,Rechercher des sources externes fiables qui confirment l'année exacte de l'introduction du tabac au Japon.,,,Q175826
feb50276-7e26-4fde-a65b-f526ac2b026a,"Règne de Genséric, roi des Vandales",0428-01-01,,,INSUFFICIENT_EVIDENCE,absence_de_singularite,0,true,Rejeter car il s'agit d'une période et non d'une année unique.,,,Q42211
1d08d89c-733e-458b-927b-85f6a577bb0a,Épidémie de la Peste Antonine dans l’Empire Romain,0165-01-01,0165-01-01,year,CONFIRMED,confirme,0.9,false,Confirmer la date de 165.,https://fr.wikipedia.org/wiki/Peste_antonine,,Q599141
6dfe4815-be0d-4e01-8ec8-5adad8777e06,Bataille de Campomorto,1289-01-01,1289-01-01,year,LIKELY_CORRECT,preuve_externe_faible,0,false,Ajouter des sources externes fiables pour confirmer l'année de la bataille.,,,
2694c97e-8e51-4929-9317-b42cea09127a,Bataille de Tannenberg (Front de lEst),1914-01-01,1914-01-01,year,CONFIRMED,confirme,0.9,false,Confirmer la date de 1914.,wikipedia_fr_article,,Q153858
f204f532-dae2-4cd3-8fc8-e312357b1053,Coup d'État de Louis-Napoléon Bonaparte,1851-01-01,1851-01-01,year,CONFIRMED,confirme,1,false,Confirm the event date as 1851.,wikipedia_fr_article,wikipedia_en_article,Q1315743
fbff8383-3175-4512-bbb4-e70ee097f430,Bombardement d'Hiroshima,1945-08-06,1945-01-01,year,CONFIRMED,confirme,1,false,Aucune modification nécessaire.,Hiroshima,,Q34664
8bbc6743-4779-4a96-b204-29e190a21ee4,Mort de Madame de Pompadour,1764-01-01,1764-01-01,year,CONFIRMED,confirme,1,false,Confirmer la date de 1764.,wikipedia_fr_article,wikipedia_en_article,Q188965
f3ae38e1-7d50-4039-811c-72fecd841359,Premier café public à Vienne,1680-01-01,1680-01-01,year,LIKELY_CORRECT,preuve_externe_faible,0,false,Ajouter des sources externes fiables confirmant l'année 1680 pour l'ouverture du premier café public à Vienne.,,,Q8486
95de7704-a91d-473b-a601-ed2a25cd1961,Accident nucléaire de Fukushima au Japon,2011-01-01,2011-01-01,year,CONFIRMED,confirme,0.9,false,Confirmer la date de 2011.,wikipedia_fr_article,wikipedia_en_article,Q171178
f36a2f64-c996-48c8-a0ff-8599092b8cbc,Premiers vols planés (Lilienthal),1891-01-01,,,INSUFFICIENT_EVIDENCE,absence_de_singularite,0,true,"Reject. The title describes a series of events, not a single event in a specific year. More information is needed to pinpoint a specific year for a significant gliding flight by Lilienthal.",https://fr.wikipedia.org/wiki/Otto_Lilienthal,,Q57162
c3572007-468e-400a-a9b6-5d2eb7abb143,Fin de la dynastie Han en Chine,0220-01-01,0220-01-01,year,CONFIRMED,confirme,0.9,false,Confirmer la date de fin de la dynastie Han comme étant 220.,https://fr.wikipedia.org/wiki/Fin_de_la_dynastie_Han,,Q116123
a5ff4f97-e3eb-443b-a92e-348d0d514e36,Début de la guerre de Crimée,1854-03-27,1854-01-01,year,LIKELY_CORRECT,probable_mais_a_confirmer,0.7,false,Vérifier et corriger la date de début de la guerre de Crimée.,Guerre de Crimée,,Q254106
66345ef0-1ce3-4950-800f-54864befd1ca,Lancement de la revue « La Révolution surréaliste »,1924-01-01,1924-01-01,year,CONFIRMED,confirme,0.9,false,No change needed.,,,Q3256747
ba685bc0-a1bf-4e79-94bb-5de026473403,Adoption de La Marseillaise comme hymne national,1879-02-14,1879-01-01,year,LIKELY_CORRECT,probable_mais_a_confirmer,0,false,Ajouter une source externe fiable confirmant l'adoption de La Marseillaise comme hymne national en 1879.,,,Q23691
bb876981-a53e-40e5-a95c-d28935aaf2f0,"Début du règne de Vladimir le Grand, qui unifiera la Rus' de Kiev",0980-01-01,,,INSUFFICIENT_EVIDENCE,retrieval_insuffisant,0,true,Fournir des sources externes fiables pour valider l'année du début du règne de Vladimir le Grand.,,,
d5afbf5f-547a-40cc-a801-c132494871a5,Fondation de l'ordre de Cîteaux,1098-01-01,1098-01-01,year,CONFIRMED,confirme,0.9,false,Confirm the date based on Wikidata.,,,Q276223
371e05ac-b361-47fb-8fe5-7030042f1389,Sortie du commandement intégré de l’OTAN,1966-01-01,1966-01-01,year,LIKELY_CORRECT,probable_mais_a_confirmer,0,false,Rechercher des sources externes confirmant la date de la sortie de la France du commandement intégré de l'OTAN.,,,Q12800833
053a24b3-9736-4b04-b838-ceb5d6824585,Construction du château de Guimarães,0950-01-01,,,INSUFFICIENT_EVIDENCE,annee_exacte_introuvable,0,true,Search for additional sources that explicitly mention the construction year of the castle.,Château de Guimarães,,Q2658498
ea607938-fa1a-48c1-981a-65f357d44a51,Construction de l'Observatoire de Greenwich,1675-01-01,1675-01-01,year,LIKELY_CORRECT,preuve_externe_faible,0.8,false,Confirmer la date si d'autres sources fiables corroborent l'année 1675.,,,Q62832
c6095f18-0175-4690-abdc-4fd90783f17b,Victoire du Bloc des gauches aux élections législatives françaises,1902-01-01,1902-01-01,year,CONFIRMED,confirme,1,false,No change needed.,Élections législatives françaises de 1902,,Q2392466
86767623-6e70-4a07-9d79-aae36a829cc2,Arrestation du pape Martin Ier,0653-01-01,0653-01-01,year,LIKELY_CORRECT,preuve_externe_faible,0.5,false,Ajouter des sources externes fiables pour confirmer l'année de l'arrestation.,,,
4bfa6105-eef2-4135-8f9a-bffc114cb493,Vol de la Joconde,1911-08-21,1911-01-01,year,CONFIRMED,confirme,0.9,false,Confirmer la date de 1911.,wikipedia_fr_article,,Q61266859
4c67349b-41ae-416d-acfd-3e565921c17f,Début de la construction de Tikal Temple I,0725-01-01,0732-01-01,year,POTENTIAL_DATE_ERROR,divergence_date,0.7,false,Verify the correct year for the start of construction of Tikal Temple I and update the database accordingly.,https://fr.wikipedia.org/wiki/Tikal,https://en.wikipedia.org/wiki/Tikal_Temple_I,Q2185890
bfe41a84-6748-4750-84f7-9645835d7f85,Averroès termine son commentaire sur Aristote,1169-01-01,,,INSUFFICIENT_EVIDENCE,retrieval_insuffisant,0,true,Fournir des sources externes fiables pour confirmer l'année de l'événement.,,,
56fcc1ac-a29e-4f9c-9d48-43fe240eec28,La Chine envoie un homme dans l'espace,2003-01-01,,,INSUFFICIENT_EVIDENCE,retrieval_insuffisant,0,true,Fournir des sources externes pour confirmer l'année de l'événement.,,,
b3387375-0402-43f8-b8ca-07e17006cdb5,Mort de Robert Ier,0923-01-01,0923-01-01,year,CONFIRMED,confirme,0.9,false,Aucune action nécessaire.,,,Q727165
bcea52b3-7255-4700-8d03-f43a68593196,Longue Dépression,1873-01-01,1873-01-01,year,CONFIRMED,confirme,0.9,false,Confirmer la date de 1873 comme début de la Longue Dépression.,wikipedia_fr_article,,Q1417847
050c10ef-9b99-4d5f-842c-f7ef193ab38b,Indépendance de la Belgique,1830-10-01,1830-01-01,year,CONFIRMED,confirme,0.9,false,No changes needed.,https://fr.wikipedia.org/wiki/D%C3%A9claration_d%27ind%C3%A9pendance_de_la_Belgique,,Q3042660
34303424-ce0a-4fc3-be9b-f68fb40652d6,Assassinat de Guillaume le Taciturne,1584-01-01,1584-01-01,year,CONFIRMED,confirme,1,false,No change needed.,https://fr.wikipedia.org/wiki/Guillaume_Ier_d%27Orange-Nassau,,Q78454
2b874b56-3368-4a2b-b18d-c4b735c0006e,Édit de Thessalonique,0380-01-01,0380-01-01,year,CONFIRMED,confirme,0.9,false,Confirmer la date de 380 pour l'Édit de Thessalonique.,https://fr.wikipedia.org/wiki/%C3%89dit_de_Thessalonique,,Q1257878
a89e6213-dbf5-4b7e-9c54-ce0966783af3,Première culture commerciale de caoutchouc,1876-01-01,,,INSUFFICIENT_EVIDENCE,retrieval_insuffisant,0,true,Fournir des sources externes pour confirmer l'année de la première culture commerciale de caoutchouc.,,,
e29606d4-1c1b-4b37-972d-312f2d1e7218,Fondation de la ville de New Amsterdam,1625-01-01,,,INSUFFICIENT_EVIDENCE,annee_exacte_introuvable,0,true,Rechercher des sources externes qui confirment l'année de fondation de New Amsterdam.,,,Q727
c9b55d11-6153-4b48-b3ad-3e3ac096fbf4,Intervention en Navarre,1521-01-01,1521-01-01,year,LIKELY_CORRECT,probable_mais_a_confirmer,0.7,false,Confirm the date as 1521 based on the event description.,wikipedia_fr_article,wikipedia_en_article,Q3312328
21ba26ed-f064-4564-8185-40576b2196b7,Exil de Voltaire en Angleterre après l'affaire Rohan-Chabot,1726-01-01,1726-01-01,year,CONFIRMED,confirme,0.9,false,None,https://fr.wikipedia.org/wiki/Altercation_Voltaire-Rohan,,Q2840353
cd8d1c60-116c-413f-8136-0cc064c6fbdf,Début de la seconde guerre sino-japonaise,1937-07-07,1937-01-01,year,CONFIRMED,confirme,0.9,false,Confirmer la date de 1937 comme début de la seconde guerre sino-japonaise.,https://fr.wikipedia.org/wiki/Seconde_guerre_sino-japonaise,,Q170314
94e9d5c0-1cdd-4efc-b80c-8dbe8e48be91,Proclamation de Sol Invictus comme culte officiel de l’Empire romain,0274-01-01,0274-01-01,year,LIKELY_CORRECT,probable_mais_a_confirmer,0,false,Rechercher des sources externes confirmant l'année 274 pour cet événement.,,,Q2277
cb978fd5-b9a9-49f2-970a-5d0a6e429942,Première utilisation de la boussole en Chine,1119-01-01,1119-01-01,year,LIKELY_CORRECT,preuve_externe_faible,0.8,false,Aucune modification nécessaire.,https://fr.wikipedia.org/wiki/Boussole,,Q34735
14276ab9-468e-456a-abcb-538641365733,Bataille de Mühldorf,1322-01-01,1322-01-01,year,CONFIRMED,confirme,0.9,false,Confirmer la date de 1322.,wikipedia_fr_article,wikipedia_en_article,Q688081
097a8d2d-69c9-4b10-89bc-652ea6c9d5de,Création de la Réserve fédérale des États-Unis,1913-10-01,1913-01-01,year,CONFIRMED,confirme,0.9,false,Aucune.,wikipedia_fr_article,,Q53536
50b568bc-b7fb-4b22-89fd-5910f6e330b3,Élection de Charles Quint,1519-01-01,1519-01-01,year,CONFIRMED,confirme,0.9,false,Aucune modification nécessaire.,wikipedia_fr_article,wikipedia_en_article,Q32500
15559b66-6373-4a09-b6b3-6e4a62f287b8,Synode de Hereford,1015-01-01,,,INSUFFICIENT_EVIDENCE,annee_exacte_introuvable,0,true,Rechercher des sources externes fiables pour confirmer l'année exacte du synode de Hereford.,,,
24297915-934d-4762-bc68-a2a215310eb6,Annexion de la Crimée par la Russie,2014-03-18,2014-01-01,year,CONFIRMED,confirme,0.9,false,Aucune modification nécessaire.,https://fr.wikipedia.org/wiki/Annexion_de_la_Crim%C3%A9e_par_la_Russie_en_2014,,Q15920546
cf4482cc-06ab-4def-8bd7-4e411346b40a,Diogo Dias découvre l'île de Madagascar,1500-01-01,,,INSUFFICIENT_EVIDENCE,annee_exacte_introuvable,0,true,Rechercher des sources externes qui confirment l'année exacte de la découverte de Madagascar par Diogo Dias.,,,Q1019
8be4fee5-a046-4cb3-b6af-4b541ad421f3,Invention du thermomètre médical portable par Allbutt,1867-09-14,,,INSUFFICIENT_EVIDENCE,retrieval_insuffisant,0,true,Fournir des sources externes pour confirmer l'année de l'invention.,,,
30d9087f-e768-4cca-bc9c-5d751b2579c5,Prix Goncourt 1903 : John-Antoine Nau,1903-01-01,1903-01-01,year,CONFIRMED,confirme,0.9,false,Confirmer la date de 1903.,Prix Goncourt,John Antoine Nau,Q187300
f74c64c9-6f98-4f24-8dcc-bff2787e6509,Deuxième Guerre Dacique de Trajan,0106-01-01,,,INSUFFICIENT_EVIDENCE,absence_de_singularite,0,true,"Reject. The event describes a war, which spans multiple years. A single year cannot be confirmed.",,,Q3651751
ba4f6f0a-e34a-42ae-bab9-a7ce7c120dbe,Début du règne de Laurent de Médicis,1469-01-01,,,INSUFFICIENT_EVIDENCE,absence_de_singularite,0,true,Reject due to insufficient evidence and the event describing a period rather than a single point in time.,,,Q312612
41fe0465-f5a4-4803-b88e-cc852f2055f9,Création de la Bourse de Lyon,1531-01-01,,,INSUFFICIENT_EVIDENCE,preuve_insuffisante,0,true,Rechercher des sources externes qui confirment la date de création de la Bourse de Lyon.,,,Q2922453
66a3d0c2-c22f-4e9d-b631-8371467fcb98,César du meilleur film 1982 : La Guerre du feu,1982-01-01,1982-01-01,year,LIKELY_CORRECT,probable_mais_a_confirmer,0.8,false,No changes needed.,https://fr.wikipedia.org/wiki/C%C3%A9sar_du_meilleur_film,,Q645595
0596094a-14c5-47d1-b839-38de699c0dd0,Début de la construction de la cathédrale de Speyer II,1082-01-01,,,INSUFFICIENT_EVIDENCE,annee_exacte_introuvable,0,true,Fournir des sources externes pour confirmer l'année de début de la construction.,,,
63dd66af-7512-4bf7-b259-51bf3eaa295c,Bulle Romanus Pontifex,1455-01-01,1455-01-01,year,CONFIRMED,confirme,1,false,Aucune modification nécessaire.,https://fr.wikipedia.org/wiki/Romanus_pontifex,,Q61304401
4d72d689-8e8c-459b-b407-b9028bf34c33,Fondation du Crédit Lyonnais,1863-01-01,1863-01-01,year,CONFIRMED,confirme,0.9,false,Confirmer la date de fondation du Crédit Lyonnais comme étant 1863.,wikipedia_fr_article,wikipedia_en_article,Q779722
db0178c4-922d-418d-95d4-12bec7f2b611,Déclaration d'indépendance du Chili,1818-01-01,1818-01-01,year,CONFIRMED,confirme,0.9,false,Confirmer la date de 1818.,https://fr.wikipedia.org/wiki/D%C3%A9claration_d%27ind%C3%A9pendance_du_Chili,,Q1657253
1f609c9c-6d04-44db-8f97-ed8a2ec9801e,Discours de Fulton par Churchill,1946-03-05,1946-01-01,year,CONFIRMED,confirme,0.9,false,Confirmer la date de 1946.,Fulton,,Q229802
217789a4-6120-45f5-bf06-0807e55f57aa,Ouragan Katrina aux États-Unis,2005-01-01,2005-01-01,year,CONFIRMED,confirme,1,false,No changes needed.,https://fr.wikipedia.org/wiki/Ouragan_Katrina,,Q16422
49b47d1f-2c30-469a-b0a7-a70f66627474,Fin de la Guerre des Deux-Roses,1485-10-01,,,INSUFFICIENT_EVIDENCE,absence_de_singularite,0,true,No change needed.,https://fr.wikipedia.org/wiki/Guerre_des_Deux-Roses,,Q127751
cbeb6771-80f6-49e4-b496-d7f7cd72f89a,Création du royaume d'Arles,0934-01-01,0934-01-01,year,CONFIRMED,confirme,0.9,false,Aucune modification nécessaire.,,,Q48292
66eaecc4-56cc-44ee-a5d7-d02651fed1c8,Traité de Bayonne - Réconciliation de Louis XI et Jean V d'Armagnac,1463-01-01,1463-01-01,year,LIKELY_CORRECT,preuve_externe_faible,0.5,false,Ajouter des sources externes fiables pour confirmer l'année du traité.,,,
3b0c051f-31c0-499d-9817-95b4223c94af,Publication du 'Deuxième Sexe' de Simone de Beauvoir,1949-01-01,1949-01-01,year,LIKELY_CORRECT,probable_mais_a_confirmer,0.8,false,No changes needed.,https://fr.wikipedia.org/wiki/Simone_de_Beauvoir,https://en.wikipedia.org/wiki/Simone_de_Beauvoir,Q7197
6de491e6-9ff1-425e-ba58-dc00065f1989,Naissance du futur Louis XIII,1601-01-01,1601-01-01,year,CONFIRMED,confirme,0.9,false,Confirmer la date de naissance de Louis XIII comme étant 1601.,Louis XIII,,Q737533
001a06cb-f214-43d0-953c-141a3b192cbf,Byrd survole le pôle Sud,1929-01-01,,,INSUFFICIENT_EVIDENCE,annee_exacte_introuvable,0,true,"Rechercher des sources externes fiables (articles de presse, biographies, documents officiels) qui confirment l'année exacte du survol du pôle Sud par Richard Byrd.",,,Q933
9f7d387b-26a9-4cce-b06d-4e23edadf8b5,Translation des reliques de Saint Louis,1298-01-01,1298-01-01,year,LIKELY_CORRECT,probable_mais_a_confirmer,0.8,false,Aucune action nécessaire.,wikipedia_fr_article,,Q663370
5649f20a-41f9-4d11-9b24-ed8bb4b680fd,Bataille de Launac entre les comtes de Foix et d'Armagnac,1362-01-01,1362-01-01,year,CONFIRMED,confirme,1,false,Confirmer la date de 1362.,https://fr.wikipedia.org/wiki/Bataille_de_Launac,,Q4871542
f2e93f77-3886-4aab-bccb-3d2ee6771928,Prise de Baghdad par les Mongols,1258-01-01,,,INSUFFICIENT_EVIDENCE,retrieval_insuffisant,0,true,Ajouter des sources externes fiables pour confirmer l'année de l'événement.,,,
9203f03c-145e-4c0c-8714-876384c862c0,Début de la République des Ducs en France,1873-01-01,1873-01-01,year,CONFIRMED,confirme,0.9,false,Confirmer la date de 1873.,1873 en France,,Q2810478
9d9c6886-d5c7-4123-abd7-7d05afc411a9,Capitulation de Yorktown,1781-01-01,1781-01-01,year,CONFIRMED,confirme,1,false,Aucune modification nécessaire.,wikipedia_fr_article,wikipedia_en_article,Q2937512
2b686470-4573-43ab-a7de-f02a025f3a2b,Déclaration de guerre de la France à la Prusse,1870-01-01,1870-01-01,year,CONFIRMED,confirme,1,false,Confirmer la date de 1870.,,,Q48751292
0f07b58d-ccf5-41bd-99cc-82b6e3f62927,Lancement de l'Observatoire de Paris,1667-06-21,,,INSUFFICIENT_EVIDENCE,annee_exacte_introuvable,0,true,Rechercher des sources externes fiables confirmant l'année exacte du lancement de l'Observatoire de Paris.,,,Q295844
054f4252-5644-4425-bd17-6866b4767a62,Siège d'Aquilée par les Huns,0452-01-01,0452-01-01,year,CONFIRMED,confirme,0.9,false,Aucune.,,,Q53216
3c3ca64c-a1f2-498d-a37e-e35f753eef97,Mort de Madame de La Fayette,1693-05-25,1693-01-01,year,CONFIRMED,confirme,1,false,Aucune modification nécessaire.,wikipedia_fr_article,wikipedia_en_article,Q237090
d113a2ec-1c66-4321-8fd0-98e1ba1e10f5,National Origins Act (États-Unis),1924-01-01,1924-01-01,year,LIKELY_CORRECT,probable_mais_a_confirmer,0.8,false,No changes needed.,National Origins Formula,,Q6974702
adad299f-005f-43f2-8da6-53f2e4fefc72,Mise en service de la LGV Sud Europe Atlantique,2017-01-01,2017-01-01,year,CONFIRMED,confirme,1,false,No changes needed.,LGV Sud Europe Atlantique,,Q674784
62ef5a64-b7d7-43e0-81e6-2c8cd1576236,Début des Trois Glorieuses,1830-07-27,1830-01-01,year,CONFIRMED,confirme,0.9,false,Confirmer la date de 1830.,Trois Glorieuses,,Q214028
073a10c0-c6af-441f-9183-bcf23f04f591,Traité de Ryswick,1697-01-01,1697-01-01,year,CONFIRMED,confirme,1,false,Aucune modification nécessaire.,https://fr.wikipedia.org/wiki/Trait%C3%A9_de_Ryswick,,Q164393
4a1b4bbc-b5dc-4e50-ac1f-807a3ad220a0,Première bibliothèque publique en France,1643-02-12,1643-01-01,year,CONFIRMED,confirme,0.9,false,Confirmer la date de 1643 comme année de l'événement.,,,Q28564
24298898-e4f1-4cd3-ac4c-dfce7eba1431,Beatification de Bernadette Soubirous,1925-01-01,1925-01-01,year,CONFIRMED,confirme,0.9,false,No change needed.,https://fr.wikipedia.org/wiki/Bernadette_Soubirous,https://en.wikipedia.org/wiki/Bernadette_Soubirous,Q55398
7b7ab8d5-151a-49ed-b6a9-d479689439ae,Suppression du pouvoir papal dans les États pontificaux,1798-01-01,1798-01-01,year,CONFIRMED,confirme,1,false,Aucune modification nécessaire.,,,Q133459966
1d1fa041-f0a3-4d98-8e2f-c7f3d098b18b,Siège de Paris par Henri IV,1590-01-01,1590-01-01,year,CONFIRMED,confirme,1,false,Confirmer la date de 1590 pour le siège de Paris par Henri IV.,wikipedia_fr_article,,Q3485984
f1ba4930-f6f0-49e3-a752-df09312518d5,Assaut meurtrier contre un journal satirique et un commerce juif à Paris,2015-01-01,2015-01-01,year,LIKELY_CORRECT,preuve_externe_faible,0.8,false,Aucune action nécessaire.,,,
246586fc-b697-48c6-a329-bb9f8b8fc5ca,Marguerite Durand fonde 'La Fronde',1897-01-01,1897-01-01,year,LIKELY_CORRECT,preuve_externe_faible,0.8,false,Confirmer l'année 1897 comme date de fondation du journal 'La Fronde'.,,,Q3088400
87e83fd7-ab2b-48ed-b0f8-c82585371872,Guerre entre les Francs et les Alamans,0709-01-01,,,INSUFFICIENT_EVIDENCE,absence_de_singularite,0,true,Rejeter car il s'agit d'une période de conflit et non d'un événement unique.,,,Q43482
7cb92e9f-c690-4c74-865b-66ebbe9aebfd,Création de la Banque Mondiale,1944-12-27,1945-01-01,year,POTENTIAL_DATE_ERROR,divergence_date,0.8,false,Vérifier si la date de création est bien 1945 et non 1944 comme indiqué dans la description.,https://fr.wikipedia.org/wiki/Banque_mondiale,,Q7164
e501b0ee-21a3-4caa-b94f-f5ee66e04dc4,Crise du 16 mai 1877,1877-05-16,1877-01-01,year,CONFIRMED,confirme,1,false,No changes needed.,wikipedia_fr_article,wikipedia_en_article,Q3002758
2ec19095-1861-4909-9e3a-95d36ccf2d4d,Début construction du château de Karlštejn,1348-01-01,1348-01-01,year,CONFIRMED,confirme,1,false,Confirmer la date de 1348.,Karlštejn,,Q266698
698d02ad-522e-4b9d-886d-47f77ed0ef14,Début de l'Expédition Endurance de Shackleton en Antarctique,1914-01-01,1914-01-01,year,CONFIRMED,confirme,0.9,false,No change needed.,Expédition Endurance,,Q1162294
6089e593-0e80-4b84-a83c-897b478f034e,Translation des reliques de Saint Martin à Tours,0561-01-01,,,INSUFFICIENT_EVIDENCE,annee_exacte_introuvable,0,true,Rechercher des sources historiques primaires ou secondaires qui mentionnent spécifiquement la translation des reliques de Saint Martin à Tours et qui confirment l'année 561.,,,Q28100122
d2a46ef9-e592-4e59-90fa-a09f0908ea5c,La règle de saint Benoît est rédigée,0540-01-01,,,DISPUTED_DATE,date_disputee,0.2,true,Rechercher des sources supplémentaires pour confirmer l'année de rédaction de la Règle de saint Benoît.,Règle de saint Benoît,,Q852724
78434f4b-ab26-4419-954e-48d4b86f37dd,Mort de Pablo Picasso,1973-01-01,1973-01-01,year,CONFIRMED,confirme,1,false,Aucune modification nécessaire.,wikipedia_fr_article,wikipedia_en_article,Q5593
bad1912a-6727-4643-98c3-f4f8dc1c3473,Pasteur réfute la génération spontanée,1859-01-01,,,INSUFFICIENT_EVIDENCE,annee_exacte_introuvable,0,true,Rechercher des sources externes qui confirment l'année exacte de l'expérience de Pasteur.,Génération spontanée,,Q178263
f938de29-b1da-43fc-aff5-b8d73eafb206,Massacre de Verden : Charlemagne fait exécuter 4 500 Saxons rebelles,0782-10-01,0782-01-01,year,CONFIRMED,confirme,0.9,false,Aucune recommandation particulière.,https://fr.wikipedia.org/wiki/Massacre_de_Verden,,Q820211
dc4c26c2-e391-43d2-9f7e-faf91f154111,Début de la construction de l'Ideal-X,1955-01-01,,,INSUFFICIENT_EVIDENCE,annee_exacte_introuvable,0,true,Rechercher des sources fiables confirmant l'année de début de construction de l'Ideal-X.,,,Q44649
3057c742-d4c5-447f-bc15-3a912b9891bf,Disparition du compositeur et pionnier de la musique concrète,1995-01-01,1995-01-01,year,LIKELY_CORRECT,preuve_externe_faible,0.5,false,Ajouter une source externe confirmant l'année du décès de Pierre Schaeffer.,,,
88b5a7a9-1ab7-48d7-944c-fcb3d3f8a6d6,Tsunami dévastateur en Méditerranée orientale,0365-01-01,0365-01-01,year,LIKELY_CORRECT,preuve_externe_faible,0,false,Ajouter des sources externes fiables pour confirmer l'année 365.,,,
0d0c03b1-6cc6-4a0b-b45b-a065739bde8b,Mariage d'Henri VIII et Anne Boleyn,1533-01-01,1533-01-01,year,LIKELY_CORRECT,probable_mais_a_confirmer,0.8,false,Confirmer la date de 1533.,https://fr.wikipedia.org/wiki/Anne_Boleyn,,Q80823
9145b75f-fecd-4795-b3f6-b37cd6c5f7af,Siège de Leningrad,1941-01-01,1941-01-01,year,CONFIRMED,confirme,0.9,false,CONFIRMED,wikipedia_fr_article,,Q151860
def30f49-475b-42c6-a856-d3dc4bd3d7a0,Création de l'Organisation Mondiale du Commerce (OMC),1995-01-01,1995-01-01,year,CONFIRMED,confirme,0.9,false,No change needed.,https://fr.wikipedia.org/wiki/Organisation_mondiale_du_commerce,,Q7825
dda170eb-fd0b-4b9b-bf7d-1362877775e7,Traité de Paris - Fin de la guerre de Sept Ans,1763-01-01,1763-01-01,year,CONFIRMED,confirme,1,false,Confirmer la date de 1763.,https://fr.wikipedia.org/wiki/Trait%C3%A9_de_Paris_(1763),,Q156211
29b7a10e-d708-47f3-bf6b-085b9a10e875,Expédition Deepsea Challenge (James Cameron),2012-01-01,2012-01-01,year,CONFIRMED,confirme,0.9,false,Confirmer la date de 2012.,,,Q42574
4c5098f3-88ec-48a7-9d08-cb21f276cd92,Inauguration de la ligne de chemin de fer Paris-Rouen,1843-06-22,,,INSUFFICIENT_EVIDENCE,annee_exacte_introuvable,0,true,Rechercher des sources confirmant l'année de l'inauguration de la ligne Paris-Rouen.,,,Q3239778
b0664d40-60b7-4b2d-98dd-64d8c9db7be3,Lancement du projet 'Encyclopedia of Life',2007-01-01,,,INSUFFICIENT_EVIDENCE,annee_exacte_introuvable,0,true,Rechercher des sources fiables mentionnant spécifiquement le lancement de l'Encyclopedia of Life et l'année correspondante.,,,Q2745222
af6d9a82-13dd-44e1-9bc7-3687b7039d82,Fondation de la ville de La Havane,1515-01-01,1515-01-01,year,CONFIRMED,confirme,1,false,Confirmer la date de fondation de La Havane en 1515.,La Havane,,Q1563
d228c167-ac01-4e18-8707-c41c17da9277,Invasion du Koweït par l'Irak,1990-01-01,1990-01-01,year,CONFIRMED,confirme,0.9,false,None,https://fr.wikipedia.org/wiki/Invasion_du_Kowe%C3%AFt,,Q856650
ef199cdd-6507-4180-9ed3-374c810704ed,Fondation de l'Université de Caroline du Sud,1801-01-01,1801-01-01,year,CONFIRMED,confirme,0.9,false,No changes needed.,Université de Caroline du Sud,,Q1024426
cfebfa2a-e4bf-4318-b312-fba4bdf2889c,Mort de Louis XI,1483-01-01,1483-01-01,year,CONFIRMED,confirme,1,false,Aucune modification nécessaire.,wikipedia_fr_article,wikipedia_en_article,Q8058
e8b76db4-9a2f-463b-a4f0-2ebca479dd20,Le Quatrième concile du Latran,1215-01-01,1215-01-01,year,CONFIRMED,confirme,1,false,Confirmer la date de 1215.,https://fr.wikipedia.org/wiki/Quatri%C3%A8me_concile_du_Latran,,Q719992
70f3d8b4-2e46-4d02-b969-80e4c765fc29,Le débat national sur le port du voile islamique dans les établissements scolaires publics,1989-01-01,1989-01-01,year,CONFIRMED,confirme,0.9,false,None,Voile islamique dans les écoles en France,,Q3562328
883b145d-7007-41ba-b3a3-98a14f33ffdb,Crise des missiles de Cuba,1962-01-01,1962-01-01,year,CONFIRMED,confirme,0.9,false,No change needed.,wikipedia_fr_article,,Q128160
18b394bd-70f8-44bd-8a94-defb2486a189,Prix Goncourt 1926 : Henri Deberly,1926-01-01,1926-01-01,year,CONFIRMED,confirme,1,false,No change needed.,wikipedia_fr_article,wikipedia_en_article,Q3130923
85b8987e-30fc-40f1-963a-f9f56cf46313,Inauguration du Teatro Olimpico,1585-01-01,1585-01-01,year,CONFIRMED,confirme,1,false,No change needed.,Teatro Olimpico,,Q902532
f19616ff-308f-4735-b5af-094e43c9f8fa,Affaire Strauss-Kahn,2011-01-01,2011-01-01,year,CONFIRMED,confirme,0.9,false,No changes needed.,wikipedia_fr_article,wikipedia_en_article,Q3132588
664549a7-718c-40bd-9ab3-3ea8e7b6f535,Première de la Symphonie fantastique d'Hector Berlioz,1830-12-05,1830-01-01,year,CONFIRMED,confirme,1,false,No changes needed.,https://fr.wikipedia.org/wiki/Symphonie_fantastique,,Q462313
f43b97f9-5d4c-4581-aaa9-0d6b0f5e5b2b,Construction de l'Hôpital de la Charité à Paris,1606-01-01,1606-01-01,year,LIKELY_CORRECT,probable_mais_a_confirmer,0.8,false,Confirmer la date de construction avec d'autres sources.,wikipedia_fr_article,,Q1643043
df0825af-d7a5-4caf-8f95-407c0022b3d8,Exploration de l'Amazone par Francisco de Orellana,1542-01-01,1542-01-01,year,LIKELY_CORRECT,probable_mais_a_confirmer,0.8,false,"Confirmer l'événement comme étant survenu en 1542, en se basant sur le titre et la description, et en l'absence de contradiction dans les sources externes.",https://fr.wikipedia.org/wiki/Francisco_de_Orellana,,Q207901
1abcaad5-4629-4d91-a812-dada33350688,Siège de Casal (Guerre de Succession de Mantoue),1629-01-01,1629-01-01,year,LIKELY_CORRECT,probable_mais_a_confirmer,0.8,false,Confirmer la date de 1629 pour le Siège de Casal.,Guerre de Succession de Mantoue,,Q1527665
39260fe6-f97c-4721-8d39-60dd9e2f95fd,Création du lazaret de Marseille,1485-01-01,,,INSUFFICIENT_EVIDENCE,retrieval_insuffisant,0,true,Rechercher des sources confirmant la date de création du lazaret de Marseille.,,,Q23482
0eb720eb-7a63-4380-84f6-723cd6c2f7b0,Wyoming accorde le droit de vote aux femmes,1869-01-01,1869-01-01,year,LIKELY_CORRECT,probable_mais_a_confirmer,0.8,false,Confirmer la date de 1869 comme l'année où le Wyoming a accordé le droit de vote aux femmes.,,,Q185387
0901862b-8eb7-4e9c-9986-4020696fb81f,Bataille de Mühlberg,1547-01-01,1547-01-01,year,CONFIRMED,confirme,0.9,false,No change needed.,wikipedia_fr_article,wikipedia_en_article,Q661327
8c5b38f4-b191-46f4-bade-e9b30e9a63ab,Mort de Philippe II,1598-01-01,1598-01-01,year,CONFIRMED,confirme,0.9,false,Confirmer la date de 1598 comme année de la mort de Philippe II.,wikipedia_fr_article,,Q34417
f30a1833-5a7d-41cc-bd6a-c9cd3ed5678f,Offensive Vistule-Oder,1945-01-01,1945-01-01,year,CONFIRMED,confirme,0.9,false,Confirmer la date de 1945.,https://fr.wikipedia.org/wiki/Offensive_Vistule-Oder,,Q159065
77bf3f07-532d-4f47-80be-f9870bdbd0e9,Création des Croix de Feu,1927-01-01,1927-01-01,year,CONFIRMED,confirme,0.9,false,Valider la date de 1927.,wikipedia_fr_article,wikipedia_en_article,Q705067
99e11e30-b08a-4fd1-ae66-9583108698af,Liaison ferroviaire transcontinentale (USA),1869-01-01,1869-01-01,year,LIKELY_CORRECT,probable_mais_a_confirmer,0.5,false,Ajouter des sources externes confirmant l'année 1869.,,,Q3537832
d754565b-4ee0-474d-b995-f0c5c4d9e115,Inauguration du MoMA,1929-01-01,1929-01-01,year,LIKELY_CORRECT,preuve_externe_faible,0,false,Fournir des sources externes pour valider l'année de l'inauguration du MoMA.,,,
60c38bfe-f826-4b91-80a3-60708dd776d6,Valentinien Ier devient empereur romain,0364-01-01,0364-01-01,year,CONFIRMED,confirme,0.9,false,Confirmer la date de 364 comme l'année où Valentinien Ier est devenu empereur romain.,https://fr.wikipedia.org/wiki/Valentinien_Ier,,Q46720
dd0a9d21-e76b-4270-bf8d-3cb6db52b1e7,Fondation de Saint-Pétersbourg par Pierre le Grand,1703-01-01,1703-01-01,year,CONFIRMED,confirme,0.9,false,No change needed.,Saint-Pétersbourg,,Q656
66d96161-0508-4477-b74d-f4c68c91c26b,Assassinat de Sévère Alexandre,0235-01-01,0235-01-01,year,CONFIRMED,confirme,0.9,false,No change needed.,Sévère Alexandre,,Q1769
08a2458c-208d-4acd-b2ce-1c10105328e6,Expédition d'Ursúa à la recherche d'Eldorado,1560-01-01,1560-01-01,year,LIKELY_CORRECT,preuve_externe_faible,0.5,false,Rechercher des sources externes confirmant l'année de l'expédition d'Ursúa.,,,
4a47bd70-5dd5-49e5-96e6-94e2271c0306,Édit de Folembray - Henri IV abjure le protestantisme,1593-01-01,1593-01-01,year,LIKELY_CORRECT,preuve_externe_faible,0.5,false,Ajouter des sources externes fiables confirmant l'année de l'Édit de Folembray et de l'abjuration d'Henri IV.,,,
331bfb0f-0cd0-4505-8b2a-2e79d5db556b,Élection de François Mitterrand,1981-05-10,1981-01-01,year,CONFIRMED,confirme,0.9,false,Aucune modification nécessaire.,https://fr.wikipedia.org/wiki/Fran%C3%A7ois_Mitterrand,https://en.wikipedia.org/wiki/Fran%C3%A7ois_Mitterrand,Q2038
664151c5-c28a-46e8-b74c-47bffac69fcf,Fondation de l'agence Havas,1835-01-01,1835-01-01,year,CONFIRMED,confirme,0.9,false,Confirmer la date de fondation de l'agence Havas comme étant 1835.,wikipedia_fr_article,wikipedia_en_article,Q516033
0eadaa57-f0ed-4712-bb82-10b1111dbf25,Théodoric le Grand (Ostrogoth) conquiert l’Italie,0493-01-01,0493-01-01,year,LIKELY_CORRECT,probable_mais_a_confirmer,0.7,false,No change needed.,Théodoric le Grand,,Q105105
ccd55af4-c7b8-4d01-8c14-5a7581970376,Premier bateau à vapeur commercial de Fulton,1807-01-01,1807-01-01,year,LIKELY_CORRECT,probable_mais_a_confirmer,0.8,false,Confirmer la date de 1807.,,,Q178193
40796c15-b47b-4e79-baf1-752b2e0d0429,Publication des Confessions de Saint Augustin,0397-01-01,0397-01-01,year,CONFIRMED,confirme,0.9,false,No changes needed.,https://fr.wikipedia.org/wiki/Les_Confessions_(Augustin_d%27Hippone),,Q372941
f3f761ad-6917-4f20-a72b-04271a165a87,Invention de la presse à caractères mobiles en métal,1450-01-01,,,INSUFFICIENT_EVIDENCE,annee_exacte_introuvable,0,true,Search for sources that explicitly state the year of Gutenberg's invention of the printing press with movable type.,https://fr.wikipedia.org/wiki/Presse_typographique,,Q144334
6ae352da-23b2-4318-ac04-661d4a36e018,Capture d'Anne Bonnie et Mary Read,1720-01-01,,,INSUFFICIENT_EVIDENCE,retrieval_insuffisant,0,true,Ajouter des sources externes fiables pour confirmer l'année de la capture.,,,
2100946e-5732-43a8-aeab-12a84ca089c0,Construction du canal de l'Eure,1685-01-01,1685-01-01,year,CONFIRMED,confirme,1,false,No change needed.,https://fr.wikipedia.org/wiki/Canal_de_l%27Eure,,Q2936055
1ff805f6-1b3d-4f4c-9dc5-c1146db0b4d5,Modification du régime de retraite pour les employés du secteur privé,1993-01-01,1993-01-01,year,LIKELY_CORRECT,probable_mais_a_confirmer,0,false,Ajouter une source externe confirmant que la réforme Balladur a eu lieu en 1993.,,,Q3428239
4014381f-7065-4b3b-af9b-7d7b080a826b,Concile du Latran sous le pape Martin Ier controverse monothélite,0649-01-01,0649-01-01,year,CONFIRMED,confirme,0.9,false,No change needed.,,,Q199612
00165608-1938-4599-8773-412f081d9e9c,Fondation du Bauhaus Imaginista,2018-01-01,,,INSUFFICIENT_EVIDENCE,annee_exacte_introuvable,0,true,Provide external sources to confirm the founding year of Bauhaus Imaginista or clarify the event being described.,,,
53a962db-96df-4617-af73-6d7f2ad0ce9e,Inauguration du Canal du Midi,1681-01-01,1681-01-01,year,CONFIRMED,confirme,0.9,false,No changes needed.,Canal du Midi,Canal du Midi,Q202494
154e7ae7-c138-4aa3-b846-f3b29b687820,Première sortie extravéhiculaire d'Alexeï Leonov,1965-01-01,1965-01-01,year,CONFIRMED,confirme,1,false,No change needed.,https://fr.wikipedia.org/wiki/Alexe%C3%AF_Leonov,,Q154269
2d047b17-69ad-433b-88a4-429eee1d91a7,Rapport Meadows au Club de Rome,1972-01-01,1972-01-01,year,CONFIRMED,confirme,0.9,false,No change needed.,https://fr.wikipedia.org/wiki/Club_de_Rome,,Q107569
18f2978b-65ff-47ff-938e-3b23742e3f13,Naufrage du Batavia,1629-01-01,1629-01-01,year,LIKELY_CORRECT,preuve_externe_faible,0.8,false,None,https://fr.wikipedia.org/wiki/Batavia,,Q225781
d5b60af2-e39b-41c3-8b27-a690cb2822b9,Publication de Roméo et Juliette de William Shakespeare,1597-01-01,1597-01-01,year,CONFIRMED,confirme,0.9,false,Confirmer la date de publication.,wikipedia_fr_article,,Q83186
9f7138c7-4003-4b29-bd85-9ad93d809ada,Mort de Dagobert Ier,0639-01-01,0639-01-01,year,CONFIRMED,confirme,1,false,No change needed.,https://fr.wikipedia.org/wiki/Dagobert_Ier,,Q109860
6d7f956c-dc61-49f5-b778-736a0419f0c5,Prise de la capitale lombarde Pavie par les Francs,0774-01-01,0774-01-01,year,LIKELY_CORRECT,preuve_externe_faible,0.8,false,Aucune modification nécessaire.,Pavie,,Q6259
f301da10-27c1-4302-bf9c-fd5af09bcc55,Jeux olympiques de Stockholm,1912-01-01,1912-01-01,year,CONFIRMED,confirme,1,false,Confirmer la date de 1912.,Jeux olympiques de 1912,,Q8118
8e36fbeb-eb3a-457b-bd70-c1e1bf3f2cdb,Séisme de Lisbonne,1755-01-01,1755-01-01,year,CONFIRMED,confirme,1,false,Aucune modification nécessaire.,Séisme de 1755 à Lisbonne,,Q191055
22c07a0d-e24e-4f37-adc2-57696892fea4,Pillage du temple d'Éléusis par les Costoboces,0170-01-01,0170-01-01,year,LIKELY_CORRECT,preuve_externe_faible,0.5,false,Fournir des sources externes pour confirmer l'année du pillage.,,,
6616e827-961a-42f6-b06f-5ea122ddb1f6,Massacre des Vêpres siciliennes,1282-01-01,1282-01-01,year,CONFIRMED,confirme,0.9,false,Confirmer la date de 1282.,https://fr.wikipedia.org/wiki/V%C3%AApres_siciliennes,,Q207327
fcb6e441-3c49-449d-845e-d5e8a87237e4,Début du commerce d'or transsaharien accru,1080-01-01,1080-01-01,year,LIKELY_CORRECT,preuve_externe_faible,0.5,false,Ajouter des sources externes pour valider l'année 1080.,,,
b93ae66f-6fff-485e-86f6-4e11d446d749,Traité d'Asunción établissant le Mercosur,1991-01-01,1991-01-01,year,CONFIRMED,confirme,0.9,false,Aucune.,,,Q2933
de3d7537-70ae-49c3-9f8f-1f3a522fa4c1,Première de Aida de Verdi,1871-01-01,1871-01-01,year,CONFIRMED,confirme,1,false,No change needed.,wikipedia_fr_article,wikipedia_en_article,Q171277
a0d174bb-db92-4892-a29f-95848fe9b8fa,Porphyre publie « Contre les chrétiens »,0270-01-01,,,INSUFFICIENT_EVIDENCE,annee_exacte_introuvable,0,true,Rechercher des sources plus précises concernant la date de publication de l'ouvrage.,Porphyre de Tyr,,Q203445
79837b68-95a9-4145-8bab-fb7e3057a881,François Ier fonde Le Havre,1517-01-01,1517-01-01,year,CONFIRMED,confirme,0.9,false,Confirmer la date de fondation du Havre en 1517.,Le Havre,,Q42810
0743e219-d78d-47d1-9cf7-bf3d14f37292,Siège du château de Rochester par Jean sans Terre,1215-01-01,1215-01-01,year,LIKELY_CORRECT,probable_mais_a_confirmer,0.8,false,No change needed.,,,Q129308
e9aac833-39fc-45fc-83ea-27c54309150f,Asepsie en obstétrique,1847-01-01,,,INSUFFICIENT_EVIDENCE,annee_exacte_introuvable,0,true,Nécessite une vérification humaine avec des sources confirmant l'année exacte.,Histoire de l'obstétrique,,Q3137010
471ff6b8-836b-4bfb-81fd-4601b8a386bd,Prix Nobel de physique pour les Curie et Becquerel,1903-01-01,1903-01-01,year,LIKELY_CORRECT,probable_mais_a_confirmer,0.8,false,Confirmer la date de 1903.,https://fr.wikipedia.org/wiki/Prix_Nobel_de_physique,,Q38104
2c3442d7-da9a-4742-80a4-290ae6a1efa9,Création de l'Orto botanico di Pisa,1544-01-01,,,INSUFFICIENT_EVIDENCE,retrieval_insuffisant,0,true,Ajouter des sources externes fiables pour confirmer l'année de création.,,,
4ac7ef35-9bd9-4bd6-8d9f-4345e9d84f70,Création de La Nuit étoilée par Van Gogh,1889-01-01,1889-01-01,year,CONFIRMED,confirme,1,false,No change needed.,https://fr.wikipedia.org/wiki/La_Nuit_%C3%A9toil%C3%A9e_(1889),,Q45585
04cc5a26-bb00-4eb0-a17f-4175916590e8,Théodora restaure le culte des icônes,0843-01-01,0843-01-01,year,LIKELY_CORRECT,preuve_externe_faible,0,false,Ajouter des sources externes pour confirmer l'année 843.,,,
e11323aa-1541-46d8-ac63-2de4f4f5eee3,Réunification allemande,1990-01-01,1990-01-01,year,LIKELY_CORRECT,probable_mais_a_confirmer,0.7,false,Confirmer la date de 1990 comme année de la réunification allemande.,https://fr.wikipedia.org/wiki/R%C3%A9unification_allemande,,Q56039
a29d8f89-b83c-440b-b7bc-1ac2f3fe2f15,Traité de Worms (Succession d'Autriche),1743-09-07,1743-01-01,year,CONFIRMED,confirme,1,false,No change needed.,Traité de Worms (1743),,Q1995471
fa2f4237-8c2c-4682-bdfb-9c3a6f9ff374,Utilisation de l'énergie nucléaire en sous-marin,1954-01-01,1954-01-01,year,LIKELY_CORRECT,preuve_externe_faible,0.8,false,Confirmer avec des sources plus spécifiques sur l'USS Nautilus.,,,Q12739
1b9a1747-5f92-42a0-8012-7dc2829a2520,Réforme électorale en Italie,1912-01-01,1912-01-01,year,LIKELY_CORRECT,probable_mais_a_confirmer,0,false,Rechercher des sources externes qui confirment l'année exacte de la réforme électorale en Italie.,,,Q38
4d5c691c-972d-415d-b66e-0640d43ab3d5,Couronnement de Marie de Médicis,1610-01-01,,,INSUFFICIENT_EVIDENCE,annee_exacte_introuvable,0,true,Rechercher des sources mentionnant explicitement l'année du couronnement de Marie de Médicis.,Marie de Médicis,,Q182021
9ea1ee91-53e4-4eaa-ae3a-b9a4259db0c4,Fondation de la Société protectrice des animaux,1824-01-01,1845-01-01,year,POTENTIAL_DATE_ERROR,divergence_date,1,false,None,wikipedia_fr_article,wikipedia_en_article,Q47391644
878bc019-5def-44d4-83f5-80fcc9dc8677,Édit de Pistres,0864-06-27,0864-01-01,year,CONFIRMED,confirme,0.9,false,No change needed.,Édit de Pîtres,,Q1559370
be47410d-7b45-42f6-9eb2-017e834a1e16,Découverte des manuscrits de la mer Morte,1947-01-01,1947-01-01,year,CONFIRMED,confirme,0.9,false,No change needed.,Manuscrits de la mer Morte,,Q145780
ca6e2437-256a-461c-88cf-5fadb8553ed4,Adoption de la CCNUCC,1992-01-01,1992-01-01,year,LIKELY_CORRECT,preuve_externe_faible,0,false,Fournir des sources externes pour confirmer l'année de l'adoption de la CCNUCC.,,,
20958907-efa5-4bfb-9989-3faef8283142,Bataille des Ardennes,1944-01-01,1944-01-01,year,CONFIRMED,confirme,0.9,false,Confirmer la date de 1944.,wikipedia_fr_article,,Q151018
af8b84cc-7467-41fd-adb4-5fbc6ab9eaf6,Édit de Châteaubriant,1551-01-01,1551-01-01,year,CONFIRMED,confirme,1,false,Aucune modification nécessaire.,Édit de Châteaubriant,,Q5338008
9dbcda6b-867f-4ce5-8a92-741c6d7fd42a,Début de la construction de Sainte-Sophie,0532-01-01,0532-01-01,year,LIKELY_CORRECT,probable_mais_a_confirmer,0.8,false,Confirmer la date de 532 comme début de la construction.,https://fr.wikipedia.org/wiki/Sainte-Sophie_(Constantinople),,Q12506
091f9254-a229-4723-9c50-b3ec8c48dea3,Consécration de la cathédrale de Santiago de Compostela,1211-01-01,,,INSUFFICIENT_EVIDENCE,retrieval_insuffisant,0,true,Fournir des sources externes fiables pour confirmer l'année de la consécration.,,,
08c354ec-71ea-4a58-81cc-6b4fc413168b,Apartheid en Afrique du Sud,1948-01-01,,,INSUFFICIENT_EVIDENCE,absence_de_singularite,0,true,Reject due to the event describing a period and lack of supporting evidence for a specific year.,,,Q3346991
bef2de3a-7e94-483e-a33d-ed148b7aa320,Mariage de César Borgia avec Charlotte d'Albret,1501-01-01,,,INSUFFICIENT_EVIDENCE,annee_exacte_introuvable,0,true,Rechercher des sources mentionnant explicitement l'année du mariage.,,,Q187998
f734dfcb-85c1-4e65-8414-323a44bffee1,Traité de Carlowitz,1699-01-01,1699-01-01,year,LIKELY_CORRECT,probable_mais_a_confirmer,0,false,Ajouter une source externe fiable mentionnant l'année du Traité de Carlowitz.,,,Q86590
c30a7d0e-7619-4b4e-8f8f-64b89be43f4b,Fondation de la Compagnie de la Baie d'Hudson,1670-01-01,1670-01-01,year,CONFIRMED,confirme,0.9,false,Confirmer la date de 1670 comme année de fondation.,Compagnie de la Baie d'Hudson,,Q76039
adcb37fc-40d7-4605-8192-7a182dbcb074,Guerre du Liban,1975-04-13,1975-01-01,year,CONFIRMED,confirme,0.9,false,Confirmer la date de début de la guerre du Liban comme étant 1975.,https://fr.wikipedia.org/wiki/Guerre_du_Liban,,Q208484
7d22171a-1e12-426e-8a01-fafa4fd90cca,Bataille de Vouillé (Clovis),0507-07-01,0507-01-01,year,CONFIRMED,confirme,0.9,false,Confirmer la date de 507 pour la bataille de Vouillé.,wikipedia_fr_article,wikipedia_en_article,Q851504
66bad4cd-00a2-41e5-b907-7e8f1ad81fb4,Deuxième conférence de La Haye,1930-01-01,,,INSUFFICIENT_EVIDENCE,annee_exacte_introuvable,0,true,Rechercher des sources externes fiables qui mentionnent explicitement l'année de la deuxième conférence de La Haye.,,,Q36600
c0a6f3c2-d27a-45f0-9081-5f0f3dd8ad66,Collision de trains dans la gare souterraine de la gare de Lyon à Paris,1988-01-01,1988-01-01,year,CONFIRMED,confirme,1,false,Aucune modification nécessaire.,Accident ferroviaire de la gare de Lyon,,Q1311978
388be4d8-2bf4-4e2f-9ae5-f74f7234a924,Conquête du pays des Frisons,0784-01-01,0784-01-01,year,LIKELY_CORRECT,preuve_externe_faible,0.5,false,Vérifier avec d'autres sources historiques pour confirmer l'année exacte de la conquête finale de la Frise par Charlemagne.,,,Q106416
6fd160ec-3e56-4fbf-b561-f93698961055,La France bannit les farines animales face à la crise de la vache folle,1996-01-01,1996-01-01,year,LIKELY_CORRECT,preuve_externe_faible,0,false,Fournir des sources externes fiables pour confirmer l'année de l'interdiction.,,,
ecbd3e56-ba5d-4eee-97f3-ad5ebe3ec2a8,Naissance de William Shakespeare,1564-04-23,1564-01-01,year,CONFIRMED,confirme,0.9,false,Aucune action nécessaire.,https://fr.wikipedia.org/wiki/William_Shakespeare,https://en.wikipedia.org/wiki/William_Shakespeare,Q692
d7ea4de2-5283-44b4-87a4-b36b246049c0,Publication du premier recueil des Lyrical Ballads,1798-01-01,,,INSUFFICIENT_EVIDENCE,retrieval_insuffisant,0,true,Ajouter des sources externes fiables pour confirmer l'année de publication du premier recueil des Lyrical Ballads.,,,
f6ddf3ff-3c57-4ef6-861a-a2cbdad3e0ba,Giscard résiste face à l'union de la gauche lors des élections législatives,1978-01-01,1978-01-01,year,LIKELY_CORRECT,preuve_externe_faible,0.5,false,Ajouter des sources externes confirmant que les élections législatives mentionnées ont eu lieu en 1978.,,,
5bfdc9ee-d400-4eca-bd17-7d8019c3cbdd,Mystérieux brouillard sec en Europe,1808-01-01,1808-01-01,year,LIKELY_CORRECT,preuve_externe_faible,0.5,false,Fournir des sources externes pour confirmer l'année 1808.,,,
a95ebf0c-7adc-44a3-a92f-9c4ab4f58c52,Exposition Crude Oils de Banksy,2005-01-01,2005-01-01,year,CONFIRMED,confirme,0.9,false,Aucune modification nécessaire.,,,Q133600
560c07c4-86ee-4440-bdd5-ef76d35c898b,Découverte de l'île de Pâques,1722-01-01,1722-01-01,year,CONFIRMED,confirme,0.9,false,Aucune.,Île de Pâques,,Q14452
a29eb61b-2fd6-40e6-840e-e40ebe5434bb,Bataille du golfe de Leyte,1944-01-01,1944-01-01,year,CONFIRMED,confirme,0.9,false,Confirmer la date de 1944.,https://fr.wikipedia.org/wiki/Bataille_du_golfe_de_Leyte,,Q308999
f00690c7-a8cc-47d7-8505-a49eb37a8ee8,Consécration de la cathédrale de Hildesheim,1061-01-01,,,INSUFFICIENT_EVIDENCE,annee_exacte_introuvable,0,true,Rechercher des sources externes fiables confirmant l'année de consécration de la cathédrale de Hildesheim.,,,Q1084011
22a9bd13-c5c3-4a0e-80a0-487e806d965e,Premier raid des Hongrois en Lorraine,0913-01-01,0913-01-01,year,LIKELY_CORRECT,preuve_externe_faible,0.5,false,Ajouter des sources externes fiables confirmant l'année 913 pour le premier raid hongrois en Lorraine.,,,
1c58868b-af73-4ca5-934d-0c9aab56a0c4,Crise énergétique française de 2022,2022-01-01,2022-01-01,year,CONFIRMED,confirme,0.9,false,No changes needed.,,,Q49625
2913e19c-d0fc-4e6c-af31-868b5cb99414,Fondation du Tour Auto (course automobile),1903-03-22,1903-01-01,year,LIKELY_CORRECT,probable_mais_a_confirmer,0.8,false,Confirmer la date de 1903 comme année de fondation du Tour Auto.,,,Q506911
75b09b93-d40a-4136-acdd-3c73bea2a77a,Prix Goncourt 1919 : Marcel Proust,1919-01-01,1919-01-01,year,CONFIRMED,confirme,0.9,false,No changes needed.,wikipedia_fr_article,wikipedia_en_article,Q7199
f761496b-a4ce-46f7-98ac-1b7719b8e494,Inondation de la Sainte-Magdeleine,1222-01-01,1222-01-01,year,LIKELY_CORRECT,preuve_externe_faible,0.5,false,Rechercher des sources externes confirmant l'année 1222 pour l'inondation de la Sainte-Magdeleine.,,,Q643425
f1f6a180-5bd0-4c28-abb1-4e6ac89d80f8,Les navires arabes dominent l'océan Indien,0900-01-01,,,INSUFFICIENT_EVIDENCE,absence_de_singularite,0,true,Rejeter car l'événement décrit une période et non une année unique.,,,
c6c3b4c0-95de-42c9-ba7f-bae28477498b,Création du premier embryon chimérique homme-animal,2017-01-01,,,INSUFFICIENT_EVIDENCE,retrieval_insuffisant,0,true,Fournir des sources externes pour confirmer l'année de la création du premier embryon chimérique homme-animal.,,,
39485431-e2a5-42d7-b2dd-af2c975bb8f4,Création de l'Agence internationale de l'énergie atomique (AIEA),1957-01-01,1957-01-01,year,CONFIRMED,confirme,1,false,No change needed.,https://fr.wikipedia.org/wiki/Agence_internationale_de_l%27%C3%A9nergie_atomique,,Q41984
2f74404e-2c4c-4172-8d5a-a743200194dd,Premier homme dans l'espace (Youri Gagarine),1961-04-12,1961-01-01,year,CONFIRMED,confirme,1,false,Confirmer la date de 1961.,https://fr.wikipedia.org/wiki/Youri_Gagarine,,Q7327
d0df059b-52ac-4983-8010-7eb8f1eca857,Disparition de Jean-Paul Belmondo,2021-01-01,2021-01-01,year,LIKELY_CORRECT,probable_mais_a_confirmer,0.8,false,Aucune action nécessaire.,,,Q106555
87aef68f-7bf1-4d06-b18f-651cdc5db504,Louis XII devient roi de France,1498-01-01,1498-01-01,year,CONFIRMED,confirme,0.9,false,No changes needed.,wikipedia_fr_article,,Q58514
fc5a001f-69ed-4488-afdd-c9cb6ab85094,Collision de deux rames de banlieue à Épinay-sur-Seine : un bilan tragique,1982-01-01,1982-01-01,year,LIKELY_CORRECT,preuve_externe_faible,0.5,false,Fournir des sources externes pour confirmer l'année de l'accident.,,,
eee13587-f7cc-4528-94f5-8b180fc6ba81,Première mention des Francs Saliens,0289-01-01,,,INSUFFICIENT_EVIDENCE,absence_de_singularite,0,true,Rejeter car l'événement décrit une période et non une année unique.,Francs saliens,,Q939852
d206de94-3742-4960-b68e-aaf1d808cbc7,Règne de Louis II le Bègue sur le royaume de Francie occidentale,0877-01-01,,,INSUFFICIENT_EVIDENCE,absence_de_singularite,0,true,"Reject due to the event describing a reign, which spans multiple years.",,,Q193112
9172663c-375d-4a47-814f-6d0ad670bbca,Massacre de la Saint-Barthélemy,1572-08-24,1572-01-01,year,CONFIRMED,confirme,0.9,false,Confirmer la date de 1572.,wikipedia_fr_article,wikipedia_en_article,Q163891
0cf8370e-a0df-4fa8-912b-5fcbfa9bbc1a,Crash d'un avion de la compagnie Germanwings dans les montagnes des Alpes françaises,2015-01-01,2015-01-01,year,CONFIRMED,confirme,1,false,No change needed.,Crash de l'A320 de Germanwings,,Q19671417
6461651f-3ea0-49aa-a5c2-0c093a22fc04,Guerre du cochon (Canada),1859-01-01,1859-01-01,year,CONFIRMED,confirme,0.9,false,Confirmer la date de 1859.,https://fr.wikipedia.org/wiki/Guerre_du_cochon,,Q1064335
408253cb-4e49-4fa5-b1aa-4e905e865d41,Début de l'invasion normande de l'Irlande,1169-01-01,1169-01-01,year,CONFIRMED,confirme,0.9,false,Confirmer la date de 1169 comme début de l'invasion normande de l'Irlande.,https://fr.wikipedia.org/wiki/Invasion_normande_de_l%27Irlande,,Q901714
9feb6fde-5b2c-479a-aa9b-d31817e8a6c5,Publication de Moby Dick d'Herman Melville,1851-01-01,1851-01-01,year,CONFIRMED,confirme,0.9,false,Confirmer la date de publication en 1851.,https://fr.wikipedia.org/wiki/Moby-Dick,,Q174596
5ad5dcaa-e6a0-4e4e-962c-f8a83a78a6c2,Invention de l'isolateur de conduit à canard,1935-01-01,,,INSUFFICIENT_EVIDENCE,retrieval_insuffisant,0,true,Provide external sources to confirm the year of invention.,,,
e8d8cd68-974a-4be2-8f6b-faf79c80c274,Jenner développe le premier vaccin contre la variole,1796-05-14,1796-01-01,year,LIKELY_CORRECT,probable_mais_a_confirmer,0.8,false,Confirmer la date de 1796.,Vaccin contre la variole,,Q1037810
7b3f30b2-80b0-4cb1-942b-6b37b92e5f74,Rivalité politique autour de nouvelles révélations dans l'affaire Clearstream,2006-01-01,2006-01-01,year,LIKELY_CORRECT,probable_mais_a_confirmer,0.8,false,None,Affaire Clearstream 2,,Q474851
75f17b3e-4f07-41af-87e7-538d269ccc84,Bataille de Seneffe,1674-01-01,1674-01-01,year,CONFIRMED,confirme,0.9,false,No change needed.,wikipedia_fr_article,wikipedia_en_article,Q1783252
47fb34fc-42d2-454b-be94-436be4ab2943,Lancement du journal Paris-Soir,1933-01-01,,,INSUFFICIENT_EVIDENCE,retrieval_insuffisant,0,true,Fournir des sources externes pour valider l'année de lancement du journal Paris-Soir.,,,
0e4f0250-16bd-4031-848f-23f8c68451bf,Première de L'Oiseau de feu d'Igor Stravinsky,1910-06-25,1910-01-01,year,CONFIRMED,confirme,0.9,false,Aucune modification nécessaire.,Igor Stravinsky,,Q7314
a3ea0ae6-f0c5-4727-944a-e4e33e1a9945,Première application du calendrier grégorien en France,1582-01-01,1583-01-01,year,POTENTIAL_DATE_ERROR,divergence_date,0.8,false,None,Calendrier grégorien,,Q12138
a8e648ac-ed63-47f8-8808-b4caaecddb07,"Début du règne d'Attila, roi des Huns",0434-01-01,,,INSUFFICIENT_EVIDENCE,annee_exacte_introuvable,0,true,Rechercher des sources supplémentaires confirmant l'année exacte du début du règne d'Attila.,Attila,,Q36724
9a58d467-8000-48e0-977c-20dff6c5f50f,Fondation de l'Université de Vermont,1791-01-01,1791-01-01,year,CONFIRMED,confirme,0.9,false,Confirmer la date de fondation de l'Université de Vermont comme étant 1791.,,,Q16551
2b57ce38-6f5f-427e-98b1-d301ff1ef270,Éruption du mont Vésuve qui détruit Pompéi et Herculanum,0079-08-24,0079-01-01,year,CONFIRMED,confirme,1,false,Aucune.,Pompéi,,Q43332
5ea0142e-0a37-46ca-a9cf-fa522b56ade1,Affaire Elf : révélations judiciaires,1997-01-01,,,INSUFFICIENT_EVIDENCE,absence_de_singularite,0,true,"Reject due to the event not being tied to a single, specific year.",,,Q543063
72b19dbb-ec48-46d5-93ac-097cc8cfd809,Invention de la carte à puce par Roland Moreno,1974-01-01,,,INSUFFICIENT_EVIDENCE,preuve_insuffisante,0,true,Seek additional sources to confirm the year of invention.,Carte à puce,,Q41349
c2eff2b5-896f-4853-b5a5-faa125945737,Signature du GATT à Genève,1947-01-01,,,INSUFFICIENT_EVIDENCE,retrieval_insuffisant,0,true,Fournir des sources externes pour valider l'année de la signature du GATT à Genève.,,,
8ddd5937-de6f-42fe-870e-a365ce593a25,Création du premier rein artificiel implantable,2018-01-01,,,INSUFFICIENT_EVIDENCE,retrieval_insuffisant,0,true,Ajouter des sources externes fiables pour valider l'année de la création du premier rein artificiel implantable.,,,
bd609c23-d616-49a0-bdaa-0b22903742c8,Séisme du Shaanxi,1556-01-01,1556-01-01,year,CONFIRMED,confirme,1,false,Confirmer la date de 1556.,https://fr.wikipedia.org/wiki/S%C3%A9isme_du_23_janvier_1556_au_Shaanxi,,Q191293
28ab8645-08b4-4e38-aa8b-b5971fb49bde,Premier bébé éprouvette (Louise Brown),1978-01-01,1978-01-01,year,CONFIRMED,confirme,1,false,Confirmer la date de 1978.,wikipedia_fr_article,,Q234027
cd4016f7-7dd1-4ae5-9da6-2e7c71b09e27,Première Coupe du monde féminine,1991-01-01,1991-01-01,year,CONFIRMED,confirme,0.9,false,No change needed.,Coupe du monde féminine de football 1991,,Q459419
8412b1f9-2c93-4b55-99e4-91f609818ec4,Fondation du Concert Spirituel à Paris,1725-03-17,1725-01-01,year,CONFIRMED,confirme,0.9,false,Confirm the date as 1725.,wikipedia_fr_article,wikipedia_en_article,Q2991714
6e7f2503-a8ad-4530-ad8a-bf2d3ef40cfd,Eradication de la variole (OMS),1980-01-01,1980-01-01,year,CONFIRMED,confirme,1,false,No change needed.,Variole,,Q12214
f77e5c1d-9fd7-4fd0-abab-a0db22e722a4,Mort de Gabriel Fauré,1924-01-01,1924-01-01,year,CONFIRMED,confirme,1,false,Aucune.,wikipedia_fr_article,wikipedia_en_article,Q104919
1c33eef3-2514-41dc-8d6c-e5e2cf04f0ca,Promulgation de la Bulle d'Or,1356-01-10,1356-01-01,year,LIKELY_CORRECT,preuve_externe_faible,0,false,Ajouter une source externe fiable confirmant l'année de promulgation de la Bulle d'Or.,,,Q189867
f5d422e9-aca2-483d-b4b7-2f69e47e1765,Avancées de Google dans l'informatique quantique,2019-01-01,2019-01-01,year,LIKELY_CORRECT,probable_mais_a_confirmer,0.5,false,Vérifier si d'autres sources confirment les avancées de Google en informatique quantique en 2019.,,,Q17995793
e308e886-86d7-42a2-a7ab-19ae3348d841,Retrait de l'Allemagne de la SDN,1933-01-01,1933-01-01,year,LIKELY_CORRECT,preuve_externe_faible,0.8,false,Vérifier avec des sources externes pour confirmer l'année exacte.,,,
8eda2895-fd62-4d25-a332-2f6fdae1ce79,Capture de Louis IV d'Outremer par le duc de Normandie,0945-01-01,0945-01-01,year,CONFIRMED,confirme,0.9,false,Confirmer la date de 945.,https://fr.wikipedia.org/wiki/Louis_IV_d%27Outremer,,Q193658
fc051d4b-6b2e-44cc-9b2a-1574f6aaa094,Expansion de Teotihuacan,0500-01-01,,,INSUFFICIENT_EVIDENCE,absence_de_singularite,0,true,Reject due to the event describing a period and the lack of external sources to confirm a specific year.,,,
846aabb1-2b6b-427b-8119-99061c45b01c,Première traversée en avion Paris–Dakar,1923-01-01,,,INSUFFICIENT_EVIDENCE,annee_exacte_introuvable,0,true,Fournir des sources externes fiables pour confirmer l'année de la première traversée aérienne Paris-Dakar.,,,
8756c539-44c9-42a0-a74c-0a9b16c997dd,Crise de 1857 (crise financière mondiale),1857-01-01,1857-01-01,year,CONFIRMED,confirme,0.9,false,Confirmer la date de 1857.,https://fr.wikipedia.org/wiki/1857,,Q7680
b7d19f0c-b55b-4383-b15e-78de2aaf27ce,Fondation de l'Académie de médecine de Lyon,1630-01-01,1630-01-01,year,CONFIRMED,confirme,1,false,Confirmer la date de 1630.,1630 en santé et médecine,,Q65154886
9b6fefef-6095-49de-8b21-9a4792f23c77,Début de la construction du Panthéon,0118-01-01,,,INSUFFICIENT_EVIDENCE,annee_exacte_introuvable,0,true,Provide sources that confirm the start of the Pantheon construction in Rome in 118 AD.,,,Q188856
2bd254c7-a7b8-41f8-9d8a-067fb4241f75,Première femme élue au Parlement finlandais,1907-01-01,1907-01-01,year,LIKELY_CORRECT,preuve_externe_faible,0.8,false,Vérifier avec des sources plus directes sur l'histoire du parlement finlandais.,,,Q21116426
d584e6c1-ffe3-4195-a9c7-8b40dbf756a9,Insurrection du Rif : envoi de troupes françaises au Maroc,1925-01-01,,,INSUFFICIENT_EVIDENCE,absence_de_singularite,0,true,Reject due to the event spanning multiple years.,,,Q109017902
9421ef72-101a-4036-a156-b0d0fdfa2b3d,Soulèvement des Gépides contre les Huns,0454-01-01,0454-01-01,year,LIKELY_CORRECT,preuve_externe_faible,0.5,false,Ajouter des sources externes fiables pour confirmer l'année du soulèvement des Gépides contre les Huns.,,,
a452b207-62c5-4b23-9e0b-5a2207bffa4f,Loi sur le divorce au Royaume-Uni,1857-01-01,1857-01-01,year,LIKELY_CORRECT,preuve_externe_faible,0.5,false,Fournir des sources externes pour confirmer l'année de l'adoption de la loi sur le divorce au Royaume-Uni.,,,
817aabc4-cb3b-4314-967f-14464ac601ab,Affaire des Placards,1534-10-18,1534-01-01,year,CONFIRMED,confirme,1,false,No change needed.,wikipedia_fr_article,wikipedia_en_article,Q382180
86c4c40b-cdbd-433a-bdd0-c1e2f9bea870,Naufrage du Principessa Mafalda,1927-01-01,1927-01-01,year,LIKELY_CORRECT,preuve_externe_faible,0.5,false,Ajouter des sources externes fiables pour confirmer l'année du naufrage.,,,
0a1f1720-989f-4ced-9262-6c71143dfc7d,Les tempêtes Lothar et Martin frappent la France,1999-01-01,1999-01-01,year,CONFIRMED,confirme,0.9,false,Confirmer la date de 1999.,wikipedia_fr_article,,Q3517845
43c90bbb-d2c3-43a6-bba3-d69c183318b4,Création de la Compagnie des Mousquetaires,1622-01-01,1622-01-01,year,CONFIRMED,confirme,1,false,Aucune action nécessaire.,https://fr.wikipedia.org/wiki/Compagnie_des_Mousquetaires_du_Roi,,Q1564383
589781bf-380d-4326-ad72-fcb3055e964e,Naissance du mouvement poujadiste,1955-01-01,,,INSUFFICIENT_EVIDENCE,absence_de_singularite,0,true,"Rejeter car le titre décrit le début d'un mouvement, ce qui est une période et non un événement ponctuel. Nécessite des sources externes pour confirmer une année exacte de début, si elle existe.",,,
c7e29f54-b3d2-424f-a0cb-976b7c4d57ae,Répression policière de la manifestation algérienne à Paris,1961-01-01,1961-01-01,year,CONFIRMED,confirme,1,false,Aucune modification nécessaire.,,1961 Paris massacre,Q200472
a5f2a003-95fc-439c-a1e7-bb8fee961103,Indian Removal Act (États-Unis),1830-01-01,1830-01-01,year,CONFIRMED,confirme,1,false,Aucune.,wikipedia_fr_article,,Q2810002
f0b41b58-4213-4630-b2ac-e5a33d961659,Scandale de corruption à la FIFA,2015-01-01,2015-01-01,year,CONFIRMED,confirme,0.9,false,No changes needed.,Congrès de la FIFA de 2015,,Q20010194
88f6ff1b-1fc6-4214-bbf5-15b7bf93da47,Réformes de l'Union française,1950-01-01,1950-01-01,year,LIKELY_CORRECT,probable_mais_a_confirmer,0.7,false,Vérifier si des sources plus spécifiques confirment les réformes de l'Union française en 1950.,wikipedia_fr_article,wikipedia_en_article,Q848478
0e410aa9-ae56-436f-aa99-1812c93ea516,Dépression agricole,1870-01-01,,,INSUFFICIENT_EVIDENCE,absence_de_singularite,0,true,Reject the event as it describes a period and not a specific year.,,,Q590952
d02d296b-5696-498a-8667-c1dbeb37911d,Fondation de l'Hôtel-Dieu de Château-Thierry,1400-01-01,1400-01-01,year,LIKELY_CORRECT,probable_mais_a_confirmer,0.8,false,Verify the founding date of the Hôtel-Dieu de Château-Thierry with additional historical sources to increase confidence.,https://fr.wikipedia.org/wiki/H%C3%B4tel-Dieu_de_Ch%C3%A2teau-Thierry,,Q958440
c270dacc-2642-43e6-959f-760e78fdb696,Début de la construction de la basilique Saint-Pierre de Rome,1506-04-18,1506-01-01,year,CONFIRMED,confirme,1,false,Aucune.,Basilique Saint-Pierre,,Q12512
59a9ae68-422c-476b-a203-c8612295e0ae,Publication du Rapport sur le Développement Humain par l'ONU,1999-01-01,,,INSUFFICIENT_EVIDENCE,absence_de_singularite,0,true,"Clarifier si l'on parle du premier rapport ou d'un rapport spécifique. Si c'est le premier, trouver une source qui indique l'année de publication du premier rapport.",https://fr.wikipedia.org/wiki/Rapport_sur_le_d%C3%A9veloppement_humain,,Q1185686
363a66bf-ed24-43ae-ae46-f385f3318ba3,Ouverture du Parlement écossais,1999-01-01,1999-01-01,year,CONFIRMED,confirme,0.9,false,None,Parlement écossais,,Q206171
a7d37e14-4ae4-4ef5-9743-b584484da3cb,Publication De Humani Corporis Fabrica par Vésale,1543-01-01,1543-01-01,year,CONFIRMED,confirme,1,false,No change needed.,https://fr.wikipedia.org/wiki/De_humani_corporis_fabrica,,Q1233009
035111c2-0f8c-4c01-9fd2-4df93674f0fd,Leif Erikson établit une colonie à Vinland,1000-01-01,,,INSUFFICIENT_EVIDENCE,absence_de_singularite,0,true,Reject. The establishment of a colony is not an event that can be pinned down to a single year.,https://fr.wikipedia.org/wiki/Leif_Erikson,,Q42838
0a83fcd7-0699-44a3-827c-544fd825c6c1,Surprise de Meaux,1567-01-01,1567-01-01,year,CONFIRMED,confirme,0.9,false,Confirm the date as 1567.,wikipedia_fr_article,wikipedia_en_article,Q2035345
43d83bb6-9a5f-420d-90e2-89179813ca20,Apogée de la construction de l'Alhambra de Grenade,1350-01-01,,,INSUFFICIENT_EVIDENCE,absence_de_singularite,0,true,Reject due to the event describing a period rather than a specific year.,Alhambra (Grenade),,Q47476
08220bd9-a993-4803-9c93-efa6907d43dc,Règne de Louis VI le Gros,1108-01-01,,,INSUFFICIENT_EVIDENCE,absence_de_singularite,0,true,"Reject the event as it describes a period, not a specific year.",Louis VI le Gros,,Q165883
7626cbb2-8647-4258-b2e0-f65f8ff4bda5,Ouverture du Shanghai World Financial Center,2008-01-01,2008-01-01,year,CONFIRMED,confirme,1,false,No change needed.,Shanghai World Financial Center,,Q80852
acf8f7b1-d773-4a13-be54-b3cb478d562b,Mutineries du Chemin des Dames,1917-01-01,1917-01-01,year,CONFIRMED,confirme,0.9,false,Confirm the date as 1917.,wikipedia_fr_article,wikipedia_en_article,Q1694094
1e2a5557-a04d-4e30-982c-be4fbba5aedf,Mise en service du réacteur nucléaire français,1948-01-01,,,INSUFFICIENT_EVIDENCE,annee_exacte_introuvable,0,true,Rechercher des sources externes fiables mentionnant explicitement l'année de mise en service du réacteur nucléaire français ZOÉ.,,,Q1931616
55249e5e-a58a-405d-981a-7f53c7abe3d0,Mort de Jeanne d'Évreux,1371-01-01,1371-01-01,year,CONFIRMED,confirme,1,false,No change needed.,wikipedia_fr_article,wikipedia_en_article,Q231783
b55cb5f3-17f6-4751-86c8-70adc987248a,Construction du palais d'Été en Chine,1707-01-01,,,INSUFFICIENT_EVIDENCE,absence_de_singularite,0,true,Reject the event as it describes a construction period rather than a single-year event.,Ancien Palais d'Été,,Q907894
81c37130-531f-4230-b819-2d17868851be,Libération de Paris,1944-08-25,1944-01-01,year,CONFIRMED,confirme,0.9,false,Confirmer la date de 1944.,wikipedia_fr_article,wikipedia_en_article,Q696835
7906fa5c-3361-4fd8-abd7-40c127e9933b,Le 'miracle du soleil' à Fatima,1917-01-01,1917-01-01,year,CONFIRMED,confirme,1,false,No change needed.,Fátima,,Q191133
0c8e4252-295f-4682-8b1f-02821114912f,Naufrage du MS Estonia,1994-01-01,1994-01-01,year,CONFIRMED,confirme,1,false,No changes needed.,Estonia (ferry),,Q828458
e35f98d5-219d-4e84-8c95-b085373694fc,Adoption du premier Naturalization Act aux États-Unis,1790-01-01,1790-01-01,year,LIKELY_CORRECT,probable_mais_a_confirmer,0,false,Ajouter une source externe fiable confirmant l'année 1790.,,,Q6457896
3b4fe968-3d7e-4870-aa27-8de05b56e270,Marie et Pierre Curie isolent le radium,1898-01-01,1898-01-01,year,LIKELY_CORRECT,probable_mais_a_confirmer,0.8,false,No change needed.,,,Q37463
d509b2dc-fc6b-4f45-8b92-dc8ec3193206,Création de l'ANPE,1967-01-01,,,INSUFFICIENT_EVIDENCE,retrieval_insuffisant,0,true,Fournir des sources externes fiables pour confirmer l'année de création de l'ANPE.,,,
fecf09c7-5004-441f-bf31-86cf6b07414f,Condemnation of Bellicism by Martin of Tours,0385-01-01,0385-01-01,year,LIKELY_CORRECT,preuve_externe_faible,0,false,Provide external sources to validate the year 385.,,,
0be3d0ca-9427-4280-9747-2a1ebaeeece0,Bataille de Denain (Villars),1712-01-01,1712-01-01,year,CONFIRMED,confirme,0.9,false,Confirmer la date de 1712 pour la bataille de Denain.,wikipedia_fr_article,wikipedia_en_article,Q41320
886d4d94-ce30-42aa-ba57-67bf162c09af,Création de l'Internationale des résistant(e)s à la guerre,1921-01-01,,,INSUFFICIENT_EVIDENCE,retrieval_insuffisant,0,true,Fournir des sources externes pour confirmer l'année de création.,,,
c8c10d0b-8b18-43b8-8dda-ef7e80e662e3,Décès de William Shakespeare,1616-01-01,1616-01-01,year,DISPUTED_DATE,date_disputee,0.9,false,Vérifier les sources primaires pour déterminer la date exacte du décès.,William Shakespeare,,Q692
e54375d3-71cc-4124-8fe4-e437654c865f,Règne de Charles V le Sage,1364-01-01,1364-01-01,year,LIKELY_CORRECT,probable_mais_a_confirmer,0.9,true,Confirmer l'année de début du règne de Charles V le Sage.,wikipedia_fr_article,wikipedia_en_article,Q167782
ee3d96ea-6d1c-44a8-ab33-5e3117adb153,Présentation du Phonautographe de Scott,1857-01-01,1857-01-01,year,CONFIRMED,confirme,0.9,false,None,Phonautographe,,Q959646
c7377b18-39df-407b-be0e-6dddff62a81d,Découverte d'Uranus par William Herschel,1781-03-13,1781-01-01,year,LIKELY_CORRECT,probable_mais_a_confirmer,0.8,false,Rechercher des sources confirmant la date de la découverte d'Uranus.,,,Q14277
f98dc4ca-cd64-4d25-bfb8-2c8deaba804e,Prise de Brisach,1638-01-01,1638-01-01,year,LIKELY_CORRECT,preuve_externe_faible,0,false,Rechercher des sources externes qui confirment l'année exacte de la prise de Brisach.,wikipedia_fr_article,,Q2925635
0c623c34-34d8-4dcb-9101-a5ad800410f3,"Alice Guy Blaché, première femme réalisatrice",1896-01-01,1896-01-01,year,CONFIRMED,confirme,0.9,false,No change needed.,wikipedia_fr_article,wikipedia_en_article,Q263367
88403c44-9a65-4f93-b381-c9a423622559,Première réunion des États généraux,1302-03-20,1302-01-01,year,CONFIRMED,confirme,0.9,false,Confirmer la date de 1302.,États généraux de 1302-1303,,Q3591904
762cbd58-0389-4e56-8f44-34534fee7487,Lancement du briquet Bic jetable à flamme réglable,1973-01-01,1973-01-01,year,CONFIRMED,confirme,0.9,false,No changes needed.,1973 en France,,Q2812601
83f16d1c-973b-4972-981c-ae3cf3a60259,Début des jeux irlandais de Tailteann,0632-01-01,0632-01-01,year,LIKELY_CORRECT,preuve_externe_faible,0.5,false,Rechercher des sources externes fiables pour confirmer l'année de début des jeux de Tailteann.,,,
b80f2a7d-b494-4cd2-b6a3-b3fe46ea93ad,Débarquement en Normandie,1944-06-06,1944-01-01,year,CONFIRMED,confirme,1,false,No change needed.,Bataille de Normandie,,Q8641370
41059868-1a66-4257-9b7f-fe2c2fc703b3,Mort d’Aristide Briand,1932-01-01,1932-01-01,year,CONFIRMED,confirme,1,false,No change needed.,https://fr.wikipedia.org/wiki/Aristide_Briand,,Q179888
c66af986-118e-4dcb-a278-769a7e548f87,Bataille du Lechfeld : Otton Ier écrase les Magyars,0955-01-01,0955-01-01,year,LIKELY_CORRECT,preuve_externe_faible,0,false,Ajouter des sources externes fiables pour confirmer l'année de la bataille du Lechfeld.,,,
6abcbd0c-bea4-49cd-8e5c-ec00d2def376,Giordano Bruno brûlé pour hérésie,1600-02-17,1600-01-01,year,CONFIRMED,confirme,1,false,No change needed.,https://fr.wikipedia.org/wiki/Giordano_Bruno,,Q36330
c81b2b9b-73bf-45f2-a0e5-dfecd1018322,Publication du premier livre imprimé sur les échecs,1497-01-01,,,INSUFFICIENT_EVIDENCE,preuve_insuffisante,0,true,Ajouter une source externe fiable mentionnant l'année de publication du livre sur les échecs.,,,Q718
771cccbd-e153-418d-9208-87df176ca224,Apulée écrit L'Âne d'or,0170-01-01,0170-01-01,year,LIKELY_CORRECT,probable_mais_a_confirmer,0.8,false,Vérifier si d'autres sources confirment l'année de publication de L'Âne d'or.,https://fr.wikipedia.org/wiki/Apul%C3%A9e,,Q170512
4f347274-ae8a-4651-9dab-54734ef9709a,Création du Conservatoire de musique,1795-08-03,1795-01-01,year,CONFIRMED,confirme,1,false,No change needed.,Conservatoire national supérieur de musique et de danse de Paris,,Q463055
9050e398-e4b6-4785-8c02-042805f5a1b9,Festival de Woodstock,1969-08-15,1969-01-01,year,CONFIRMED,confirme,0.9,false,Confirmer la date de 1969.,wikipedia_fr_article,wikipedia_en_article,Q164815
ccdff305-8772-4bef-b8d0-d96249766b0d,Accord de Cotonou UE-ACP,2002-01-01,2000-01-01,year,POTENTIAL_DATE_ERROR,divergence_date,1,false,Confirmer la date de signature de l'accord en 2000.,https://fr.wikipedia.org/wiki/Accord_de_Cotonou,,Q832200
526f3bda-02c9-4641-a663-2f7887a3beca,Invention du vaccin contre la rage par Louis Pasteur,1885-01-01,1885-01-01,year,LIKELY_CORRECT,probable_mais_a_confirmer,0.8,false,No changes needed.,wikipedia_fr_article,,Q529
98d6a602-e995-41f9-96ca-5e2bb88f68d2,Indépendance du Nigeria,1960-10-01,1960-01-01,year,CONFIRMED,confirme,1,false,Aucune.,wikipedia_fr_article,,Q47002369
7537fe57-b4da-42a2-8248-acd8873dc2c1,"Début du système de ségrégation Aborigènes (Nouvelle-Galles du Sud, Australie)",1788-01-01,1788-01-01,year,CONFIRMED,confirme,0.9,false,None,Aborigènes d'Australie,,Q12060728
70edf50a-18b3-4d69-8dce-4902696fed1a,Naissance de Anne de Montmorency,1515-08-13,1515-01-01,year,CONFIRMED,confirme,0.9,false,Aucune recommandation nécessaire.,https://fr.wikipedia.org/wiki/Anne_de_Montmorency,,Q397459
4e2bd397-a8dc-4954-a663-c6089e549569,Louis VII le Jeune répudie Aliénor d'Aquitaine,1152-01-01,1152-01-01,year,CONFIRMED,confirme,0.9,false,No change needed.,Aliénor d'Aquitaine,,Q178525
7dd7afcd-c5b4-44de-9266-15c911cd2967,Bataille d'Agridi,1232-01-01,1232-01-01,year,CONFIRMED,confirme,1,false,Confirmer la date de 1232.,https://fr.wikipedia.org/wiki/Bataille_d%27Agridi,,Q2236788
01e1a575-20e1-4b99-8d20-fbf6b7ce3cbb,Première incursion viking en Angleterre (Portland),0789-06-08,0789-01-01,year,LIKELY_CORRECT,preuve_externe_faible,0,false,Ajouter des sources externes pour valider l'année 789.,,,
839e1263-ad6a-4c8e-b129-84a05439c660,Magellan traverse le détroit de Magellan,1520-01-01,1520-01-01,year,CONFIRMED,confirme,1,false,Aucune.,Détroit de Magellan,,Q48365
7ed3535f-5876-4d2d-9810-98aab89a355b,Décès de plus de 1500 personnes lors du naufrage du Titanic,1912-04-15,,,INSUFFICIENT_EVIDENCE,retrieval_insuffisant,0,true,Ajouter des sources externes fiables pour confirmer l'année du naufrage du Titanic.,,,
a1bbaaaa-4153-4d55-ba1b-cc947d94aea1,Abolition de la peine de mort en France,1981-01-01,1981-01-01,year,CONFIRMED,confirme,1,false,No change needed.,wikipedia_fr_article,wikipedia_en_article,Q2361889
53ac5bc1-308c-4c48-b7c8-2260b05a7296,Création de la IVe République,1946-01-01,1946-01-01,year,CONFIRMED,confirme,1,false,No changes needed.,Quatrième République (France),,Q69829
e5d5e7e5-c307-4480-a1c9-c97a31cdc00d,Règne de Louis IX ou saint Louis,1226-01-01,,,INSUFFICIENT_EVIDENCE,absence_de_singularite,0,true,Confirmer la date de début du règne de Louis IX comme 1226.,Louis IX,,Q346
7b32ca39-91d2-44a8-a2b5-4db4e5e59b3e,Mort de Claude Monet,1926-01-01,1926-01-01,year,CONFIRMED,confirme,1,false,Valider la date de décès de Claude Monet comme étant 1926.,wikipedia_fr_article,wikipedia_en_article,Q296
89a21643-07a4-43ae-a263-b6007b9f11d9,Inauguration du Théâtre des Champs-Élysées,1913-01-01,1913-01-01,year,CONFIRMED,confirme,1,false,No further review needed.,wikipedia_fr_article,wikipedia_en_article,Q726531
c5f993de-8bb1-44e2-80bf-41768c083e49,"Publication des Fables de La Fontaine, Livre I",1668-01-01,1668-01-01,year,CONFIRMED,confirme,0.9,false,No change needed.,wikipedia_fr_article,,Q2748292
7034a0c7-bfcc-4098-a411-5350316491b0,Coup d'état en Argentine,1976-03-24,1976-01-01,year,CONFIRMED,confirme,0.9,false,Aucune recommandation nécessaire.,wikipedia_fr_article,,Q1048750
8e8538bd-3e21-4fa1-acaa-cf4bc4d250e4,Bataille de Crécy,1346-10-01,1346-01-01,year,CONFIRMED,confirme,0.9,false,Confirmer la date de 1346 pour la bataille de Crécy.,wikipedia_fr_article,wikipedia_en_article,Q27759
6b4b5e1a-d869-450d-a439-c7af5764958d,Invasion de la Grenade par les États-Unis,1983-10-01,1983-01-01,year,CONFIRMED,confirme,1,false,Aucune modification nécessaire.,https://fr.wikipedia.org/wiki/Invasion_de_la_Grenade,,Q501866
e5cda7b0-2f6c-4c08-8b5b-b69aa64354c0,Début du second siège arabe de Constantinople,0717-01-01,0717-01-01,year,CONFIRMED,confirme,0.9,false,No change needed.,https://fr.wikipedia.org/wiki/Si%C3%A8ge_de_Constantinople_(717-718),,Q27900
f380e865-b738-440d-af54-447c16d4e1e0,Déclaration d'indépendance des États-Unis,1776-07-04,1776-01-01,year,CONFIRMED,confirme,1,false,Aucune modification nécessaire.,https://fr.wikipedia.org/wiki/D%C3%A9claration_d%27ind%C3%A9pendance_des_%C3%89tats-Unis,,Q127912
ed63ce4f-b850-4992-b28b-8f5466297f3a,Inauguration de la ligne de chemin de fer Paris-Saint-Germain,1837-01-01,1837-01-01,year,CONFIRMED,confirme,1,false,No changes needed.,wikipedia_fr_article,wikipedia_en_article,Q3239778
f0d0edb8-f9bd-4405-b1df-689c4fde3337,Commercialisation du Vaporisateur Anti-Ours,1980-01-01,1980-01-01,year,LIKELY_CORRECT,preuve_externe_faible,0.5,false,Ajouter des sources externes fiables pour confirmer l'année de commercialisation du vaporisateur anti-ours.,,,
d9515d7f-7d52-4ce1-9c9f-28847f1a0c8c,Création de l'Université de Oslo,1811-01-01,1811-01-01,year,LIKELY_CORRECT,preuve_externe_faible,0,false,Rechercher des sources externes confirmant la date de création de l'Université d'Oslo.,,,Q17013132
8efbfa5d-4d13-4263-b625-716a84adeed3,Construction des Limes du Rhin et du Danube,0260-01-01,0260-01-01,year,LIKELY_CORRECT,preuve_externe_faible,0.7,false,"Confirmer que la construction des Limes du Rhin et du Danube a bien eu lieu en 260, en utilisant des sources supplémentaires si possible.",,,Q1825439
fe0ff66d-ebcb-4f89-a8f4-0996bcab5265,Concordat de Worms mettant fin à la querelle des Investitures,1122-01-01,1122-01-01,year,CONFIRMED,confirme,1,false,Aucune modification nécessaire.,,,Q213541
de6d28ad-c366-4c02-b8aa-f4b00314c28e,Interdiction du christianisme par l'empereur Sunjo,1801-01-01,1801-01-01,year,LIKELY_CORRECT,preuve_externe_faible,0.8,false,Aucune action nécessaire.,,,
34585c1e-e66d-47c0-be02-ad4f1c779dc2,Acquisition de l'Alsace par la France,1681-01-01,,,INSUFFICIENT_EVIDENCE,annee_exacte_introuvable,0,true,Provide sources that directly confirm the year of the acquisition of Alsace by France.,,,Q155144
66945337-0c64-4c0e-9619-a6f8fe1ec1e0,Révolution égyptienne,1952-10-01,1952-01-01,year,CONFIRMED,confirme,1,false,Confirmer la date de 1952.,https://fr.wikipedia.org/wiki/R%C3%A9volution_%C3%A9gyptienne,,Q2490557
d330fc2e-1e7e-4468-b352-b1623d260203,Développement du vélo de sécurité,1885-01-01,,,INSUFFICIENT_EVIDENCE,absence_de_singularite,0,true,"Rechercher des sources spécifiques sur l'invention ou le développement du vélo de sécurité et identifier une année précise si possible. Sinon, reformuler le titre pour qu'il soit plus précis ou reflète une période.",,,Q11442
22cbca35-05f3-41a5-828e-ee0534526d33,Attaques huns en Thrace,0395-01-01,0395-01-01,year,LIKELY_CORRECT,preuve_externe_faible,0.8,false,Rechercher des sources externes pour confirmer l'année 395.,,,
180afa5a-3069-4ea8-9841-2e1f72ca0fbb,Première utilisation de l'anesthésie à l'éther,1846-01-01,1846-01-01,year,LIKELY_CORRECT,preuve_externe_faible,0.8,false,Rechercher des sources externes qui confirment l'année 1846 pour la première utilisation de l'anesthésie à l'éther.,,,Q131130
653db4b6-5e81-41b3-98da-0ae637873bd9,Découverte de l'auxine par Frits Went,1926-01-01,,,INSUFFICIENT_EVIDENCE,retrieval_insuffisant,0,true,Fournir des sources externes pour valider l'année de la découverte.,,,
fc971360-d299-432f-85e4-6c97e760d1ab,Création de l'Hôpital des Quinze-Vingts,1254-01-01,1254-01-01,year,CONFIRMED,confirme,0.9,false,None,https://fr.wikipedia.org/wiki/H%C3%B4pital_des_Quinze-Vingts,,Q1460618
03e73a9c-1b88-44f3-b8fb-8eeca9162bd5,Publication du premier brouillon du génome humain,2000-01-01,2000-01-01,year,LIKELY_CORRECT,preuve_externe_faible,0.5,false,Ajouter des sources externes fiables pour confirmer l'année de publication du premier brouillon du génome humain.,,,
eb351308-8784-43a5-91c8-2931ec44d078,Assassinat d'Henri IV,1610-05-14,1610-01-01,year,CONFIRMED,confirme,0.9,false,Confirmer la date de 1610.,https://fr.wikipedia.org/wiki/Assassinat_d%27Henri_IV,,Q60832021
acdbcafa-b9ae-4171-8c18-d55a09474c10,Première greffe de peau (Reverdin),1869-01-01,,,INSUFFICIENT_EVIDENCE,retrieval_insuffisant,0,true,Fournir des sources externes pour valider l'année de la première greffe de peau par Reverdin.,,,
1e50e77a-a26a-451e-ba49-36797bc20708,Découverte de la cité de Troie par Heinrich Schliemann,1871-01-01,1871-01-01,year,LIKELY_CORRECT,probable_mais_a_confirmer,0.8,false,None,https://fr.wikipedia.org/wiki/Heinrich_Schliemann,,Q57106
abe12f2d-9dd9-4308-b8d3-c023ada50cbe,Arrivée des Wisigoths en Aquitaine,0418-01-01,0418-01-01,year,LIKELY_CORRECT,preuve_externe_faible,0.7,false,Vérifier avec d'autres sources si possible.,Wisigoths,,Q23693
d7d1f5f5-9528-4701-a528-f852f256133b,Début du règne de la reine Victoria,1837-10-01,1837-01-01,year,LIKELY_CORRECT,probable_mais_a_confirmer,0.8,false,Confirmer la date de 1837 comme début du règne de la reine Victoria.,https://fr.wikipedia.org/wiki/La_Reine_Victoria,,Q3285366
e30837b4-7f40-43ad-8904-0a13e34d03b6,Construction du Detroit Book Tower,1926-01-01,1926-01-01,year,CONFIRMED,confirme,0.9,false,No changes needed.,wikipedia_fr_article,wikipedia_en_article,Q4942959
6341b570-5338-419e-8e7c-95b879004356,Loi Gayssot sur le négationnisme,1990-01-01,1990-01-01,year,CONFIRMED,confirme,0.9,false,Confirmer la date de 1990.,https://fr.wikipedia.org/wiki/Loi_Gayssot,,Q428276
274e8fd1-f3a8-4457-acd0-a31bc5d1999b,Développement de l'anatomie à Salerne,1190-01-01,,,INSUFFICIENT_EVIDENCE,absence_de_singularite,0,true,Rejeter car il s'agit d'une période et non d'une année précise.,,,Q2564784
bbca95d6-efbf-4479-ae1a-4557daa0d94b,Réforme des retraites : Relèvement de l'âge légal de départ à la retraite,2010-01-01,2010-01-01,year,CONFIRMED,confirme,1,false,None,https://fr.wikipedia.org/wiki/R%C3%A9forme_des_retraites_en_France_en_2010,,Q3454781
f7e237d8-b0ae-479e-bd0a-fb1e4745e06e,Crise pétrolière de 1973,1973-10-17,1973-01-01,year,CONFIRMED,confirme,0.9,false,No change needed.,https://fr.wikipedia.org/wiki/1973,,Q2477
82fb01c8-a811-402a-9537-fba38060120e,Construction du Château de Fontainebleau,1528-01-01,1528-01-01,year,LIKELY_CORRECT,probable_mais_a_confirmer,0.8,false,Vérifier si d'autres sources confirment le début de la construction en 1528.,wikipedia_fr_article,wikipedia_en_article,Q201428
40cc94d3-3ab1-409a-b607-4beeabba2232,Anesthésie au protoxyde d'azote (Wells),1844-01-01,,,INSUFFICIENT_EVIDENCE,annee_exacte_introuvable,0,true,Rechercher des sources supplémentaires qui confirment l'année exacte de la première anesthésie au protoxyde d'azote par Horace Wells.,Protoxyde d'azote,,Q905750
57c04772-dff6-4671-8d94-fee6cf67a0ff,Publication des 'Mémoires de d'Artagnan',1700-01-01,1700-01-01,year,CONFIRMED,confirme,0.9,false,Confirmer la date de publication des 'Mémoires de d'Artagnan' comme étant 1700.,https://fr.wikipedia.org/wiki/D%27Artagnan,https://en.wikipedia.org/wiki/The_d%27Artagnan_Romances,Q744183
31dd51a4-4f0a-484e-a52a-49156faa2630,Crise du SME (Système Monétaire Européen) en France et au Royaume-Uni,1992-01-01,1992-01-01,year,CONFIRMED,confirme,0.9,false,Confirmer la date de 1992.,https://fr.wikipedia.org/wiki/Crise_du_syst%C3%A8me_mon%C3%A9taire_europ%C3%A9en_de_1992,,Q400500
d03934fa-8c1a-4e20-8159-1e128880d7b8,Abolition des privilèges,1789-01-01,1789-01-01,year,CONFIRMED,confirme,0.9,false,Aucune.,,Abolition of feudalism in France,Q2622002
bcef7286-8af8-4de4-861b-93524a58ed9c,Bataille d'Antietam pendant la Guerre de Sécession américaine,1862-01-01,1862-01-01,year,CONFIRMED,confirme,1,false,Confirmer la date de 1862.,https://fr.wikipedia.org/wiki/Bataille_d%27Antietam,,Q719252
b64946d5-4cad-4cc7-8b26-c3ef12457a43,Création de la Direction générale des impôts,1948-01-01,1948-01-01,year,CONFIRMED,confirme,0.9,false,No change needed.,https://fr.wikipedia.org/wiki/Direction_g%C3%A9n%C3%A9rale_des_Imp%C3%B4ts,,Q3029564
14880bab-ba33-4efc-80e7-1b8262d3fbbe,Création de l'ordre des Templiers,1119-01-01,,,INSUFFICIENT_EVIDENCE,annee_exacte_introuvable,0,true,Rechercher des sources externes fiables qui confirment l'année exacte de la création de l'ordre des Templiers.,,,Q3251662
1ea2a707-a1df-439f-8b09-f24a90ba9f9f,Découverte de l'okapi au Congo,1901-01-01,1901-01-01,year,CONFIRMED,confirme,1,false,Aucune modification nécessaire.,Okapi,,Q82037
edbc02ea-d152-49e9-a9d3-248e3d490f9d,Mort de Greta Garbo – retentissement en France,1990-01-01,1990-01-01,year,LIKELY_CORRECT,preuve_externe_faible,0.5,false,Vérifier avec des sources externes pour confirmer la date de la mort de Greta Garbo.,,,
61056fee-76f4-444c-b145-ba2284fce55a,Passage du SMIG au SMIC,1970-01-01,1970-01-01,year,LIKELY_CORRECT,preuve_externe_faible,0.8,false,Ajouter des sources externes pour confirmer l'année.,,,
036f7dd8-9ff2-4360-93ad-d02dc6c36c0f,Fondation de l'Université de Karachi,1947-01-01,1947-01-01,year,LIKELY_CORRECT,probable_mais_a_confirmer,0.8,false,Vérifier si d'autres sources confirment l'année de fondation de l'université.,,,Q8660
7c8f5ff6-2497-4814-a46f-a398af448415,Traité de Londres - Alliance entre Louis XI et Édouard IV,1474-01-01,,,INSUFFICIENT_EVIDENCE,preuve_insuffisante,0,true,Rechercher des sources confirmant l'année 1474 pour ce traité spécifique.,,,Q224304
874c3c37-75d0-41fc-82ae-f30a5d083e41,Grande peste de 664 en Angleterre,0664-01-01,0664-01-01,year,LIKELY_CORRECT,preuve_externe_faible,0.5,false,Ajouter des sources externes fiables confirmant l'année 664 pour la Grande peste en Angleterre.,,,
bd59d241-d6cd-4036-97c9-52f489005b50,Traité de Vienne et reconnaissance de la Pragmatique Sanction,1731-01-01,,,INSUFFICIENT_EVIDENCE,annee_exacte_introuvable,0,true,Rechercher des sources confirmant l'année 1731 pour le Traité de Vienne et la reconnaissance de la Pragmatique Sanction.,,,Q313102
0d3363f4-2aea-4e40-bf82-21e5c25c393f,Naissance de la NBA (Basketball),1949-01-01,1949-01-01,year,CONFIRMED,confirme,0.9,false,Aucune modification nécessaire.,wikipedia_fr_article,wikipedia_en_article,Q155223
d94abf60-6d6c-4ab6-bf63-7d96260d5fb9,Invention du Purificateur d'air personnel,1930-01-01,1930-01-01,year,LIKELY_CORRECT,preuve_externe_faible,0.5,false,Ajouter des sources externes fiables pour valider l'année de l'invention.,,,
b8974aef-1c63-4f53-b40d-fc58e57ee02a,Fondation des Casques bleus de l'ONU,1948-01-01,1948-01-01,year,LIKELY_CORRECT,probable_mais_a_confirmer,0.7,false,No change needed.,,,Q2340041
d0820f93-e3fc-4233-8f16-c029aed32f88,Arrestation d'Anne Frank,1944-01-01,1944-01-01,year,LIKELY_CORRECT,probable_mais_a_confirmer,0.7,false,Chercher des sources externes qui confirment l'année de l'arrestation d'Anne Frank.,https://fr.wikipedia.org/wiki/Anne_Frank,,Q4583
37fa9a1e-e4ff-404c-98af-964ad92c4434,Jacques de Lalaing remporte le Pas d'Armes,1449-01-01,1449-01-01,year,LIKELY_CORRECT,preuve_externe_faible,0.5,false,Fournir des sources externes pour confirmer l'année 1449.,,,
f599e521-dfab-4da3-8f7e-d88011232044,Dissolution de l'empire Hun,0469-01-01,,,INSUFFICIENT_EVIDENCE,absence_de_singularite,0,true,"Reject. The event describes a process, not a singular event. More precise information is needed to identify a specific year.",,,Q608613
97c63d94-fbd1-418d-a483-ddd2307d6893,Création des premiers zoos royaux à Versailles,1664-01-01,1663-01-01,year,POTENTIAL_DATE_ERROR,divergence_date,0.8,false,Confirmer 1663 comme année de création basée sur les sources externes.,Ménagerie royale de Versailles,,Q3333182
1f9ffff7-4ef5-494e-a3ac-26583198a797,Guerre d'Ossétie du Sud,2008-01-01,2008-01-01,year,CONFIRMED,confirme,1,false,Aucune.,https://fr.wikipedia.org/wiki/Guerre_d%27Oss%C3%A9tie_du_Sud,,Q400917
17a761b8-35f1-4802-b64f-67f7ce8638b5,Le scandale Teapot Dome,1922-01-01,1922-01-01,year,LIKELY_CORRECT,probable_mais_a_confirmer,0.8,false,None,https://fr.wikipedia.org/wiki/Station-service_Teapot_Dome,,Q3516734
6b3b1bde-3947-4e12-a0f4-56d42041f4ad,Retour définitif de la papauté à Rome,1377-01-01,,,INSUFFICIENT_EVIDENCE,retrieval_insuffisant,0,true,Rechercher des sources externes confirmant l'année 1377 pour le retour définitif de la papauté à Rome.,,,Q642497
f01d1b1f-0265-4892-828a-e983895fe3b0,Recréation de la compagnie des Mousquetaires,1657-01-01,,,INSUFFICIENT_EVIDENCE,annee_exacte_introuvable,0,true,Seek additional sources to confirm the year of the recreation of the Mousquetaires.,https://fr.wikipedia.org/wiki/Compagnie_des_Mousquetaires_du_Roi,,Q1564383
ac1031e6-1c7c-4dc8-9206-55b7dbd97da4,Bataille de Mortemer,1054-01-01,1054-01-01,year,CONFIRMED,confirme,0.9,false,Confirmer la date de 1054 pour la bataille de Mortemer.,wikipedia_fr_article,wikipedia_en_article,Q68371
223c1502-41b3-4d4e-a63a-304bcaf8e66b,Bataille de Ninive (Héraclius),0627-01-01,0627-01-01,year,CONFIRMED,confirme,1,false,Confirmer la date de 627 pour la bataille de Ninive.,wikipedia_fr_article,,Q755966
39e2c7e3-1205-41e4-998b-e58c4e36a90e,"Théorie générale de l'emploi, de l'intérêt et de la monnaie",1936-01-01,1936-01-01,year,CONFIRMED,confirme,1,false,Confirmer la date de publication.,"https://fr.wikipedia.org/wiki/Th%C3%A9orie_g%C3%A9n%C3%A9rale_de_l%27emploi,_de_l%27int%C3%A9r%C3%AAt_et_de_la_monnaie",,Q1047156
10562470-f701-440c-a24b-583c2320b082,Domestication du faucon pour la chasse,1200-01-01,,,INSUFFICIENT_EVIDENCE,absence_de_singularite,0,true,"Reject due to the event describing a process over time, not a singular event in a specific year.",,,Q11395
d59534c5-8670-449a-b4a4-678425c0649e,Chaîne d'assemblage mobile de Ford,1913-01-01,1913-01-01,year,LIKELY_CORRECT,preuve_externe_faible,0,false,Ajouter une source externe qui confirme l'année 1913 pour l'introduction de la chaîne d'assemblage mobile de Ford.,,,Q3538146
db570fc1-7bd5-48dc-b4c9-8902f37c661f,Déclaration d'indépendance de l'Aquitaine par Loup Ier,0671-01-01,0671-01-01,year,LIKELY_CORRECT,preuve_externe_faible,0.5,false,Fournir des sources externes pour confirmer l'année de la déclaration d'indépendance.,,,
bdbf4ddb-5dd6-443d-a546-46f0624e99f4,Ouverture du premier hôpital militaire byzantin,0325-01-01,,,INSUFFICIENT_EVIDENCE,annee_exacte_introuvable,0,true,Rechercher des sources confirmant l'année exacte de l'ouverture de cet hôpital.,,,Q1018751
505b65ea-1197-408f-87d4-a04054a12501,Campagne nataliste pour des familles nombreuses,1950-01-01,,,INSUFFICIENT_EVIDENCE,absence_de_singularite,0,true,Rejeter car il s'agit d'une campagne sur une période et non d'un événement ponctuel. Nécessite des sources pour identifier une année précise de lancement ou un événement marquant de cette campagne.,,,
6579931a-bcec-4abf-ac8d-bb76ae64fe5d,Le Président cohabite avec un Premier ministre de l'opposition,1986-01-01,1986-01-01,year,LIKELY_CORRECT,preuve_externe_faible,0.8,false,Ajouter une source externe confirmant l'année 1986 pour la première cohabitation en France.,,,
ff18aed8-9c8c-483d-98e8-6544403bf0d1,Création de l’ONF,1964-01-01,1964-01-01,year,LIKELY_CORRECT,preuve_externe_faible,0.5,false,Ajouter une source externe fiable confirmant la date de création de l'ONF en 1964.,,,
f532634d-c543-465d-90da-e2ede26723cc,Règne de Charles le Chauve,0840-01-01,,,INSUFFICIENT_EVIDENCE,absence_de_singularite,0,true,"Reject due to the event describing a reign, which spans multiple years.",Charles II le Chauve,,Q71231
8478ee43-5bc0-455b-a4ee-f76aa6c90226,Affaire Carignon : Un scandale politico-financier éclabousse le maire de Grenoble,1994-01-01,,,INSUFFICIENT_EVIDENCE,retrieval_insuffisant,0,true,"Rechercher des sources externes fiables (articles de presse, documents officiels, etc.) qui confirment que l'affaire Carignon a éclaté en 1994. Si plusieurs sources concordent sur cette date, le statut peut être mis à jour à LIKELY_CORRECT…",,,
c5c74c42-476d-4fa0-93c6-425890817e4f,Siège du château de Gaillard par Philippe Auguste,1203-01-01,1203-01-01,year,CONFIRMED,confirme,0.9,false,No change needed.,https://fr.wikipedia.org/wiki/Si%C3%A8ge_de_Ch%C3%A2teau-Gaillard,,Q7509935
41361760-bbb2-4901-a751-59f6c78ae3b5,Frank Lloyd Wright achève la Maison sur cascade,1937-01-01,1936-01-01,year,POTENTIAL_DATE_ERROR,divergence_date,0.6,false,Vérifier si 1936 est bien l'année d'achèvement et non de début de construction.,Maison sur la cascade,,Q463179
55b9f601-9c76-4f77-b83c-84425d7c9280,Réforme du système de taxation au Japon,0701-01-01,0701-01-01,year,LIKELY_CORRECT,preuve_externe_faible,0.5,false,Ajouter des sources externes fiables pour confirmer l'année 701.,,,
21161a94-f210-4e02-a570-1600949cdf06,Découverte de la Grande Tache Rouge,1665-01-01,1665-01-01,year,LIKELY_CORRECT,probable_mais_a_confirmer,0.7,false,Confirmer l'année 1665 comme date de la découverte initiale de la tache.,Grande Tache rouge,,Q194256
84f2c328-a34d-4bb8-8532-f28ea0c82f8b,Humboldt explore l'Amérique du Sud,1799-01-01,1799-01-01,year,CONFIRMED,confirme,0.9,false,Aucune.,,Alexander von Humboldt,Q6694
239ea06f-83ad-4b7e-99fd-1aec3c3b034e,Panama Papers,2016-01-01,2016-01-01,year,CONFIRMED,confirme,0.9,false,Confirm the date as 2016.,wikipedia_fr_article,wikipedia_en_article,Q23702848
18fe6bfc-fff5-48f3-9acd-21407cd874a8,Redécouverte du Codex Argenteus,1648-01-01,1648-01-01,year,LIKELY_CORRECT,preuve_externe_faible,0.5,false,Ajouter des sources externes fiables confirmant la date de redécouverte du Codex Argenteus en 1648.,,,
21c42b91-d47d-4591-aa1d-9cd71d85faaa,Bataille de Poitiers (Charles Martel contre les Omeyyades),0732-10-25,0732-01-01,year,LIKELY_CORRECT,probable_mais_a_confirmer,0.8,false,Confirmer la date de 732 comme année de la bataille de Poitiers.,,,Q3301
94cf67be-2222-4998-9f14-6dfeff52b136,Création du Rassemblement pour la démocratie française – UDF,1978-01-01,1978-01-01,year,CONFIRMED,confirme,0.9,false,Confirmer la date de création de l'UDF comme étant 1978.,Groupe Union pour la démocratie française,,Q21009145
75a918f7-9f59-4a7d-a6db-95f79bae1afa,Mariage pour tous – début du débat,2012-01-01,2012-01-01,year,LIKELY_CORRECT,probable_mais_a_confirmer,0.8,false,No change needed.,La Manif pour tous,,Q13406421
cef73605-7b92-4035-8b8b-6963f613c94b,Exécution de Louis XVI,1793-01-21,1793-01-01,year,CONFIRMED,confirme,0.9,false,Aucune modification nécessaire.,wikipedia_fr_article,wikipedia_en_article,Q3062714
e893799b-0d58-4868-a278-2f6999405d5b,Invention du rouet à pédale en Europe,1530-01-01,,,INSUFFICIENT_EVIDENCE,retrieval_insuffisant,0,true,Fournir des sources externes pour confirmer l'année de l'invention.,,,
ca84373d-76ba-463d-b3ff-7ac3ecc29f56,Le référendum français rejette le projet de Constitution européenne,2005-01-01,2005-01-01,year,CONFIRMED,confirme,0.9,false,Aucune action nécessaire.,,,Q43109
0af79a00-26a0-44e7-8d75-bd24b0853e6d,Philippe Auguste ordonne la construction du Louvre,1190-01-01,1190-01-01,year,CONFIRMED,confirme,0.9,false,No change needed.,Palais du Louvre,,Q1075988
6732b3a2-7b4c-4e7d-a426-8328a5656c29,Mort du Cardinal Mazarin,1661-03-09,1661-01-01,year,CONFIRMED,confirme,1,false,Confirmer la date de 1661.,Jules Mazarin,Cardinal Mazarin,Q166056
0ae9bdbc-8a58-4f71-b2c3-4d55c96cc7d7,Al-Idrisi publie la Tabula Rogeriana,1154-01-01,1154-01-01,year,LIKELY_CORRECT,preuve_externe_faible,0.5,false,Fournir des sources externes confirmant la date de publication de la Tabula Rogeriana.,,,
cecc10de-97c2-41b9-94f5-1ac7cba7453b,Huygens identifie les anneaux de Saturne,1655-03-25,1655-01-01,year,LIKELY_CORRECT,preuve_externe_faible,0.8,false,Aucune modification nécessaire.,,,Q165585
8fc01307-f244-43df-b1b2-e23a7620fd04,Bataille de la rivière Bolia,0469-01-01,0469-01-01,year,LIKELY_CORRECT,preuve_externe_faible,0,false,Ajouter des sources externes fiables confirmant l'année 469 pour la bataille de la rivière Bolia.,,,Q34910
5894a0b9-a653-44e6-b14a-3b5ab0fc1291,Nicolas Fouquet devient surintendant des Finances,1653-01-01,1653-01-01,year,CONFIRMED,confirme,1,false,No change needed.,https://fr.wikipedia.org/wiki/Nicolas_Fouquet,,Q312794
f5f6f365-756d-41fa-bc55-ef81b54ab0b1,Marée noire de l'Amoco Cadiz,1978-01-01,1978-01-01,year,CONFIRMED,confirme,1,false,Aucune.,Amoco Cadiz,,Q473794
b31129ba-4a31-452b-8716-7a1dcd6146c8,Inauguration de la Statue de la Liberté,1886-01-01,1886-01-01,year,CONFIRMED,confirme,0.9,false,Confirm the date as 1886.,wikipedia_fr_article,wikipedia_en_article,Q9202
56afb559-9290-447b-9692-0e9cc5f43933,Le 'Miracle de Berne': La RFA bat la Hongrie,1954-01-01,1954-01-01,year,CONFIRMED,confirme,0.9,false,None,,,Q690331
73fcd6ba-7af8-4f8a-81d6-c9daa868adab,L’impératrice chinoise Wu Zetian proclame la dynastie Zhou,0690-01-01,0690-01-01,year,CONFIRMED,confirme,0.9,false,Vérifier avec des sources supplémentaires l'année exacte de la proclamation de la dynastie Zhou par Wu Zetian.,,,Q35216
4e71f3d8-98bb-402a-9770-546bd57a5270,Diffusion du Shatranj en Europe via l'Espagne musulmane,1000-01-01,,,INSUFFICIENT_EVIDENCE,absence_de_singularite,0,true,Rejeter car l'événement décrit une période et non une année unique.,,,
ee43752d-df71-46a5-a1bb-3b3bb3941c0a,Appel du 18 juin du Général de Gaulle,1940-06-18,1940-01-01,year,CONFIRMED,confirme,0.9,false,No change needed.,wikipedia_fr_article,,Q2078515
583a3039-a703-4e0c-9637-332f19ac008e,Prix Goncourt 1905 : Claude Farrère,1905-01-01,1905-01-01,year,CONFIRMED,confirme,1,false,No change needed.,wikipedia_fr_article,wikipedia_en_article,Q2341186
052bdd79-c760-408f-a677-97608b15ba43,Olympe de Gouges publie une déclaration,1791-01-01,1791-01-01,year,CONFIRMED,confirme,0.9,false,No change needed.,https://fr.wikipedia.org/wiki/Olympe_de_Gouges,,Q206972
dacfd90c-49d4-40c2-b355-aa4add2d280a,Droit de vote des femmes en France,1944-01-01,1944-01-01,year,CONFIRMED,confirme,0.9,false,Aucune modification nécessaire.,Droit de vote des femmes,,Q205204
6096ae70-17bf-4064-a557-85cc81be5b9b,Publication de la Bible de Gutenberg,1455-02-23,1455-01-01,year,LIKELY_CORRECT,probable_mais_a_confirmer,0.8,false,No change needed.,wikipedia_fr_article,wikipedia_en_article,Q158075
37e8c253-84b6-446e-8d6f-be17aa6c0f85,Fondation par Idris Ier de la dynastie Idriside au Maroc,0788-01-01,0788-01-01,year,CONFIRMED,confirme,0.9,false,Confirmer la date de 788 comme année de fondation de la dynastie Idriside.,Idris Ier,,Q438601
25d92020-a4fe-48cd-a7b1-7b232ceb6ac0,Bataille de Bassorah (Irak),2008-01-01,2008-01-01,year,CONFIRMED,confirme,1,false,No change needed.,https://fr.wikipedia.org/wiki/Bataille_de_Bassorah_(2008),,Q2888122
ecff34ff-98d6-4819-955e-c081f4976e8d,Lancement de la première chaîne de télévision cryptée française,1984-01-01,1984-01-01,year,LIKELY_CORRECT,preuve_externe_faible,0.5,false,Ajouter une source externe fiable confirmant l'année de lancement de Canal+.,,,
db236e0c-3372-4f4a-954e-fdff81ecab7b,Plan Dawes adopté,1924-01-01,1924-01-01,year,CONFIRMED,confirme,0.9,false,None,Plan Young,,Q165119
10c8920a-d600-4b0a-b7ff-cb21082faebb,Marguerite Yourcenar admise à l'Académie française,1980-01-01,1980-01-01,year,LIKELY_CORRECT,preuve_externe_faible,0.5,false,Ajouter des sources externes fiables pour confirmer l'année de l'admission.,,,
6097ea19-b253-405f-9e94-56bd69aae0cf,Bataille du Mont Badon (Roi Arthur),0500-01-01,0500-01-01,year,DISPUTED_DATE,date_disputee,0.7,false,Considérer la date comme disputée en raison des sources contradictoires.,https://fr.wikipedia.org/wiki/Bataille_du_mont_Badon,,Q595320
7e13d8a0-3a63-4e67-807a-2102ae2598ea,Conférence de Copenhague sur le climat (COP15),2009-01-01,2009-01-01,year,CONFIRMED,confirme,0.9,false,No change needed.,https://fr.wikipedia.org/wiki/Conf%C3%A9rence_de_Copenhague_de_2009_sur_les_changements_climatiques,,Q244444
7ee9db9a-b0f0-4bea-a11e-6cf4cd56c9c0,Inauguration de la Bibliothèque nationale de France,1996-01-01,1996-01-01,year,LIKELY_CORRECT,probable_mais_a_confirmer,0.7,false,Confirmer l'année 1996 comme date d'inauguration du site François-Mitterrand de la Bibliothèque nationale de France.,wikipedia_fr_article,wikipedia_en_article,Q193563
257ab8e1-8466-4b3e-b58e-ed97af8a295f,Bataille de Manzikert : défaite byzantine face aux Seldjoukides,1071-01-01,1071-01-01,year,CONFIRMED,confirme,1,false,Confirmer la date de 1071.,https://fr.wikipedia.org/wiki/Bataille_de_Manzikert,,Q200032
7b4f771c-abe0-4db4-ab67-ade446316120,L'UE s'agrandit avec 10 nouveaux pays,2004-01-01,2004-01-01,year,LIKELY_CORRECT,preuve_externe_faible,0,false,Fournir des sources externes pour valider l'année de l'élargissement de l'UE.,,,
8c2bf3ca-9def-4e35-a8db-82fab4834d7a,Traversée du pôle Nord,1906-01-01,1906-01-01,year,DISPUTED_DATE,date_disputee,0.8,false,Aucune.,,,Q934
35cddd92-9608-489b-8834-4331fc5b6076,Arrivée de la Peste noire en Europe,1347-10-01,1347-01-01,year,LIKELY_CORRECT,probable_mais_a_confirmer,0.7,false,None,https://fr.wikipedia.org/wiki/Peste_noire,,Q42005
26e868bb-d39a-488e-81aa-cd429583b3cb,Achèvement de la rénovation du palais de justice de Lyon,2006-01-01,2006-01-01,year,CONFIRMED,confirme,0.9,false,Aucune recommandation nécessaire.,,,Q456
91b74344-284a-4a16-b641-162e7aed557e,Traité de Greenville avec les nations amérindiennes,1795-01-01,1795-01-01,year,LIKELY_CORRECT,preuve_externe_faible,0.5,false,Ajouter des sources externes pour valider l'année du traité.,,,
c3ca925b-9c93-404e-aa3d-49717cbb21f5,Première du Messie de Georg Friedrich Haendel,1742-04-13,1742-01-01,year,CONFIRMED,confirme,0.9,false,No change needed.,,,Q7302
c07cb199-25e4-4039-b2ca-ffeddceb94cd,Création d'Air France,1933-01-01,1933-01-01,year,DISPUTED_DATE,date_disputee,0.8,false,Vérifier les sources primaires pour déterminer l'année exacte de la création d'Air France.,wikipedia_fr_article,wikipedia_en_article,Q131005
3a75e5b4-5a68-4b52-b59a-4f57aaaef11c,Assassinat de John F. Kennedy,1963-11-22,1963-01-01,year,CONFIRMED,confirme,1,false,Aucune modification nécessaire.,wikipedia_fr_article,,Q193484
0e9fdb21-e840-44f9-a1d8-ed761bb6c71d,Bataille de Rocroi (Louis II de Bourbon),1643-01-01,1643-01-01,year,CONFIRMED,confirme,1,false,Aucune modification nécessaire.,wikipedia_fr_article,wikipedia_en_article,Q728480
24d1e9c9-9f15-49d6-9324-dd87019c4011,Fondation de l'État d'Israël,1948-01-01,1948-01-01,year,CONFIRMED,confirme,0.9,false,No change needed.,wikipedia_fr_article,wikipedia_en_article,Q223732
09823f6a-a0a5-4afc-87d9-6f447cd2a04f,Développement de la caravelle portugaise,1440-01-01,,,INSUFFICIENT_EVIDENCE,annee_exacte_introuvable,0,true,Reject due to the event describing a development process rather than a singular event and the lack of a specific year in the provided sources.,Caravelle (navire),,Q169560
908ac079-ef0f-4a64-82bc-510a1ee044e5,Mort de Pierre Loti,1923-01-01,1923-01-01,year,CONFIRMED,confirme,1,false,Aucune action nécessaire.,wikipedia_fr_article,wikipedia_en_article,Q311854
db7d72fd-c50c-4e04-a230-2a54ee3f03f3,"Aucun décès, assassinat ou exécution pertinent en 1183",1183-01-01,1183-01-01,year,LIKELY_CORRECT,preuve_externe_faible,0.5,false,"Rechercher des sources externes pour confirmer l'absence d'événements majeurs (décès, assassinat, exécution) en 1183, en particulier dans la région de Troyes et liés à Chrétien de Troyes.",,,
449e1b96-0b2f-495b-a7d1-b3bd5722076d,Première ligne de chemin de fer public,1825-09-27,,,INSUFFICIENT_EVIDENCE,preuve_insuffisante,0,true,Fournir des sources externes fiables mentionnant l'année exacte de l'événement.,,,Q509496
5e1d9c6e-f6ff-4464-bf9a-1457730dc95f,Construction de la cathédrale de Hildesheim,1010-01-01,1010-01-01,year,LIKELY_CORRECT,preuve_externe_faible,0.8,false,Aucune modification nécessaire.,Hildesheim,,Q3185
729af2bc-6c48-448a-8051-7be365e060d0,Découverte du tombeau de Toutânkhamon,1922-11-04,1922-01-01,year,CONFIRMED,confirme,1,false,Aucune recommandation nécessaire.,Tombeau de Toutânkhamon,,Q835309
edbde074-6cac-4d57-9566-1ec94ab82e0e,"Invention du rugby à sept à Melrose, en Écosse",1883-01-01,1833-01-01,year,POTENTIAL_DATE_ERROR,divergence_date,1,false,Confirmer la date de 1833.,https://fr.wikipedia.org/wiki/Rugby_%C3%A0_sept,,Q270102
1ab61981-5a29-4427-94d3-e60632947182,Inondations massives dans le sud de l'Angleterre,1048-01-01,1048-01-01,year,CONFIRMED,confirme,0.9,false,Confirmer la date de 1048 comme l'année de l'inondation.,,,Q21
b53cf719-e8ef-43c7-8f5a-f88bee57f398,Création du GIEC,1988-01-01,,,INSUFFICIENT_EVIDENCE,retrieval_insuffisant,0,true,Ajouter des sources externes fiables pour confirmer l'année de création du GIEC.,,,
712502c8-cd8a-4b32-bb01-05eb1b8cc757,Paix entre Lothaire et Othon II. - Construction de Cluny II,0981-01-01,0981-01-01,year,LIKELY_CORRECT,preuve_externe_faible,0,false,Fournir des sources externes pour confirmer l'année de l'événement.,,,
72e0da92-9885-489c-ad67-d07263b5a707,Créations des royaumes d' Aquitaine et d' Italie au profit des fils de Charlemagne,0781-01-01,0781-01-01,year,LIKELY_CORRECT,probable_mais_a_confirmer,0.8,false,No change needed.,,,Q3044
d98c2525-69df-44ea-955f-3d805452598f,Mariage de Louis VI et Adélaïde de Maurienne,1115-01-01,1115-01-01,year,LIKELY_CORRECT,probable_mais_a_confirmer,0.8,false,None,https://fr.wikipedia.org/wiki/Ad%C3%A9la%C3%AFde_de_Savoie,,Q230561
c0fcc52b-0868-440c-b621-97d25543ac33,Invention de l'automobile par Karl Benz,1886-01-01,,,INSUFFICIENT_EVIDENCE,annee_exacte_introuvable,0,true,Search for sources that explicitly mention the year of the invention of the automobile by Karl Benz.,Carl Benz,,Q40224
2a58ec12-1ee2-49df-92f1-9a609fe6ea70,Loi sur le Glass-Steagall Act aux États-Unis,1933-06-16,1933-01-01,year,CONFIRMED,confirme,1,false,No changes needed.,wikipedia_fr_article,,Q1410030
ada842b1-fc8b-4c31-ab36-4a59a60f6bb3,Découverte du trésor de Staffordshire,2009-01-01,2009-01-01,year,CONFIRMED,confirme,1,false,Aucune.,Casque du Staffordshire,,Q29876898
3f9a2222-6f29-4fe2-b290-ef922389f2c4,Arrestation de Bhagat Singh,1929-01-01,,,INSUFFICIENT_EVIDENCE,annee_exacte_introuvable,0,true,More sources are needed to confirm the year of Bhagat Singh's arrest.,,Bhagat Singh,Q377808
3933fdeb-21c6-4c21-9046-b77487008c09,Victoire Romaine dans la Guerre contre les Parthes,0164-01-01,0164-01-01,year,LIKELY_CORRECT,probable_mais_a_confirmer,0.5,false,Rechercher des sources externes confirmant la victoire romaine contre les Parthes en 164.,,,Q2116320
14e8d246-1a20-48d7-80e1-1cc122ab05b6,Écoutes au News of the World,2011-01-01,2011-01-01,year,CONFIRMED,confirme,0.9,false,CONFIRMED,News of the World (journal),,Q190534
4e927348-27b2-49e0-82b6-f3adf8eeabd1,Grande Peste de Marseille,1720-05-25,1720-01-01,year,CONFIRMED,confirme,0.9,false,Aucune recommandation nécessaire.,wikipedia_fr_article,,Q1936002
2e930a3f-d422-4c7d-95e5-7ac6eadcaf46,Mort de Pépin le Bref,0768-01-01,0768-01-01,year,CONFIRMED,confirme,0.9,false,Confirmer la date de 768 comme année de la mort de Pépin le Bref.,wikipedia_fr_article,wikipedia_en_article,Q81212
056ab95a-4183-4834-bbc1-09379a88175c,Exécution de membres du groupe Manouchian,1944-01-01,1944-01-01,year,CONFIRMED,confirme,0.9,false,Confirmer la date de 1944.,Missak Manouchian,,Q708078
37e6a5de-c7cf-4ea9-9512-72b38595a71a,Incident technique lors du vol Air France d'un Concorde à Washington,1977-01-01,1977-01-01,year,LIKELY_CORRECT,preuve_externe_faible,0.5,false,Rechercher des sources externes pour confirmer l'année de l'incident.,,,
df4acee8-7d12-454a-91a3-2a1d40780be0,Démonstration de la technologie CRISPR-Cas9,2012-01-01,2012-01-01,year,LIKELY_CORRECT,preuve_externe_faible,0,false,Fournir des sources externes pour valider l'année de la démonstration de la technologie CRISPR-Cas9.,,,
cc115b78-2ee0-479e-b837-c4235380759d,Bataille d'Ankara,1402-01-01,1402-01-01,year,CONFIRMED,confirme,1,false,Aucune modification nécessaire.,wikipedia_fr_article,,Q209387
02bcd350-1662-419e-a818-395920eb029b,Première édition des 24 Heures du Mans,1923-01-01,1923-01-01,year,CONFIRMED,confirme,0.9,false,Confirmer la date de 1923.,https://fr.wikipedia.org/wiki/24_Heures_du_Mans_1923,,Q216340
835b0358-f41e-4b10-baca-22a3d9cd7386,Dernières mentions des Huns,0488-01-01,,,AMBIGUOUS_TITLE,titre_ambigu_ou_collision,0,true,Reject due to the title describing a period rather than a specific event.,,,
cdcf8813-8d41-472c-bd8c-ee05d65c7c3e,Bataille des Champs Catalauniques,0451-01-01,0451-01-01,year,CONFIRMED,confirme,1,false,Aucune.,https://fr.wikipedia.org/wiki/Bataille_des_champs_Catalauniques,,Q2481450
ec5ca605-7241-4fd0-a64e-6e22e07e8452,Mort de Charles de Gaulle,1970-01-01,1970-01-01,year,CONFIRMED,confirme,1,false,Confirmer la date de 1970.,wikipedia_fr_article,wikipedia_en_article,Q2042
c92aa0da-1c83-42a7-805d-f02695e6e098,Finalisation de la Vitra Fire Station par Zaha Hadid,1993-01-01,1993-01-01,year,LIKELY_CORRECT,preuve_externe_faible,0.5,false,Fournir des sources externes pour confirmer l'année de finalisation de la Vitra Fire Station par Zaha Hadid.,,,
6e17c485-2798-483c-84f0-5ae9fb39b765,Naissance de la Ligue pour la Protection des Oiseaux (LPO),1909-01-01,1912-01-01,year,DISPUTED_DATE,date_disputee,0.9,true,Vérifier et corriger la date dans la base de données si nécessaire.,wikipedia_fr_article,wikipedia_en_article,Q3240656
a9b481b6-549d-469a-a879-a5b02030dad6,Origène écrit « Des Principes »,0225-01-01,,,INSUFFICIENT_EVIDENCE,annee_exacte_introuvable,0,true,"Rechercher des sources externes qui confirment l'année de la rédaction de l'ouvrage ""Des Principes"".",https://fr.wikipedia.org/wiki/Orig%C3%A8ne,,Q170472
00c4300c-f5e2-42fa-8fea-d2c96029f030,Inauguration de Brasília comme nouvelle capitale du Brésil,1960-01-01,1960-01-01,year,LIKELY_CORRECT,probable_mais_a_confirmer,0.8,false,No change needed.,,,Q5035713
73a23a70-aab6-4f5c-8fa1-95e910f864ae,Publication de 'L'Éthique protestante et l'esprit du capitalisme',1905-01-01,1905-01-01,year,CONFIRMED,confirme,1,false,No change needed.,https://fr.wikipedia.org/wiki/L%27%C3%89thique_protestante_et_l%27Esprit_du_capitalisme,,Q392937
bad11111-c8c1-4cde-9078-48a3dd159909,Andrea Palladio publie 'Les Quatre Livres',1570-01-01,1570-01-01,year,CONFIRMED,confirme,0.9,false,Aucune modification nécessaire.,Andrea Palladio,,Q177692
137581dd-0da0-4a5b-81a2-a19fa9582886,Théudis devient roi des Wisigoths,0531-01-01,0531-01-01,year,LIKELY_CORRECT,preuve_externe_faible,0.5,false,Ajouter des sources externes fiables pour confirmer l'année de l'événement.,,,
d7c6f07f-8934-44d7-9365-751a02494498,Marguerite Ire unit le Danemark et la Norvège,1387-01-01,,,INSUFFICIENT_EVIDENCE,annee_exacte_introuvable,0,true,Rechercher des sources externes qui confirment l'année exacte de l'union du Danemark et de la Norvège par Marguerite Ire.,,,Q756617
a2017afc-ae8e-4c1a-88ef-841425a502ad,Guerre du Vietnam,1955-01-01,,,INSUFFICIENT_EVIDENCE,absence_de_singularite,0,true,Vérifier si l'événement correspond à une année spécifique ou s'il s'agit d'une période.,wikipedia_fr_article,,Q8740
d86de797-39cf-41ad-ab34-c97b0c705464,Découverte de l'induction électromagnétique par Faraday,1831-08-29,1831-01-01,year,LIKELY_CORRECT,probable_mais_a_confirmer,0.8,false,No change needed.,https://fr.wikipedia.org/wiki/Michael_Faraday,,Q8750
c29b982f-6741-4d36-8113-dd2cdc660568,La France prend la présidence de l'Union européenne pour une période tournante,2008-01-01,,,INSUFFICIENT_EVIDENCE,absence_de_singularite,0,true,Rechercher des sources fiables confirmant l'année exacte où la France a pris la présidence de l'Union Européenne.,,,Q458
00f66391-b6a8-4d8f-aa04-c1a01ae61fc9,Déchiffrement des hiéroglyphes par Champollion,1822-09-27,1822-01-01,year,LIKELY_CORRECT,preuve_externe_faible,0.8,false,Aucune.,Champollion,,Q417300
e74e45d9-81d8-4cf4-88fc-ebe8c37c43d8,Droit de vote des femmes au Royaume-Uni,1918-02-06,1918-01-01,year,CONFIRMED,confirme,0.9,false,Aucune modification nécessaire.,https://fr.wikipedia.org/wiki/Droit_de_vote_des_femmes_au_Royaume-Uni,,Q3435868
f93631e7-f2d1-4e70-a397-d4e3a8715b36,Premières foires de Champagne,1137-01-01,,,INSUFFICIENT_EVIDENCE,absence_de_singularite,0,true,Reject due to the event describing a period rather than a single year.,Foires de Champagne,,Q1061127
5fe289b6-ce96-45f8-b4a1-e7d78fd88142,Institution du calendrier républicain,1793-01-01,1793-01-01,year,CONFIRMED,confirme,1,false,No change needed.,Calendrier républicain,,Q181974
a7a7d598-d25e-4416-b775-8b7f66130414,Bombardement de Guernica,1937-04-26,1937-01-01,year,CONFIRMED,confirme,0.9,false,Confirmer la date de 1937.,https://fr.wikipedia.org/wiki/Bombardement_de_Guernica,,Q170351
8f436ae6-c5bc-4738-9f3b-d08502ca04e0,Libéralisation des ondes en France,1982-01-01,1982-01-01,year,CONFIRMED,confirme,0.9,false,None,,,Q3243437
7f847b56-efe1-4513-855f-5a742830f769,Magna Carta,1215-10-01,1215-01-01,year,CONFIRMED,confirme,0.9,false,No change needed.,wikipedia_fr_article,wikipedia_en_article,Q12519
43035c17-f455-482c-8f86-8af744892982,Raleigh fonde la colonie de Roanoke,1585-01-01,,,INSUFFICIENT_EVIDENCE,annee_exacte_introuvable,0,true,Rechercher des sources supplémentaires pour confirmer l'année exacte de la fondation de la colonie de Roanoke.,Colonie de Roanoke,,Q59222
085bdff3-b1dd-4258-90ab-1db41e424ed6,Création Marche de Misnie (protection frontière Germanie),0929-01-01,0929-01-01,year,LIKELY_CORRECT,preuve_externe_faible,0,false,Ajouter des sources externes fiables pour valider l'année de création de la Marche de Misnie.,,,
917521df-9a0d-475a-9638-68b7db89e46a,Fondation de Lübeck et essor de la Hanse,1159-01-01,,,INSUFFICIENT_EVIDENCE,retrieval_insuffisant,0,true,Rechercher des sources confirmant la fondation de Lübeck en 1159 par Henri le Lion.,https://fr.wikipedia.org/wiki/L%C3%BCbeck,,Q2843
0e2dbd62-6bd5-4b14-920c-351bbb866f4f,Conquête de la Thuringe et soumission des Bavarois par Clotaire I er,0555-01-01,0555-01-01,year,LIKELY_CORRECT,preuve_externe_faible,0,false,Fournir des sources externes pour valider l'année de la conquête de la Thuringe et de la soumission des Bavarois par Clotaire Ier.,,,
92c202b2-78e1-46ef-8b0c-9accd7a21612,Guerre hussite en Bohême,1419-01-01,,,INSUFFICIENT_EVIDENCE,absence_de_singularite,0,true,Rejeter car il s'agit d'une période et non d'un événement ponctuel.,,,Q131372
8626fc56-14c8-436c-bb17-8730833afcd5,Élection de Nelson Mandela comme président,1994-01-01,1994-01-01,year,CONFIRMED,confirme,0.9,false,Aucune modification nécessaire.,Nelson Mandela,,Q8023
a7918f69-62c0-4af6-b975-ab791d2d13fa,Second siège de Vienne par les Ottomans,1683-10-01,1683-01-01,year,CONFIRMED,confirme,1,false,Confirmer la date de 1683.,Siège de Vienne (1683),,Q7222682
46d9548f-8fbb-4db8-815a-2ed011621ac1,Commission indépendante estime 216 000 victimes d'abus sexuels dans l'Église depuis 1950,2021-01-01,2021-01-01,year,CONFIRMED,confirme,0.9,false,No change needed.,Commission indépendante sur les abus sexuels dans l'Église,,Q108804292
a335b8d3-cf88-405e-b010-a3e0c4a8d173,Première de Pelléas et Mélisande de Claude Debussy,1902-04-30,1902-01-01,year,CONFIRMED,confirme,0.9,false,Aucune action nécessaire.,wikipedia_fr_article,wikipedia_en_article,Q652182
07f6afef-a4fe-4b06-9f1a-85160c9d5376,Fondation de l'Université de Bologne,1088-01-01,1088-01-01,year,CONFIRMED,confirme,1,false,Aucune modification nécessaire.,Bologne,,Q1891
641fe033-9da6-47c6-95b0-bd136c3088ca,Conférence de Stresa,1935-01-01,1935-01-01,year,CONFIRMED,confirme,0.9,false,Confirmer la date de 1935.,wikipedia_fr_article,,Q613291
9a81072f-2133-4fa8-9143-59829787fac8,Frédéric Barberousse devient empereur,1155-01-01,1155-01-01,year,CONFIRMED,confirme,0.9,false,No change needed.,Frédéric Barberousse,,Q79789
f26b1fd4-75c4-4a06-8adc-251db10b8387,Chute de l'Empire austro-hongrois,1918-11-03,,,INSUFFICIENT_EVIDENCE,absence_de_singularite,0,true,"Reject. The event describes a process, not a single year. Requires external sources to confirm a specific year, if any.",,,
a6d2c226-11bd-4de1-a5a5-74177d898930,Fondation de l'Académie platonicienne,1462-01-01,,,INSUFFICIENT_EVIDENCE,annee_exacte_introuvable,0,true,Seek additional sources that explicitly state the founding year of the Platonic Academy of Florence.,wikipedia_fr_article,,Q4579791
17f06371-b155-4161-a355-d106db7b69ba,Découverte du Brésil par Cabral,1500-01-01,1500-01-01,year,CONFIRMED,confirme,1,false,Confirmer la date de 1500.,https://fr.wikipedia.org/wiki/D%C3%A9couverte_du_Br%C3%A9sil,,Q3042917
75a8b5d0-e6b3-458a-99c0-6a6b56f71c9f,Premiers championnats du monde d'athlétisme à Helsinki,1983-01-01,1983-01-01,year,CONFIRMED,confirme,1,false,No changes needed.,Championnats du monde d'athlétisme,,Q182653
a22c67cb-1d37-4ede-83a3-5707f5ae5bc8,Le sac de Noirmoutier par les Vikings,0843-01-01,0843-01-01,year,LIKELY_CORRECT,preuve_externe_faible,0,false,Ajouter des sources externes fiables confirmant l'année 843 pour le sac de Noirmoutier par les Vikings.,,,
ec8e23e8-996c-4377-951d-0e8d4b67fcdb,Procès et condamnation du « célibataire serial » Henri Désiré Landru,1921-01-01,1921-01-01,year,CONFIRMED,confirme,0.9,false,No changes needed.,https://fr.wikipedia.org/wiki/Henri_D%C3%A9sir%C3%A9_Landru,,Q534708
690bce2e-004d-42a3-af36-405a4f8e728a,Mackenzie traverse le Canada,1793-01-01,1793-01-01,year,LIKELY_CORRECT,probable_mais_a_confirmer,0.8,false,Verify the year with a dedicated historical source about Alexander Mackenzie's expeditions.,,,Q16
b5229305-fc71-48b7-a641-20e85f8e8e99,Grand incendie de Londres,1666-01-01,1666-01-01,year,CONFIRMED,confirme,0.9,false,Confirmer la date de 1666.,https://fr.wikipedia.org/wiki/Grand_incendie_de_Londres,,Q164679
6d342ee3-2de7-4e0a-b316-b3bb531b1aca,Premières preuves de la culture du thé en Chine,0760-01-01,0760-01-01,year,LIKELY_CORRECT,probable_mais_a_confirmer,0.8,false,Vérifier avec des sources spécialisées sur l'histoire du thé en Chine pour confirmer l'année exacte.,,,Q148
b5f3b171-ae2d-45f4-a46c-a2acb235f83f,Crucifixion de Jésus de Nazareth,0033-04-03,0033-01-01,year,DISPUTED_DATE,date_disputee,0.7,false,Marquer comme date disputée et inclure les différentes années proposées.,wikipedia_fr_article,wikipedia_en_article,Q51636
3c12b95c-f36f-426a-89a7-fd451d99df1c,Rafle du Vél’ d’Hiv,1942-01-01,1942-01-01,year,CONFIRMED,confirme,0.9,false,No change needed.,Rafle du 26 août 1942,,Q28496097
d1ca5430-2be0-467c-a15e-dd0eff30490a,Conquête musulmane de l'Égypte,0639-01-01,0639-01-01,year,CONFIRMED,confirme,1,false,No change needed.,https://fr.wikipedia.org/wiki/Conqu%C3%AAte_musulmane_de_l%27%C3%89gypte,,Q317519
6cdcb449-25b8-471c-bd76-4d8f36f01cd3,Lancement de Paris-Brest-Paris,1891-01-01,1891-01-01,year,CONFIRMED,confirme,0.9,false,Confirmer la date de 1891.,wikipedia_fr_article,,Q1503120
de5e814b-5bd4-4207-ab0a-f578e13372ba,Début de la guerre de Corée,1950-06-25,1950-01-01,year,CONFIRMED,confirme,0.9,false,Confirmer la date de 1950 comme début de la guerre de Corée.,Guerre de Corée,,Q8663
8353595c-8597-47a1-a2ea-38c97a53d4f3,Occupation de la Bretagne par les Vikings,0912-01-01,,,INSUFFICIENT_EVIDENCE,absence_de_singularite,0,true,"Reject. The title describes a period of occupation, not a single-year event.",,,Q7053398
55a872e8-dfc6-4223-a93c-d41d31b0fa75,Bataille de Fontenoy-en-Puisaye,0841-01-01,0841-01-01,year,CONFIRMED,confirme,0.9,false,Aucune modification nécessaire.,wikipedia_fr_article,wikipedia_en_article,Q1430939
308758e4-fc59-4e4a-921e-2bedd27c595f,Vaccin contre le charbon de Pasteur,1881-01-01,1881-01-01,year,LIKELY_CORRECT,probable_mais_a_confirmer,0.8,false,Verify the year 1881 with additional sources to confirm the development of the anthrax vaccine by Pasteur.,Louis Pasteur,,Q529
bca95246-b3ee-4f23-8c96-4991b5849852,Plongée record du bathyscaphe FNRS-3,1957-01-01,1957-01-01,year,LIKELY_CORRECT,preuve_externe_faible,0,false,"Rechercher des sources externes fiables (articles de presse, publications scientifiques, etc.) qui confirment l'année 1957 pour la plongée record du bathyscaphe FNRS-3.",,,Q208532
7a9e8731-9925-40f6-852c-ac27e81f0f66,Ouverture de la première clinique de planning familial,1916-01-01,1916-01-01,year,LIKELY_CORRECT,preuve_externe_faible,0,false,Ajouter des sources externes fiables pour confirmer l'année de l'ouverture de la clinique.,,,
70409546-ac7b-43fe-8509-9e2f45407767,Exécution de Thomas Cromwell,1540-01-01,1540-01-01,year,CONFIRMED,confirme,1,false,Aucune modification nécessaire.,https://fr.wikipedia.org/wiki/Thomas_Cromwell,https://en.wikipedia.org/wiki/Thomas_Cromwell,Q294435
a070de4f-7515-4bcc-83e9-a54b6ec72cee,Développement de l'apiculture en Europe,1300-01-01,,,INSUFFICIENT_EVIDENCE,absence_de_singularite,0,true,Rejeter car il s'agit d'un développement sur une période et non d'un événement ponctuel.,,,
f5a83ab3-ca9e-4030-86f3-2fbad536da18,Prise de Constantinople par les croisés,1204-01-01,1204-01-01,year,CONFIRMED,confirme,0.9,false,Confirmer la date de 1204.,Siège de Constantinople (1204),,Q1750892
236eb089-1086-44df-a370-fc272144c85e,Crise agricole française de 2024,2024-01-01,2024-01-01,year,CONFIRMED,confirme,0.9,false,No change needed.,https://fr.wikipedia.org/wiki/Crise_agricole_fran%C3%A7aise_depuis_2024,,Q124356591
d5620c09-cc62-4478-81a8-3393fab4fea0,Agila I devient roi des Wisigoths,0549-01-01,0549-01-01,year,LIKELY_CORRECT,preuve_externe_faible,0,false,Provide external sources to validate the year.,,,
c620db77-aeae-4618-8f80-8f9f4b83b02d,James Watt brevète la machine à vapeur,1769-10-01,1769-01-01,year,LIKELY_CORRECT,probable_mais_a_confirmer,0.8,false,Aucune.,Machine à vapeur,,Q12760
3f61f03a-dc37-4ece-a5f8-eb1de3149351,Appel à la Première Croisade par le pape Urbain II,1095-11-27,1095-01-01,year,LIKELY_CORRECT,probable_mais_a_confirmer,0.6,false,Vérifier si d'autres sources confirment l'année 1095 pour l'appel à la Première Croisade.,Première croisade,,Q51649
1313ad6a-cbd7-453c-87f3-dcbf81c9cc19,Aristide Briand forme un nouveau Cabinet,1921-01-01,1921-01-01,year,LIKELY_CORRECT,probable_mais_a_confirmer,0.8,false,Confirmer que Aristide Briand a bien formé un cabinet en 1921.,https://fr.wikipedia.org/wiki/Aristide_Briand,,Q179888
face7f2a-bd34-4bbc-ba58-5c7ad52017aa,Ouverture de l'hôpital de la Maternité de Madeleine Brès,1868-01-01,,,INSUFFICIENT_EVIDENCE,annee_exacte_introuvable,0,true,Rechercher des sources supplémentaires confirmant l'année d'ouverture de l'hôpital.,,,Q30018009
6c3be981-2fd2-4f2d-a06e-76879ae2671d,Achèvement de la Willis Tower à Chicago,1973-01-01,1973-01-01,year,CONFIRMED,confirme,0.9,false,Aucune modification nécessaire.,Willis Tower,,Q29294
5d991a99-3758-4cae-94a8-8a670485d81c,Apicius compile 'De re coquinaria',0030-01-01,,,DISPUTED_DATE,date_disputee,0.2,true,Reject due to conflicting information regarding the compilation date.,wikipedia_fr_article,wikipedia_en_article,Q974141
24caa122-92d7-4d3d-9d43-a579a8b4b29a,Tiger Woods remporte le Masters d'Augusta,1997-01-01,1997-01-01,year,CONFIRMED,confirme,1,false,Aucune modification nécessaire.,Tiger Woods,,Q10993
894ad2e9-9105-49b4-9abc-84f6d40bdbd4,Hommage d'Édouard Ier à Philippe IV,1286-01-01,1286-01-01,year,LIKELY_CORRECT,probable_mais_a_confirmer,0.8,false,Vérifier des sources supplémentaires confirmant l'hommage en 1286.,,,Q57798
275e1c68-19da-4241-a2a9-b7152861612b,Fondation de l'Académie française par Richelieu,1635-01-29,1635-01-01,year,CONFIRMED,confirme,0.9,false,No change needed.,Académie française,,Q161806
8b4cfba4-3178-4135-b203-c90efafd7c57,Fondation de la Ligue française pour le droit des femmes,1882-01-01,1882-01-01,year,CONFIRMED,confirme,1,false,No change needed.,wikipedia_fr_article,,Q20738332
3a50b3d4-bd74-468e-a075-894e44bbc716,Première utilisation du terme 'biologie',1802-01-01,,,INSUFFICIENT_EVIDENCE,retrieval_insuffisant,0,true,Fournir des sources externes pour valider l'année.,,,
94aeb7ad-b138-4c6a-89de-4a6a819d080d,Création de la ville de Quito,1534-01-01,,,INSUFFICIENT_EVIDENCE,annee_exacte_introuvable,0,true,Rechercher des sources externes fiables qui confirment l'année de création de la ville de Quito.,,,Q847149
b5dfd71f-299a-4bad-95bd-89c5774708aa,Découverte de Petra par Johann Burckhardt,1812-08-22,1812-01-01,year,LIKELY_CORRECT,probable_mais_a_confirmer,0.8,false,Confirmer la date de 1812.,https://fr.wikipedia.org/wiki/Jean_Louis_Burckhardt,,Q39691
6079b1f1-df67-4333-a1f0-7125b040fb49,Babur fonde l'Empire moghol,1526-10-01,1526-01-01,year,CONFIRMED,confirme,1,false,No change needed.,Empire moghol,,Q33296
1878da1c-6019-40de-97a9-35f065940a2c,Le pirate Klaus Störtebeker est décapité à Hambourg,1400-01-01,1401-01-01,year,POTENTIAL_DATE_ERROR,divergence_date,1,false,Confirmer la date de 1401 pour l'exécution de Klaus Störtebeker.,https://fr.wikipedia.org/wiki/Klaus_St%C3%B6rtebeker,,Q6473
5dacb42a-d134-4cca-a078-1dc07312f70e,"Fondation de l'Hôpital Saint-Barthélemy, Londres",1123-01-01,1123-01-01,year,LIKELY_CORRECT,probable_mais_a_confirmer,0.8,false,None,Église Saint-Barthélemy-le-Grand de Londres,,Q1093271
915a95a2-b20a-4367-b5c1-f42b6c285879,Premier congrès de la SFIO à Paris,1905-06-07,1905-01-01,year,CONFIRMED,confirme,0.9,false,Confirmer la date de 1905.,Congrès socialiste (France),,Q2993180
68deda4f-ee48-4d82-b761-67cb3c7b7555,Synode de Whitby : Unification des pratiques chrétiennes en Northumbrie,0664-01-01,0664-01-01,year,CONFIRMED,confirme,1,false,Confirmer la date de 664.,Concile de Whitby,,Q1265740
7965c023-3ae3-4aa8-ab34-9e1f43508f71,Début de la Fronde,1648-08-26,,,INSUFFICIENT_EVIDENCE,annee_exacte_introuvable,0,true,Chercher une source qui mentionne explicitement l'année de début de la Fronde.,Fronde,,Q3088400
126493f4-0fd1-460a-a9dd-7c9fa51ed010,Première du Barbier de Séville de Gioachino Rossini,1816-02-20,1816-01-01,year,CONFIRMED,confirme,0.9,false,Vérifier avec des sources plus directes confirmant la date de la première.,,,Q9726
d970a9db-4659-473d-a72a-fe088a8f0e9e,Suicide d'Adolf Hitler,1945-01-01,1945-01-01,year,CONFIRMED,confirme,0.9,false,No change needed.,Adolf Hitler,,Q352
3f2cbc3b-45e4-456c-8117-7caed043e4ff,Opération Bagration,1944-01-01,1944-01-01,year,CONFIRMED,confirme,1,false,No change needed.,wikipedia_fr_article,wikipedia_en_article,Q151052
9958780d-e840-4c64-a7ff-dc12480931ba,Construction du Lever House à New York,1952-01-01,,,INSUFFICIENT_EVIDENCE,annee_exacte_introuvable,0,true,Search for additional sources that explicitly state the year of construction for Lever House.,https://fr.wikipedia.org/wiki/Lever_House,,Q1821821
706e05f9-4164-4fff-9888-9e3c8456ccaa,Élection de Thiers comme premier président de la République française,1871-01-01,1871-01-01,year,LIKELY_CORRECT,probable_mais_a_confirmer,0.8,false,Confirmer la date de 1871 comme année de l'élection de Thiers.,,,Q191954
3dbdc7a1-0d53-42e9-96ce-074e39e5a2a8,"Hugues le Grand, Duc des Francs",0943-01-01,,,INSUFFICIENT_EVIDENCE,annee_exacte_introuvable,0,true,Reject. More specific sources are needed to confirm an event in 943.,https://fr.wikipedia.org/wiki/Hugues_le_Grand_(duc_des_Francs),,Q317933
adcaf701-8c08-4c83-acf2-838e2f907ffe,Publication de la 'Théorie des sentiments moraux',1759-01-01,1759-01-01,year,CONFIRMED,confirme,1,false,Confirmer la date de publication.,https://fr.wikipedia.org/wiki/Th%C3%A9orie_des_sentiments_moraux,,Q1438448
6223e483-a178-441a-8d09-f81707e8342b,Affaire Mark Felt,2005-01-01,2005-01-01,year,CONFIRMED,confirme,0.9,false,No change needed.,https://fr.wikipedia.org/wiki/Mark_Felt,,Q348122
f1ea58ed-0757-4ce0-934e-19a9d5bd39cc,Henry Morgan saccage Panama City,1671-01-01,1671-01-01,year,LIKELY_CORRECT,preuve_externe_faible,0,false,Provide external sources to validate the year of the event.,,,
24466b35-96c2-4120-85c6-a9dc457f5a60,Découverte du Cap de Bonne-Espérance par Bartolomeu Dias,1488-01-01,1488-01-01,year,LIKELY_CORRECT,probable_mais_a_confirmer,0.8,false,Aucune action nécessaire.,https://fr.wikipedia.org/wiki/Bartolomeu_Dias,,Q130377
70fde32d-a189-4ebe-a34f-b4b408802260,Mort de Jane Birkin,2023-01-01,2023-01-01,year,CONFIRMED,confirme,1,false,Aucune modification nécessaire.,wikipedia_fr_article,wikipedia_en_article,Q212873
d4158aa5-84bf-4461-82e1-5738091de130,Accident ferroviaire de Quincieux,1968-01-01,1968-01-01,year,LIKELY_CORRECT,preuve_externe_faible,0.5,false,Ajouter des sources externes fiables pour valider l'année de l'accident.,,,
d47b2b3b-4a34-4d26-8d1f-bf0e98ee1d24,Début du voyage de Marco Polo vers l'Asie,1271-10-01,1271-01-01,year,CONFIRMED,confirme,0.9,false,No change needed.,Marco Polo,,Q6101
2934d8f2-8631-434c-b510-3e9b12854d16,Lancement de New Horizons vers Pluton,2006-01-01,2006-01-01,year,CONFIRMED,confirme,0.9,false,Aucune modification nécessaire.,New Horizons,,Q48461
10b592b8-3a67-4402-9d5d-4ec3dd7af2e0,Clôture du concile Vatican II,1965-01-01,,,INSUFFICIENT_EVIDENCE,absence_de_singularite,0,true,"Reject the event as it describes a time span, not a single-year event.",,,Q172991
1371f1ef-2237-4d1f-aa84-066791fea4a0,Trêve de Nice entre François Ier et Charles Quint,1538-01-01,1538-01-01,year,LIKELY_CORRECT,probable_mais_a_confirmer,0.8,false,No change needed.,,,Q32500
7c4c465f-945f-4cea-9d13-c5a339e1f59a,Affaire du Lusitania,1915-01-01,1915-01-01,year,CONFIRMED,confirme,1,false,Aucune modification nécessaire.,RMS Lusitania,,Q187425
c25548dc-4af4-4e2e-8576-39f55db388e8,Arrivée des émissaires romains en Chine sous la dynastie Han,0166-01-01,,,INSUFFICIENT_EVIDENCE,annee_exacte_introuvable,0,true,Rechercher des sources externes confirmant l'année 166 pour l'arrivée des émissaires romains en Chine.,,,Q4216524
602d827c-e04f-4fe0-ab14-efdac2395bf2,Révolte de Constantin Bodin,1072-01-01,1072-01-01,year,CONFIRMED,confirme,0.9,false,Confirmer la date de 1072.,https://fr.wikipedia.org/wiki/Constantin_Bodin,,Q435907
825bb715-883b-4796-815d-800c376d9543,Début de la politique des Réunions,1680-01-01,1680-01-01,year,LIKELY_CORRECT,probable_mais_a_confirmer,0.8,false,Confirmer la date de 1680 comme début de la politique des Réunions.,Politique des Réunions,,Q322492
7030af1c-0a1a-4997-8d48-da3eaf9a36c9,Richelieu devient secrétaire d'État,1616-01-01,1616-01-01,year,LIKELY_CORRECT,probable_mais_a_confirmer,0.8,false,Vérifier si 'ministre des Affaires étrangères' est équivalent à 'secrétaire d'État'.,Armand Jean du Plessis de Richelieu,,Q26702
92b6c5d6-8878-492d-b6d8-e3f7065b529d,Bertrand du Guesclin est nommé connétable,1370-01-01,1370-01-01,year,LIKELY_CORRECT,probable_mais_a_confirmer,0.8,false,Aucune modification nécessaire.,Bertrand du Guesclin,,Q314905
73d70a5d-bded-4cf0-990f-7420893a318a,Création de la Confédération canadienne,1867-07-01,,,INSUFFICIENT_EVIDENCE,retrieval_insuffisant,0,true,Fournir des sources externes pour confirmer l'année de la création de la Confédération canadienne.,,,
19b1e613-4c5a-40db-9f3e-9f6a1a967836,Mort de Charles II le Chauve,0877-10-06,0877-01-01,year,CONFIRMED,confirme,1,false,Aucune modification nécessaire.,Charles II le Chauve,Charles the Bald,Q71231
60a8320a-a041-4b92-a779-79cf53a95849,Fondation du Conservatoire National de Prague,1811-01-01,1811-01-01,year,LIKELY_CORRECT,probable_mais_a_confirmer,0,false,Ajouter une source externe fiable confirmant l'année de fondation du Conservatoire National de Prague.,,,Q1085
741ae367-eec2-48a8-9470-ff35e2c37b77,Fondation du CRAN,1999-01-01,,,INSUFFICIENT_EVIDENCE,retrieval_insuffisant,0,true,"Rechercher des sources fiables (articles de presse, site officiel du CRAN, publications académiques) qui confirment l'année de fondation du CRAN.",,,Q1138807
cad7d541-defa-4276-903d-bfbc6076109a,Invention du paratonnerre par Benjamin Franklin,1752-01-01,1752-01-01,year,LIKELY_CORRECT,probable_mais_a_confirmer,0.8,false,No change needed.,https://fr.wikipedia.org/wiki/Benjamin_Franklin,,Q34969
fc8fb41e-56c3-4707-bb9a-f78a1ef5d618,Procès des pirates de Nassau,1718-01-01,,,INSUFFICIENT_EVIDENCE,retrieval_insuffisant,0,true,Fournir des sources externes pour valider l'année des procès des pirates de Nassau.,,,
efe20d22-46ca-4dbf-bb9a-95f4f9c0c0f4,Naufrage du La Méduse,1816-01-01,,,INSUFFICIENT_EVIDENCE,annee_exacte_introuvable,0,true,Rechercher des sources externes fiables mentionnant explicitement l'année du naufrage du La Méduse.,,,Q906512
2f6d7b7d-ca5b-444d-af29-f5ba7194476e,Prix Goncourt 1913 : Marc Elder,1913-01-01,1913-01-01,year,CONFIRMED,confirme,0.9,false,Confirmer la date de 1913.,wikipedia_fr_article,,Q3107436
5500ee7b-0afb-425f-ab22-2c7196655876,Invention de la dynamite par Alfred Nobel,1867-01-01,1867-01-01,year,LIKELY_CORRECT,probable_mais_a_confirmer,0.8,false,No further action needed.,https://fr.wikipedia.org/wiki/Alfred_Nobel,,Q23810
ca219833-2e5c-493b-986c-707d0fcba5b3,Marie Tudor restaure le catholicisme,1553-01-01,1553-01-01,year,LIKELY_CORRECT,probable_mais_a_confirmer,0,false,Ajouter une source externe qui confirme que Marie Tudor a restauré le catholicisme en 1553.,,,Q2316201
eae3cf86-16a8-4f90-af78-ac2c87b539da,Début de la construction du château de Windsor,1080-01-01,1070-01-01,year,POTENTIAL_DATE_ERROR,divergence_date,1,false,Confirmer la date de 1070 pour le début de la construction du château de Windsor.,Château de Windsor,null,Q42646
0543e7a5-bea7-4cb0-afbd-6eeff3c7f1c5,Henri Fabre fait voler le premier hydravion,1910-01-01,,,INSUFFICIENT_EVIDENCE,annee_exacte_introuvable,0,true,Rechercher des sources qui confirment l'année exacte du premier vol d'hydravion par Henri Fabre.,Hydravion,,Q115940
a8684edc-5403-4bad-b2f5-18265ce8ad20,Conspiration de Cinq-Mars contre Richelieu,1641-01-01,1642-01-01,year,POTENTIAL_DATE_ERROR,divergence_date,1,false,Confirmer la date de 1642.,https://fr.wikipedia.org/wiki/Conspiration_de_Cinq-Mars,,Q2994775
14fbc5ce-5597-4912-ba9b-a4035d86db6a,Accords de Lausanne entre la France et l’Italie sur l'Afrique du Nord,1912-01-01,1912-01-01,year,LIKELY_CORRECT,preuve_externe_faible,0.5,false,Rechercher des sources externes confirmant l'année exacte des Accords de Lausanne entre la France et l'Italie sur l'Afrique du Nord.,,,Q3088946
e1c0b9e9-08b6-45cd-a522-2b42241ad79e,Découverte du trésor de Berthouville,1830-01-01,1830-01-01,year,LIKELY_CORRECT,preuve_externe_faible,0.8,false,Confirmer la date de 1830 comme l'année de la découverte du trésor de Berthouville.,,,Q178624
0849c842-6626-4574-a547-24b5e93f86aa,Turgot nommé Contrôleur général des finances,1774-01-01,,,INSUFFICIENT_EVIDENCE,annee_exacte_introuvable,0,true,Rechercher des sources confirmant l'année de la nomination de Turgot.,https://fr.wikipedia.org/wiki/Contr%C3%B4leur_g%C3%A9n%C3%A9ral_des_finances,,Q2638620
9b0eafbe-4f44-4fc8-99af-44cc3306ed7a,Fondation de l'Université de Wittenberg,1502-01-01,1502-01-01,year,CONFIRMED,confirme,0.9,false,No change needed.,https://fr.wikipedia.org/wiki/Universit%C3%A9_de_Wittemberg,,Q316592
ad7b668b-c80d-4222-9232-3a7b9744312d,Ouverture d'un centre de retraitement nucléaire,1952-01-01,,,INSUFFICIENT_EVIDENCE,annee_exacte_introuvable,0,true,Rechercher des sources fiables confirmant l'année d'ouverture du centre de retraitement nucléaire de Windscale (Sellafield).,,,Q855102
2d405257-6f01-4c1b-a0d6-21c16c94171e,Prise de Tours par les Normands,0903-01-01,,,INSUFFICIENT_EVIDENCE,preuve_insuffisante,0,true,Ajouter des sources externes fiables confirmant l'année 903 pour la prise de Tours par les Normands.,,,Q748394
892a4775-9c15-44c8-9c8b-66ef098fcc4b,Fondation de l'École Polytechnique à Paris,1794-01-01,1794-01-01,year,CONFIRMED,confirme,0.9,false,Aucune.,wikipedia_fr_article,wikipedia_en_article,Q845392
741c55fe-2bd1-4dcf-aef7-f6437dd6aeab,Fondation de l'AC Milan,1899-01-01,1899-01-01,year,CONFIRMED,confirme,1,false,No change needed.,Associazione Calcio Milan,,Q1543
552269e4-d063-49b9-b801-fbd125328274,Convocation des États généraux,1789-08-08,1789-01-01,year,CONFIRMED,confirme,1,false,No change needed.,https://fr.wikipedia.org/wiki/Convocation_des_%C3%A9tats_g%C3%A9n%C3%A9raux_de_1789,,Q2996432
7c1ada7c-cf38-4a8d-99c9-81e77cb6f52a,Français langue officielle des actes publics,1539-01-01,1539-01-01,year,CONFIRMED,confirme,0.9,false,Aucune modification nécessaire.,,,Q23492
898ae8b6-2582-4af7-bc42-353bd79cef9a,Transfert de la dépouille de Jean Jaurès au Panthéon,1924-01-01,1924-01-01,year,LIKELY_CORRECT,probable_mais_a_confirmer,0.8,false,Confirm the date as 1924.,https://fr.wikipedia.org/wiki/Jean_Jaur%C3%A8s,,Q12688
8feb99a5-08c4-4e9f-96fc-3f0cbf1d8f4c,Discours de Chirac à l'ONU sur le changement climatique,1987-01-01,,,INSUFFICIENT_EVIDENCE,annee_exacte_introuvable,0,true,Fournir des sources externes pour confirmer l'année du discours.,,,
c6e0fbab-d8a8-4916-aa0c-92f919d8c517,Avènement de l'empereur Anasthase Ier,0491-01-01,0491-01-01,year,LIKELY_CORRECT,preuve_externe_faible,0,false,Ajouter des sources externes fiables pour confirmer l'année de l'avènement d'Anasthase Ier.,,,
e0a3bcbe-01ae-489b-bdbd-138fc127b29a,"Golda Meir, Première ministre d'Israël",1969-01-01,1969-01-01,year,CONFIRMED,confirme,0.9,false,No change needed.,Golda Meir,,Q42992
0d65d9d5-acb9-4b4d-a37a-92bbb5b95621,Création de l'UEFA,1954-01-01,,,INSUFFICIENT_EVIDENCE,retrieval_insuffisant,0,true,Ajouter des sources externes fiables pour confirmer l'année de création de l'UEFA.,,,
36894f07-1bac-40eb-a5f7-0fb946cea4fe,Sécheresse de 1186 en Europe,1186-01-01,1186-01-01,year,LIKELY_CORRECT,preuve_externe_faible,0.5,false,Ajouter des sources externes fiables pour confirmer l'année de la sécheresse.,,,
3742f5c8-a2a4-4496-91af-d7646bcb4498,Première machine à vapeur brevetée,1698-01-01,1698-01-01,year,LIKELY_CORRECT,probable_mais_a_confirmer,0.8,false,Aucune.,Machine à vapeur,,Q12760
4c9f58df-04ed-40bf-ab23-b7f8d37f399a,Chrétien de Troyes écrit Lancelot,1177-01-01,,,INSUFFICIENT_EVIDENCE,annee_exacte_introuvable,0,true,More specific sources are needed to determine the exact year 'Lancelot' was written.,https://fr.wikipedia.org/wiki/Chr%C3%A9tien_de_Troyes,,Q4302
d8063080-d363-451e-9067-8a14576df83b,Partenariat transpacifique (TPP) négociations lancées,2012-01-01,2012-01-01,year,LIKELY_CORRECT,probable_mais_a_confirmer,0.8,false,None,Accord de partenariat transpacifique,,Q1366688
9efe6701-d7b0-462e-b8c3-ad3da9896766,Publication des 95 thèses de Martin Luther,1517-10-01,1517-01-01,year,CONFIRMED,confirme,0.9,false,No change needed.,wikipedia_fr_article,wikipedia_en_article,Q9554
052c4dbd-623b-4af5-961d-a476ccaa3f15,Invention de la photographie par Nicéphore Niépce,1826-01-01,1826-01-01,year,LIKELY_CORRECT,probable_mais_a_confirmer,0.8,false,Confirmer la date de 1826.,Nicéphore Niépce,,Q188342
407b40c1-3037-4ea0-bfbe-7d4d11a0b838,Procès de Pétain,1945-01-01,1945-01-01,year,CONFIRMED,confirme,0.9,false,Aucune modification nécessaire.,Arrestation de Philippe Pétain,,Q16854944
cf59a36b-9ae1-44a2-9726-79db24e4f96b,Vol des joyaux de la Couronne anglaise,1671-01-01,1671-01-01,year,LIKELY_CORRECT,probable_mais_a_confirmer,0,false,Ajouter des sources externes confirmant l'année 1671 pour le vol des joyaux de la Couronne anglaise.,,,Q1294341
182504e7-c709-4503-9727-d5f87b802cdd,Inauguration du Tunnel sous la Manche,1994-05-06,1994-01-01,year,CONFIRMED,confirme,0.9,false,Aucune modification nécessaire.,Tunnel sous la Manche,,Q10257
974570fc-04cc-435a-9833-9f2007709ad3,Début de la colonisation du Brésil,1530-01-01,,,INSUFFICIENT_EVIDENCE,absence_de_singularite,0,true,Reject due to the event describing a process rather than a singular event.,,,Q815962
4f03e419-d552-4df5-b61d-4747df8088e7,Traité de Tordesillas,1494-01-01,1494-01-01,year,CONFIRMED,confirme,1,false,No changes needed.,https://fr.wikipedia.org/wiki/Trait%C3%A9_de_Tordesillas,,Q180897
43b6349f-1842-44b4-a4d9-12cd4e66d73e,Sir Thomas Malory écrit 'La Mort d'Arthur',1485-01-01,1485-01-01,year,CONFIRMED,confirme,1,false,No change needed.,,,Q1195086
2a6d847c-b757-4aa7-9f80-dea787cc9dfd,Loi Debré sur l'enseignement privé,1959-01-01,,,INSUFFICIENT_EVIDENCE,annee_exacte_introuvable,0,true,Rechercher des sources externes mentionnant explicitement l'année de la loi Debré.,,,Q11248105
fd670f4d-51ac-4e98-869e-150229de3e28,Démission de Charles de Gaulle,1969-04-27,1969-01-01,year,CONFIRMED,confirme,1,false,Confirmer la date de 1969.,https://fr.wikipedia.org/wiki/Charles_de_Gaulle,,Q2042
c0ab08c6-bd2b-402c-8583-6faf90b6089c,Prix Goncourt 1927 : Maurice Bedel,1927-01-01,1927-01-01,year,CONFIRMED,confirme,0.9,false,No change needed.,wikipedia_fr_article,wikipedia_en_article,Q1350743
3df714b5-d1b6-4eae-8ec1-5e48593562af,Fin de la Seconde Guerre mondiale en Europe,1945-05-08,1945-01-01,year,CONFIRMED,confirme,0.9,false,Confirmer la date de 1945.,https://fr.wikipedia.org/wiki/Fin_de_la_Seconde_Guerre_mondiale_en_Europe,,Q700924
c6d4c8a3-a2a3-43c6-8270-fd8bbbeb9a6d,Dogme de l’Immaculée Conception proclamé,1854-01-01,1854-01-01,year,CONFIRMED,confirme,1,false,No change needed.,Immaculée Conception,,Q185606
5c6ac3d3-15c3-4256-aaf9-873afd60c4f5,Rédaction du Canon de la Médecine par Avicenne,1025-01-01,,,INSUFFICIENT_EVIDENCE,absence_de_singularite,0,true,Rejeter car il s'agit d'un processus de rédaction et non d'un événement ponctuel.,,,Q3145134
1adae7b8-b5b6-44d4-9e1a-94a11030e38e,Alaric II succède à Euric,0484-01-01,0484-01-01,year,CONFIRMED,confirme,0.9,false,Aucune modification nécessaire.,Alaric II,,Q110884
5490acc7-db5d-4cfa-ad86-df4475bfe6a6,Opération Anaconda en Afghanistan,2002-01-01,2002-01-01,year,CONFIRMED,confirme,0.9,false,No change needed.,wikipedia_fr_article,,Q1476042
cb330b14-5d36-4e47-8a8c-b941c2680855,Conversion de la Rus' de Kiev au christianisme orthodoxe sous Vladimir le Grand,0988-01-01,,,INSUFFICIENT_EVIDENCE,annee_exacte_introuvable,0,true,Rechercher des sources externes qui confirment l'année exacte de la conversion.,,,Q1108445
b1544ab4-ac8a-4efd-9346-2b95a2d425df,Déclaration Schuman,1950-01-01,1950-01-01,year,CONFIRMED,confirme,1,false,No change needed.,wikipedia_fr_article,,Q160211
6f77223a-f655-4af4-b530-d768541017c6,Adoption de la Constitution des États-Unis d'Amérique,1787-01-01,1787-01-01,year,CONFIRMED,confirme,0.9,false,Aucune modification nécessaire.,https://fr.wikipedia.org/wiki/Constitution_des_%C3%89tats-Unis,,Q11698
93c48ebf-f2bf-42e4-bce4-bf273071cb7d,Suicide de Vatel,1671-08-17,1671-01-01,year,CONFIRMED,confirme,1,false,Confirmer la date de 1671.,wikipedia_fr_article,wikipedia_en_article,Q430705
f3636278-2c2c-4563-98c3-1e20c37467fc,Grand Bond en avant,1958-10-01,1958-01-01,year,CONFIRMED,confirme,0.9,false,Confirmer la date de 1958.,wikipedia_fr_article,,Q58715
8c8ae177-ba06-41da-8278-d41399018c9d,Agrandissement de la mosquée de Kilwa Kisiwani,1330-01-01,,,INSUFFICIENT_EVIDENCE,annee_exacte_introuvable,0,true,Rechercher des sources externes fiables qui confirment l'année exacte de l'agrandissement de la mosquée de Kilwa Kisiwani.,,,
a253e7e5-9685-417a-8ef6-46c923f53653,Glorieuse Révolution,1688-10-01,1688-01-01,year,LIKELY_CORRECT,probable_mais_a_confirmer,0.8,false,Confirm the date as 1688.,https://fr.wikipedia.org/wiki/Glorieuse_R%C3%A9volution,,Q189508
216cba7a-28f3-4e65-8a15-806e99568171,Offensive Michael du général Ludendorff sur le front occidental,1918-01-01,1918-01-01,year,CONFIRMED,confirme,0.9,false,No change needed.,https://fr.wikipedia.org/wiki/Offensive_du_Printemps,,Q750567
73e7f759-175b-4307-96db-7a5f06b083af,Édit sur les Prix maximum,0301-01-01,0301-01-01,year,CONFIRMED,confirme,1,false,Confirmer la date de 301.,https://fr.wikipedia.org/wiki/%C3%89dit_du_Maximum,,Q1643279
9b409745-e941-4719-b45c-84d1d4e826ea,Fondation de l'abbaye de Lessay,1056-01-01,,,INSUFFICIENT_EVIDENCE,annee_exacte_introuvable,0,true,Rechercher des sources externes fiables qui confirment l'année de fondation de l'abbaye de Lessay.,,,Q28464251
4ce34e42-314f-4eac-a611-7e1293dfb0ea,Mathilde l'Emperesse revendique le trône anglais,1139-01-01,1139-01-01,year,LIKELY_CORRECT,probable_mais_a_confirmer,0.8,false,Vérifier si d'autres sources confirment spécifiquement l'année 1139 pour la revendication.,https://fr.wikipedia.org/wiki/Mathilde_l%27Emperesse,,Q150872
d67adc0d-3a24-46b1-a51a-7bf83b18c2f7,Occupation d'Angers par les Normands,0867-01-01,0867-01-01,year,LIKELY_CORRECT,preuve_externe_faible,0,false,Ajouter une source externe qui confirme l'occupation d'Angers par les Normands en 867.,,,Q38380
38e930f7-322a-4555-a3f2-ed73de1cffaa,Bataille de Monte Cassino,1944-01-01,1944-01-01,year,CONFIRMED,confirme,0.9,false,Confirmation de la date de 1944.,wikipedia_fr_article,wikipedia_en_article,Q335288
8e88b8b8-ed82-42e2-92aa-ce52ddde1c8a,Premières incursions des Vikings en Aquitaine,0799-01-01,0799-01-01,year,LIKELY_CORRECT,probable_mais_a_confirmer,0.8,false,Confirmer la date de 799 comme année des premières incursions vikings en Aquitaine.,Raids vikings en France,,Q3153848
c66d7caf-463c-4789-99c8-5a80eaa88130,Création de la 'Banque mondiale de semences',2008-01-01,2008-01-01,year,LIKELY_CORRECT,probable_mais_a_confirmer,0.7,false,Vérifier si la date de 2008 correspond à l'inauguration ou au début des opérations de la banque.,Réserve mondiale de semences du Svalbard,,Q201013
ff787ddd-df92-403b-98b2-c802718c65da,Thomas d'Aquin commence la « Somme théologique »,1265-01-01,,,DISPUTED_DATE,date_disputee,0.2,true,Vérifier et corriger la date de début de la rédaction de la Somme théologique.,https://fr.wikipedia.org/wiki/Somme_th%C3%A9ologique,,Q653871
b19d06cd-2d17-4eef-9e62-86bdc3f2a697,Bataille de Leipzig (Bataille des Nations),1813-01-01,1813-01-01,year,CONFIRMED,confirme,0.9,false,Confirmer la date de 1813 pour la bataille de Leipzig.,wikipedia_fr_article,wikipedia_en_article,Q151005
51373579-123c-4ebb-b3a6-0dfeeddeba66,Publication de Gargantua et Pantagruel de Rabelais,1532-01-01,1532-01-01,year,CONFIRMED,confirme,0.9,false,No change needed.,Pantagruel,null,Q537242
9917a610-7b11-406f-b0ec-1c0a47abdd6a,Mobilisation générale française,1914-01-01,1914-01-01,year,CONFIRMED,confirme,1,false,Confirm the date as 1914.,https://fr.wikipedia.org/wiki/Mobilisation_fran%C3%A7aise_de_1914,,Q3317672
f3e5da90-5ea1-4652-8672-5d1a87b04b94,Alliance de Childéric II et des Francs,0673-01-01,0673-01-01,year,LIKELY_CORRECT,probable_mais_a_confirmer,0,false,Rechercher des sources externes confirmant l'année 673 pour l'alliance de Childéric II et des Francs.,,,Q146246
b6f5d8a9-e5b3-441e-914c-a43db6f6c40d,Rapprochement inédit entre indépendantistes et loyalistes en Nouvelle-Calédonie,1988-01-01,1988-01-01,year,CONFIRMED,confirme,0.9,false,No changes needed.,Histoire de la Nouvelle-Calédonie,,Q3137112
7a139f8b-19f6-4dcb-b866-1ee3f838f4b7,Invention du téléviseur à disque de Nipkow,1884-01-01,1884-01-01,year,CONFIRMED,confirme,0.9,false,Confirmer la date de 1884.,,,Q8075
f2385292-5739-4cf6-835b-b42198b510d3,Installation du David de Michel-Ange,1504-01-01,1504-01-01,year,LIKELY_CORRECT,probable_mais_a_confirmer,0.8,false,No change needed.,,,Q5592
00ba77b3-c66e-4138-902c-9294dc881703,Découverte du Canada par Jacques Cartier,1534-01-01,1534-01-01,year,CONFIRMED,confirme,0.9,false,No changes needed.,wikipedia_fr_article,wikipedia_en_article,Q7321
1baa1b9e-df34-4b8b-b538-352288ca66f7,Lancement du satellite TDF 2,1990-01-01,,,INSUFFICIENT_EVIDENCE,retrieval_insuffisant,0,true,Ajouter des sources externes fiables pour confirmer l'année du lancement du satellite TDF 2.,,,
308adfa4-c41f-4147-bc09-b0faafe23a1d,Conférence de Lausanne sur les réparations de guerre,1932-01-01,1932-01-01,year,CONFIRMED,confirme,1,false,No change needed.,https://fr.wikipedia.org/wiki/Conf%C3%A9rence_de_Lausanne_(1932),,Q679793
84f31c9f-dbbc-4d8f-85bc-52885c38797e,Mort de Charles XII,1718-01-01,1718-01-01,year,CONFIRMED,confirme,0.9,false,Confirmer la date de 1718.,wikipedia_fr_article,wikipedia_en_article,Q52934
63c116eb-2139-45f7-b578-ac2b9f510008,Massacre du Champ de Mars,1791-01-01,1791-01-01,year,CONFIRMED,confirme,0.9,false,Confirmer la date de 1791.,wikipedia_fr_article,,Q217925
f8e656b4-46f8-415f-a6cf-ebd50ab6c52b,Découverte du boson de Higgs au CERN,2012-01-01,2012-01-01,year,CONFIRMED,confirme,0.9,false,Confirmer la date de 2012.,,,Q43101
495b853b-9100-47a2-b327-a837ae482d43,Cyclone de Bhola,1970-01-01,1970-01-01,year,CONFIRMED,confirme,0.9,false,Confirm the date as 1970.,wikipedia_fr_article,wikipedia_en_article,Q245551
206e3e66-1375-4b6a-bf06-81f3dba4f0df,Sixième concile œcuménique Troisième concile de Constantinople,0680-01-01,0680-01-01,year,CONFIRMED,confirme,0.9,false,Aucune.,https://fr.wikipedia.org/wiki/Troisi%C3%A8me_concile_de_Constantinople,,Q208037
2037608e-de0e-4880-9cb9-a9ac168c60fb,Collision entre deux rames du RER C dans la région parisienne,1987-01-01,1987-01-01,year,LIKELY_CORRECT,preuve_externe_faible,0.5,false,Ajouter une source externe pour confirmer l'année de l'accident.,,,
ebb53d62-9e2e-4274-912c-7e5970885ba4,Discours de Dominique de Villepin à l’ONU,2003-01-01,2003-01-01,year,CONFIRMED,confirme,0.9,false,No change needed.,Dominique de Villepin,,Q131660
62ef936e-a6b6-4fb9-8c19-520115ca9295,Colloque de Poissy,1561-01-01,1561-01-01,year,CONFIRMED,confirme,1,false,No changes needed.,wikipedia_fr_article,wikipedia_en_article,Q2426625
cd6d2c6e-efc6-485f-be8d-f0d90b5bfe20,Exécution de Thomas More,1535-01-01,1535-01-01,year,CONFIRMED,confirme,1,false,Aucune modification nécessaire.,wikipedia_fr_article,wikipedia_en_article,Q42544
24572deb-89ed-4a02-9e60-6ce065bb6665,"Révélation publique sur les risques de l'amiante, suivie de poursuites judiciaires",1995-01-01,,,INSUFFICIENT_EVIDENCE,absence_de_singularite,0,true,Préciser le titre pour qu'il décrive un événement unique et fournir des sources datées.,https://fr.wikipedia.org/wiki/Amiante,,Q104085
30bfd30e-26fb-48bd-89d7-65981d9c18a2,Division de l'Empire romain par Dioclétien,0285-01-01,,,INSUFFICIENT_EVIDENCE,absence_de_singularite,0,true,"Reject. The event describes a process, not a single year.",https://fr.wikipedia.org/wiki/Division_de_l%27Empire_romain,,Q2139797
e2570650-4894-4097-ab67-7b5efe2bb043,Traité de Ribemont fixant la frontière entre la France et la Germanie,0880-01-01,0880-01-01,year,LIKELY_CORRECT,preuve_externe_faible,0.5,false,Ajouter des sources externes pour confirmer l'année du traité.,,,
9e4ff49d-ae7d-4e9c-919d-92c21715cfe4,Bataille de Vĩnh Yên : Conflit Indochinois Clé,1951-01-01,1951-01-01,year,LIKELY_CORRECT,probable_mais_a_confirmer,0.8,false,Confirmer l'année 1951 comme date de la bataille de Vĩnh Yên.,,,Q604897
a48b288d-af4c-428c-90e4-083e4a1dce19,Prix Goncourt 1915 : René Benjamin,1915-01-01,1915-01-01,year,CONFIRMED,confirme,0.9,false,No change needed.,wikipedia_fr_article,wikipedia_en_article,Q187300
46ab65ba-57d8-4c9e-876b-7e12ee7db553,Condamnation de Galilée par l'Inquisition,1633-01-01,1633-01-01,year,CONFIRMED,confirme,0.9,false,Aucune révision nécessaire.,,,Q43173
6fa51f38-56c5-4695-a107-cec469dd184e,Découverte du gisement pétrolier de Hassi Messaoud,1956-01-01,,,INSUFFICIENT_EVIDENCE,annee_exacte_introuvable,0,true,Rechercher des sources externes mentionnant explicitement l'année de la découverte du gisement pétrolier de Hassi Messaoud.,https://fr.wikipedia.org/wiki/Hassi_Messaoud,,Q1000139
dba35c5d-6526-44cc-ad56-23685ba9fd95,Victoire des Mongols à la bataille de Legnica,1241-01-01,1241-01-01,year,CONFIRMED,confirme,0.9,false,Confirmer la date de 1241.,https://fr.wikipedia.org/wiki/Bataille_de_Legnica_(1241),,Q159512
c7e2d8fc-94b9-47e6-b366-ae644cd48632,Fin de la deuxième guerre des Boers,1902-10-01,1902-01-01,year,CONFIRMED,confirme,1,false,Confirmer la date de fin de la deuxième guerre des Boers comme étant 1902.,Guerre des Boers,,Q1676845
f45b8cbe-ff18-467e-bc21-44f4a7f9d7a4,Exploration de l'Alaska par Vitus Bering,1741-01-01,1741-01-01,year,LIKELY_CORRECT,preuve_externe_faible,0.5,false,Ajouter des sources externes confirmant l'année 1741 pour l'exploration de l'Alaska par Vitus Bering.,,,Q6502154
d6bd6e2a-86dc-4fa8-a183-a6262d2c332c,Entrée des Magyars dans le bassin des Carpates,0895-01-01,,,INSUFFICIENT_EVIDENCE,annee_exacte_introuvable,0,true,Search for sources that explicitly state the year of the Magyar entry into the Carpathian Basin.,Magyars,,Q133032
8a94adf2-c6dc-4abc-87bb-a351a98f055a,Début de la Révolution industrielle,1750-01-01,1760-01-01,year,POTENTIAL_DATE_ERROR,divergence_date,0.7,false,"Vérifier si 1760 est une date plus précise que 1750, qui est une date plus générale souvent utilisée.",https://fr.wikipedia.org/wiki/R%C3%A9volution_industrielle,,Q2269
e3988a92-0d6c-4254-9e44-db52b3b12707,Bataille de Poitiers (Jean le Bon),1356-01-01,1356-01-01,year,CONFIRMED,confirme,1,false,Confirmer la date de 1356.,wikipedia_fr_article,,Q201692
05e0aba3-ba0e-4a59-b7e0-a34f7225f0e9,Accord commercial entre Venise et le Sultanat Mamelouk,1289-01-01,,,INSUFFICIENT_EVIDENCE,retrieval_insuffisant,0,true,Fournir des sources externes pour confirmer l'année de l'accord commercial.,,,
99652b75-1daa-4f7f-ad98-59feb9be37ac,Élection de Paul Deschanel à la présidence de la République,1920-01-01,1920-01-01,year,CONFIRMED,confirme,0.9,false,No change needed.,Paul Deschanel,,Q309995
03d44d71-2291-4070-86a0-5b120574b959,Euro 2016: Victoire du Portugal face à la France,2016-01-01,2016-01-01,year,CONFIRMED,confirme,1,false,No changes needed.,Équipe du Portugal de football au Championnat d'Europe 2016,,Q22002173
e0149cf1-90bf-4a34-b6dd-3695e6af51e5,Prix Goncourt 1921 : René Maran,1921-01-01,1921-01-01,year,CONFIRMED,confirme,0.9,false,No changes needed.,wikipedia_fr_article,wikipedia_en_article,Q537093
56dead98-edb7-4211-9782-431c0f191802,La bataille de Nicopolis,1396-01-01,1396-01-01,year,CONFIRMED,confirme,1,false,Aucune action nécessaire.,wikipedia_fr_article,wikipedia_en_article,Q212220
1f232816-44ec-431b-9d8f-1d76c2658fc9,Découverte du trésor de l'Escuy,1967-01-01,,,INSUFFICIENT_EVIDENCE,retrieval_insuffisant,0,true,Fournir des sources externes pour valider l'année de la découverte.,,,
e29ac693-8ea2-4864-9f05-6cba6c1bb7c5,Début de la persécution des chrétiens à Rome,0064-01-01,0064-01-01,year,LIKELY_CORRECT,probable_mais_a_confirmer,0.8,false,Aucune modification nécessaire.,Persécution des chrétiens,,Q554482
7c232984-7f9c-4b58-98ff-ad9ca869c3f5,Création de la Ligue de Cambrai contre Venise,1510-01-01,1508-01-01,year,POTENTIAL_DATE_ERROR,divergence_date,0.9,false,Confirmer la date de création de la Ligue de Cambrai comme étant 1508.,Guerre de la Ligue de Cambrai,,Q636365
157e2377-47cb-43ab-b30f-a79e5029c47d,Arrestation d'Émile Henry,1894-01-01,1894-01-01,year,CONFIRMED,confirme,0.9,false,No change needed.,https://fr.wikipedia.org/wiki/%C3%89mile_Henry_(anarchiste),,Q285998
edb6ad99-3c0e-422a-a047-df55141c7ba4,Gesalec devient roi des Wisigoths,0510-01-01,0510-01-01,year,LIKELY_CORRECT,preuve_externe_faible,0,false,Provide external sources to validate the year.,,,
678090de-1b73-4f8f-95eb-9a0f7e9f6add,Raid de Dieppe,1942-01-01,1942-01-01,year,CONFIRMED,confirme,0.9,false,Confirmer la date de 1942.,wikipedia_fr_article,,Q270517
1ab45ba5-4637-4b27-a453-afcf025748c4,Ravaillac entre au couvent des Feuillants,1606-01-01,1606-01-01,year,LIKELY_CORRECT,preuve_externe_faible,0.5,false,Fournir des sources externes pour confirmer l'année de l'entrée de Ravaillac au couvent des Feuillants.,,,
3952ac68-88c6-433d-8c2f-ab0482cc5092,Lancement de la construction du Burj Khalifa à Dubaï,2004-01-01,,,INSUFFICIENT_EVIDENCE,retrieval_insuffisant,0,true,"Rechercher des sources externes fiables (articles de presse, sites web officiels) qui confirment l'année de lancement de la construction du Burj Khalifa.",,,Q613
dfa77599-5ce5-4766-af0f-7181f65af63e,Crise de Fachoda,1898-01-01,1898-01-01,year,CONFIRMED,confirme,0.9,false,Confirmer la date de 1898.,https://fr.wikipedia.org/wiki/Crise_de_Fachoda,,Q722699
66cec52a-c447-4b3e-a7e3-f28932ebec57,"L'empereur byzantin interdit le culte des images religieuses, instaurant l'iconoclasme",0730-01-17,0730-01-01,year,LIKELY_CORRECT,preuve_externe_faible,0.5,false,Fournir des sources externes pour confirmer l'année 730.,,,
488d841b-c62b-4de2-b29b-f4ef51db1b83,Prise de pouvoir des Qing en Chine,1644-10-01,1644-01-01,year,LIKELY_CORRECT,probable_mais_a_confirmer,0,false,Ajouter une source externe fiable qui confirme l'année 1644 comme date de la prise de pouvoir des Qing en Chine.,,,Q148
5e196d63-7dce-43db-b6fc-bacd64441f40,Création du CERN avec participation française,1954-01-01,1954-01-01,year,CONFIRMED,confirme,0.9,false,Rechercher des sources externes confirmant la date de création du CERN en 1954.,,,Q30971
ae82f032-130b-4ef9-8c4b-1092c2cc3829,États généraux de Tours,1484-01-01,1484-01-01,year,CONFIRMED,confirme,1,false,None,https://fr.wikipedia.org/wiki/%C3%89tats_g%C3%A9n%C3%A9raux_de_1484,,Q3591912
203d915a-7871-4235-9273-8cff2a7fd3f1,Premier traité d'astronomie imprimé,1473-01-01,,,INSUFFICIENT_EVIDENCE,annee_exacte_introuvable,0,true,Rechercher des sources externes fiables pour confirmer l'année de publication du traité.,,,
25bdc445-84a2-4dac-aebf-d4940aaa7a5d,Lancement du satellite de télécommunications Telecom 1A,1984-01-01,1984-01-01,year,LIKELY_CORRECT,probable_mais_a_confirmer,0.8,false,Vérifier avec des sources plus spécifiques sur le lancement de Telecom 1A.,,,Q149918
53724444-ac02-4724-be9f-7dd2435ba4be,L'équipe de France triomphe à la Coupe du monde de football en Russie,2018-01-01,2018-01-01,year,CONFIRMED,confirme,1,false,No change needed.,https://fr.wikipedia.org/wiki/Finale_de_la_Coupe_du_monde_de_football_2018,,Q31043671
3e73ee50-f348-49dd-8a9b-325f5706152a,Raid des Huns en Perse,0395-01-01,0395-01-01,year,LIKELY_CORRECT,preuve_externe_faible,0.5,false,Ajouter des sources externes fiables pour valider l'année du raid des Huns en Perse.,,,
38a0ae66-cbad-4ace-baa1-99db51f7a32f,Première transplantation de visage,2005-01-01,,,INSUFFICIENT_EVIDENCE,retrieval_insuffisant,0,true,Fournir des sources externes pour valider l'année de la première transplantation de visage.,,,
6c22fe5a-36ec-46b8-88e8-7b698b668f53,Commercialisation du 'Rejuvenique Beauty Mask',1999-01-01,1999-01-01,year,LIKELY_CORRECT,preuve_externe_faible,0.5,false,Ajouter des sources externes fiables pour confirmer l'année de commercialisation.,,,
1e6f6502-5e24-4f87-8e1b-3e245b3214be,Mise au point du vaccin contre la polio,1955-04-12,,,INSUFFICIENT_EVIDENCE,annee_exacte_introuvable,0,true,Rechercher des sources externes fiables qui confirment l'année exacte de la mise au point du vaccin contre la polio.,,,Q798309
6ba58623-786d-48b3-848c-5b80d997357b,Promulgation du Code de Justinien réforme juridique majeure à Byzance,0529-01-01,0529-01-01,year,LIKELY_CORRECT,preuve_externe_faible,0.5,false,Ajouter des sources externes fiables pour confirmer l'année de promulgation du Code de Justinien.,,,
ec517ad3-c2ac-4961-9f2a-f2b6b4013c91,Première VAR en Coupe du Monde,2018-01-01,2018-01-01,year,CONFIRMED,confirme,0.9,false,No changes needed.,Coupe du monde de football 2018,,Q170645
15c1b8ce-1602-4008-a022-2607ed74ff08,Siège de Constantinople (Mourad II),1422-01-01,1422-01-01,year,CONFIRMED,confirme,1,false,Confirmer la date de 1422.,wikipedia_fr_article,,Q700886
96aa26a4-324c-40c7-8110-ebe755ffc760,Siège de Ronda par les forces catholiques,1485-01-01,,,INSUFFICIENT_EVIDENCE,retrieval_insuffisant,0,true,Ajouter des sources externes fiables pour valider l'année 1485.,,,
d11b8523-2155-42b1-a6db-53c28f522be3,Voyage officiel de De Gaulle en URSS,1966-01-01,,,INSUFFICIENT_EVIDENCE,annee_exacte_introuvable,0,true,Rechercher des sources externes confirmant l'année exacte du voyage de De Gaulle en URSS.,,,Q123964132
111380cc-6ad1-4f26-9f00-d89f27e1bb38,Invasion des Alamans,0276-01-01,0276-01-01,year,LIKELY_CORRECT,preuve_externe_faible,0.8,false,Vérifier si d'autres sources confirment l'année 276 pour l'invasion spécifique de la Gaule.,Alamans,,Q132990
03b4cb7e-92c9-4fee-99db-d609f29824f1,Ouverture de l’École normale supérieure de jeunes filles,1880-01-01,,,INSUFFICIENT_EVIDENCE,preuve_insuffisante,0,true,Rechercher des sources externes confirmant l'année 1880 pour l'ouverture de l'École normale supérieure de jeunes filles.,,,Q273605
63a34efa-3063-4b15-bc0a-f20b182d60e5,Décret papal In Nomine Domini,1059-01-01,1059-01-01,year,LIKELY_CORRECT,preuve_externe_faible,0,false,Ajouter des sources externes fiables pour confirmer l'année de promulgation du décret.,,,
4dc9e0b2-10c9-43bd-aadb-da51a50a294d,Olaf Ier Tryggvason devient roi de Norvège et commence la christianisation du pays,0995-01-01,0995-01-01,year,CONFIRMED,confirme,0.9,false,None,Olaf Tryggvason,,Q213801
ab2e6183-2f97-40ba-aa88-2659d42ef907,Première de la Symphonie n°6 de Piotr Ilitch Tchaïkovski,1893-10-28,1893-01-01,year,CONFIRMED,confirme,0.9,false,No change needed.,https://fr.wikipedia.org/wiki/Piotr_Ilitch_Tcha%C3%AFkovski,,Q7315
76ef1328-2f08-4d35-a07a-dfc0aa138f45,Grand séisme de Kaboul,1505-01-01,,,INSUFFICIENT_EVIDENCE,annee_exacte_introuvable,0,true,"Rechercher des sources externes fiables qui confirment l'année exacte du séisme de Kaboul, idéalement des sources historiques ou des études sismiques.",,,Q5838
277433f9-2c8e-4fdd-b79d-f2019aa9ae7a,Pillage de Bordeaux et Toulouse par les Normands,0844-01-01,0844-01-01,year,CONFIRMED,confirme,0.9,false,Aucune modification nécessaire.,,,Q1933558
34225336-ec15-437e-8670-276155e9de97,Révolte vendéenne,1793-01-01,1793-01-01,year,LIKELY_CORRECT,probable_mais_a_confirmer,0.8,false,No changes needed.,,,Q2889455
a58768f1-5c14-48ce-bcfc-3f825bda961c,Création de la Banque d'Angleterre,1694-01-01,1694-01-01,year,LIKELY_CORRECT,probable_mais_a_confirmer,0,false,Ajouter une source externe fiable confirmant la date de création de la Banque d'Angleterre.,,,Q21
dc7bfc2b-e80f-435f-9e84-afbad069e965,Séisme de Danyang,1185-01-01,1185-01-01,year,LIKELY_CORRECT,preuve_externe_faible,0.5,false,Ajouter des sources externes fiables pour confirmer l'année du séisme.,,,
3d3ad3d2-0200-4c01-9b4c-003d5bd7849e,Création de la Marche de Bretagne,0753-01-01,,,INSUFFICIENT_EVIDENCE,annee_exacte_introuvable,0,true,Rechercher des sources historiques fiables qui confirment l'année de création de la Marche de Bretagne.,,,Q12188
4491611b-a794-44fd-a430-3a5454fe5cea,Première ligne de chemin de fer voyageurs (Angleterre),1830-01-01,,,INSUFFICIENT_EVIDENCE,retrieval_insuffisant,0,true,Fournir des sources externes pour confirmer l'année de l'inauguration de la ligne de chemin de fer Liverpool et Manchester.,,,
ea93b5d5-8e8b-470f-81e3-82e5dcf8a84c,Développement de la cuisine moléculaire,1988-01-01,,,INSUFFICIENT_EVIDENCE,absence_de_singularite,0,true,Reject due to the event describing a development process rather than a singular event.,,,Q1778821
4bfd1569-97dc-474d-8ee9-5fd72c5ec01c,Développement du procédé de pasteurisation,1864-01-01,,,INSUFFICIENT_EVIDENCE,annee_exacte_introuvable,0,true,Rechercher des sources plus précises indiquant l'année exacte du développement initial du procédé de pasteurisation.,Pasteurisation,,Q58148
278280ff-6394-4f3e-a96e-8ef6ff2323ce,Premier jardin zoologique public de Paris,1794-01-01,,,INSUFFICIENT_EVIDENCE,annee_exacte_introuvable,0,true,Rechercher des sources externes fiables confirmant l'année d'ouverture du premier jardin zoologique public de Paris.,,,Q3090513
ae998349-b824-454d-8834-8cc44442c9e4,Bataille des Plaines d'Abraham,1759-01-01,1759-01-01,year,CONFIRMED,confirme,0.9,false,Confirmer la date de 1759.,wikipedia_fr_article,wikipedia_en_article,Q311726
17cb17b5-eef8-46ab-9f6b-6258b665ae95,Sacre d'Henri IV à Chartres,1594-01-01,1594-01-01,year,CONFIRMED,confirme,1,false,No change needed.,https://fr.wikipedia.org/wiki/Sacre_d%27Henri_IV,,Q99186881
fd438e23-827c-46e5-8eda-f66c505e8b06,Mort du roi Henri II lors d'un tournoi,1559-01-01,1559-01-01,year,CONFIRMED,confirme,1,false,No change needed.,https://fr.wikipedia.org/wiki/Henri_II_(roi_de_France),,Q132545
9e142af1-0545-4192-a1cc-3ff85e2dc6e3,Éruption du Mont Asama au Japon,1108-01-01,1108-01-01,year,CONFIRMED,confirme,1,false,Aucune modification nécessaire.,Mont Asama,,Q242730
4b4d87b0-868b-4dc6-ac62-083811fa6c1b,Naissance de Charles de Batz de Castelmore,1611-01-01,,,INSUFFICIENT_EVIDENCE,annee_exacte_introuvable,0,true,"Rechercher des sources externes fiables (biographies, articles académiques, etc.) qui confirment l'année de naissance de Charles de Batz de Castelmore.",,,Q153051
94a178d7-8858-48aa-adeb-0bd74de6fae0,Emma de Normandie épouse Ethelred le Malavisé,1002-01-01,1002-01-01,year,LIKELY_CORRECT,probable_mais_a_confirmer,0.8,false,Aucune modification nécessaire.,https://fr.wikipedia.org/wiki/%C3%86thelred_le_Malavis%C3%A9,,Q183499
9e26963f-61c1-48e2-a635-d73c7f557569,Lois de décentralisation,1982-03-02,1982-01-01,year,CONFIRMED,confirme,0.9,false,No change needed.,wikipedia_fr_article,wikipedia_en_article,Q136164215
e62c6c86-2511-4984-905a-04cc709e33ee,Ouverture de l'Université des Sciences et Technologies Zewail,2008-01-01,,,INSUFFICIENT_EVIDENCE,retrieval_insuffisant,0,true,Fournir des sources externes pour valider l'année d'ouverture.,,,
3a01856a-6a7f-4904-b973-cf381525a87e,Invention du pantalon de travail.,1860-01-01,,,INSUFFICIENT_EVIDENCE,annee_exacte_introuvable,0,true,Further research is needed to determine the exact year of the invention of work pants.,Pantalon,,Q39908
07f6b40d-939d-405c-b651-b8ce0f827427,Annexion de la Provence par les Francs aux dépens des Ostrogoths,0537-01-01,,,INSUFFICIENT_EVIDENCE,retrieval_insuffisant,0,true,Fournir des sources externes pour valider l'année de l'annexion.,,,
b53014e4-e618-4d8d-8340-577f33c35772,Invasion de la Mésie par les Huns,0447-01-01,0447-01-01,year,LIKELY_CORRECT,preuve_externe_faible,0.8,false,Confirmer l'événement si d'autres sources corroborent l'année 447.,,,Q199499
dc7b281a-faca-4d4f-a930-214cb5a7f857,Création de l’OECE,1948-01-01,,,INSUFFICIENT_EVIDENCE,retrieval_insuffisant,0,true,Fournir des sources externes pour valider l'année de création de l'OECE.,,,
0d47f90e-02dd-461d-ad0c-cc48c711362d,Crise des dettes souveraines en Europe,2010-01-01,,,INSUFFICIENT_EVIDENCE,absence_de_singularite,0,true,Reject. The title describes a period and not a specific event.,,,Q3344452
7b187444-0de3-456a-8cc0-ed5a0f40b185,Paracelse publie « La Grande Chirurgie »,1536-01-01,1536-01-01,year,LIKELY_CORRECT,probable_mais_a_confirmer,0.8,false,Aucune recommandation nécessaire.,Paracelse,,Q83428
78f23ae9-b9e3-405a-80af-def4b3950c2a,Assassinat d'Henri III par Jacques Clément,1589-01-01,1589-01-01,year,CONFIRMED,confirme,1,false,No change needed.,https://fr.wikipedia.org/wiki/Assassinat_d%27Henri_III,,Q60836405
f97fa483-9bd9-4dba-9433-754df7017709,Assassinat de Caligula,0041-01-24,0041-01-01,year,CONFIRMED,confirme,1,false,Confirmer la date de l'assassinat de Caligula comme étant l'an 41.,https://fr.wikipedia.org/wiki/Caligula,,Q1409
aab82af6-408e-4d5c-b3a2-9205be648179,Agitation lycéenne autour des Comités Vietnam,1968-01-01,1968-01-01,year,CONFIRMED,confirme,0.9,false,CONFIRMED,1968 en France,,Q2812474
a1d9db51-83b0-4d2b-af98-caf4526b110b,Technologie sur la ligne de but en Coupe du Monde,2014-01-01,2014-01-01,year,CONFIRMED,confirme,0.9,false,Aucune modification nécessaire.,https://fr.wikipedia.org/wiki/Technologie_sur_la_ligne_de_but,,Q333717
58388a8f-d0db-419e-9de0-5b47339cecc6,Mort de Jacques Chancel,2014-01-01,2014-01-01,year,CONFIRMED,confirme,1,false,Confirmer la date de décès en 2014.,wikipedia_fr_article,,Q3158494
14f33d00-ce00-4969-a0b4-a991dd4d1491,Bataille de Cérisoles,1544-01-01,1544-01-01,year,CONFIRMED,confirme,0.9,false,Confirmer la date de 1544.,wikipedia_fr_article,,Q2237484
40235b99-57ca-4208-a406-9d332da7b1fc,Règne de Charles VI le Fol,1380-01-01,,,INSUFFICIENT_EVIDENCE,absence_de_singularite,0,true,"Reject the event as it describes a period, not a specific year.",,,Q133372
5211ebf4-4575-46d9-b4ec-35daec9f0ae1,Publication de Les Liaisons dangereuses,1782-01-01,1782-01-01,year,CONFIRMED,confirme,0.9,false,No change needed.,wikipedia_fr_article,wikipedia_en_article,Q862050
c08b87bb-afd5-4a7d-898b-9a492a015663,Invention du télégraphe optique par Claude Chappe,1793-01-01,1793-01-01,year,LIKELY_CORRECT,probable_mais_a_confirmer,0.8,false,No change needed.,https://fr.wikipedia.org/wiki/Claude_Chappe,,Q361305
d55bada4-60ca-4fc9-be71-cc6d80679573,Loi renforçant les pouvoirs de police du ministre de l'Intérieur sur la sécurité nationale,2002-01-01,2002-01-01,year,CONFIRMED,confirme,0.9,false,Aucune modification nécessaire.,,,Q132529387
8bfedd8e-b4e6-4119-9af3-4efd367a9706,Valorisation de la formation professionnelle dans l'enseignement secondaire français,1985-01-01,1985-01-01,year,CONFIRMED,confirme,1,false,No change needed.,,,Q3152454
ea824050-6efa-4358-b3d0-3b46f2b913ca,Abolition de la monarchie en France,1792-01-01,1792-01-01,year,CONFIRMED,confirme,0.9,false,No change needed.,,,Q69323
8ad2ff85-9ab3-4e71-9bb6-9e2f2bfac9f5,Fondation de São Paulo,1554-01-01,1554-01-01,year,CONFIRMED,confirme,0.9,false,Aucune action nécessaire.,wikipedia_fr_article,wikipedia_en_article,Q174
105cba72-d7e4-4ae9-939a-d417c37b174b,Échec de l'expédition franque contre le royaume slave de Samo,0631-01-01,0631-01-01,year,LIKELY_CORRECT,preuve_externe_faible,0.5,false,Ajouter des sources externes fiables pour confirmer l'année de l'événement.,,,
67793742-915d-44b5-8081-357098943b95,Bataille de Nördlingen et victoire française,1645-01-01,1645-01-01,year,CONFIRMED,confirme,1,false,None,https://fr.wikipedia.org/wiki/Bataille_d%27Alerheim,,Q630142
7c043fb8-b1c2-4baf-93f2-0cbb74d10906,Couronnement d'Otton Ier à Aix-la-Chapelle,0936-01-01,,,INSUFFICIENT_EVIDENCE,retrieval_insuffisant,0,true,Fournir des sources externes pour confirmer l'année du couronnement.,,,
d6338c79-5e14-4661-887c-80f140d154a5,Guerre entre les Francs et les Vikings danois,0810-01-01,0810-01-01,year,LIKELY_CORRECT,probable_mais_a_confirmer,0.8,false,Confirmer la date de 810 comme l'année de la guerre entre les Francs et les Vikings danois.,,,Q12567
eda8794e-80da-4ded-aad0-2882aa6818d9,Construction de la Tribune Tower à Chicago,1925-01-01,1925-01-01,year,CONFIRMED,confirme,1,false,Confirmer la date de construction de la Tribune Tower à Chicago comme étant 1925.,Tribune Tower,,Q2143136
0e7e41e8-88ee-439d-bad4-d8f4b7b9ff84,Début de la guerre de Hollande,1672-01-01,1672-01-01,year,CONFIRMED,confirme,0.9,false,Confirmer la date de début de la guerre de Hollande comme étant 1672.,https://fr.wikipedia.org/wiki/Guerre_de_Hollande,,Q646322
660f3c61-6ed9-42f4-a20f-93429e9d1fdb,Nicolas de Cues et la philosophie humaniste,1440-01-01,,,INSUFFICIENT_EVIDENCE,absence_de_singularite,0,true,Rejeter car il s'agit d'un développement philosophique qui s'étend sur une période et non d'un événement ponctuel.,https://fr.wikipedia.org/wiki/Nicolas_de_Cues,,Q154751
d48ecd61-c701-4326-904a-003d53eff048,Révolution des Œillets,1974-04-25,1974-01-01,year,CONFIRMED,confirme,1,false,Confirmer la date de 1974.,wikipedia_fr_article,,Q193245
dc09941c-dc66-4221-b60b-b7bd0b949cc5,Le scandale de la Banque de Londres et de Paris,1882-01-01,1882-01-01,year,LIKELY_CORRECT,preuve_externe_faible,0.5,false,Rechercher des sources externes pour confirmer l'année du scandale.,,,
01bde4a3-d93b-4964-9941-4781afc96d56,Fondation de l'Université de Bordeaux,1448-01-01,1448-01-01,year,LIKELY_CORRECT,probable_mais_a_confirmer,0.7,false,Vérifier la date de fondation de l'université.,wikipedia_fr_article,,Q13344
e668ec96-a4c9-4009-9160-f00dad95dcc1,Eudes de Paris comte de Paris couronné roi de Francie occidentale,0888-01-01,0888-01-01,year,CONFIRMED,confirme,0.9,false,Ajouter une source externe fiable confirmant l'année 888.,,,Q2981
a98fda31-924f-4e76-b35b-d07faa4d7b27,Bataille de Svolder,1000-01-01,1000-01-01,year,DISPUTED_DATE,date_disputee,0.7,false,"Conserver l'année 1000 comme proposition, mais noter la dispute sur la date.",wikipedia_fr_article,wikipedia_en_article,Q1163186
1d6930ab-e11f-4d8f-a83e-4acbaf44dec8,Élaboration des premières règles des échecs,1475-01-01,,,INSUFFICIENT_EVIDENCE,absence_de_singularite,0,true,"Reject due to the event describing a period of rule elaboration rather than a specific event in a single year. More specific sources are needed to pinpoint an exact year, if one exists.",https://fr.wikipedia.org/wiki/%C3%89checs,,Q718
8aebb9f9-775c-44a9-9379-da5fe37f6cf7,Génocide au Rwanda : rôle controversé de la France,1994-01-01,1994-01-01,year,DISPUTED_DATE,date_disputee,0.9,false,Vérifier les controverses liées au rôle de la France.,Rôle de la France dans le génocide des Tutsi au Rwanda,,Q3458870
5c465a20-17d0-460f-b2c2-fd803f5fe77b,Mort de Charles le Téméraire,1477-01-05,1477-01-01,year,CONFIRMED,confirme,1,false,Aucune modification nécessaire.,wikipedia_fr_article,wikipedia_en_article,Q151120
9a9ebb2c-b181-4333-955a-b11a3410210e,Révolte des esclaves de la Paroisse Saint-Charles,1811-01-01,1811-01-01,year,CONFIRMED,confirme,0.9,false,Confirmer la date de 1811.,Révolte de La Nouvelle-Orléans,,Q4553950
3377c31d-01be-4820-b2c2-99538f3749a6,Première du Sacre du printemps d'Igor Stravinsky,1913-05-29,1913-01-01,year,CONFIRMED,confirme,0.9,false,No change needed.,Igor Stravinsky,,Q7314
237dd784-1fba-4f0c-9c33-7e2b4dd00d21,Début de la dynastie Han en Chine,0206-01-01,0206-01-01,year,CONFIRMED,confirme,1,false,Confirmer la date de début de la dynastie Han.,Dynastie Han,,Q7209
ca33bb8a-ab8b-452b-9180-6f757f9aee77,Début de la bataille de Verdun,1916-02-21,1916-01-01,year,CONFIRMED,confirme,0.9,false,Aucune modification nécessaire.,wikipedia_fr_article,,Q130847
ebb3a4c1-0027-4264-9309-8cb90589121d,Fondation du Bauhaus par Walter Gropius,1919-01-01,1919-01-01,year,CONFIRMED,confirme,1,false,Aucune modification nécessaire.,Bauhaus,,Q124354
33caee1c-fb5e-465f-be87-6dbcbae969ec,Guerre des Émeus,1932-01-01,1932-01-01,year,CONFIRMED,confirme,0.9,false,Confirmer la date de 1932.,https://fr.wikipedia.org/wiki/Guerre_des_%C3%A9meus,,Q14665
4fa9a577-1625-435d-b054-a32f2b2e381c,Création de la Bourse de commerce d'Anvers,1486-01-01,,,INSUFFICIENT_EVIDENCE,annee_exacte_introuvable,0,true,Rechercher des sources supplémentaires pour confirmer ou infirmer l'année de création de la Bourse de commerce d'Anvers.,,,Q2922469
a82248bb-4709-4ced-b842-8f8a5be97c49,Règne de Pépin le Bref sur le royaume des Francs,0751-01-01,,,INSUFFICIENT_EVIDENCE,absence_de_singularite,0,true,Confirmer que l'événement décrit est le début du règne et non le règne entier. Ajuster le titre en conséquence.,Pépin le Bref,,Q81212
4cc91630-8f35-467f-a42f-b85edd5f3ece,Mathilde de Toscane soutient la papauté,1076-01-01,1076-01-01,year,LIKELY_CORRECT,preuve_externe_faible,0.8,false,Aucune modification nécessaire.,,,Q642497
54e11f6e-7b16-4d67-83d4-fcd7455dc957,Conquête omeyyade du royaume wisigoth d’Hispanie,0711-01-01,0711-01-01,year,CONFIRMED,confirme,0.9,false,No change needed.,,,Q126936
8d48934e-e061-4fa5-b888-100827c1c5c9,Création du Fonds Monétaire International (FMI),1944-07-01,1944-01-01,year,DISPUTED_DATE,date_disputee,0.7,false,Vérifier la date exacte de création du FMI et harmoniser les sources.,https://fr.wikipedia.org/wiki/Fonds_mon%C3%A9taire_international,,Q7804
0a1faa18-69a3-4b4a-bbc8-969421ba7c9c,Prix Goncourt 1931 : Jean Fayard,1931-01-01,1931-01-01,year,CONFIRMED,confirme,1,false,No change needed.,wikipedia_fr_article,wikipedia_en_article,Q788152
7aa09aec-6266-46c1-a8fa-ab7cc96d2553,Donation de Pépin,0756-01-01,0756-01-01,year,CONFIRMED,confirme,0.9,false,Confirmer la date de 756.,wikipedia_fr_article,wikipedia_en_article,Q973573
6f5d0335-2f1c-404e-b3fa-f3ee5cbe3703,Première de Turandot de Giacomo Puccini,1926-04-25,1926-01-01,year,CONFIRMED,confirme,1,false,Aucune modification nécessaire.,,https://en.wikipedia.org/wiki/Turandot,Q207990
d1326501-29fc-4bb4-85e0-90ea2eb03a43,Naufrage du Costa Concordia,2012-01-01,2012-01-01,year,CONFIRMED,confirme,0.9,false,Confirmer la date de 2012 comme année du naufrage du Costa Concordia.,wikipedia_fr_article,wikipedia_en_article,Q1245004
9d78f943-9963-46ed-9397-1c269cb14657,Adoption du PACS – débat initial,1998-01-01,1998-01-01,year,LIKELY_CORRECT,preuve_externe_faible,0.5,false,Chercher des sources externes confirmant que le débat initial sur le PACS a eu lieu en 1998.,,,
fe57213d-36f8-44f5-ab03-142ecd312e9d,Bataille de Nedao,0454-01-01,0454-01-01,year,CONFIRMED,confirme,1,false,Confirmer la date de 454 pour la bataille de Nedao.,https://fr.wikipedia.org/wiki/Bataille_de_la_Nedao,,Q841211
ffc4b9c1-3367-48b6-8135-5b8d00139d88,Découverte des rayons X par Röntgen,1895-11-08,1895-01-01,year,CONFIRMED,confirme,1,false,No change needed.,Wilhelm Röntgen,,Q35149
59ed8566-a80e-4d66-98db-13ec02df8a3b,Affaire du sang contaminé en France – verdicts,1998-01-01,1998-01-01,year,LIKELY_CORRECT,probable_mais_a_confirmer,0.7,false,Vérifier si d'autres sources confirment l'année des verdicts.,wikipedia_fr_article,,Q928528
70dac18c-4b61-402d-8a29-98f2c89564ce,Richelieu fonde l'Imprimerie Royale,1642-01-01,1642-01-01,year,LIKELY_CORRECT,probable_mais_a_confirmer,0.8,false,No change needed.,Armand Jean du Plessis de Richelieu,,Q26702
2d2f0fe1-2401-48da-8409-1aa501f062cf,"Guerre de Dévolution, menée par Louis XIV",1667-01-01,1667-01-01,year,CONFIRMED,confirme,0.9,false,Confirmer la date de début de la guerre comme 1667.,https://fr.wikipedia.org/wiki/Guerre_de_D%C3%A9volution,,Q25857
9509f70e-ca34-4149-a079-4afa90891b92,Publication de la Vulgate,0405-01-01,,,INSUFFICIENT_EVIDENCE,annee_exacte_introuvable,0,true,More precise sources are needed to confirm the exact year of publication.,wikipedia_fr_article,wikipedia_en_article,Q131175
6805987b-8fdb-4246-b1bc-360e44b01e2c,Premier télescope réflecteur,1668-12-23,,,INSUFFICIENT_EVIDENCE,annee_exacte_introuvable,0,true,Rechercher des sources externes confirmant l'année de construction du premier télescope réflecteur.,,,Q4213
281c639a-ba02-41d8-a630-63fea0cb8a52,Fondation de l'Académie Nationale de Médecine,1820-01-01,1820-01-01,year,CONFIRMED,confirme,1,false,Aucune.,https://fr.wikipedia.org/wiki/Acad%C3%A9mie_nationale_de_m%C3%A9decine,,Q337555
cad0384d-19c4-4a7f-a72d-ef3f567d3d08,Découverte des électrons par J.J. Thomson,1897-01-01,1897-01-01,year,LIKELY_CORRECT,probable_mais_a_confirmer,0.8,false,None,Joseph John Thomson,,Q47285
4c47e3d0-fab3-4e55-abbb-25828b81023d,Développement de la mécanique quantique,1925-01-01,,,INSUFFICIENT_EVIDENCE,absence_de_singularite,0,true,Rejeter car il s'agit d'un développement sur plusieurs années.,https://fr.wikipedia.org/wiki/M%C3%A9canique_quantique,,Q944
6fdb2cfc-54d7-4fac-98ca-ac35c9ec1c25,L'égalité conjugale et adoptive pour tous les couples en France,2013-01-01,2013-01-01,year,CONFIRMED,confirme,0.9,false,No changes needed.,Mariage entre personnes de même sexe en France,,Q3098727
682185e7-eca6-4f40-8062-507760f39bb0,Jesse Owens aux Jeux olympiques de Berlin,1936-01-01,1936-01-01,year,CONFIRMED,confirme,1,false,Aucune modification nécessaire.,Jeux olympiques d'été de 1936,,Q8150
598232b2-c0c8-46ea-8222-e3bc3bc87b97,1984 Protests Against the Savary Law in France,1984-01-01,1984-01-01,year,LIKELY_CORRECT,preuve_externe_faible,0.8,false,No changes needed.,,,Q18715657
535c4a7c-7273-4667-8903-fc504319f442,Premier match de football avec des règles officielles,1863-10-26,,,INSUFFICIENT_EVIDENCE,annee_exacte_introuvable,0,true,Rechercher des sources externes qui confirment l'année exacte du premier match de football avec des règles officielles.,,,Q2736
329af70b-9ad5-403a-97b3-6d22184ed9c8,"Bataille de la Boyne en Irlande, soutenue par Louis XIV",1690-01-01,1690-01-01,year,CONFIRMED,confirme,0.9,false,Aucune action nécessaire.,,,Q1248605
2fc90d5d-5235-429c-a349-f7f413a62409,Première mention de l'utilisation de la poudre à canon,1044-01-01,,,INSUFFICIENT_EVIDENCE,annee_exacte_introuvable,0,true,Further research is needed to pinpoint the exact year of the first documented use of gunpowder.,Histoire de la poudre à canon,,Q3137297
238d525c-6f84-483c-9978-99aa81697d71,Programme national de construction des logements sociaux,1950-01-01,1950-01-01,year,CONFIRMED,confirme,0.9,false,No change needed.,,,Q3366840
56cb959c-80f1-4221-ae7b-e13234fdb540,Création de la Nouvelle-France comme province,1663-01-01,,,INSUFFICIENT_EVIDENCE,retrieval_insuffisant,0,true,"Rechercher des sources externes fiables (articles historiques, documents officiels) qui confirment l'année exacte de la création de la Nouvelle-France comme province royale.",,,Q105071173
6bc34beb-b068-4e1a-a3e2-d4aecaccc9c9,Mai 68 en France,1968-01-01,1968-01-01,year,LIKELY_CORRECT,preuve_externe_faible,0.5,false,Ajouter des sources externes fiables confirmant que Mai 68 en France s'est déroulé en 1968.,,,
f8e900b3-9fca-4b5f-93dd-4e17a5e9082e,Traité d'Ottawa contre les mines antipersonnel,1997-01-01,1997-01-01,year,LIKELY_CORRECT,preuve_externe_faible,0.8,false,Aucune action nécessaire.,,,Q1148188
7daa45e5-daaa-4aac-9aed-b5bd6679953d,Création de la Sécurité Sociale en France,1945-01-01,1945-01-01,year,CONFIRMED,confirme,1,false,Aucune recommandation nécessaire.,wikipedia_fr_article,,Q48746575
aef6c1b3-f06a-4c22-a7d0-64c34c7312af,Création des Ballets russes,1909-01-01,1909-01-01,year,LIKELY_CORRECT,probable_mais_a_confirmer,0.7,false,Confirmer 1909 comme année de création des Ballets russes.,wikipedia_fr_article,wikipedia_en_article,Q214423
06ed7525-fb4e-45d5-bc39-2bf823388976,Conversion roi wisigoth Récarède Ier au catholicisme,0587-01-01,0587-01-01,year,LIKELY_CORRECT,probable_mais_a_confirmer,0.8,false,No change needed.,Récarède Ier,,Q313057
7881f2c1-4bdf-4795-ad57-6cb717aa2594,Le scandale de la Donation de Constantin,1440-01-01,1440-01-01,year,LIKELY_CORRECT,preuve_externe_faible,0.8,false,Rechercher des sources externes confirmant l'année 1440 pour la démonstration de Lorenzo Valla.,,,
3c22ac24-a5f7-44d0-b0e7-288e0147ff7c,Achèvement du Livre des Han par Ban Gu,0111-01-01,0111-01-01,year,LIKELY_CORRECT,preuve_externe_faible,0.5,false,Ajouter des sources externes fiables confirmant l'année d'achèvement du Livre des Han.,,,
724a70bd-2cdb-4c76-a54b-a073a32e5044,Traité de Bautzen entre Pologne et Saint-Empire,1018-01-01,1018-01-01,year,CONFIRMED,confirme,1,false,No change needed.,https://fr.wikipedia.org/wiki/Trait%C3%A9_de_Bautzen,,Q149734
5b1846ff-41f1-4548-a522-786679795324,Fondation de Buenos Aires (première),1536-01-01,1536-01-01,year,LIKELY_CORRECT,probable_mais_a_confirmer,0.8,false,Aucune.,wikipedia_fr_article,,Q1486
347f25e7-cb9d-4e78-9afe-c1dadacf378b,Siège de Rouen par Henri IV,1591-01-01,1591-01-01,year,CONFIRMED,confirme,0.9,false,Aucune recommandation nécessaire.,wikipedia_fr_article,,Q7510351
93ac0128-e96c-48ef-895d-f36d3263a444,Prix Goncourt 1907 : Émile Moselly,1907-01-01,1907-01-01,year,CONFIRMED,confirme,0.9,false,Aucune action nécessaire.,wikipedia_fr_article,wikipedia_en_article,Q2356724
feb75b88-bde4-4d95-b729-ab8e21d21661,Fondation de l'English Women's Journal,1858-01-01,1858-01-01,year,CONFIRMED,confirme,1,false,Aucune modification nécessaire.,English Woman's Journal,,Q720437
18102fc8-68b4-469e-9ab2-30c88e01d98c,Première démonstration de la télévision mécanique,1926-01-26,1926-01-01,year,CONFIRMED,confirme,0.9,false,Confirmer la date de 1926.,Télévision mécanique,,Q1638417
7df6adff-3753-4272-aa59-cbf55e938f89,Fondation du Trinity College de Dublin,1592-01-01,,,INSUFFICIENT_EVIDENCE,annee_exacte_introuvable,0,true,Rechercher des sources externes qui confirment l'année de fondation du Trinity College de Dublin.,,,Q1761
75386a4b-e6bf-453e-bd9a-02d22299faed,Mobilisation militaire contre les groupes islamistes au Mali,2013-01-01,2013-01-01,year,CONFIRMED,confirme,0.9,false,Confirmer la date de 2013.,,,Q912
23556e7d-b3e9-4847-9123-be5b9c767cec,Signature du Traité de Waitangi,1840-01-01,1840-01-01,year,CONFIRMED,confirme,1,false,Aucune recommandation nécessaire.,Traité de Waitangi,,Q472802
9080ef01-4e23-44a7-a22b-b372a280bb7d,Horloge à pendule de Huygens,1657-01-01,,,INSUFFICIENT_EVIDENCE,annee_exacte_introuvable,0,true,Rechercher des sources externes fiables qui confirment l'année exacte de l'invention de l'horloge à pendule par Christiaan Huygens.,,,Q135973810
06781674-95c5-469f-86f7-088f28419535,Saint Louis impose 'l'épreuve de Dieu' par le duel judiciaire,1258-01-01,1258-01-01,year,CONFIRMED,confirme,1,false,No changes needed.,,,Q191503
03f2e319-7669-4667-8f2d-82933645338d,Marche sur Rome de Benito Mussolini,1922-10-01,,,INSUFFICIENT_EVIDENCE,annee_exacte_introuvable,0,true,Rechercher des sources externes qui mentionnent explicitement l'année de la Marche sur Rome.,,,Q23559
2d1eb2b7-c11a-4773-944a-4dad0c853dc0,Fondation de l'abbaye de Saint-Germain-des-Prés,0558-01-01,0558-01-01,year,CONFIRMED,confirme,0.9,false,Confirmer la date de 558 pour la fondation de l'abbaye de Saint-Germain-des-Prés.,wikipedia_fr_article,,Q334186
3879062c-9aa7-4d3e-8be5-27b3dcbd4cd4,Modernisation de la Constitution française,2008-01-01,,,INSUFFICIENT_EVIDENCE,preuve_insuffisante,0,true,Rechercher des sources externes confirmant l'année exacte de la modernisation de la Constitution française.,,,Q2865508
1a635f5f-e676-4f79-8f99-22f02743cff7,Premier essai clinique de la polio par Jonas Salk,1952-01-01,1952-01-01,year,LIKELY_CORRECT,preuve_externe_faible,0,false,Fournir des sources externes pour confirmer l'année de l'essai clinique.,,,
3c618d5b-1e06-47f1-a1f5-370bbd106369,Isabelle d'Este devient marquise de Mantoue,1490-01-01,1490-01-01,year,LIKELY_CORRECT,probable_mais_a_confirmer,0.8,false,Confirmer la date de 1490 comme l'année où Isabelle d'Este est devenue marquise de Mantoue.,https://fr.wikipedia.org/wiki/Isabelle_d%27Este,,Q593626
710cdea0-7574-4634-8bc4-25af77e172b2,Napoléon Bonaparte devient Consul à vie,1802-01-01,1802-01-01,year,LIKELY_CORRECT,probable_mais_a_confirmer,0.8,false,No change needed.,,,Q109043253
b6ecc931-8355-4182-981e-9f0d7e588cf9,Édit de Caracalla,0212-01-01,0212-01-01,year,CONFIRMED,confirme,0.9,false,Confirmer la date de 212.,Édit de Caracalla,,Q312584
b5bb2271-ec57-4788-9fef-96c15ce94a4c,Bataille de Jarnac,1569-01-01,1569-01-01,year,CONFIRMED,confirme,0.9,false,Confirmer la date de 1569.,wikipedia_fr_article,wikipedia_en_article,Q1042049
956730a8-20cc-443e-8fb0-e9bc3b07ccfe,Guerre des castes (Mexique),1847-01-01,1847-01-01,year,CONFIRMED,confirme,0.9,false,Confirmer la date de début de la Guerre des castes au Mexique comme étant 1847.,https://fr.wikipedia.org/wiki/Guerre_des_castes,,Q772814
661c4a69-9a30-4c43-b1e9-b4dd790755d2,Fondation de l'université Al-Qarawiyyin à Fès,0859-01-01,,,INSUFFICIENT_EVIDENCE,annee_exacte_introuvable,0,true,Rechercher des sources externes fiables confirmant l'année de fondation de l'université Al-Qarawiyyin à Fès.,,,Q56318877
c547bcff-74d3-4c63-82ae-0b1e70830718,Mariage de Charles le Téméraire et Marguerite d'York,1468-01-01,,,INSUFFICIENT_EVIDENCE,annee_exacte_introuvable,0,true,Rechercher des sources mentionnant explicitement l'année du mariage de Charles le Téméraire et Marguerite d'York.,,,Q151120
e0af663b-9e26-4657-ba21-3d75aa2e370f,Mort de Méhémet Ali,1849-01-01,1849-01-01,year,CONFIRMED,confirme,1,false,No change needed.,https://fr.wikipedia.org/wiki/M%C3%A9h%C3%A9met_Ali,,Q182781
285b9075-c9fc-4a54-915a-007c6f588481,Fondation légendaire de Venise,0421-01-01,0421-01-01,year,DISPUTED_DATE,date_disputee,0.5,false,Vérifier d'autres sources pour confirmer la date exacte de la fondation de Venise.,Venise,,Q641
bfd37423-5655-4204-a21a-7c200fab7173,La France confine sa population pour freiner la propagation d'une pandémie mondiale,2020-01-01,2020-01-01,year,CONFIRMED,confirme,0.9,false,Aucune modification nécessaire.,Confinements liés à la pandémie de Covid-19 en France,,Q88215531
4b5c7ed5-5025-4592-a4f8-d9f9aadee093,Traité de Redon - Intervention anglaise en Bretagne,1489-01-01,,,INSUFFICIENT_EVIDENCE,annee_exacte_introuvable,0,true,Rechercher des sources externes confirmant l'année exacte du Traité de Redon.,,,Q1638627
bbcf101d-a796-4d5e-80e0-b042d0fc4def,Bataille du périmètre de Busan,1950-01-01,1950-01-01,year,CONFIRMED,confirme,0.9,false,Confirmer la date de 1950.,https://fr.wikipedia.org/wiki/Bataille_du_p%C3%A9rim%C3%A8tre_de_Busan,,Q482979
053bc4a3-34c8-4327-9e16-efec873414ed,Invasion de l'Ukraine par la Russie,2022-01-01,2022-01-01,year,CONFIRMED,confirme,0.9,false,No change needed.,wikipedia_fr_article,wikipedia_en_article,Q110999040
9a4b779f-1ebc-49e5-ae22-13dacf53aaae,Érasme publie L'Éloge de la Folie,1511-01-01,1511-01-01,year,LIKELY_CORRECT,preuve_externe_faible,0,false,Ajouter une source externe fiable confirmant l'année de publication de L'Éloge de la Folie par Érasme.,,,Q505619
db116b09-c791-4bea-8dd0-be6571b08b92,"Collision d'un train du RER A en gare de Lyon à Paris, bilan lourd en victimes et blessés",1987-01-01,1988-01-01,year,POTENTIAL_DATE_ERROR,divergence_date,1,false,Correct the year in the database to 1988.,https://fr.wikipedia.org/wiki/Accident_ferroviaire_de_la_gare_de_Lyon,,Q1311978
cd5d93b3-5d99-4bb8-8f38-1d13e13d6474,Publication de Candide de Voltaire,1759-01-01,1759-01-01,year,CONFIRMED,confirme,0.9,false,No change needed.,https://fr.wikipedia.org/wiki/Candide,https://en.wikipedia.org/wiki/Voltaire,Q215894
163c0889-b456-4271-b00f-cb172c335c03,Siege of Rhodes (Ottomans),1480-01-01,1480-01-01,year,CONFIRMED,confirme,1,false,Confirm the date as 1480.,wikipedia_fr_article,wikipedia_en_article,Q701067
7d700dcb-6815-453a-b3f6-c8292be1e1ba,Première traversée aérienne de l'Atlantique par Alcock et Brown,1919-06-19,1919-01-01,year,CONFIRMED,confirme,0.9,false,Aucune action nécessaire.,,,Q13479645
edfdfd98-dc1a-47df-9182-342be8cb293e,Tentative d'assassinat d'Henri IV par Pierre Barrière,1594-01-01,,,INSUFFICIENT_EVIDENCE,annee_exacte_introuvable,0,true,Rechercher des sources confirmant l'année de la tentative d'assassinat par Pierre Barrière.,,,Q60832021
93f10951-0ee6-4025-b0ef-4c33798b5463,Synode du cadavre à Rome jugement posthume du pape Formose,0897-01-01,0897-01-01,year,LIKELY_CORRECT,preuve_externe_faible,0.5,false,Fournir des sources externes pour confirmer l'année 897.,,,
9f4c3e69-e1ed-4497-a697-09019000b714,Raids normands dans les régions entre l' Oise et la Meuse,0899-01-01,,,INSUFFICIENT_EVIDENCE,absence_de_singularite,0,true,"Reject due to the event describing a series of raids, not a singular event.",https://fr.wikipedia.org/wiki/Raids_vikings_en_France,,Q3153848
a0a2466b-1513-40da-942a-7159d7c8ebfc,Apparitions de Lourdes,1858-01-01,1858-01-01,year,CONFIRMED,confirme,0.9,false,No change needed.,wikipedia_fr_article,wikipedia_en_article,Q1184935
23d27b73-8cfd-4738-bf5d-579d50f50351,Guerre franco-thaïlandaise : tensions frontalières,1941-01-01,1941-01-01,year,LIKELY_CORRECT,probable_mais_a_confirmer,0.8,false,No changes needed.,https://fr.wikipedia.org/wiki/Guerre_franco-tha%C3%AFlandaise,,Q780845
37070607-f3bd-463a-be19-4b4b0fb955dc,Début des guerres d'indépendance en Amérique latine,1810-01-01,,,INSUFFICIENT_EVIDENCE,absence_de_singularite,0,true,Rejeter car il s'agit d'une période et non d'un événement ponctuel.,,,Q12585
c07f5a0c-9c6e-4b00-a654-3fe62b9ae528,Lancement du programme électronucléaire français,1974-01-01,1974-01-01,year,LIKELY_CORRECT,preuve_externe_faible,0.8,false,Aucune modification nécessaire.,Histoire du programme nucléaire civil de la France,,Q3137908
f3377637-2192-4c0a-8476-5edd1e9b8999,Concile d’Agde réunion ecclésiastique importante en Gaule wisigothique,0506-01-01,0506-01-01,year,CONFIRMED,confirme,0.9,false,Confirmer la date de 506 pour le concile d'Agde.,,,Q10551516
a6eea4bf-5664-487c-ac41-4509303c1cbc,Loi de séparation des Églises et de l'État,1905-12-09,1905-01-01,year,CONFIRMED,confirme,1,false,No changes needed.,wikipedia_fr_article,wikipedia_en_article,Q1518944
836efb69-9dcc-4b1e-9b6f-94e689f59dca,Début de l'expédition de Lewis et Clark,1804-01-01,1804-01-01,year,CONFIRMED,confirme,0.9,false,Confirmer la date de début de l'expédition.,Expédition Lewis et Clark,,Q505802
1b83c653-6194-4d64-a195-c5ad1a700fb4,Nomination du cardinal de Richelieu au Conseil du roi,1623-01-01,,,INSUFFICIENT_EVIDENCE,annee_exacte_introuvable,0,true,Rechercher des sources confirmant l'année exacte de la nomination de Richelieu au Conseil du roi.,Armand Jean du Plessis de Richelieu,,Q26702
e09ae396-8b80-4e1c-b690-4f3a7de9b3af,Signature du traité de Versailles,1919-06-28,1919-01-01,year,CONFIRMED,confirme,1,false,No changes needed.,wikipedia_fr_article,wikipedia_en_article,Q8736
49b5ee89-5eb6-4dba-898a-862f55e9fca7,Création de la Bourse de Londres,1801-01-01,1801-01-01,year,LIKELY_CORRECT,probable_mais_a_confirmer,0.5,false,"Vérifier si 1801 correspond à une date de réorganisation ou de changement de statut de la Bourse de Londres, car Wikidata indique 1698 comme date de création.",https://fr.wikipedia.org/wiki/Bourse_de_Londres,,Q171240
d26df481-d6a6-44d4-b359-af26db4d3e25,Mort de François Truffaut,1984-01-01,1984-01-01,year,CONFIRMED,confirme,1,false,Aucune action nécessaire.,wikipedia_fr_article,wikipedia_en_article,Q53002
f2fab121-8931-433d-9f58-ed5640598567,La Révolution culturelle en Chine,1966-01-01,1966-01-01,year,LIKELY_CORRECT,probable_mais_a_confirmer,0.8,false,Confirmer la date de 1966 comme année de début de la Révolution culturelle en Chine.,Révolution culturelle au Tibet,,Q3458367
b8e5a313-611c-4f94-aaef-f12a6efee3c4,"Sortie de ""Metropolis"" de Fritz Lang",1927-01-10,1927-01-01,year,LIKELY_CORRECT,preuve_externe_faible,0.8,false,None,https://fr.wikipedia.org/wiki/Metropolis,,Q217371
443851c7-1ebb-4eaa-992f-8b335655c22d,Loi contre l'apartheid en Afrique du Sud,1991-06-30,1991-01-01,year,CONFIRMED,confirme,0.9,false,Confirmer la date de 1991.,https://fr.wikipedia.org/wiki/Apartheid,,Q11409
eb5869cb-a456-4e0b-b191-689bea294af2,Premier ascenseur public à New York,1857-03-23,,,INSUFFICIENT_EVIDENCE,annee_exacte_introuvable,0,true,Rechercher des sources externes confirmant l'année exacte de l'installation du premier ascenseur public à New York.,,,Q132911
a367ea98-d03d-4fc8-8a74-dc9d7186c4e4,Création de l'Université nationale de Somalie,1977-01-01,,,INSUFFICIENT_EVIDENCE,annee_exacte_introuvable,0,true,Rechercher des sources externes qui confirment l'année de création de l'Université nationale de Somalie.,,,Q1045
83d42ca2-b108-48f2-bb92-b8c778086377,Lancement du parfum Chanel No. 5,1921-01-01,,,INSUFFICIENT_EVIDENCE,preuve_insuffisante,0,true,Rechercher des sources externes mentionnant explicitement l'année de lancement du parfum Chanel No. 5.,,,Q218115
7de334ce-9ab4-4587-9d18-db185f604944,Construction de la première horloge mécanique à Salisbury,1386-01-01,,,INSUFFICIENT_EVIDENCE,annee_exacte_introuvable,0,true,Further research is needed to find a reliable source that confirms the exact year of the event.,Horloge mécanique,,Q135973810
2494395c-2148-4a87-a88a-a33721f20917,Construction du château de Heidelberg,1300-01-01,1300-01-01,year,LIKELY_CORRECT,probable_mais_a_confirmer,0.7,false,Vérifier si d'autres sources permettent de confirmer plus précisément l'année 1300.,wikipedia_fr_article,,Q327265
902b1fa6-8261-4aee-bfc9-d5fac840e288,Pseudo-Denys rédige « La Hiérarchie céleste »,0500-01-01,,,INSUFFICIENT_EVIDENCE,preuve_insuffisante,0,true,Rechercher des sources externes qui confirment l'année de rédaction de « La Hiérarchie céleste » par le Pseudo-Denys l'Aréopagite.,Denys l'Aréopagite,,Q310686
3dd47399-497b-44ef-a88c-3caf54716c89,Publication de l'Orlando furioso de l'Arioste,1516-01-01,1516-01-01,year,DISPUTED_DATE,date_disputee,0.7,true,Confirmer la date de publication avec une source plus fiable que Wikidata.,https://fr.wikipedia.org/wiki/Orlando_furioso,,Q48922
ce4843a4-0ec4-4aec-bb62-93916e9aeed6,Invention du papier par Cai Lun en Chine,0105-01-01,0105-01-01,year,LIKELY_CORRECT,preuve_externe_faible,0.5,false,Vérifier d'autres sources pour confirmer l'année exacte.,Histoire du papier,,Q1811550
6b525b86-85ac-4c8e-8b2e-8aebbad06e7f,Catastrophe ferroviaire de Courant (France) : Déraillement d'un train de voyageurs,1909-01-01,1909-01-01,year,CONFIRMED,confirme,0.9,false,None,Liste d'accidents ferroviaires en France en 1909,,Q125572317
d2483023-659b-43c5-929e-97a758a41adb,Mort de Marie Leszczyńska,1768-01-01,1768-01-01,year,CONFIRMED,confirme,1,false,No change needed.,Marie Leszczynska,Marie Leszczyńska,Q231674
8fbc3671-00b5-4122-82c8-28bacbc3249b,Début de la construction de la chapelle Scrovegni,1303-01-01,1303-01-01,year,LIKELY_CORRECT,probable_mais_a_confirmer,0.7,false,Verify with additional sources if 1303 is indeed the start of construction and not just the commission date.,Chapelle des Scrovegni,,Q963954
2357317c-3ded-4568-aa95-e412ea53560b,Première plongée de l’Archimède,1967-01-01,,,INSUFFICIENT_EVIDENCE,annee_exacte_introuvable,0,true,Rechercher des sources externes confirmant l'année de la première plongée de l'Archimède.,,,Q8739
711672d2-b3eb-4faa-84ab-623c77ec2884,Première usine marémotrice de la Rance,1966-01-01,1966-01-01,year,CONFIRMED,confirme,1,false,No change needed.,Usine marémotrice de la Rance,,Q1515445
e5735fb8-0ebf-4e22-ac4e-12fd5fdb20f2,Loi Neuwirth sur la contraception,1966-01-01,1967-01-01,year,POTENTIAL_DATE_ERROR,divergence_date,0.9,false,Confirmation de la date de 1967 basée sur la source Wikipédia.,https://fr.wikipedia.org/wiki/Loi_Neuwirth,,Q3258213
23a228b9-d5d2-4023-a871-78010da09677,Fondation de l'abbaye de Royaumont par Saint Louis,1228-01-01,1228-01-01,year,CONFIRMED,confirme,1,false,Aucune action nécessaire.,Abbaye de Royaumont,,Q377882
0f878f16-4c15-447f-924e-9519644da8cc,Publication du rapport 'Restoring the Quality of Our Environment' par le comité scientifique présidentiel américain,1965-01-01,,,INSUFFICIENT_EVIDENCE,retrieval_insuffisant,0,true,Fournir des sources externes pour confirmer l'année de publication du rapport.,,,
db57e315-d23c-412b-ad4d-65f5d4190416,Premier globe terrestre : la pomme de Nuremberg,1492-01-01,1492-01-01,year,LIKELY_CORRECT,preuve_externe_faible,0.5,false,Ajouter des sources externes confirmant l'année de création du globe terrestre.,,,
b5e152c2-f3a6-4f98-9ff6-3d731bf496d3,Début de la ruée vers l'or en Californie,1848-01-01,1848-01-01,year,CONFIRMED,confirme,1,false,No change needed.,Ruée vers l'or en Californie,,Q17550
d461fa11-717d-4de8-a2dd-653a744694e0,Mort de René d'Anjou,1480-01-01,1480-01-01,year,CONFIRMED,confirme,1,false,No change needed.,wikipedia_fr_article,wikipedia_en_article,Q170353
84544ee7-16fb-48a6-8968-00af537af353,Élisabeth Ire devient reine d'Angleterre,1558-01-01,1558-01-01,year,CONFIRMED,confirme,0.9,false,No change needed.,,,Q82674
2a94e6ec-135a-42cd-b30b-ddf2f8d260f5,Victoire des Francs sur les Alamans dans la région du Neckar,0496-01-01,,,INSUFFICIENT_EVIDENCE,annee_exacte_introuvable,0,true,Rechercher des sources historiques mentionnant spécifiquement la bataille et l'année 496.,,,Q132990
2cbf1dbe-2ce3-459e-8287-984345d3611d,Brevet du vélocipède à pédales (Lallement),1866-01-01,,,INSUFFICIENT_EVIDENCE,annee_exacte_introuvable,0,true,Chercher des sources mentionnant explicitement l'année du brevet du vélocipède à pédales de Lallement.,https://fr.wikipedia.org/wiki/V%C3%A9locip%C3%A8de,,Q595658
da764632-4994-4ab8-93a6-2dab5cc8c387,Révolte saxonne de Widukind,0778-01-01,0778-01-01,year,LIKELY_CORRECT,preuve_externe_faible,0.8,false,Confirmer l'année 778 comme date de la révolte saxonne de Widukind.,,,
2f83fb83-4695-41cc-a5df-bfa6f5faef84,Règne de Carloman II,0882-01-01,,,INSUFFICIENT_EVIDENCE,absence_de_singularite,0,true,"Reject the event as it describes a period, not a specific year.",,,Q973695
1ae26e43-6114-4d9b-8333-53d75a8c574c,Marco Polo meurt à Venise,1324-01-17,1324-01-01,year,CONFIRMED,confirme,0.9,false,Confirmer la date de 1324 comme année de la mort de Marco Polo.,Marco Polo,,Q6101
56ba307b-531a-4a86-907a-ee435bcbc867,Découverte des gènes du maïs transposables,1948-01-01,1948-01-01,year,LIKELY_CORRECT,preuve_externe_faible,0.8,false,Aucune recommandation nécessaire.,,,Q3303415
20dd5a4a-6afa-4885-8743-898ab17c8a09,Arrestation d'Al Capone,1931-01-01,1931-01-01,year,LIKELY_CORRECT,probable_mais_a_confirmer,0.8,false,Vérifier si d'autres sources confirment l'année exacte de l'arrestation.,https://fr.wikipedia.org/wiki/Al_Capone,,Q80048
a0fa83c2-d995-49f6-a2b8-9a9db079f42c,Collision ferroviaire meurtrière en gare de Pont-d'Héry dans le Jura,1965-01-01,1965-01-01,year,LIKELY_CORRECT,preuve_externe_faible,0.5,false,Rechercher des sources externes confirmant l'année de la collision ferroviaire.,,,
329149f1-c509-4e02-91cd-c49220c7d23d,Expédition de Charlemagne contre les Saxons,0772-01-01,0772-01-01,year,LIKELY_CORRECT,probable_mais_a_confirmer,0.8,false,Confirmer la date de 772 comme année de début de l'expédition de Charlemagne contre les Saxons.,https://fr.wikipedia.org/wiki/Charlemagne,,Q3044
72c09f92-e214-4566-a892-a05216f942dc,Premier ordinateur de Zuse,1938-01-01,1938-01-01,year,LIKELY_CORRECT,preuve_externe_faible,0.7,false,Confirmer que 1938 est bien l'année de construction du Z1 avec d'autres sources.,,,Q68
faddca26-547c-42d1-ab66-105136e64f29,Création du Front national de lutte pour la libération de la France,1941-06-22,1941-01-01,year,CONFIRMED,confirme,1,false,Aucune modification nécessaire.,,,Q126487286
a50eef6b-5b88-41d4-a30d-4087d9ffc170,Grand smog de Londres,1952-01-01,1952-01-01,year,CONFIRMED,confirme,0.9,false,Confirmer la date de 1952.,https://fr.wikipedia.org/wiki/Grand_smog_de_Londres,,Q913640
e443ec4f-bb6f-4c72-bfc4-141971256a25,Installation première horloge publique (Paris),1370-01-01,,,INSUFFICIENT_EVIDENCE,annee_exacte_introuvable,0,true,Fournir des sources externes fiables pour confirmer l'année exacte de l'événement.,,,
bc8713e0-34e3-4608-ae95-ed86ef656cf5,Mort de Jean de La Fontaine,1695-01-01,1695-01-01,year,CONFIRMED,confirme,1,false,Aucune modification nécessaire.,wikipedia_fr_article,wikipedia_en_article,Q49496
58ac4e96-d4c0-4b31-aa28-2224a849d3d9,La Savoie accueille les Jeux olympiques d'hiver,1992-01-01,1992-01-01,year,CONFIRMED,confirme,1,false,Confirmer la date de 1992.,Jeux olympiques d'hiver de 1992,,Q9660
54c76d45-d5cd-447d-9ac2-fb4237d94f21,Bataille des Dardanelles,1915-01-01,1915-01-01,year,CONFIRMED,confirme,0.9,false,Confirmer la date de 1915.,wikipedia_fr_article,wikipedia_en_article,Q164983
b8792ed3-303a-44c6-adbd-2a8876325852,Institution du salaire minimum interprofessionnel garanti,1950-01-01,,,INSUFFICIENT_EVIDENCE,annee_exacte_introuvable,0,true,Rechercher des sources confirmant l'année exacte de l'institution du SMIG en France.,,,Q6865499
221b213e-25dc-485b-b237-429ab3f2f28d,Guerre de Cent Ans entre le royaume de France et le royaume d'Angleterre,1337-01-01,,,INSUFFICIENT_EVIDENCE,absence_de_singularite,0,true,Rejeter car il s'agit d'une période et non d'une année précise.,,,Q179876
b5f775c4-97ae-4c02-bc94-ae744453305f,Mise en place du premier ministère français dédié à la protection de l'environnement,1971-01-01,1971-01-01,year,CONFIRMED,confirme,0.9,false,None,Aides pour la protection de l'environnement en France,,Q16010189
93ff62de-a5ee-4cce-b355-5bd11053cc55,Fondation de la London School of Economics,1895-01-01,1895-01-01,year,CONFIRMED,confirme,0.9,false,Confirmer la date de fondation.,wikipedia_fr_article,,Q174570
89645d96-cdf4-4e01-9fc3-400ac9a73371,Funérailles nationales de Victor Hugo,1885-01-01,1885-01-01,year,CONFIRMED,confirme,1,false,No changes needed.,https://fr.wikipedia.org/wiki/Victor_Hugo,,Q535
8a73cbc3-8dc9-4911-aac6-5e92093bdec9,Mort de Caracalla,0217-01-01,0217-01-01,year,CONFIRMED,confirme,1,false,Confirmer la date de 217.,wikipedia_fr_article,wikipedia_en_article,Q1446
a82eb056-d1e6-4cc9-a682-816b1de174ec,Fondation du Pony Express,1860-01-01,1860-01-01,year,CONFIRMED,confirme,0.9,false,No change needed.,Pony Express,,Q859130
ac2cf6ca-1341-49a5-a3ed-32a5d30380bd, Dante commence La Divine Comédie,1308-01-01,,,DISPUTED_DATE,date_disputee,0.3,true,Rechercher des sources supplémentaires pour confirmer l'année exacte du début de la rédaction.,Divine Comédie,,Q40185
55ee0cf3-65f8-44e3-bc4d-31e123f93c35,Découverte du VIH par l’Institut Pasteur,1983-01-01,1983-01-01,year,CONFIRMED,confirme,0.9,false,None,Institut Pasteur,,Q391083
f1cbfbc5-4768-4935-8f9f-559a228e18d4,"Bataille de Plaisance (Italie, Aurélien)",0271-01-01,0271-01-01,year,CONFIRMED,confirme,1,false,Confirmer la date de 271 pour la bataille de Plaisance.,https://fr.wikipedia.org/wiki/Bataille_de_Plaisance_(271),,Q1289843
c5a54c75-6a73-4d97-921b-1452d3ffa049,Création de l’Université impériale,1808-01-01,,,INSUFFICIENT_EVIDENCE,annee_exacte_introuvable,0,true,Rechercher des sources externes confirmant la date de création de l'Université impériale.,,,Q2743795
658be692-c637-4807-a70c-729b720b94c3,Ouverture du métro de Paris,1900-01-01,,,INSUFFICIENT_EVIDENCE,annee_exacte_introuvable,0,true,Rechercher des sources fiables confirmant l'année exacte de l'ouverture du métro de Paris.,,,Q1344536
cc68e7e9-fef1-488b-88a9-2f39fc25ed5d,Fondation de l'Académie de Musique et de Poésie,1570-01-01,1570-01-01,year,CONFIRMED,confirme,1,false,Confirmer la date de fondation de l'Académie de Musique et de Poésie comme étant 1570.,,Académie de Poésie et de Musique,Q2822358
75ffe9a4-b108-44a2-b8e7-bd86b2185c23,Avènement de Gengis Khan,1206-01-01,1206-01-01,year,LIKELY_CORRECT,probable_mais_a_confirmer,0.8,false,Aucune modification nécessaire.,,,Q177320
fe45c5ba-8c6e-46e7-8c36-350ac43a6fbf,Bataille de Saint-Aubin-du-Cormier,1488-01-01,1488-01-01,year,CONFIRMED,confirme,1,false,No change needed.,wikipedia_fr_article,wikipedia_en_article,Q2889856
3d4e8d83-9898-4cd2-9bcf-ba6ba5c570a8,Construction de Château-Gaillard par le roi d'Angleterre Richard Cœur de Lion,1196-01-01,1196-01-01,year,LIKELY_CORRECT,probable_mais_a_confirmer,0.8,false,No change needed.,,,Q42305
f0629c61-1aa7-479d-bc2e-4beac414761b,Fondation du Collège de France par François Ier,1530-01-01,1530-01-01,year,CONFIRMED,confirme,1,false,Confirm the date as 1530.,wikipedia_fr_article,,Q202660
04158715-6df1-470c-b46f-059c2fe431a0,La tempête Lothar frappe la France,1999-01-01,1999-01-01,year,LIKELY_CORRECT,probable_mais_a_confirmer,0.7,false,Aucune modification nécessaire.,,,Q939336
3c046fb9-56b3-4f1e-b6f1-68ecee2f775e,Reconnaissance de la Chine populaire,1964-01-01,1964-01-01,year,CONFIRMED,confirme,0.9,false,Chercher une source externe qui confirme la date de reconnaissance de la Chine populaire par la France.,,,Q148
d70b0dcc-3299-4ebe-9271-30cb7d5512da,Dissolution de l'URSS,1991-10-01,1991-01-01,year,CONFIRMED,confirme,1,false,No change needed.,,,Q2136
d7cd279d-b90d-4fdb-9723-5201447643ef,Vol des insignes irlandais,1907-01-01,1907-01-01,year,LIKELY_CORRECT,preuve_externe_faible,0.5,false,Fournir des sources externes pour confirmer l'année du vol des insignes irlandais.,,,
c8d84740-7f6b-47ea-9d60-b159b4fd42d4,Édit créant l'Hôtel des Invalides,1670-01-01,1670-01-01,year,LIKELY_CORRECT,preuve_externe_faible,0.5,false,Ajouter une source externe fiable confirmant l'année de l'édit.,,,
9074b53c-9ad4-47ee-9d60-58a36ccdec5e,Bataille d'Harzhorn,0235-01-01,0235-01-01,year,LIKELY_CORRECT,probable_mais_a_confirmer,0.7,false,Confirmation de la date de 235 basée sur les sources externes.,Site archéologique du Harzhorn,,Q555463
57449dd5-a737-4d6e-949b-6b70269813d9,Alfred le Grand devient roi de Wessex,0871-04-23,0871-01-01,year,LIKELY_CORRECT,probable_mais_a_confirmer,0.8,false,No change needed.,https://fr.wikipedia.org/wiki/Alfred_le_Grand,,Q83476
cb86eb6a-d1cb-498e-8b5f-d5e140236ef3,Rattachement de la Provence à la France,1481-01-01,1481-01-01,year,LIKELY_CORRECT,probable_mais_a_confirmer,0,false,Ajouter une source externe fiable confirmant l'année 1481.,,,Q12143656
0e639362-e6c2-4868-8797-eac45b909f10,Expédition de La Pérouse,1785-01-01,1785-01-01,year,CONFIRMED,confirme,0.9,false,Confirmer la date de 1785 comme année de début de l'expédition.,wikipedia_fr_article,,Q3062401
3b60f9c2-05cb-4a4b-b019-d105a7bc22b9,Développement du système de guilde à Hangzhou,1171-01-01,1171-01-01,year,LIKELY_CORRECT,preuve_externe_faible,0.5,false,Ajouter des sources externes fiables pour valider l'année 1171.,,,
e66004ba-487b-49cc-80a4-e481aea6dc43,Création de Bitcoin par Satoshi Nakamoto,2009-01-01,2009-01-01,year,CONFIRMED,confirme,0.9,false,Confirmer la date de 2009 comme année de création de Bitcoin.,Satoshi Nakamoto,,Q13382352
943879fa-8c79-4ed3-b154-0af0576327ca,Première Bible imprimée en français,1488-01-01,,,INSUFFICIENT_EVIDENCE,annee_exacte_introuvable,0,true,Search for additional sources that explicitly state the year of the first printed Bible in French.,,,Q3536411
c8e705b1-2227-4088-8fc6-061d59d63f6e,Le scandale du Watergate,1972-01-01,1972-01-01,year,CONFIRMED,confirme,0.9,false,Confirmer la date de 1972 comme début du scandale du Watergate.,https://fr.wikipedia.org/wiki/Scandale_du_Watergate,,Q42761
b69975a2-43b1-4e88-a7e8-85739ac44259,Création de l’OAS,1961-01-01,,,INSUFFICIENT_EVIDENCE,annee_exacte_introuvable,0,true,Provide external sources to confirm the year of the OAS creation.,,,
1a0c397a-6630-4983-bbfb-7d3a9fd8447b,Hubertine Auclert lance 'La Citoyenne',1881-01-01,1881-01-01,year,LIKELY_CORRECT,probable_mais_a_confirmer,0.8,false,No change needed.,Hubertine Auclert,,Q448953
231aa23c-c67d-4ba3-a67d-5126a67191e3,Création de l'Union Européenne,1993-01-01,1993-01-01,year,CONFIRMED,confirme,0.9,false,No changes needed.,wikipedia_fr_article,,Q458
871ff71c-f5b8-4bee-a7d1-4e8883207d02,Invention du téléautographe de Elisha Gray,1888-01-01,,,INSUFFICIENT_EVIDENCE,retrieval_insuffisant,0,true,Fournir des sources externes pour confirmer l'année de l'invention.,,,
7bdff868-fafa-48e6-a547-1f8f59a149be,Fondation de la Ligue des droits de l'homme,1898-01-01,1898-01-01,year,LIKELY_CORRECT,probable_mais_a_confirmer,0.8,false,No change needed.,https://fr.wikipedia.org/wiki/Ligue_des_droits_de_l%27homme,,Q3240507
09760ba7-526c-41ef-b25f-b7f4de36cb47,"Naissance de Victor Cousin, philosophe français",1804-08-11,1792-01-01,year,DISPUTED_DATE,date_disputee,1,false,Correct the year in the database to 1792.,Victor Cousin,,Q434346
c7f2abb3-4448-434c-8584-80824fd9e7e2,Inauguration des Petronas Towers à Kuala Lumpur,1998-01-01,,,INSUFFICIENT_EVIDENCE,retrieval_insuffisant,0,true,Fournir des sources externes fiables pour confirmer l'année de l'inauguration.,,,
fd261994-1b61-4c79-8109-0cbeb6003116,Règne de Dagobert I er sur le royaume unifié des Francs,0629-01-01,,,INSUFFICIENT_EVIDENCE,absence_de_singularite,0,true,Rejeter car il s'agit d'une période et non d'une année précise.,,,
9b9a02ff-a28f-46d4-98d3-2869f8c9820f,Inauguration du barrage de Serre-Ponçon,1964-11-28,1964-01-01,year,CONFIRMED,confirme,1,false,No change needed.,Barrage de Serre-Ponçon,,Q9386984
f75fb326-3ec6-445a-8465-1c8b31df146e,Grand Incendie de Rome sous Néron,0064-07-19,0064-01-01,year,CONFIRMED,confirme,1,false,Confirmer la date de 64 après J.C.,https://fr.wikipedia.org/wiki/Grand_incendie_de_Rome,,Q215231
cccdec40-386a-41d3-a488-8ac98e0624b8,"Mort d’Attila, roi des Huns",0453-01-01,0453-01-01,year,CONFIRMED,confirme,1,false,No change needed.,Attila,,Q36724
701ae5ef-e997-4b12-801f-cec9229a51e9,Paix de Cateau-Cambrésis,1559-01-01,1559-01-01,year,CONFIRMED,confirme,1,false,No changes needed.,,Treaty of Cateau-Cambrésis,Q836963
ec6ff820-1c3e-4fba-8388-64615989bb81,Catastrophe minière de Courrières (1099 morts),1906-02-13,1906-01-01,year,CONFIRMED,confirme,1,false,Confirmer la date de 1906.,wikipedia_fr_article,wikipedia_en_article,Q1550228
17945b8b-4f7b-4fd3-ba4c-c6a078d473b3,Baptême de Rollon et de ses hommes,0912-01-01,0912-01-01,year,CONFIRMED,confirme,0.9,false,Confirmer la date de 912 pour le baptême de Rollon.,https://fr.wikipedia.org/wiki/Rollon,,Q273773
f8c28198-d923-4955-866c-125fafa7fdfd,Mort du Régent Philippe d'Orléans,1723-01-01,1723-01-01,year,CONFIRMED,confirme,1,false,No change needed.,wikipedia_fr_article,wikipedia_en_article,Q155596
2e878bf2-400a-4848-9aec-20776b9c17e5,Arrestation d'Antonio Gramsci,1926-01-01,1926-01-01,year,LIKELY_CORRECT,probable_mais_a_confirmer,0.8,false,No change needed.,https://fr.wikipedia.org/wiki/Antonio_Gramsci,,Q83003
79321ebf-5541-41da-9c61-6d0120cf02e5,Henri Plantagenêt affronte Louis VII et Raymond V pour le contrôle du Quercy,1159-01-01,1159-01-01,year,LIKELY_CORRECT,preuve_externe_faible,0.5,false,Ajouter des sources externes pour confirmer l'année de l'événement.,,,
7616e6ad-3a9d-4afc-9a50-e03c52b3877f,Lancement du Dreadnought,1906-01-01,1906-01-01,year,CONFIRMED,confirme,1,false,Aucune modification nécessaire.,Dreadnought,,Q847109
711af4b9-7c8f-41ea-875c-a829b410df37,Utilisation documentée de la poudre à canon en Chine,1232-01-01,,,INSUFFICIENT_EVIDENCE,annee_exacte_introuvable,0,true,Rechercher des sources plus spécifiques confirmant l'année 1232 pour l'utilisation documentée de la poudre à canon en Chine.,,,Q747986
209ab199-348b-4f2e-bfc0-62be350fedc0,Découverte de l'Amérique,1492-10-12,1492-01-01,year,LIKELY_CORRECT,preuve_externe_faible,0.8,false,Confirmer la date de 1492 comme l'année de la découverte de l'Amérique par Christophe Colomb.,https://fr.wikipedia.org/wiki/Am%C3%A9rique,,Q828
a4fa1b7a-2227-4fc9-be5a-2b8a76daf071,Lancement du rover Curiosity sur Mars (NASA),2011-01-01,,,INSUFFICIENT_EVIDENCE,annee_exacte_introuvable,0,true,Rechercher des sources mentionnant explicitement l'année de lancement du rover Curiosity.,wikipedia_fr_article,,Q7805818
e15ec230-4a7a-42c1-a232-20614efd99c3,Journée des Dupes en France,1630-01-01,1630-01-01,year,CONFIRMED,confirme,1,false,None,https://fr.wikipedia.org/wiki/Journ%C3%A9e_des_Dupes,,Q1709934
092cb36d-6879-4bdc-b093-6b8cbc967445,Guerre du Bien public - Bataille de Montlhéry,1467-01-01,1465-01-01,year,POTENTIAL_DATE_ERROR,divergence_date,1,false,Confirmer la date de 1465 pour la bataille de Montlhéry.,wikipedia_fr_article,wikipedia_en_article,Q265032
35b3914d-c281-41cf-949b-2a9b0333cc78,Accident nucléaire de Tchernobyl,1986-01-01,1986-01-01,year,CONFIRMED,confirme,0.9,false,Confirmer la date de 1986.,,,Q1050926
36ccd437-09ea-452c-9e05-9f56b6ca0da9,Édit de Saint-Germain autorisant le culte protestant,1562-01-01,1562-01-01,year,LIKELY_CORRECT,probable_mais_a_confirmer,0,false,Rechercher des sources externes fiables confirmant l'année de l'Édit de Saint-Germain.,,,Q179788
940de39d-5136-4672-ac6d-6c398aa64025,Début de la construction de la cathédrale Notre-Dame de Reims,1211-01-01,1211-01-01,year,LIKELY_CORRECT,probable_mais_a_confirmer,0.7,false,Vérifier si d'autres sources confirment l'année 1211.,wikipedia_fr_article,,Q206823
571450ef-38e9-4450-bedc-f7b44d2cc5a3,Mort de Louis XVIII,1824-01-01,1824-01-01,year,CONFIRMED,confirme,0.9,false,No change needed.,wikipedia_fr_article,wikipedia_en_article,Q131368075
6f652224-8fa7-4398-a1a2-612bd7b05077,Jamblique écrit « Vie de Pythagore »,0300-01-01,,,INSUFFICIENT_EVIDENCE,absence_de_singularite,0,true,Rejeter car l'événement décrit une période et non une année exacte.,,,Q10261
6527a3bb-1bda-494a-b5e5-b95d68617825,Bataille de Valmy,1792-01-01,1792-01-01,year,CONFIRMED,confirme,0.9,false,Confirmer la date de 1792.,wikipedia_fr_article,,Q4411
025d9188-8015-4cd0-9aea-2e51d6252cb6,Éruption du Mont Tambora en Indonésie,1815-01-01,1815-01-01,year,CONFIRMED,confirme,0.9,false,Aucune modification nécessaire.,Tambora,,Q168714
394454cf-1e84-490e-83e1-cb2833a5f57d,Loi des 35 heures : adoption d'une durée hebdomadaire maximale du travail salarié,1997-01-01,,,INSUFFICIENT_EVIDENCE,annee_exacte_introuvable,0,true,Fournir des sources externes fiables pour confirmer l'année exacte de l'adoption de la loi sur les 35 heures.,,,
239a360b-2cf2-489b-b400-8f58b6043cb2,Pacte franco-soviétique,1935-05-02,1935-01-01,year,CONFIRMED,confirme,0.9,false,No change needed.,wikipedia_fr_article,wikipedia_en_article,Q1826038
59f2322f-7d39-408b-bca5-81112a04d28a,Bataille d'Iwo Jima,1945-01-01,1945-01-01,year,CONFIRMED,confirme,0.9,false,Confirmer la date de 1945.,https://fr.wikipedia.org/wiki/Bataille_d%27Iwo_Jima,,Q180182
dd2252e9-b291-4a67-91cd-dad76687ca2e,Publication de Morgagni,1761-01-01,1761-01-01,year,CONFIRMED,confirme,0.9,false,No changes needed.,https://fr.wikipedia.org/wiki/Morgagni,,Q3862965
41cf122d-0f44-4597-a4a5-68fa69c96f2b,Première traversée du Sahara en automobile,1922-01-01,,,INSUFFICIENT_EVIDENCE,annee_exacte_introuvable,0,true,Fournir des sources externes pour valider l'année de la première traversée du Sahara en automobile.,,,
6e7b8d0f-0e87-4975-bdce-cb7b8075ef95,Loi Veil légalisant l'IVG en France,1975-01-01,,,INSUFFICIENT_EVIDENCE,retrieval_insuffisant,0,true,Ajouter des sources externes fiables pour confirmer l'année de la loi Veil.,,,
0713516e-0e63-4194-94cc-b7235e4ee7dd,Publication des Principia Mathematica de Newton,1687-07-05,1687-01-01,year,CONFIRMED,confirme,0.9,false,Confirmer la date de publication en 1687.,,wikipedia_en_article,Q163335
7cbbc645-be04-4f3c-81d5-780c5bb53a27,Échec de l'attaque des Lombards contre le royaume des Francs,0574-01-01,0574-01-01,year,LIKELY_CORRECT,preuve_externe_faible,0.8,false,Aucune modification nécessaire. Confirmer si des sources externes fiables peuvent être trouvées.,,,
d87dddd4-9247-4240-88f5-b8dd1deea7ea,Fin de la dynastie Lý au Vietnam,1225-01-01,1225-01-01,year,CONFIRMED,confirme,0.9,false,Confirmer la date de fin de la dynastie Lý au Vietnam comme étant 1225.,wikipedia_fr_article,,Q878309
19ef3019-d1f7-45fe-be96-df16be0748ea,Institution des finances extraordinaires,1522-01-01,1522-01-01,year,LIKELY_CORRECT,preuve_externe_faible,0.8,false,Confirmer la date de 1522.,,,Q3123080
81cea67d-9488-4967-a314-b4207e66327f,Calvin établit sa théocratie à Genève,1541-01-01,1541-01-01,year,LIKELY_CORRECT,preuve_externe_faible,0,false,Ajouter des sources externes fiables qui confirment l'année exacte de l'établissement de la théocratie de Calvin à Genève.,,,Q44405
523b6ce4-e627-40b8-9a27-ac7afdc2a66e,Découverte du trésor de Nagyszentmiklós,1799-01-01,1799-01-01,year,CONFIRMED,confirme,1,false,No change needed.,Trésor de Nagyszentmiklós,,Q694807
8dad7e11-c473-4dcc-bbdb-3c6fe5b405bb,Création du NASDAQ,1971-02-08,1971-01-01,year,LIKELY_CORRECT,preuve_externe_faible,0.8,false,Aucune action nécessaire.,,,Q507306
8671e84e-69a1-4dc1-be99-b4ded151261e,Début de la construction de la Cité interdite à Pékin,1406-01-01,1406-01-01,year,CONFIRMED,confirme,0.9,false,Confirmer la date de 1406 comme début de la construction de la Cité interdite.,Cité interdite,,Q80290
b45aa94f-9d6b-47f1-b88c-a29ffce9bbd5,Bataille de Tertry,0687-01-01,0687-01-01,year,CONFIRMED,confirme,1,false,Confirmer la date de 687 pour la bataille de Tertry.,wikipedia_fr_article,wikipedia_en_article,Q784296
479ac43e-eb61-4346-99a6-df16923e2450,Boniface VIII publie Unam Sanctam,1302-01-01,1302-01-01,year,CONFIRMED,confirme,1,false,No changes needed.,https://fr.wikipedia.org/wiki/Unam_Sanctam,,Q383653
6076ff71-6188-4ead-b373-5d5d795d1ca5,Edison invente l'ampoule électrique,1879-10-21,1879-01-01,year,LIKELY_CORRECT,probable_mais_a_confirmer,0.7,false,Vérifier avec des sources plus spécifiques sur l'invention de l'ampoule par Edison.,https://fr.wikipedia.org/wiki/Thomas_Edison,,Q8743
5d395eff-a94e-4e18-9183-9cb31be656ce,Création de la Brigade du Tigre par Clemenceau,1908-01-13,1908-01-01,year,LIKELY_CORRECT,probable_mais_a_confirmer,0.8,false,Ajouter une source externe qui confirme l'année de création de la Brigade du Tigre.,,,Q171730
42c2e343-8ae3-48d1-b879-153ea219adc6,Judith de Bavière devient impératrice carolingienne,0819-01-01,0819-01-01,year,CONFIRMED,confirme,0.9,false,No change needed.,https://fr.wikipedia.org/wiki/Judith_de_Bavi%C3%A8re_(797-843),,Q169547
45762cb2-ca04-4d94-b240-ea01de3751c0,Première émission d'obligations vertes,2007-01-01,,,INSUFFICIENT_EVIDENCE,retrieval_insuffisant,0,true,Fournir des sources externes pour confirmer l'année de la première émission d'obligations vertes.,,,
1191672f-51eb-4dfb-b212-9289adbf3311,Attaque des Rus’ sur Constantinople (incursion navale),0860-01-01,0860-01-01,year,LIKELY_CORRECT,preuve_externe_faible,0.5,false,Ajouter des sources externes fiables pour confirmer l'année de l'attaque.,,,
fe324c5f-4ce0-42f5-b50f-0b21e3c12440,Fondation de la ville de Hobart en Tasmanie,1804-01-01,1804-01-01,year,LIKELY_CORRECT,probable_mais_a_confirmer,0.8,false,Confirmer l'année avec d'autres sources.,Ville de Hobart,,Q1621560
ab73aed6-8a7a-4038-aa55-7f364723f0a9,Construction du premier aqueduc de Palenque,0618-01-01,0618-01-01,year,CONFIRMED,confirme,0.9,false,Aucune recommandation nécessaire.,Palenque,,Q181427
8400c533-39f0-49bb-b83b-62a8bb51907f,Pierre le Grand impose la taxe sur la barbe,1696-01-01,,,INSUFFICIENT_EVIDENCE,annee_exacte_introuvable,0,true,Rechercher des sources historiques fiables (autres que la base de données) qui confirment l'année exacte de l'imposition de la taxe sur la barbe par Pierre le Grand.,,,Q42804
9c9cbf6f-3e03-4a51-822a-91741da88231,Publication de 'La Société de Consommation',1970-01-01,1970-01-01,year,LIKELY_CORRECT,probable_mais_a_confirmer,0.8,false,Confirmer la date de publication de l'ouvrage.,,,Q2144496
2a8da377-32db-405f-b959-337db2d3d78d,Bernoulli modélise la vaccination antivariolique,1766-01-01,1766-01-01,year,LIKELY_CORRECT,preuve_externe_faible,0.5,false,Provide external sources to validate the year.,,,
a78dec8c-7731-47d5-a129-fdf3064e4410,Arrestation de Gilles de Rais,1440-01-01,1440-01-01,year,CONFIRMED,confirme,0.9,false,No change needed.,wikipedia_fr_article,wikipedia_en_article,Q311634
0dbe7256-8749-47e4-b5cd-ff833d7e9f03,Inauguration de la ligne Maginot,1930-01-01,,,INSUFFICIENT_EVIDENCE,annee_exacte_introuvable,0,true,Rechercher des sources externes fiables mentionnant l'année exacte de l'inauguration de la ligne Maginot.,,,Q1642691
08cbb9da-c22c-4008-8763-3002df321a15,Mitterrand charge Balladur de former un gouvernement de cohabitation,1993-01-01,1993-01-01,year,CONFIRMED,confirme,1,false,Aucune modification nécessaire.,Gouvernement Balladur,,Q1347840
106d3b29-edb9-43ee-bd43-23d913208f26,Le Front Populaire en France,1936-01-01,1936-01-01,year,LIKELY_CORRECT,probable_mais_a_confirmer,0.7,false,Vérifier si d'autres sources confirment l'année 1936.,wikipedia_fr_article,,Q1422284
22585825-1328-4d1a-b654-85b06b83ec90,Participation française à l'opération Allied Force au Kosovo,1999-01-01,1999-01-01,year,LIKELY_CORRECT,preuve_externe_faible,0.8,false,Aucune modification nécessaire.,Opération Trident,,Q3354879
bae5f941-ec19-4556-b02b-097fd693c4df,Début du Règne Conjoint de Marc Aurèle et Lucius Verus,0161-03-08,0161-01-01,year,CONFIRMED,confirme,0.9,false,No changes needed.,Marc Aurèle,,Q1430
faab3d6f-bd39-4a17-86cc-a5ec39acd463,Mort de Charles IX,1574-01-01,1574-01-01,year,CONFIRMED,confirme,0.9,false,Confirmer la date de 1574.,wikipedia_fr_article,wikipedia_en_article,Q134309
c3af140e-9ee0-4f4b-9f66-f94697b2c74d,Révélations de l'Affaire Weinstein (2017),2017-01-01,2017-01-01,year,CONFIRMED,confirme,1,false,Confirmer la date de 2017.,Affaire Harvey Weinstein,,Q41832063
4753afd8-2571-4ad0-b429-1bd1464ca895,Fondation de l'Université de Constantinople,0425-01-01,0425-01-01,year,CONFIRMED,confirme,1,false,Confirmer la date de fondation de l'Université de Constantinople comme étant 425.,Université de Constantinople,,Q850247
44eb5eda-b807-4766-af19-ac83680ebb7d,Premier essai nucléaire français,1960-01-01,1960-01-01,year,LIKELY_CORRECT,probable_mais_a_confirmer,0,false,Ajouter une source externe confirmant l'année 1960.,,,Q210112
0740005e-002a-4bb9-94bc-16654dfc020e,Bataille des Dunes et prise de Dunkerque,1658-01-01,1658-01-01,year,CONFIRMED,confirme,0.9,false,Confirmer la date de 1658.,wikipedia_fr_article,,Q1526883
dff20736-2bdd-48fe-a74a-0bc78519b9f1,Ouverture d'Euro Disney,1992-01-01,1992-01-01,year,CONFIRMED,confirme,0.9,false,Confirmer la date de 1992 comme année d'ouverture d'Euro Disney.,Euro Disney,,Q2340292
a9010336-74e6-4314-99fa-7828f23465be,Le synode de Sutri,1046-01-01,1046-01-01,year,CONFIRMED,confirme,1,false,Confirmer la date de 1046.,https://fr.wikipedia.org/wiki/Synode_de_Sutri,,Q259431
4620a8b4-f321-4c4e-89f6-87f9b4592374,Première projection des frères Lumière,1895-01-01,,,INSUFFICIENT_EVIDENCE,retrieval_insuffisant,0,true,Fournir des sources externes pour confirmer l'année de la première projection des frères Lumière.,,,
879c5118-fc8a-4061-b9af-8a6c663b65dc,Établissement de la dynastie rurikide à Novgorod avec Riourik origine de la Russie,0862-01-01,0862-01-01,year,LIKELY_CORRECT,preuve_externe_faible,0,false,Fournir des sources externes fiables pour confirmer l'année de l'établissement de la dynastie rurikide à Novgorod.,,,
696871f3-d4d5-438b-83d6-57c435d21bcd,Raymond Poincaré élu président de la République,1913-01-01,1913-01-01,year,CONFIRMED,confirme,0.9,false,No change needed.,Raymond Poincaré,,Q191974
24b90e04-3ef5-45e2-8498-f8d19b50db79,Al-Farabi rédige « La Cité idéale »,0942-01-01,,,INSUFFICIENT_EVIDENCE,retrieval_insuffisant,0,true,Fournir des sources externes fiables pour valider l'année de rédaction de l'ouvrage.,,,
135e2132-e319-44db-b342-0f0213f87c4b,Ouverture du premier cinéma permanent,1902-01-01,1902-01-01,year,LIKELY_CORRECT,preuve_externe_faible,0.8,false,Confirmer la date si d'autres sources fiables corroborent l'année 1902.,,,Q590870
dfea23d6-1aef-4697-b621-d65f75ddb7c8,Tsunami dans l'océan Indien,2004-01-01,2004-01-01,year,CONFIRMED,confirme,0.9,false,No changes needed.,Séisme et tsunami de 2004 dans l'océan Indien,,Q130754
5ee6e460-6623-4453-84b6-5214f0c83f05,Concile de Naplouse,1120-01-01,1120-01-01,year,CONFIRMED,confirme,1,false,Confirmer la date de 1120 pour le Concile de Naplouse.,https://fr.wikipedia.org/wiki/Concile_de_Naplouse,,Q378293
98c06ac8-636e-4281-becb-359c3497aa27,Premières manifestations étudiantes contre la loi Devaquet,1986-12-02,1986-01-01,year,CONFIRMED,confirme,0.9,false,No change needed.,Projet de loi Devaquet,,Q3407265
c2c9842c-0ee5-4f64-8b86-1042ad3e0332,Massacre de la Saint-Brice en Angleterre,1002-01-01,1002-01-01,year,CONFIRMED,confirme,1,false,Aucune.,https://fr.wikipedia.org/wiki/Massacre_de_la_Saint-Brice,,Q377753
043447fa-e288-4042-b3b6-44bc46f03fb7,"Victoires de la droite aux élections municipales en France, revers pour le gouvernement socialiste",2014-01-01,2014-01-01,year,CONFIRMED,confirme,0.9,false,Aucune recommandation nécessaire.,,,Q170972
6f528ef1-d6b3-48fc-95e7-9ad3d7a1ebb4,Bataille de Villersexel,1871-01-01,1871-01-01,year,CONFIRMED,confirme,0.9,false,Confirmer la date de 1871 pour la bataille de Villersexel.,wikipedia_fr_article,,Q551432
bbc0003c-5e12-44f3-91bd-0cf99ed11715,Incursions vasconnes en Aquitaine,0587-01-01,0587-01-01,year,LIKELY_CORRECT,preuve_externe_faible,0.5,false,Fournir des sources externes pour valider l'année 587.,,,
6f2ffd4a-cb99-4db4-bef6-2d058f680d07,Début du pontificat de Léon III,0795-01-01,0795-01-01,year,LIKELY_CORRECT,preuve_externe_faible,0,false,Ajouter des sources externes fiables pour confirmer l'année du début du pontificat de Léon III.,,,
206e429e-6551-45c4-a378-a7aa3a687dc6,Fête de la Fédération,1790-01-01,1790-01-01,year,CONFIRMED,confirme,0.9,false,Confirmer la date de 1790.,wikipedia_fr_article,wikipedia_en_article,Q143866
efe10074-086f-4537-b042-2888ed0d06d6,Clonage de la brebis Dolly,1996-07-05,,,INSUFFICIENT_EVIDENCE,annee_exacte_introuvable,0,true,Rechercher des sources externes fiables mentionnant l'année exacte du clonage de la brebis Dolly.,,,Q120877
e3c15391-81d3-41ba-91e1-63165fb7c298,Introduction du dindon en Europe,1520-01-01,,,INSUFFICIENT_EVIDENCE,absence_de_singularite,0,true,Rejeter car il s'agit d'un processus et non d'un événement ponctuel.,,,
0addef27-733b-4412-837a-d1ac0f14b0d4,Fondation de l'école de médecine de Salerne,1050-01-01,,,INSUFFICIENT_EVIDENCE,annee_exacte_introuvable,0,true,Further research is needed to pinpoint the exact year of the school's foundation. The current sources are insufficient to confirm the year 1050.,École de médecine de Salerne,,Q1145271
e8071fec-96e6-4695-bd2a-4bc0f9edcbb8,Le mouvement des flagellants,1349-01-01,,,INSUFFICIENT_EVIDENCE,absence_de_singularite,0,true,"Reject due to the event describing a movement over a period of time, not a singular event in a specific year.",https://fr.wikipedia.org/wiki/Flagellant,,Q740885
7ec89d85-a559-4812-9ec0-17f8a98e3829,Loi pour l'égalité des chances,2005-01-01,2006-01-01,year,POTENTIAL_DATE_ERROR,divergence_date,1,false,None,https://fr.wikipedia.org/wiki/Loi_pour_l%27%C3%A9galit%C3%A9_des_chances,,Q3258474
a6bb40c6-f884-4155-a0bf-6df9ee5568f6,Mort de Valéry Giscard d’Estaing,2020-01-01,2020-01-01,year,CONFIRMED,confirme,1,false,Aucune modification nécessaire.,wikipedia_fr_article,wikipedia_en_article,Q2124