id,current_title,current_date,decision,final_decision,proposed_title,proposed_date_iso,review_required,evidence_level,confidence,status,result_bucket,reasoning_short,recommendation
2c9529d0-2493-4540-87c3-89a8e8e060f1,Concile Quinisexte à Constantinople,0692-01-01,UPDATE_TITLE,REVIEW,Concile Quinisexte,0692-01-01,true,A,1,INSUFFICIENT_EVIDENCE,annee_exacte_introuvable,"Le titre est plus concis sans la localisation, qui est déjà dans la description. La date est conservée car elle est cohérente avec la description.",Vérifier si des sources plus précises existent pour la date.
3b965e1f-a963-49b8-8065-eb5e7c0252bc,Institution des Monts-de-piété,1515-01-01,DELETE,DELETE,,,true,A,0.9,INSUFFICIENT_EVIDENCE,absence_de_singularite,L'événement décrit un processus et non un événement unique. La date de 1515 n'est pas univoque.,Supprimer l'événement car il décrit un processus plutôt qu'un événement singulier.
936af37d-5e60-4229-bc54-87ce8464bdb4,Synode d'Orléans : Condamnations pour hérésie,1022-01-01,KEEP_ACCEPTABLE,KEEP_ACCEPTABLE,Synode d'Orléans,1022-01-01,false,B,0.7,INSUFFICIENT_EVIDENCE,annee_exacte_introuvable,Le titre est acceptable et la date semble correcte d'après la description. Le titre est rendu plus concis.,Conserver la fiche avec le titre et la date actuels. Rechercher des sources secondaires pour confirmer la date.
281aeb82-03f2-473c-bbc3-8f0eb18eaaee,Alliance franco-ottomane,1543-01-01,DELETE,DELETE,,,true,A,1,INSUFFICIENT_EVIDENCE,absence_de_singularite,"L'alliance franco-ottomane est un processus historique de longue durée, pas un événement singulier. La date fournie est incorrecte.",Supprimer car il s'agit d'une alliance de longue durée et non d'un événement ponctuel. La date est incorrecte.
b748197a-a7ea-49be-91e8-5c377092d1d0,Ouverture du Bon Marché,1852-01-01,REVIEW,REVIEW,,,true,C,0,INSUFFICIENT_EVIDENCE,annee_exacte_introuvable,L'audit précédent n'a pas trouvé de sources fiables confirmant la date. Il faut poursuivre la recherche de sources.,Rechercher des sources externes fiables mentionnant l'année exacte de l'ouverture du Bon Marché.
bb4d0e51-7bc6-4f21-9826-6c89ff74bcfc,Translation des reliques de saint Liboire,0836-01-01,REVIEW,REVIEW,,,true,C,0,INSUFFICIENT_EVIDENCE,preuve_insuffisante,The previous audit found insufficient evidence for the event. The provided sources do not confirm the translation of relics in 836. More research is needed to verify the date and event details.,Search for reliable historical sources that specifically mention the translation of the relics of Saint Liboire to Paderborn in 836. Verify the accuracy of the date and the details of the event.
06c43bfb-74e7-4adf-80f1-c3a558021419,Fondation du royaume du Cambodge,0802-01-01,UPDATE_TITLE,DELETE,Fondation de l'Empire khmer,0802-01-01,true,B,0.7,INSUFFICIENT_EVIDENCE,absence_de_singularite,Le titre actuel est trop général. L'événement décrit correspond à la fondation de l'Empire khmer par Jayavarman II en 802. Le terme 'Empire khmer' est plus précis et correspond mieux à la description détaillée.,Mettre à jour le titre pour refléter la fondation de l'Empire khmer. Vérifier si la date est correcte par rapport à d'autres sources.
19ec1746-8efc-4767-924e-24e93f71dc76,Règne de Philippe II Auguste,1180-01-01,KEEP,DELETE,,,true,A,1,INSUFFICIENT_EVIDENCE,absence_de_singularite,Le titre et la date sont corrects et cohérents avec la description. Le règne de Philippe II Auguste a bien débuté en 1180.,Conserver la fiche telle quelle.
1f46a839-7c18-4a5e-b653-db5130ca5232,Politique de non-intervention en Espagne de la France,1936-01-01,UPDATE_DATE,REVIEW,Politique de non-intervention en Espagne,1936-08-08,true,B,0.8,INSUFFICIENT_EVIDENCE,absence_de_singularite,The policy of non-intervention in Spain was implemented during the Spanish Civil War (1936-1939). The date of 1936-08-08 corresponds to the official declaration of non-intervention. The title is updated to remove 'de la France' as the policy was also adopted by the UK.,Update the date to the start of the non-intervention policy during the Spanish Civil War. Update the title to remove 'de la France'.
e6d0bd88-8079-4d14-a650-17dfaa21dd52,Publication du Décret de Kutná Hora,1409-01-01,KEEP_ACCEPTABLE,KEEP_ACCEPTABLE,,,false,B,0.7,INSUFFICIENT_EVIDENCE,retrieval_insuffisant,"Le titre est clair et la description correspond bien à l'événement. Bien qu'il manque des sources externes directes, la description est suffisamment précise pour accepter l'événement.",Ajouter des sources externes pour renforcer la confiance dans la date.
8a8fe801-579a-4203-a612-cb597b5e0379,Publication des Fleurs du mal de Baudelaire,1857-01-01,UPDATE_DATE,UPDATE_DATE,,1857-06-25,false,A,0.9,INSUFFICIENT_EVIDENCE,annee_exacte_introuvable,Plusieurs sources concordantes indiquent que la date de publication des Fleurs du mal est le 25 juin 1857. La description est cohérente avec cette date.,Mettre à jour la date de l'événement avec la date de publication correcte.
abb5967d-38f2-4f0a-bb6c-9ae22f286c6a,Production du premier hamburger cultivé in vitro,2013-01-01,KEEP_ACCEPTABLE,KEEP_ACCEPTABLE,Production du premier hamburger cultivé in vitro,2013-01-01,false,B,0.7,INSUFFICIENT_EVIDENCE,retrieval_insuffisant,"Le titre et la date semblent corrects et cohérents avec la description. Bien qu'il n'y ait pas de sources externes fournies, l'événement est plausible et bien décrit.","Conserver l'événement tel quel, mais encourager l'ajout de sources externes pour augmenter la confiance."
9ae696a1-b4f2-4e6d-9839-60a94b395f8a,Guerre civile en Bosnie-Herzégovine,1992-01-01,UPDATE_DATE,UPDATE_DATE,,1992-03-01,false,A,0.9,INSUFFICIENT_EVIDENCE,absence_de_singularite,"Wikidata indique le 1er mars 1992 comme date de début (inception) de la Bosnie-Herzégovine, ce qui correspond au début de la guerre civile. La description est cohérente avec cette date.",Mettre à jour la date de début de la guerre civile en Bosnie-Herzégovine au 1er mars 1992.
64218ec9-179d-4af8-9b27-bc97642ccf8e,Fondation de la CGT,1895-01-01,KEEP_ACCEPTABLE,KEEP_ACCEPTABLE,,,false,B,0.7,INSUFFICIENT_EVIDENCE,retrieval_insuffisant,"La fondation de la CGT en 1895 est une information largement répandue et communément admise. Bien qu'aucune source externe n'ait été fournie directement, la probabilité d'erreur est faible.","Conserver l'événement tel quel, mais idéalement ajouter une source de référence pour renforcer la confiance."
e24d290e-27e6-4078-ad93-ae10420b7e3b,Construction du premier drakkar viking,0800-01-01,DELETE,DELETE,,,true,A,1,INSUFFICIENT_EVIDENCE,absence_de_singularite,"L'événement décrit un développement technologique progressif, et non un événement unique. Plusieurs sources confirment que la construction des drakkars s'est étalée sur une période.",Supprimer car il s'agit d'un processus de développement et non d'un événement singulier.
cbc0ecf8-3600-40e2-84bf-bd89f51906d0,Découverte des premiers métamatériaux,2000-01-01,UPDATE_TITLE,REVIEW,Métamatériaux : développement et applications,,true,B,0.7,INSUFFICIENT_EVIDENCE,annee_exacte_introuvable,"The current title implies a single discovery event, while the description suggests a period of development. The proposed title reflects the broader context of the development and applications of metamaterials.",Change the title to reflect the development and applications of metamaterials rather than a single discovery event. The description supports this broader scope.
d777d956-30d6-41f8-bf2a-7133a8cdf94b,Première bourse du travail à Lyon,1891-01-01,KEEP_ACCEPTABLE,KEEP_ACCEPTABLE,,,false,B,0.7,INSUFFICIENT_EVIDENCE,annee_exacte_introuvable,"The title and date seem acceptable based on the description, although stronger evidence would be ideal. The description clearly indicates the inauguration of the first Bourse du Travail in Lyon.",Search for more definitive sources to confirm the exact date of the inauguration.
2ef923ea-9571-468f-b22b-575c567e925d,Construction de la forteresse de Derbent,0465-01-01,UPDATE_DATE,REVIEW,Construction de la forteresse de Derbent,0438-01-01,true,B,0.8,INSUFFICIENT_EVIDENCE,retrieval_insuffisant,"Wikidata indique une date de début de construction en 438. Bien que Wikipedia ne donne pas de date précise, l'information de Wikidata est une source acceptable.",Mettre à jour la date de construction de la forteresse de Derbent à 438 selon Wikidata.
a219c013-a4ce-4913-9b83-d6fe52b84aec,L'arianisme devient dominant chez les Goths,0341-01-01,KEEP_ACCEPTABLE,REVIEW,,,true,C,0.6,INSUFFICIENT_EVIDENCE,annee_exacte_introuvable,"Bien qu'il soit difficile de trouver une date précise pour l'adoption de l'arianisme par les Goths, la description correspond à l'événement décrit dans le titre. L'année 341 est plausible, mais la preuve est faible.",Conserver l'événement avec une note indiquant l'incertitude de la date.
e3f160c4-b4d0-4e48-af6a-53037ca23f5a,Destruction de l'Université de Nalanda,1193-01-01,UPDATE_DATE,REVIEW,Destruction de l'université de Nalanda,,true,B,0.7,INSUFFICIENT_EVIDENCE,annee_exacte_introuvable,"La date exacte est incertaine, il faut donc supprimer la date. Le titre est correct.",Supprimer la date car elle est incertaine. Vérifier si d'autres sources permettent de préciser la date.
630689d2-f02b-4aee-b226-84d855a6afd7,Le scandale de l'esclavage au Congo belge,1908-01-01,UPDATE_TITLE,REVIEW,Scandale de l'État indépendant du Congo,,true,A,0.9,INSUFFICIENT_EVIDENCE,absence_de_singularite,"Le titre actuel est acceptable mais peut être amélioré pour correspondre à l'appellation la plus courante et officielle de cet événement. Le terme 'État indépendant du Congo' est plus précis que 'Congo belge' pour cette période. L'événement est une période, pas un événement singulier.",Mettre à jour le titre pour plus de précision historique.
ac95395a-8298-4251-ba0d-b192b6ae429d,Fondation du Ku Klux Klan (moderne),1915-01-01,UPDATE_BOTH,REVIEW,Fondation du second Ku Klux Klan,1915-09-01,true,B,0.8,INSUFFICIENT_EVIDENCE,annee_exacte_introuvable,Le titre est amélioré pour plus de clarté. La date du 1er janvier 1915 est incorrecte. La fondation du second KKK a eu lieu en septembre 1915. La description est cohérente avec cette information.,Vérifier si le 1er septembre est la date exacte ou une date approximative de septembre 1915.
ae3b80ae-09d2-4673-a2e7-c3583a308e36,Couronnement d'Otton III comme empereur du Saint-Empire romain germanique,0996-01-01,KEEP,DELETE,,,true,B,0.8,INSUFFICIENT_EVIDENCE,annee_exacte_introuvable,"The current title and date are acceptable. The description is consistent with the title and date. While a more precise date might be available, the current information is reasonably accurate.","Keep the event as is. Further research could be done to find a more precise date, but it is not strictly necessary."
72b75444-ab7b-4cf4-8e59-6a76be062b76,Ouverture du musée parisien consacré aux arts et civilisations non occidentales,2006-01-01,UPDATE_DATE,REVIEW,Ouverture du musée du quai Branly - Jacques Chirac,2006-06-20,true,B,0.8,INSUFFICIENT_EVIDENCE,preuve_insuffisante,"La date d'ouverture du musée du quai Branly est le 20 juin 2006, et non le 1er janvier 2006. Plusieurs sources concordantes confirment cette date.",Mettre à jour la date avec la date correcte d'ouverture du musée.
54b9664d-947c-431d-9e01-acb6aaf5df74,Première dissection humaine publique par Mondino de Luzzi,1315-01-01,KEEP_ACCEPTABLE,KEEP_ACCEPTABLE,,,false,B,0.7,INSUFFICIENT_EVIDENCE,retrieval_insuffisant,"L'événement est bien documenté et correspond à une pratique importante dans l'histoire de la médecine. Bien qu'il manque des sources directes dans ce contexte, l'information est largement acceptée.","Conserver l'événement tel quel, mais ajouter des sources externes pour renforcer la confiance."
4ea1ec88-5820-42f3-9d1e-91e1a2facf66,Première photographie couleur,1861-01-01,UPDATE_DATE,REVIEW,Première photographie couleur,1861-05-17,true,B,0.7,INSUFFICIENT_EVIDENCE,absence_de_singularite,La date du 17 mai 1861 est plus précise pour la première démonstration de la photographie couleur par James Clerk Maxwell.,Update the date to 1861-05-17 to reflect the specific date of the first public demonstration of color photography by James Clerk Maxwell.
715f2030-129a-40cb-9a7f-a5eb99927f82,Premiers essais thermonucléaires (bombe H) par les États-Unis et l'URSS,1952-01-01,REVIEW,REVIEW,,,true,C,0.5,INSUFFICIENT_EVIDENCE,absence_de_singularite,The current title refers to multiple events (first tests by the US and the USSR). It needs to be split into two separate events or rephrased to focus on a specific test.,"Review to determine if the event should be split into two separate events (one for the US and one for the USSR) or if a more specific title can be found that refers to a single, significant test."
17f1837a-c953-493b-b83b-de1d85049ec4,Le scandale du Crédit Mobilier,1867-01-01,UPDATE_DATE,REVIEW,Scandale du Crédit Mobilier,1872-01-01,true,B,0.8,INSUFFICIENT_EVIDENCE,annee_exacte_introuvable,Le scandale éclate en 1872. La date actuelle (1867) est incorrecte. Le titre est correct.,"Mettre à jour la date à 1872-01-01, date de l'éclatement du scandale."
10409bb1-8135-4fc6-bbf7-07a1ef4bd01f,Extension des centres d'apprentissage de l'Éducation nationale,1950-01-01,REVIEW,REVIEW,,,true,C,0,INSUFFICIENT_EVIDENCE,annee_exacte_introuvable,"La date de 1950 est mentionnée dans la description, mais l'audit précédent n'a pas trouvé de source fiable confirmant cette date. Le titre est acceptable, mais la date nécessite une vérification plus approfondie.",Effectuer des recherches supplémentaires pour trouver une source fiable confirmant la date de l'extension des centres d'apprentissage de l'Éducation nationale.
fe286d8a-b71b-47ce-8c02-fd9eff80859b,Première traversée de l'Atlantique par l'Aéropostale,1930-05-06,KEEP,KEEP_ACCEPTABLE,,,false,A,0.9,INSUFFICIENT_EVIDENCE,retrieval_insuffisant,La date et le titre sont cohérents avec la description. L'événement est bien documenté et spécifique.,Conserver la fiche en l'état.
b703e3a6-794f-46e4-b5bd-08e43ea21690,Traduction arabe de textes médicaux grecs en Sicile,1150-01-01,DELETE,DELETE,,,true,A,1,INSUFFICIENT_EVIDENCE,absence_de_singularite,L'événement décrit un processus et non un événement singulier datable à une année exacte. Il s'agit d'une activité continue plutôt qu'un événement ponctuel.,Supprimer car l'événement décrit un processus et non un événement singulier datable à une année exacte.
7d95457e-0ad5-4ece-9e50-f021e46f1e37,Publication du 'Roman de la Rose',1300-01-01,DELETE,DELETE,,,true,A,1,INSUFFICIENT_EVIDENCE,absence_de_singularite,"L'œuvre a été écrite sur une période de temps, pas un événement unique.",Supprimer l'événement car il décrit une période d'écriture plutôt qu'un événement unique dans une année spécifique.
61668c0e-7383-4c97-b4c8-300b2a39abb1,Tacite publie Les Annales,0116-01-01,REVIEW,REVIEW,,,true,C,0,INSUFFICIENT_EVIDENCE,annee_exacte_introuvable,La date de publication des Annales est incertaine. Il faut consulter des sources spécialisées pour confirmer la date.,Rechercher des sources académiques ou des ouvrages de référence sur Tacite et ses œuvres pour confirmer la date de publication des Annales.
948da1d0-1247-4d50-9388-26552f0f5325,Construction du Fort Saint-Jean à Malte,1565-01-01,DELETE,DELETE,,,true,A,1,INSUFFICIENT_EVIDENCE,absence_de_singularite,"La construction d'un fort est un processus qui s'étend sur une période, et non un événement ponctuel. L'audit précédent a correctement identifié ce problème.","Supprimer l'événement car il décrit une construction, qui est une période, pas un événement singulier."
7b8bf796-8833-490a-8035-651938a59970,Fondation de Saint-Domingue,1496-01-01,KEEP_ACCEPTABLE,KEEP_ACCEPTABLE,,,false,B,0.7,INSUFFICIENT_EVIDENCE,annee_exacte_introuvable,"La description correspond à la fondation de Saint-Domingue par Bartolomé Colomb en 1496. Bien que l'audit précédent n'ait pas trouvé de sources confirmant l'année exacte, la description est cohérente et l'événement est bien connu.","Conserver la fiche avec un niveau de confiance B, en attendant de trouver des sources plus solides."
875a318d-6eb9-4803-a51a-c5cdc2f4b65c,Université d'Oxford reçoit sa charte royale,1133-01-01,REVIEW,REVIEW,,,true,C,0,INSUFFICIENT_EVIDENCE,retrieval_insuffisant,La date de 1133 pour la charte royale de l'Université d'Oxford est incertaine et nécessite une vérification approfondie. Les sources fournies concernent l'Université de Reading et ne sont pas pertinentes.,Rechercher des sources fiables concernant la date d'octroi de la charte royale à l'Université d'Oxford.
0608f05b-687e-4b03-9cbe-c685eb0202be,Création du franc,1360-01-01,UPDATE_DATE,REVIEW,Création du franc,1360-12-05,true,B,0.8,INSUFFICIENT_EVIDENCE,annee_exacte_introuvable,La date du 5 décembre 1360 est la date de l'ordonnance royale créant le franc. La description correspond bien à cet événement.,Mettre à jour la date avec la date précise de l'ordonnance.
9d7512e1-b566-45d0-b4f5-c5b593619acb,Achèvement des fresques de Signorelli à Orvieto,1504-01-01,REVIEW,REVIEW,,,true,C,0,INSUFFICIENT_EVIDENCE,annee_exacte_introuvable,L'année d'achèvement des fresques n'est pas confirmée par les sources actuelles. L'article Wikipédia mentionne les fresques mais sans date. Wikidata concerne la construction de la cathédrale.,"Rechercher des sources fiables (articles d'art, biographies de Signorelli, publications académiques) qui confirment la date d'achèvement des fresques de Signorelli à Orvieto."
d8ed7531-45a9-4060-8002-d6689055efb3,Destruction du Sérapéum d'Alexandrie,0391-01-01,KEEP_ACCEPTABLE,KEEP_ACCEPTABLE,,,false,B,0.8,INSUFFICIENT_EVIDENCE,annee_exacte_introuvable,"The title and date are consistent with the description. While the exact day is not crucial, the year 391 is well-established for the destruction of the Serapeum.",Keep the event as is. Consider adding more sources to increase confidence.
ec824da4-ccaa-4637-bb25-348c58f79c92,Premières migrations Huns vers l'Europe,0370-01-01,KEEP_ACCEPTABLE,KEEP_ACCEPTABLE,,,false,B,0.7,INSUFFICIENT_EVIDENCE,annee_exacte_introuvable,"Le titre et la description sont cohérents. Bien que l'année exacte soit difficile à confirmer avec une certitude absolue, l'année 370 est largement acceptée comme le début des migrations des Huns vers l'Europe.","Conserver l'événement tel quel, mais continuer à rechercher des sources plus précises pour confirmer la date."
700920be-a849-411f-af34-2edc6ee9fef7,Séisme dévastateur d'Agadir au Maroc,1960-01-01,UPDATE_DATE,UPDATE_DATE,,1960-02-29,false,A,1,INSUFFICIENT_EVIDENCE,retrieval_insuffisant,La description indique clairement que le séisme a eu lieu le 29 février 1960. La date actuelle est incorrecte.,Mettre à jour la date pour correspondre à la description.
35017165-8169-4ae9-9a18-09979715290d,Guerre de la banane au Honduras,1924-01-01,DELETE,DELETE,,,true,A,1,INSUFFICIENT_EVIDENCE,absence_de_singularite,"La Guerre des Bananes est une période d'interventions militaires américaines, pas un événement unique. La date fournie est donc inappropriée.",Supprimer l'entrée car elle représente une période historique et non un événement singulier.
6aa96a4b-43e3-4044-94c9-62b1ef545eaa,Règne de Robert II le Pieux,0996-01-01,KEEP,DELETE,,,true,A,1,INSUFFICIENT_EVIDENCE,absence_de_singularite,"Le titre et la date correspondent aux informations disponibles sur Robert II le Pieux. Le règne est bien une période, donc non singulier.",No change needed.
a27a4c69-2478-42db-9588-6aabfbf1ff40,Première de la Symphonie n°9 de Ludwig van Beethoven,1824-05-07,KEEP,KEEP_ACCEPTABLE,,,false,A,0.9,INSUFFICIENT_EVIDENCE,annee_exacte_introuvable,La date et le titre sont corrects et cohérents avec la description. De nombreuses sources confirment la date de la première de la Symphonie n°9 de Beethoven.,Aucune modification nécessaire.
55eabf66-7b32-4c6f-80ee-1784f306f777,Premier moulin à papier en France,1320-01-01,REVIEW,REVIEW,,,true,C,0,INSUFFICIENT_EVIDENCE,annee_exacte_introuvable,L'année 1320 n'est pas confirmée par les sources disponibles. Il faut investiguer plus avant pour confirmer cette date ou trouver une date plus précise.,Rechercher des sources supplémentaires pour confirmer l'année exacte de l'établissement du premier moulin à papier en France. Vérifier si Troyes est bien le lieu de ce premier moulin.
4246cdbd-c5d7-40e7-a517-736a6a62ce88,Première utilisation du béton romain antique,0150-01-01,DELETE,DELETE,,,true,A,0.9,INSUFFICIENT_EVIDENCE,absence_de_singularite,L'événement décrit une période et non un événement ponctuel. Le titre et la description suggèrent une évolution progressive plutôt qu'une date précise.,Supprimer car il s'agit d'une période et non d'un événement singulier.
efc594ba-1e31-4ac2-befe-448c611b01c7,Henri Plantagenêt s'empare de la vicomté de Thouars,1156-01-01,KEEP_ACCEPTABLE,REVIEW,,,true,B,0.6,INSUFFICIENT_EVIDENCE,retrieval_insuffisant,"Le titre et la date semblent corrects et cohérents avec la description. Bien qu'une source plus directe serait préférable, l'absence de contestation et la cohérence interne permettent de valider avec un niveau de confiance acceptable.","Conserver l'événement tel quel, mais envisager une recherche de sources plus spécifiques à l'avenir pour renforcer la preuve."
ef583ac5-6641-4752-8944-ee2df754ecd6,Affaire des diamants de Bokassa,1975-01-01,UPDATE_DATE,REVIEW,Affaire des diamants de Bokassa,1979-10-01,true,A,0.8,INSUFFICIENT_EVIDENCE,absence_de_singularite,"L'affaire éclate en octobre 1979 selon l'article Wikipédia. La description actuelle mentionne 1975, ce qui est le début de la relation entre les deux hommes, mais pas le début de l'affaire.",Update the date to reflect the start of the scandal as reported by multiple sources.
b4f257b1-a87e-49fa-a01e-88b88c2af356,Rattachement du Comté de Toulouse,1271-01-01,REVIEW,REVIEW,,,true,C,0,INSUFFICIENT_EVIDENCE,preuve_insuffisante,L'audit précédent n'a pas trouvé de sources confirmant la date de 1271. Il faut investiguer plus avant pour confirmer ou infirmer cette date.,"Rechercher des sources fiables (articles académiques, ouvrages historiques) qui confirment le rattachement du Comté de Toulouse au Royaume de France et sa date précise."
e83d4de0-7130-4b29-bb72-f7053ae8e836,Marco Polo quitte la Chine,1292-01-01,REVIEW,REVIEW,,,true,C,0,INSUFFICIENT_EVIDENCE,annee_exacte_introuvable,La date de départ de Marco Polo de Chine est incertaine. L'audit précédent n'a pas trouvé de sources fiables. Il faut une recherche plus approfondie pour confirmer la date exacte.,Rechercher des sources historiques fiables qui confirment la date exacte du départ de Marco Polo de Chine.
82cb2477-f2bd-46a9-a0d9-bef43e2bc6ac,Invention du haut fourneau en Chine,1068-01-01,UPDATE_DATE,REVIEW,Invention du haut fourneau en Chine,,true,B,0.7,INSUFFICIENT_EVIDENCE,annee_exacte_introuvable,La date de 1068 n'est pas confirmée. L'article Wikipédia indique que l'usage du haut fourneau en Chine remonte au Ier siècle. Il faut donc supprimer la date précise.,Remove the specific date as the invention of the blast furnace in China occurred earlier than 1068.
7e343001-2ea7-47dc-b40e-98b499fcae59,Création du Snuggie (couverture à manches),2008-01-01,KEEP_ACCEPTABLE,KEEP_ACCEPTABLE,,,false,B,0.7,INSUFFICIENT_EVIDENCE,retrieval_insuffisant,"La description correspond à la date. Bien qu'il n'y ait pas de sources externes fournies, l'événement semble plausible et la description est cohérente.","Conserver l'événement tel quel, mais ajouter des sources si possible pour augmenter la confiance."
d9ca9ab3-5139-4f21-a421-fad020638759,Début de la construction du Dôme de Florence par Brunelleschi,1420-01-01,KEEP_ACCEPTABLE,KEEP_ACCEPTABLE,,,false,B,0.7,INSUFFICIENT_EVIDENCE,annee_exacte_introuvable,"La description correspond bien au début de la construction du dôme de Florence par Brunelleschi en 1420. Bien qu'aucune source n'ait été fournie, la description est suffisamment précise pour accepter l'événement.",Ajouter des sources pour renforcer la confiance dans la date.
96daa9d5-f2a5-47d4-afca-4fad6cb01254,Début du mouvement des droits civiques aux États-Unis,1954-01-01,DELETE,DELETE,,,true,A,0.9,INSUFFICIENT_EVIDENCE,absence_de_singularite,"Le titre fait référence au début d'un mouvement, ce qui implique une période et non un événement unique. La description est également vague et ne permet pas d'identifier un événement spécifique.",Supprimer car il s'agit d'un mouvement et non d'un événement ponctuel.
c9cc524b-cc53-46f0-89b6-5f5091d7a356,Règne de Philippe III le Hardi,1270-01-01,UPDATE_TITLE,DELETE,Accession au trône de Philippe III le Hardi,1270-01-01,true,A,0.9,INSUFFICIENT_EVIDENCE,absence_de_singularite,"The original title refers to a reign, not a specific event. The description mentions Philippe III acceding to the throne in 1270. Changing the title to ""Accession au trône de Philippe III le Hardi"" makes it a singular event. The date remains 1270-01-01 as the start of his reign.",Update the title to reflect the specific event of Philippe III's accession to the throne.
98a70c7c-1e71-45f3-8985-9e18de73114e,Cousteau invente le scaphandre,1943-01-01,REVIEW,REVIEW,,,true,C,0,INSUFFICIENT_EVIDENCE,annee_exacte_introuvable,L'année exacte de l'invention du scaphandre autonome n'est pas confirmée par les sources actuelles. L'article Wikipedia décrit le scaphandre autonome mais ne mentionne pas d'année précise pour son invention.,"Rechercher des sources externes fiables (biographies de Cousteau, articles de journaux d'époque, publications scientifiques) qui confirment l'année exacte de l'invention du scaphandre autonome."
74a54fd2-87f3-4df3-83ae-48e9ba73dba8,Ibn Battuta visite le royaume de Mali,1352-01-01,UPDATE_DATE,DELETE,Visite d'Ibn Battuta au royaume du Mali,1351-01-01,true,B,0.8,INSUFFICIENT_EVIDENCE,annee_exacte_introuvable,La description indique 1351 comme année de la visite. Le titre est reformulé pour être plus standard.,Mettre à jour la date à 1351 et conserver le titre reformulé.
d9315af5-48f2-4098-9335-00a5f3cd6ecc,Signature des accords d'assistance mutuelle franco-américains,1951-01-01,REVIEW,REVIEW,,,true,C,0,INSUFFICIENT_EVIDENCE,annee_exacte_introuvable,The previous audit couldn't confirm the date. No new sources were provided to confirm the date. Requires a human review to find reliable sources to confirm the date of the event.,"Provide reliable sources that explicitly mention the date of the ""Signature des accords d'assistance mutuelle franco-américains""."
2a37d31a-fb47-48b0-bdc0-039a2faec5ea,Découverte des rayons cosmiques,1912-01-01,KEEP_ACCEPTABLE,KEEP_ACCEPTABLE,,,false,B,0.7,INSUFFICIENT_EVIDENCE,retrieval_insuffisant,"La description mentionne explicitement la date du 7 août 1912. Bien qu'aucune source externe ne soit fournie directement, la description est cohérente et précise.","Ajouter des sources pour renforcer la confiance, mais l'événement peut être conservé en l'état."
576fe4ac-26d3-4bad-80fa-f929adfec4ca,Introduction de la fourchette en Italie,1000-01-01,DELETE,DELETE,,,true,A,0.9,INSUFFICIENT_EVIDENCE,absence_de_singularite,L'événement décrit un processus historique et non un événement singulier. Aucune source ne fournit une date précise pour l'introduction de la fourchette en Italie.,Supprimer car il s'agit d'un processus et non d'un événement singulier.
c5053024-9a23-478b-bcc3-a214b532f893,Fusillade des 27 de Châteaubriant,1941-01-01,UPDATE_DATE,UPDATE_DATE,,1941-10-22,false,A,1,INSUFFICIENT_EVIDENCE,annee_exacte_introuvable,La description mentionne explicitement la date du 22 octobre 1941. De nombreuses sources confirment cette date.,Mettre à jour la date avec la date correcte (22 octobre 1941).
935b235c-67c9-45e8-be8c-56217eee2ab6,Proclus succède à Plutarque à l'Académie,0437-01-01,REVIEW,REVIEW,,,true,C,0,INSUFFICIENT_EVIDENCE,annee_exacte_introuvable,"L'année de succession de Proclus à Plutarque à l'Académie n'est pas confirmée par les sources disponibles. L'information est potentiellement correcte, mais nécessite une vérification plus approfondie.",Rechercher des sources fiables qui confirment l'année de la succession de Proclus à Plutarque à l'Académie d'Athènes.
26e820e1-8044-4c2e-91d5-4b9e5592fbbb,Construction du château de Douvres commencée,1180-01-01,DELETE,DELETE,,,true,A,1,INSUFFICIENT_EVIDENCE,absence_de_singularite,"L'événement décrit une construction, qui est une période, pas un événement singulier.","Supprimer. L'événement décrit une construction, qui est une période, pas un événement singulier. Aucune source ne confirme l'année de début exacte."
37857bb4-c8c1-4dc1-9f29-fbd2bd9a14f4,Règne de Louis V le Fainéant,0986-01-01,DELETE,DELETE,,,true,A,1,INSUFFICIENT_EVIDENCE,absence_de_singularite,"L'événement décrit une période, le règne de Louis V, et non un événement ponctuel. Impossible de l'intégrer tel quel.",Supprimer l'événement car il s'agit d'une période et non d'un événement unique.
fd3fbe5a-961c-4813-bdcf-9d0504a646b1,Guerre du Chaco,1932-01-01,DELETE,DELETE,,,true,A,1,INSUFFICIENT_EVIDENCE,absence_de_singularite,La guerre du Chaco est un conflit qui s'étend sur plusieurs années. Cet événement n'est pas singulier et ne peut être associé à une date unique.,Supprimer l'entrée car elle représente une période et non un événement singulier.
0010b463-833c-4fb3-bbdb-b06c18f4bd58,Soulèvement de Décembristes en Russie,1825-01-01,UPDATE_DATE,REVIEW,,1825-12-26,true,B,0.8,INSUFFICIENT_EVIDENCE,annee_exacte_introuvable,Le soulèvement des Décembristes a eu lieu le 26 décembre 1825 (14 décembre selon le calendrier julien).,Mettre à jour la date au 26 décembre 1825.
566ab4eb-16f5-4734-b8c1-362f720fa51d,Léonard de Vinci conçoit des machines volantes,1480-01-01,DELETE,DELETE,,,true,A,0.9,INSUFFICIENT_EVIDENCE,absence_de_singularite,"The title describes a design activity, which is not an event that can be pinned to a single year. The sources provide information about Leonardo da Vinci's life, but not about the specific year he designed flying machines.","Reject. The title describes an ongoing activity, not an event that can be pinned to a single year."
ae523de4-8d52-4114-ab4a-c1bdfc22dbd4,Lister publie sur l'antisepsie,1867-01-01,UPDATE_TITLE,REVIEW,Publication des travaux de Joseph Lister sur l'antisepsie,1867-01-01,true,B,0.9,INSUFFICIENT_EVIDENCE,retrieval_insuffisant,Le titre actuel est trop vague. Le titre proposé est plus précis et correspond à la description. La date est conservée car elle est cohérente avec la description.,Vérifier avec des sources externes la date exacte de publication des travaux de Lister.
30a60461-5e57-470f-b18e-272b09bba704,Programme autoroutier du Plan Monnet,1951-01-01,KEEP_ACCEPTABLE,REVIEW,,,true,B,0.6,INSUFFICIENT_EVIDENCE,annee_exacte_introuvable,"The description clearly links the program to the Plan Monnet. While the exact start date might be debated, 1951 is a reasonable approximation given the context of post-war reconstruction. Without more precise sources, keeping the current information is acceptable.","Keep the current title and date, but continue to search for more precise information regarding the program's timeline."
5f43c90b-7188-42d3-846e-c0d6eaaf84ea,Fondation de la Société de la paix de New York,1815-01-01,REVIEW,REVIEW,,,true,C,0,INSUFFICIENT_EVIDENCE,preuve_insuffisante,La date de fondation de la Société de la paix de New York n'est pas confirmée par des sources fiables. Nécessite une vérification humaine pour trouver des sources.,Rechercher des sources externes (autres que Wikipédia et Wikidata) confirmant la date de fondation de la Société de la paix de New York.
1fc1c5f5-f7cb-4a58-afee-3a5db470ee0b,Invention du masque à gaz par John Stenhouse,1854-01-01,KEEP_ACCEPTABLE,REVIEW,,,true,C,0.6,INSUFFICIENT_EVIDENCE,retrieval_insuffisant,"L'information semble plausible et cohérente avec la description, mais manque de sources externes solides pour confirmer la date exacte. On conserve en l'état, mais avec un niveau de confiance modéré.",Ajouter des sources pour renforcer la validation de la date de l'invention.
a1503742-d7bb-41c3-855d-7b81ef22383e,Création de la NBA Development League,2001-01-01,KEEP,KEEP_ACCEPTABLE,,,false,A,0.9,INSUFFICIENT_EVIDENCE,annee_exacte_introuvable,La date et le titre sont corrects et corroborés par plusieurs sources.,Aucune modification nécessaire.
e947d6e2-bd86-436a-8b92-23ca92b30fb7,"Tortuga, repaire de pirates",1630-01-01,KEEP_ACCEPTABLE,REVIEW,"Tortuga, repaire de pirates",1630-01-01,true,C,0.6,INSUFFICIENT_EVIDENCE,annee_exacte_introuvable,"L'information de 1630 comme début de l'établissement de Tortuga comme repaire de pirates est plausible, mais difficile à confirmer avec des sources directes et fiables. On garde l'entrée avec un niveau de confiance faible.",Conserver l'entrée avec un niveau de confiance faible. Rechercher des sources plus solides confirmant l'année exacte.
fea241b6-8eb0-46f4-8d3f-a4dddc9e7154,Affaire Bettencourt,2007-01-01,DELETE,DELETE,,,true,A,0.9,INSUFFICIENT_EVIDENCE,absence_de_singularite,L'affaire Bettencourt est un scandale qui s'est déroulé sur plusieurs années. Il n'y a pas de date unique qui puisse être considérée comme le début de l'affaire.,Supprimer l'entrée car elle représente une période et non un événement singulier.
24789949-02df-45af-ab59-ef2f9bf0d502,Wilhelm Steinitz devient champion du monde d'échecs,1886-01-01,KEEP,KEEP_ACCEPTABLE,,,false,A,1,INSUFFICIENT_EVIDENCE,preuve_insuffisante,Le titre et la date sont corrects et cohérents avec la description. L'événement est bien documenté.,Aucune modification nécessaire.
ab5c9d45-f227-4f35-8975-9859538d090f,L'Italie rejoint la Triple-Entente,1915-01-01,UPDATE_TITLE,UPDATE_TITLE,Entrée en guerre de l'Italie,1915-05-23,false,A,0.9,INSUFFICIENT_EVIDENCE,retrieval_insuffisant,"Le titre original est imprécis. L'Italie n'a pas rejoint la Triple-Entente, mais est entrée en guerre aux côtés de celle-ci. La date précise de l'entrée en guerre est le 23 mai 1915, date de la déclaration de guerre à l'Autriche-Hongrie. La description est cohérente avec cette date.",Mettre à jour le titre pour plus de précision et la date pour correspondre à la déclaration de guerre.
fb19ea34-ee9a-4bed-91e0-65da2d10d716,Réapparition de la frappe privée de monnaie,0884-01-01,KEEP_ACCEPTABLE,REVIEW,,,true,B,0.6,INSUFFICIENT_EVIDENCE,retrieval_insuffisant,"La description de l'événement est cohérente avec le titre et la date. Bien qu'il n'y ait pas de sources externes fournies, la description elle-même fournit un contexte historique plausible. L'absence de sources externes abaisse le niveau de confiance, mais l'événement semble acceptable en l'état.",Ajouter des sources externes pour renforcer la confiance dans la date et la description de l'événement.
e088c088-2f1e-4bcf-b68a-5f36113cd761,Règne de Philippe I er,1060-01-01,DELETE,DELETE,,,true,A,1,INSUFFICIENT_EVIDENCE,absence_de_singularite,"Le titre et la description indiquent clairement une période historique, et non un événement unique. Impossible de déterminer une date précise.",Supprimer car il s'agit d'une période et non d'un événement ponctuel.
59e3565f-f6bb-40ec-96a4-5916ee861bf2,Naissance de Jésus,0001-01-01,REVIEW,REVIEW,Naissance de Jésus,,true,C,0.5,INSUFFICIENT_EVIDENCE,annee_exacte_introuvable,La date de naissance de Jésus est incertaine et sujette à débat historiographique. L'année 0001 est arbitraire et non sourcée. Nécessite une expertise historique.,"Nécessite une expertise historique pour déterminer si une année peut être raisonnablement inférée malgré le débat historiographique. Pour l'instant, aucune année ne peut être confirmée."
3dcfdafd-f3b8-493c-bc64-dab7b1d1630e,Sacre de Louis XIV,1654-01-01,UPDATE_DATE,UPDATE_DATE,Sacre de Louis XIV,1654-06-07,false,A,0.9,INSUFFICIENT_EVIDENCE,annee_exacte_introuvable,Plusieurs sources concordantes indiquent que le sacre de Louis XIV a eu lieu le 7 juin 1654 à Reims. La date du 1er janvier 1654 est incorrecte.,Mettre à jour la date de l'événement avec la date correcte du 7 juin 1654.
276149f6-ed87-4054-ba06-4907d40a7b40,Première utilisation du mot 'scientist',1834-01-01,KEEP_ACCEPTABLE,KEEP_ACCEPTABLE,,,false,B,0.7,INSUFFICIENT_EVIDENCE,retrieval_insuffisant,"Bien que l'audit précédent ait demandé des sources, l'absence de contestation forte et la nature spécifique de l'événement permettent de le conserver avec un niveau de confiance acceptable.","Conserver l'événement tel quel, mais continuer à chercher des sources pour renforcer la confiance."
17a0aedf-3b23-4cfa-928c-bc95c55395fb,Deuxième exposition universelle de Paris,1878-01-01,KEEP,KEEP_ACCEPTABLE,,,false,A,1,INSUFFICIENT_EVIDENCE,retrieval_insuffisant,The title and date are accurate and consistent with the description. The event is well-known and documented.,No changes needed.
ee75249f-ed1e-4d3e-98b4-f1cf8ca67f0f,Loi autorisant les femmes à témoigner en justice,1907-01-01,KEEP_ACCEPTABLE,KEEP_ACCEPTABLE,Loi autorisant les femmes à témoigner en justice,1907-01-01,false,B,0.7,INSUFFICIENT_EVIDENCE,annee_exacte_introuvable,"La description correspond à la date. Bien que Wikipedia ne confirme pas directement la date exacte, l'article sur la chronologie des droits des femmes en France est un indice pertinent.",Conserver l'événement avec la date actuelle. Rechercher des sources plus directes pour une confirmation plus forte.
e8a3c52b-4cff-4466-ac1b-674f7e47bef6,Première exposition Gutai à Tokyo,1955-01-01,REVIEW,REVIEW,,,true,C,0.5,INSUFFICIENT_EVIDENCE,annee_exacte_introuvable,L'année de la première exposition Gutai à Tokyo n'est pas confirmée par les sources disponibles. Il est nécessaire de trouver une source fiable qui mentionne explicitement la date de cette exposition.,Rechercher des sources mentionnant spécifiquement la date de la première exposition Gutai à Tokyo.
810a14a7-5969-4513-aaff-c82be51ab8a2,Mise en place de mesures économiques en France pour stabiliser les finances face au premier choc pétrolier,1974-01-01,KEEP_ACCEPTABLE,REVIEW,,,true,B,0.6,INSUFFICIENT_EVIDENCE,absence_de_singularite,"The event describes a policy implementation process rather than a singular event. However, the description provides sufficient context and the date is plausible.","Consider rephrasing the title to reflect the policy itself rather than its implementation, if possible. Otherwise, keep as is."
29906039-ec29-4a91-9296-6124e8450ec6,Fondation de l'Université de Padoue en Italie,1222-01-01,UPDATE_DATE,UPDATE_DATE,,1222-09-01,false,A,0.9,INSUFFICIENT_EVIDENCE,annee_exacte_introuvable,Wikidata indique une date de fondation plus précise au 1er septembre 1222. La description reste cohérente.,Mettre à jour la date de fondation de l'Université de Padoue avec la date précise du 1er septembre 1222.
cdcc283e-f337-4ef3-a5ce-04cbe2d2503a,Sixième guerre de Religion en France,1577-01-01,DELETE,DELETE,,,true,A,1,INSUFFICIENT_EVIDENCE,absence_de_singularite,"L'événement est une guerre, donc une période, pas un événement singulier datable.","Supprimer l'événement car il décrit une guerre, qui s'étend sur plusieurs années, et non un événement ponctuel."
21d9b363-da6e-4452-939a-7d1587c5e71f,Lancement du Plan Juncker en Europe,2015-01-01,KEEP_ACCEPTABLE,KEEP_ACCEPTABLE,,,false,B,0.7,INSUFFICIENT_EVIDENCE,retrieval_insuffisant,La description confirme le titre et la date. Le titre est clair et sans date.,Conserver l'événement tel quel.
ea46e81d-4249-42f7-a6c2-c3b534b1d72c,Développement du lance-flammes à pompe en Chine,1232-01-01,KEEP_ACCEPTABLE,KEEP_ACCEPTABLE,,,false,B,0.7,INSUFFICIENT_EVIDENCE,retrieval_insuffisant,"L'événement semble correctement décrit et daté d'après la description. Bien qu'aucune source externe n'ait été fournie, la description est suffisamment précise pour accepter l'événement tel quel, avec une confiance modérée.",Ajouter des sources pour renforcer la confiance dans la date et la description.
3c73f09a-cc4e-4b20-a74a-78539dea9c57,Début de la Renaissance italienne avec Giotto,1300-01-01,DELETE,DELETE,,,true,A,0.9,INSUFFICIENT_EVIDENCE,absence_de_singularite,L'événement décrit une période historique et non un événement unique. La date proposée est trop précise et ne correspond pas à la nature de l'événement.,Supprimer car il s'agit d'une période historique et non d'un événement ponctuel.
f4239b6d-9678-432b-819d-82518ef81b49,Invention du bathyscaphe par Auguste Piccard,1948-01-01,REVIEW,REVIEW,,,true,C,0.5,INSUFFICIENT_EVIDENCE,annee_exacte_introuvable,The exact date of the bathyscaphe invention is not clearly stated in the provided sources. Further investigation is needed to confirm the 1948 date.,Verify the exact year of the bathyscaphe's invention using more specific and reliable sources.
9eb12c14-dc74-4848-bc79-d987730493e3,Premier hôpital psychiatrique de Valence en Espagne,1409-01-01,REVIEW,REVIEW,,,true,C,0,INSUFFICIENT_EVIDENCE,annee_exacte_introuvable,"L'information de 1409 est à confirmer. Les sources actuelles ne permettent pas de valider cette date pour la fondation du premier hôpital psychiatrique à Valence, Espagne. La source Wikipédia parle de la bibliothèque publique de Valence, installée dans l'ancien hôpital, mais ne donne pas d'information sur la date de f…","Rechercher des sources fiables confirmant la date de fondation du premier hôpital psychiatrique à Valence, Espagne."
5bee88fc-710b-4ad4-a8db-9709a3300e8e,Inauguration du Pont Jacques-Gabriel à Blois,1749-01-01,KEEP_ACCEPTABLE,KEEP_ACCEPTABLE,,,false,B,0.7,INSUFFICIENT_EVIDENCE,annee_exacte_introuvable,"Le titre et la date semblent corrects et cohérents avec la description. Bien que l'audit précédent ait soulevé des doutes, l'absence de nouvelles sources contredisant l'information permet de conserver la fiche en l'état, avec un niveau de confiance acceptable.","Conserver la fiche en l'état, mais rester attentif à d'éventuelles sources futures qui pourraient confirmer ou infirmer la date."
69dda4a3-e291-4c04-990a-fc9335824d2b,Crise de la dette latino-américaine,1982-01-01,DELETE,DELETE,,,true,A,1,INSUFFICIENT_EVIDENCE,absence_de_singularite,"La crise de la dette latino-américaine est un processus économique étalé dans le temps, et non un événement unique et datable.","Supprimer car il s'agit d'une crise, donc d'une période, et non d'un événement ponctuel. Le titre est trop général et nécessite plus de précision."
d05a41ee-74bb-4a23-b63b-7ed94fc7bde5,Pétrarque couronné poète à Rome,1341-01-01,UPDATE_DATE,REVIEW,Couronnement de Pétrarque comme poète à Rome,1341-04-08,true,B,0.8,INSUFFICIENT_EVIDENCE,preuve_insuffisante,Plusieurs sources indiquent que le couronnement a eu lieu le 8 avril 1341. La description est cohérente avec cet événement.,Mettre à jour la date avec la date précise du couronnement.
241f8e51-3934-4f3a-b9a7-04b501704ce2,Mutineries dans les prisons en France,1972-01-01,DELETE,DELETE,,,true,A,1,INSUFFICIENT_EVIDENCE,absence_de_singularite,L'événement décrit une série de mutineries et non un événement unique. Le titre n'est pas spécifique et la date est imprécise. L'audit précédent confirme cette analyse.,Supprimer l'entrée car elle décrit une série d'événements et non un événement unique.
3be1a606-f0d1-4676-b4e9-218fc5c04a88,Paiement par Charles le Chauve d'un tribut aux Normands pour épargner Paris,0852-01-01,UPDATE_BOTH,UPDATE_BOTH,Siège de Paris par les Vikings,0885-11-25,true,A,0.9,INSUFFICIENT_EVIDENCE,annee_exacte_introuvable,"L'événement décrit correspond au siège de Paris par les Vikings, qui a débuté le 25 novembre 885. La date et le titre actuels sont incorrects. Les sources Wikipedia et Wikidata confirment cette date.",Mettre à jour le titre et la date avec les informations correctes.
7a3518d2-3acf-40f1-85f6-c80d61153a13,Création de l'Université de Barcelone par Alphonse V,1449-01-01,UPDATE_TITLE,REVIEW,Fondation de l'Université de Barcelone,,true,B,0.8,INSUFFICIENT_EVIDENCE,annee_exacte_introuvable,Le titre est plus clair sans mentionner Alphonse V. La description reste cohérente.,"Vérifier et corriger la date de fondation de l'université. Les sources actuelles indiquent 1842, ce qui contredit la description actuelle."
dddc3233-649e-41ff-a3ed-c9a74bfba87a,Création de SOS Racisme – précurseurs et contexte,1980-01-01,UPDATE_BOTH,UPDATE_BOTH,Création de SOS Racisme,1984-01-01,true,A,0.9,INSUFFICIENT_EVIDENCE,annee_exacte_introuvable,La description mentionne la création de SOS Racisme en 1984. Le titre est plus clair sans la mention des précurseurs. De nombreuses sources confirment la création de SOS Racisme en 1984.,Mettre à jour le titre et la date avec la création effective de SOS Racisme en 1984.
bead95cd-38cd-40c0-8ffb-f07ca64f04ce,Grande famine en Irlande,1845-01-01,UPDATE_TITLE,REVIEW,Grande famine en Irlande (1845-1849),1845-01-01,true,A,0.9,INSUFFICIENT_EVIDENCE,absence_de_singularite,Le titre actuel est ambigu car il existe plusieurs grandes famines. L'ajout de la période (1845-1849) permet de lever l'ambiguïté. La description est cohérente avec cette période.,Préciser la période de la famine dans le titre pour éviter toute confusion avec d'autres famines.
f4b673eb-a5dd-4564-b45c-2bda000f9cad,Retrait massif des Normands à la suite d'une importante famine,0892-01-01,UPDATE_TITLE,REVIEW,Retrait des Normands en France suite à la famine de 892,0892-01-01,true,B,0.7,INSUFFICIENT_EVIDENCE,annee_exacte_introuvable,"Le titre actuel est trop long et pourrait être plus précis. Le retrait est lié à la famine de 892, il est donc pertinent de le mentionner dans le titre. La date est déjà dans la description, il faut la conserver.","Vérifier si le retrait des Normands est bien un événement ponctuel ou une période. Si c'est une période, il faudra revoir la date et le titre."
3787a963-b2f9-471b-ba83-4f6e1528ac3c,Pacte de Famille entre la France et l'Espagne,1761-01-01,UPDATE_DATE,UPDATE_DATE,Pacte de Famille entre la France et l'Espagne,1761-08-15,false,A,0.9,INSUFFICIENT_EVIDENCE,annee_exacte_introuvable,Plusieurs sources concordantes indiquent que le troisième Pacte de Famille entre la France et l'Espagne a été signé le 15 août 1761. La description correspond bien à cet événement.,"Update the date to August 15, 1761, based on multiple reliable sources."
bc06cd30-2d21-4f7a-b7da-978854c517f1,Naufrage de la Santa Maria,1492-01-01,UPDATE_DATE,REVIEW,Naufrage de la Santa Maria,1492-12-25,true,B,0.8,INSUFFICIENT_EVIDENCE,annee_exacte_introuvable,La description mentionne Noël 1492 comme date du naufrage. Plusieurs sources concordantes indiquent que le naufrage a eu lieu le 25 décembre 1492.,Mettre à jour la date avec le 25 décembre 1492.
e9566cdb-4dd8-4506-9ccb-3cd1b1f80213,Le maccarthysme aux États-Unis,1950-01-01,DELETE,DELETE,,,true,A,1,INSUFFICIENT_EVIDENCE,absence_de_singularite,"Le maccarthysme est une période, pas un événement ponctuel. L'audit précédent confirme cette analyse.",Supprimer car il s'agit d'une période et non d'un événement singulier.
49ceb376-85d7-4046-93c6-be83fb25197b,Necker devient directeur général des finances,1777-01-01,KEEP,KEEP_ACCEPTABLE,,,false,A,1,INSUFFICIENT_EVIDENCE,annee_exacte_introuvable,La date et le titre sont corrects et cohérents avec la description. De nombreuses sources confirment la nomination de Necker en 1777.,Aucune modification nécessaire.
7ff1e23b-29cd-4822-9680-b56d9f3176b3,Invention du gouvernail d'étambot en Chine,1180-01-01,KEEP_ACCEPTABLE,REVIEW,Invention du gouvernail d'étambot en Chine,1180-01-01,true,C,0.6,INSUFFICIENT_EVIDENCE,retrieval_insuffisant,"L'information est plausible et correspond à la description, mais la preuve est faible car elle repose sur une seule source indirecte (Wikipedia sur le gouvernail en général).",Conserver l'événement avec une confiance modérée. Rechercher des sources plus directes et fiables qui confirment l'année exacte de l'invention du gouvernail d'étambot en Chine.
76c4457a-2ad1-4d57-b547-0f5cd9415575,Construction du château de Buda,1247-01-01,UPDATE_TITLE,REVIEW,Construction du château de Buda,,true,B,0.7,INSUFFICIENT_EVIDENCE,absence_de_singularite,"The current title is acceptable, but it refers to a process spanning multiple years. No specific event is pinpointed. The title is kept as is, but marked as non-singular.",Keep the title as 'Construction du château de Buda' but acknowledge that it represents a period of construction rather than a single event.
9b4802ab-546b-4754-874f-95435bec5098,Création du Marylebone Cricket Club,1787-01-01,KEEP,KEEP_ACCEPTABLE,,,false,A,1,INSUFFICIENT_EVIDENCE,preuve_insuffisante,"La date et le titre sont confirmés par plusieurs sources fiables, notamment Wikidata et Wikipédia.",Aucune modification nécessaire.
3cb99d26-30dd-4db0-8b94-8357e4987abd,Grande sécheresse de l'Adrar,1388-01-01,REVIEW,REVIEW,,,true,C,0,INSUFFICIENT_EVIDENCE,annee_exacte_introuvable,L'année 1388 n'est pas confirmée par les sources disponibles. Il faut trouver une source fiable qui confirme cette date.,Rechercher des sources fiables confirmant la date de 1388 pour la sécheresse de l'Adrar.
b2a6338b-9af5-48c2-bfb5-dceca32b672e,Wang Shuhe compile le Mai Jing (Classique des pouls),0266-01-01,KEEP_ACCEPTABLE,REVIEW,,,true,B,0.6,INSUFFICIENT_EVIDENCE,retrieval_insuffisant,"La description situe clairement l'événement pendant la dynastie Jin (266-280 après J.-C.) et mentionne Wang Shuhe comme un médecin éminent de cette période. L'année 266 est le début de cette dynastie, ce qui rend la date plausible, bien qu'elle ne soit pas confirmée par une source externe directe. Le titre est clair e…","Conserver la fiche en l'état, en notant l'incertitude quant à la date exacte."
0d71581c-1631-443a-a385-54c84d5691d7,Traité de Nimègue,1678-01-01,DELETE,DELETE,,,true,A,1,INSUFFICIENT_EVIDENCE,absence_de_singularite,"Le Traité de Nimègue est un ensemble de traités, ce qui implique une période et non une date unique. Aucune source ne permet de déterminer une date unique.",Supprimer car il s'agit d'un ensemble de traités et non d'un événement ponctuel.
a50d30f1-9215-4123-a464-55bdd5a81266,Début de la rédaction du Roman de Genji,1000-01-01,DELETE,DELETE,,,true,A,0.9,INSUFFICIENT_EVIDENCE,absence_de_singularite,"L'événement décrit un processus de rédaction, ce qui s'étale dans le temps. Pas un événement ponctuel.",Supprimer car il s'agit d'une période et non d'un événement singulier.
e765e846-1bf8-4c53-828b-e106c0ec7e6d,Ouverture du Concile Vatican II,1962-10-11,KEEP,KEEP_ACCEPTABLE,,,false,A,1,INSUFFICIENT_EVIDENCE,annee_exacte_introuvable,The title and date are accurate and consistent with the description. Multiple sources confirm the opening date of the Second Vatican Council.,No changes needed.
47cbdbc7-c087-404b-9d24-eb7a29c476d3,Création du vaccin contre le paludisme,2021-01-01,UPDATE_DATE,REVIEW,,2021-10-06,true,B,0.8,INSUFFICIENT_EVIDENCE,annee_exacte_introuvable,"La description mentionne l'approbation du vaccin antipaludique RTS,S/AS01 (Mosquirix) par l'OMS. Plusieurs sources indiquent que l'OMS a recommandé l'utilisation généralisée du vaccin RTS,S/AS01 (Mosquirix) le 6 octobre 2021. La date initiale du 1er janvier 2021 est incorrecte.",Mettre à jour la date avec la date d'annonce officielle de l'OMS.
0d3c2de3-3476-4d15-90e1-09dd2f35d459,Accord de libre-échange ASEAN-Chine,2007-01-01,DELETE,DELETE,,,true,A,1,INSUFFICIENT_EVIDENCE,absence_de_singularite,"L'accord de libre-échange ASEAN-Chine est un processus qui s'est déroulé sur plusieurs années, et non un événement unique.",Supprimer car il s'agit d'une période et non d'un événement unique.
b077055c-91bb-4b5e-bf79-94e708c42441,Fondation de la Société linnéenne de Londres,1788-01-01,UPDATE_DATE,REVIEW,Fondation de la Société linnéenne de Londres,1788-02-26,true,B,0.8,INSUFFICIENT_EVIDENCE,annee_exacte_introuvable,La date de fondation de la Société linnéenne de Londres est le 26 février 1788. Plusieurs sources concordantes indiquent cette date.,Mettre à jour la date de fondation de la Société linnéenne de Londres au 26 février 1788.
bf9ed04d-ced3-4d44-a1ac-ec9c9b154fea,Expédition d'Abd al-Rahman en Aquitaine,0728-01-01,REVIEW,REVIEW,,,true,C,0,INSUFFICIENT_EVIDENCE,annee_exacte_introuvable,L'audit précédent a soulevé des doutes sur la date de l'événement. Les sources actuelles ne permettent pas de confirmer ou d'infirmer la date de 728. Il est nécessaire de trouver des sources fiables qui mentionnent cette expédition et sa date.,Rechercher des sources primaires ou secondaires fiables qui confirment la date de l'expédition d'Abd al-Rahman en Aquitaine. Vérifier si Abd al-Rahman mentionné est bien Abd al-Rahman al-Ghafiqi et non Abd al-Rahman II.
df90806a-c1da-43c4-9ac1-3d0173941697,Prise de Kiev par Oleg,0882-01-01,UPDATE_BOTH,REVIEW,Prise de Kiev par Oleg de Novgorod,0882-01-01,true,B,0.7,INSUFFICIENT_EVIDENCE,preuve_insuffisante,"Le titre est amélioré pour préciser qu'il s'agit d'Oleg de Novgorod. La date est conservée car elle correspond à la description. Bien que la preuve soit acceptable, il serait préférable d'avoir plus de sources.",Conserver la fiche avec le titre et la date mis à jour. Rechercher des sources supplémentaires pour renforcer la preuve.
5ec36642-3008-47cf-8b0e-299a35b31de4,Zénobie et le royaume de Palmyre,0272-01-01,UPDATE_TITLE,DELETE,Bataille de Palmyre (272),0272-01-01,true,A,0.9,INSUFFICIENT_EVIDENCE,absence_de_singularite,Le titre actuel est trop général. La description fait référence à une bataille spécifique en 272. Le titre proposé est plus précis et correspond à un événement singulier.,Mettre à jour le titre pour refléter la bataille spécifique et conserver la date.
d6d6d6a9-5dd9-4e44-a7f2-7666270dce48,Galien devient médecin des gladiateurs,0158-01-01,KEEP_ACCEPTABLE,KEEP_ACCEPTABLE,,,false,B,0.7,INSUFFICIENT_EVIDENCE,retrieval_insuffisant,"L'événement est clair et la description correspond au titre. Bien qu'il manque des sources externes directes, l'information est plausible et cohérente avec le contexte historique de Galien.",Ajouter des sources pour renforcer la confiance dans la date.
6467f43a-07b9-4d5f-807a-1c23746bd6db,Règne de Jean II le Bon,1350-01-01,DELETE,DELETE,,,true,A,1,INSUFFICIENT_EVIDENCE,absence_de_singularite,"Le titre fait référence à un règne, qui est une période et non un événement ponctuel.",Supprimer car il s'agit d'une période et non d'un événement singulier.
204fcdef-f310-45d2-ae06-2c05037a14ec,Règne de Robert I er,0922-01-01,DELETE,DELETE,,,true,A,1,INSUFFICIENT_EVIDENCE,absence_de_singularite,L'événement décrit une période (le règne de Robert Ier) et non un événement singulier. Ce type d'entrée n'est pas pertinent pour une base de données d'événements ponctuels.,Supprimer l'entrée car elle décrit une période et non un événement ponctuel.
40f6df8f-0528-41b9-8a9d-dd7b470d8d5c,Invention du chronomètre de marine par John Harrison,1759-01-01,UPDATE_DATE,REVIEW,Invention du chronomètre de marine par John Harrison,1730-01-01,true,C,0.6,INSUFFICIENT_EVIDENCE,annee_exacte_introuvable,"The description mentions that John Harrison worked for 31 years on the chronometer. While 1759 might be a significant year, the invention process started earlier. The date is updated to 1730 as a reasonable starting point for his work, but this is still an approximation.",Find a more precise date for the invention or the start of the development of the marine chronometer.
4d322669-0e1f-4dc9-888b-96bc489e3489,Catastrophe de l’usine AZF de Toulouse – préparation du site,2001-01-01,UPDATE_BOTH,UPDATE_BOTH,Catastrophe de l'usine AZF,2001-09-21,true,A,0.9,INSUFFICIENT_EVIDENCE,absence_de_singularite,"The current title refers to the preparation of the site, which is not the main event. The main event is the explosion. The date should be updated to the date of the explosion.",Update the title to 'Catastrophe de l'usine AZF' and the date to '2001-09-21' to reflect the actual event.
1efb1855-1400-4912-aec8-0e47d7bf0a21,Prise de Barcelone aux Musulmans d' Espagne,0801-01-01,UPDATE_TITLE,REVIEW,Prise de Barcelone (801),0801-01-01,true,C,0.6,INSUFFICIENT_EVIDENCE,annee_exacte_introuvable,Le titre actuel est maladroit. L'ajout de la date au titre le rend plus précis et permet de le différencier d'autres prises de Barcelone. La date est conservée car elle est dans la description.,Vérifier si l'ajout de la date au titre est la meilleure solution ou s'il existe un titre plus standard.
f9f33bd5-dc2a-4428-a820-010e4f237575,Début de la construction de Qutub Minar à Delhi,1192-01-01,UPDATE_DATE,REVIEW,Construction du Qûtb Minâr,1192-01-01,true,B,0.8,INSUFFICIENT_EVIDENCE,absence_de_singularite,"Le titre est simplifié pour correspondre à l'événement principal. La date de début de construction est conservée, bien qu'il s'agisse d'une construction étalée dans le temps. Le titre est plus générique pour englober l'ensemble de la construction.",Mettre à jour le titre pour refléter l'ensemble de la construction et non uniquement le début. La date de début est conservée car c'est le point de départ de l'événement.
bddab4d5-80a4-4a28-a828-be91f9b20603,Découverte de l'insuline,1921-07-27,KEEP,KEEP_ACCEPTABLE,,,false,A,1,INSUFFICIENT_EVIDENCE,retrieval_insuffisant,La date et le titre sont corrects et cohérents avec la description. De nombreuses sources confirment la découverte de l'insuline en 1921.,Aucune modification nécessaire.
9a8d5824-85ec-4185-a35a-e0e747b5ca98,Edit de Saint-Germain-en-Laye sur la Réforme,1562-01-01,REVIEW,REVIEW,,,true,C,0,INSUFFICIENT_EVIDENCE,annee_exacte_introuvable,L'audit précédent n'a pas permis de confirmer la date. Il faut des sources externes fiables mentionnant l'Édit de Saint-Germain-en-Laye et sa date de publication.,Rechercher des sources externes fiables mentionnant spécifiquement l'Édit de Saint-Germain-en-Laye et sa date de publication.
29017eb9-f8e5-4245-9fa1-4f5382fa46af,Conférence de Paris sur le Vietnam,1971-01-01,DELETE,DELETE,,,true,A,1,INSUFFICIENT_EVIDENCE,absence_de_singularite,La description indique une période de 1968 à 1973. L'audit précédent a identifié une confusion avec la Conférence de la paix de Paris de 1919.,"Supprimer car il s'agit d'une période et non d'un événement unique, et il y a confusion avec un autre événement."
907d19b3-0414-4687-9048-f0c0ac7d74a3,Annexion du royaume des Burgondes par les royaumes francs de Childebert I er,0534-01-01,UPDATE_TITLE,DELETE,Annexion du royaume burgonde par les Francs,0534-01-01,true,B,0.8,INSUFFICIENT_EVIDENCE,retrieval_insuffisant,"Le titre actuel est trop long et mentionne Childebert Ier, ce qui n'est pas nécessaire pour l'identification de l'événement. Le titre proposé est plus concis et précis. La date est conservée car elle correspond à la description.",Vérifier si l'annexion a été faite par plusieurs rois francs et non seulement Childebert Ier.
0712ff28-a503-4388-97e8-eb54d28006d8,Décès du théoricien de la Société du spectacle,1994-01-01,UPDATE_DATE,UPDATE_DATE,Décès de Guy Debord,1994-11-30,false,A,1,INSUFFICIENT_EVIDENCE,retrieval_insuffisant,La description indique clairement la date précise du décès de Guy Debord : 30 novembre 1994. Le titre est mis à jour pour être plus concis.,Mettre à jour la date avec la date précise du décès et simplifier le titre.
77c19596-8efa-492a-81d3-3bfaa54706a8,Le règne de Paul Ier de Russie,1796-01-01,UPDATE_DATE,DELETE,Règne de Paul Ier de Russie,1796-11-17,true,A,0.9,INSUFFICIENT_EVIDENCE,absence_de_singularite,Paul Ier est devenu empereur de Russie le 17 novembre 1796 (6 novembre selon le calendrier julien).,Mettre à jour la date de début du règne de Paul Ier.
86066506-ec28-463a-8184-b96052db4fc6,Première école pour filles en Nouvelle-France,1684-01-01,REVIEW,REVIEW,,,true,C,0,INSUFFICIENT_EVIDENCE,annee_exacte_introuvable,L'audit précédent a conclu à un manque de preuves concernant la date. Les sources actuelles concernent une école différente. Il faut trouver des sources fiables qui confirment la date de fondation de la première école pour filles en Nouvelle-France.,"Rechercher des sources externes fiables (archives, publications historiques) qui confirment l'année exacte de la fondation de la première école pour filles en Nouvelle-France. Vérifier si l'établissement a un nom officiel."
fb0c5387-4d93-4da5-b092-cbc22f2428de,Première locomotive à vapeur de Stephenson,1814-01-01,KEEP_ACCEPTABLE,KEEP_ACCEPTABLE,,,false,B,0.7,INSUFFICIENT_EVIDENCE,annee_exacte_introuvable,"La description correspond bien au titre et à la date. Bien que la date exacte soit difficile à confirmer avec une certitude absolue, l'année 1814 est largement acceptée pour la première locomotive de Stephenson.","Conserver l'événement tel quel, mais continuer à chercher des sources plus précises pour confirmer la date exacte."
f8c06080-7210-44f9-8b52-297cd1002025,Plan de modernisation des forces armées françaises,1950-01-01,REVIEW,REVIEW,,,true,C,0,INSUFFICIENT_EVIDENCE,annee_exacte_introuvable,The previous audit found insufficient evidence to support the date. The provided sources do not confirm the specific plan and its date. Further research is needed to validate the existence and date of this plan.,Conduct further research to find reliable sources that explicitly mention the 'Plan de modernisation des forces armées françaises' and its launch date. Look for official documents or historical analyses.
ad1101b3-4c10-4a26-a9d1-0452b4b9f29c,Excommunication de Luther,1521-10-01,KEEP,KEEP_ACCEPTABLE,,,false,A,1,INSUFFICIENT_EVIDENCE,annee_exacte_introuvable,Le titre et la date sont corrects et correspondent à la description. De nombreuses sources confirment l'excommunication de Martin Luther en 1521.,Aucune modification nécessaire.
0fedbe14-30e6-471e-83ec-f065996ed1e9,Première de la Messe en si mineur de Bach,1749-01-01,REVIEW,REVIEW,,,true,C,0,INSUFFICIENT_EVIDENCE,annee_exacte_introuvable,"La date de première de la Messe en si mineur n'est pas clairement établie. L'article Wikipédia mentionne la composition et l'évolution de l'œuvre, mais ne fournit pas de date de première spécifique. Des recherches supplémentaires sont nécessaires pour confirmer la date.",Rechercher des sources qui indiquent explicitement la date de la première de la Messe en si mineur.
4006d086-dce8-4f9a-b1b5-0d51e340b3ae,Création de la 'Chambre des comptes',1318-01-01,KEEP_ACCEPTABLE,KEEP_ACCEPTABLE,,,false,B,0.7,INSUFFICIENT_EVIDENCE,annee_exacte_introuvable,"La description correspond à la création de la Chambre des comptes sous Philippe V. L'année 1318 est plausible, mais difficile à confirmer avec certitude absolue. Le titre est acceptable.",Conserver l'événement avec un niveau de confiance B. Une recherche plus approfondie pourrait confirmer l'année exacte.
b4f7b566-bf2a-484d-a98e-3edae0ef979c,Achèvement du Rockefeller Center,1939-01-01,KEEP_ACCEPTABLE,KEEP_ACCEPTABLE,Achèvement du Rockefeller Center,1939-01-01,false,B,0.7,INSUFFICIENT_EVIDENCE,preuve_insuffisante,"L'événement et la date semblent corrects d'après la description, malgré l'absence de sources directes confirmant l'achèvement en 1939. On garde en l'état.",Conserver l'événement avec un niveau de confiance modéré en attendant de meilleures sources.
062eefb8-6d31-4a83-8a0a-f3bf8b152ae8,Création du RMI : Le Revenu minimum d’insertion est instauré par le gouvernement Rocard,1988-01-01,UPDATE_DATE,REVIEW,Création du Revenu minimum d'insertion (RMI),1988-12-01,true,B,0.8,INSUFFICIENT_EVIDENCE,annee_exacte_introuvable,Le titre est amélioré en supprimant la référence au gouvernement Rocard. La date est mise à jour selon la loi du 1er décembre 1988.,Vérifier si le 1er décembre est la date exacte de la loi ou une date plus générale.
516820c2-03ff-43f9-9a11-e7820401fb74,Manifestation de Tienanmen en Chine,1989-01-01,UPDATE_DATE,UPDATE_DATE,Manifestation de Tian'anmen,1989-06-04,false,A,0.9,INSUFFICIENT_EVIDENCE,retrieval_insuffisant,La date du 1er janvier 1989 est incorrecte. Les manifestations ont eu lieu au printemps 1989 et ont été réprimées le 4 juin 1989. Le titre est légèrement modifié pour plus de concision.,Vérifier la description après modification de la date.
4e2b89b5-5d3f-411d-9d3a-f683cd7c2c4f,Premières inoculations contre la variole en Chine,1670-01-01,KEEP_ACCEPTABLE,DELETE,Inoculation contre la variole en Chine sous Kangxi,,true,B,0.7,INSUFFICIENT_EVIDENCE,absence_de_singularite,"Le titre est acceptable mais pourrait être amélioré pour plus de précision. La date est imprécise, mais la description est cohérente avec la pratique de l'inoculation à cette époque.","Conserver l'événement avec un titre légèrement modifié pour plus de précision, tout en reconnaissant que la date est approximative."
e084dbab-c2e8-4fbf-9aa2-85ac43effa6a,Livingstone aux chutes Victoria,1855-01-01,KEEP_ACCEPTABLE,KEEP_ACCEPTABLE,,,false,B,0.8,INSUFFICIENT_EVIDENCE,preuve_insuffisante,L'événement est bien documenté et la date semble correcte d'après la description. Pas de raison de modifier.,Conserver la fiche en l'état.
c46f3a2c-dd43-4fba-bb35-be47910e76be,Découverte de l'Antarctique,1820-01-01,KEEP_ACCEPTABLE,KEEP_ACCEPTABLE,Découverte de l'Antarctique,1820-01-01,false,B,0.7,INSUFFICIENT_EVIDENCE,annee_exacte_introuvable,"La description et le titre sont cohérents. L'année 1820 est mentionnée dans la description. Bien qu'il soit difficile d'obtenir une preuve irréfutable, la date est acceptable.",Conserver la fiche en l'état. Ajouter des sources secondaires confirmant la date de découverte.
416891b1-eb52-499f-a8f9-d977d94d5fac,"Règne de Septime Sévère, empereur romain",0193-01-01,UPDATE_TITLE,DELETE,Accession de Septime Sévère au pouvoir,0193-01-01,true,A,0.9,INSUFFICIENT_EVIDENCE,absence_de_singularite,"Le titre actuel fait référence à un règne, qui est une période. Le titre doit être modifié pour refléter l'événement ponctuel du début du règne. La date est correcte et correspond au début du règne selon les sources.",Modifier le titre pour qu'il soit plus précis et reflète l'événement ponctuel du début du règne de Septime Sévère. Conserver la date actuelle.
3558447f-2c83-4982-b589-7e7729d2b6fd,Début de la période Edo,1603-10-01,KEEP_ACCEPTABLE,DELETE,Début de l'époque d'Edo,1603-10-01,true,B,0.7,INSUFFICIENT_EVIDENCE,absence_de_singularite,"L'événement marque le début d'une période historique importante au Japon. Bien qu'il s'agisse du début d'une période, l'établissement du shogunat Tokugawa est un événement politique significatif qui justifie sa conservation.","Conserver l'événement car il marque le début d'une période importante de l'histoire japonaise, avec l'établissement du shogunat Tokugawa."
59b4aefd-7a1d-4e98-bd65-015701e2feff,Chantiers des grands ensembles HLM en France,1967-01-01,DELETE,DELETE,,,true,A,1,INSUFFICIENT_EVIDENCE,absence_de_singularite,"L'événement décrit une période de construction, et non un événement unique. Les sources confirment que la construction des grands ensembles s'est déroulée sur plusieurs années.",Supprimer l'événement car il décrit une période et non un événement spécifique sur une seule année.
1d302239-320b-4047-8a82-ea1afd5e469b,Claude de Bullion devient surintendant,1632-01-01,KEEP_ACCEPTABLE,KEEP_ACCEPTABLE,,,false,B,0.7,INSUFFICIENT_EVIDENCE,annee_exacte_introuvable,"Le titre et la date semblent corrects et cohérents avec la description. Bien qu'il n'y ait pas de source externe fournie confirmant spécifiquement la date, la description soutient l'événement.","Conserver l'événement tel quel, mais rechercher des sources supplémentaires pour confirmer la date de nomination."
a518fe02-a290-49e5-a833-8dedd95bd255,Popularisation du mouvement 'Farm-to-table',2000-01-01,DELETE,DELETE,,,true,A,1,INSUFFICIENT_EVIDENCE,absence_de_singularite,"Le mouvement 'Farm-to-table' est un processus étalé dans le temps, pas un événement unique. La description confirme cette interprétation.",Supprimer car il s'agit d'une tendance et non d'un événement ponctuel.
da3ec925-9532-4fa6-bada-48bf9815cb46,Excommunication de Robert II le Pieux pour bigamie,0997-01-01,KEEP_ACCEPTABLE,REVIEW,,,true,B,0.6,INSUFFICIENT_EVIDENCE,retrieval_insuffisant,"Le titre et la description sont cohérents. L'absence de sources externes est un facteur limitant, mais l'événement semble plausible.","Conserver l'événement en l'état, mais encourager l'ajout de sources pour augmenter la confiance."
db501852-16b9-4d2c-892b-5823ede2e06e,Découverte de la ville de Dholavira en Inde,1967-01-01,REVIEW,REVIEW,,,true,C,0,INSUFFICIENT_EVIDENCE,annee_exacte_introuvable,L'année de la découverte de Dholavira (1967) n'est pas confirmée par des sources fiables. Nécessite une vérification plus approfondie.,"Rechercher des sources fiables (articles scientifiques, publications archéologiques) qui confirment la date de la découverte de Dholavira."
34d064fa-4873-4a4e-a4ba-0c4c5fdf8ab8,"Igor Ier de Kiev assassiné, Olga régente se venge",0945-01-01,UPDATE_TITLE,REVIEW,Assassinat d'Igor Ier de Kiev,0945-01-01,true,B,0.8,INSUFFICIENT_EVIDENCE,retrieval_insuffisant,Le titre est trop long et mentionne un événement secondaire (la vengeance d'Olga). Le titre doit être concis et centré sur l'assassinat d'Igor Ier. La date est conservée car elle est cohérente avec la description.,Vérifier si 'Assassinat d'Igor Ier de Kiev' est l'appellation la plus courante et officielle. Ajouter des sources pour confirmer la date.
330167f0-ed31-4088-908a-d534a364b43f,Fondation du premier club d'échecs à Londres,1725-01-01,REVIEW,REVIEW,,,true,C,0,INSUFFICIENT_EVIDENCE,retrieval_insuffisant,L'audit précédent indique un manque de sources fiables pour valider la date de fondation du club d'échecs. Les sources fournies concernent le club de football Tottenham Hotspur et ne sont donc pas pertinentes.,"Rechercher des sources fiables (articles de presse, ouvrages spécialisés, sites web d'histoire des échecs) qui confirment l'existence et la date de fondation du premier club d'échecs à Londres."
fa932a9d-6d44-4502-9d71-2881ba14b3a3,Saint Louis mène la septième croisade,1248-01-01,UPDATE_DATE,REVIEW,Septième croisade,1248-08-28,true,B,0.8,INSUFFICIENT_EVIDENCE,absence_de_singularite,"L'événement décrit le début de la septième croisade. Le titre est simplifié pour être plus générique et correspondre à l'appellation standard. La date est ajustée pour correspondre au jour du débarquement de Saint Louis à Chypre, point de départ de la croisade.",Mettre à jour le titre et la date pour correspondre au début de la septième croisade.
8e3cc8ea-f944-42e7-ab42-82650191e369,"Signature de l'ALENA entre USA, Canada et Mexique",1994-01-01,UPDATE_DATE,UPDATE_DATE,Signature de l'ALENA,1992-12-17,false,A,0.9,INSUFFICIENT_EVIDENCE,annee_exacte_introuvable,La description indique clairement que l'ALENA a été signé le 17 décembre 1992. Le titre est rendu plus concis.,Mettre à jour la date de l'événement avec la date de signature mentionnée dans la description.
b40a0cdc-1517-4ff6-b695-ee3bacf263dd,Grande famine de 1693-1695,1693-01-01,DELETE,DELETE,,,true,A,1,INSUFFICIENT_EVIDENCE,absence_de_singularite,L'événement décrit une période et non un événement singulier. Le titre inclut une plage de dates.,Supprimer l'événement car il décrit une période et non un événement singulier.
f8f7cbb3-cbf0-4b79-b9cd-e4bbe01f605d,Prise de pouvoir de Côme de Médicis à Florence,1434-01-01,KEEP,KEEP_ACCEPTABLE,,,false,B,0.7,INSUFFICIENT_EVIDENCE,annee_exacte_introuvable,"L'événement et la date semblent corrects d'après la description et le titre. Bien que l'audit précédent ait soulevé des doutes, la description est cohérente.",Conserver l'événement tel quel.
a42f8633-90b6-4af1-b699-63fd6ce41c1e,Première greffe de la main réussie,1998-01-01,KEEP_ACCEPTABLE,KEEP_ACCEPTABLE,,,false,B,0.7,INSUFFICIENT_EVIDENCE,retrieval_insuffisant,"L'événement semble correct d'après la description. Cependant, une source plus directe confirmant spécifiquement la date de la première greffe de la main serait préférable pour une confiance plus élevée.",Rechercher des sources supplémentaires confirmant la date exacte de la première greffe de la main.
d41ac96a-78c9-4f89-9eae-c51a6f867cf7,Invention du transistor,1947-12-16,KEEP,KEEP_ACCEPTABLE,,,false,A,1,INSUFFICIENT_EVIDENCE,retrieval_insuffisant,"Le titre est clair, la date est correcte et la description correspond. L'événement est bien documenté.",Aucune modification nécessaire.
cde608cc-57ad-4728-9557-5c1937415ba5,Bougainville à Tahiti,1768-01-01,UPDATE_DATE,REVIEW,Arrivée de Bougainville à Tahiti,1768-04-05,true,B,0.8,INSUFFICIENT_EVIDENCE,annee_exacte_introuvable,Plusieurs sources indiquent que Bougainville est arrivé à Tahiti en avril 1768. La date du 5 avril est la plus fréquente.,Vérifier la date exacte de l'arrivée de Bougainville à Tahiti avec des sources primaires ou des ouvrages d'histoire maritime.
19890bd9-ef01-400b-9777-bd254deb294a,Renforcement du corps expéditionnaire français en Indochine,1951-01-01,KEEP,KEEP_ACCEPTABLE,,,false,B,0.7,INSUFFICIENT_EVIDENCE,annee_exacte_introuvable,"La description correspond bien au titre et à la date. Bien que l'audit précédent n'ait pas trouvé de sources, la description est suffisamment précise pour conserver l'événement.",Conserver l'événement tel quel.
1032f44d-56e6-432c-8ac3-55c56d899324,Renforcement du statut des Juifs par le régime de Vichy,1942-01-01,UPDATE_DATE,REVIEW,Statut des Juifs sous le régime de Vichy,1940-10-03,true,B,0.8,INSUFFICIENT_EVIDENCE,annee_exacte_introuvable,"Le titre est acceptable, mais la date doit être mise à jour. La date du 3 octobre 1940 correspond à la promulgation du premier Statut des Juifs par le régime de Vichy. Plusieurs sources confirment cette date.",Vérifier si d'autres lois ou décrets importants concernant le statut des Juifs ont été promulgués à d'autres dates et créer des événements distincts si nécessaire.
42b4a1a7-740f-44c8-b2d7-62ab8022f608,Achèvement du Manhattan Building,1891-01-01,REVIEW,REVIEW,,,true,C,0,INSUFFICIENT_EVIDENCE,annee_exacte_introuvable,L'audit précédent n'a pas trouvé de sources fiables confirmant la date de 1891. Les sources externes fournies concernent le Flatiron Building et ne sont pas pertinentes pour cet événement.,"Effectuer une recherche approfondie pour trouver des sources fiables qui confirment la date d'achèvement du Manhattan Building. Vérifier les archives d'architecture, les journaux de Chicago de l'époque, et les bases de données d'histoire d…"
4193842b-d063-4483-bf6a-30d80ca75e41,Ambroise Paré devient chirurgien du roi,1552-01-01,REVIEW,REVIEW,,,true,C,0,INSUFFICIENT_EVIDENCE,preuve_insuffisante,La date de 1552 n'est pas confirmée par des sources fiables. Il faut trouver une source qui confirme la date de nomination d'Ambroise Paré comme chirurgien du roi.,Rechercher des sources fiables qui confirment la date de la nomination d'Ambroise Paré comme chirurgien du roi.
24a352d6-3af4-482b-8e9c-c92ada39e8fb,Les Français approuvent la baisse du mandat présidentiel,2000-01-01,UPDATE_BOTH,UPDATE_BOTH,Référendum français sur le quinquennat,2000-09-24,true,A,0.9,INSUFFICIENT_EVIDENCE,annee_exacte_introuvable,"Le titre actuel est factuel mais pas optimal. Le titre proposé est plus standard et correspond à l'appellation usuelle de l'événement. La date du 24 septembre 2000 est la date du référendum sur le quinquennat, confirmée par de nombreuses sources.",Vérifier l'orthographe et la grammaire du titre et de la description.
758698d8-b991-4de4-8d4d-72ad7bfd03ca,Construction du phare d'Alexandrie,0290-01-01,UPDATE_DATE,REVIEW,,0294-01-01,true,B,0.8,INSUFFICIENT_EVIDENCE,absence_de_singularite,"La construction du phare a duré environ 15 ans, de 299 à 289 AEC. On peut retenir une date médiane approximative.",Mettre à jour la date avec une date médiane approximative de 294 AEC.
aca35316-b802-4b22-8b95-6ab4720ee82a,Courses de chars dans la Rome antique,0150-01-01,DELETE,DELETE,,,true,A,1,INSUFFICIENT_EVIDENCE,absence_de_singularite,"L'événement décrit une activité récurrente et non un événement singulier. La description mentionne l'apogée de la popularité des courses de chars, ce qui implique une période et non un événement unique.",Supprimer l'événement car il décrit une activité récurrente plutôt qu'un événement singulier avec une année spécifique.
3314be63-5780-4056-b2ab-d91e5dbbd43f,Reconnaissance officielle de l'École de médecine de Montpellier,1220-01-01,KEEP_ACCEPTABLE,KEEP_ACCEPTABLE,,,false,B,0.7,INSUFFICIENT_EVIDENCE,retrieval_insuffisant,"Le titre et la date semblent corrects d'après la description. Cependant, une source plus directe serait préférable pour confirmer l'année exacte.","Conserver l'événement tel quel, mais rechercher une source plus directe confirmant la date de reconnaissance officielle."
c9624074-8f8e-4bac-85bb-85b1d8ee6bdb,Installation massive des Slaves dans les Balkans approx.,0600-01-01,DELETE,DELETE,,,true,A,1,INSUFFICIENT_EVIDENCE,absence_de_singularite,"L'événement décrit une période de migration, ce qui le rend non singulier. La date est imprécise et l'événement s'étale sur plusieurs années.",Supprimer la fiche car elle décrit une période et non un événement ponctuel.
40f62348-a328-4ccd-a850-c47c76ef493b,Fondation du monastère du Mont Cassin par Benoît de Nursie,0529-01-01,KEEP,KEEP_ACCEPTABLE,,,false,B,0.8,INSUFFICIENT_EVIDENCE,annee_exacte_introuvable,La description et le titre correspondent. L'année 529 est plausible compte tenu de la vie de Benoît de Nursie (480-547).,Conserver la fiche. Vérifier si des sources plus précises existent.
2749b707-cd4e-48d8-8e87-34b5f1b56912,Réarmement de l'Allemagne de l'Ouest dans le cadre de l’OTAN,1951-01-01,DELETE,DELETE,,,true,A,1,INSUFFICIENT_EVIDENCE,absence_de_singularite,L'événement décrit est un processus et non un événement unique. L'audit précédent a déjà conclu à la nécessité de supprimer cette entrée.,Supprimer l'entrée car elle décrit un processus et non un événement ponctuel.
2ae72077-6f5b-47f1-89ea-09d54e58ce09,Callendar lie CO2 et activité humaine,1938-01-01,KEEP_ACCEPTABLE,KEEP_ACCEPTABLE,,,false,B,0.7,INSUFFICIENT_EVIDENCE,retrieval_insuffisant,"La description correspond à l'événement et la date semble correcte, bien que des sources supplémentaires seraient idéales.","Conserver l'événement tel quel, mais rechercher des sources supplémentaires pour confirmer la date."
81232f9d-a49a-4859-880b-cad8ed99c4ed,Première cartographie de la dorsale médio-atlantique,1953-01-01,KEEP_ACCEPTABLE,REVIEW,Cartographie de la dorsale médio-atlantique,1953-01-01,true,C,0.6,INSUFFICIENT_EVIDENCE,annee_exacte_introuvable,"Le titre est simplifié pour être plus générique et correspond à l'événement décrit. La date est conservée car elle est mentionnée dans la description, mais sans source externe, le niveau de confiance reste faible.",Rechercher des sources externes pour confirmer la date de la cartographie de la dorsale médio-atlantique.
fea5640b-a267-4238-bace-937f3107bc4c,Lancement du télescope spatial James Webb,2021-01-01,UPDATE_DATE,UPDATE_DATE,,2021-12-25,false,A,0.9,INSUFFICIENT_EVIDENCE,preuve_insuffisante,La date de lancement du télescope James Webb est le 25 décembre 2021. La description est cohérente avec cet événement.,Mettre à jour la date avec la date correcte du lancement.
dc5fe3e3-a870-4195-ae3e-f4a99109c1a0,Lancement du télescope spatial Hubble,1990-04-24,KEEP,KEEP_ACCEPTABLE,,,false,A,1,INSUFFICIENT_EVIDENCE,preuve_insuffisante,"Le titre et la date sont corrects et cohérents avec la description. L'événement est bien singulier et le titre est en français, univoque et sans date.",Aucune modification nécessaire.
8291fa12-ed2a-4cfb-afd5-70df5c3b5de0,Première transmission télégraphique transatlantique,1858-01-01,UPDATE_DATE,REVIEW,,1858-08-05,true,B,0.8,INSUFFICIENT_EVIDENCE,retrieval_insuffisant,La description mentionne explicitement le mois d'août 1858. Plusieurs sources confirment que la première transmission a eu lieu le 5 août 1858.,Mettre à jour la date au 5 août 1858.
4419ba3c-2f34-4064-8acd-7978f720c9f2,Premier établissement permanent des Vikings en Islande,0874-01-01,UPDATE_DATE,REVIEW,Premier établissement permanent des Vikings en Islande,0874-01-01,true,B,0.7,INSUFFICIENT_EVIDENCE,preuve_insuffisante,"Bien que l'audit précédent n'ait pas trouvé de source confirmant 874, la description mentionne Ingolfur Arnarson s'installant à Reykjavik, ce qui est généralement associé à 874. Cependant, il faudrait une source plus solide pour une confiance totale.",Rechercher une source plus fiable que la description pour confirmer la date de 874.
5916853d-08db-4b32-bd9c-cc351e9b49e6,Guerre de l'eau de Cochabamba,2000-01-01,REVIEW,REVIEW,,,true,B,0.5,INSUFFICIENT_EVIDENCE,absence_de_singularite,"The event is described as a 'war', implying a period, not a single day. Further investigation is needed to determine the exact start or end date, or if a specific event can be isolated.",Review to determine a more precise date or if the event should be reframed as a period.
605d67df-54cc-4cd7-9b2d-899d8013cf6a,Construction des murs en pierre du Kremlin de Moscou,1367-01-01,UPDATE_DATE,REVIEW,Construction du Kremlin de Moscou en pierre,1367-01-01,true,C,0.6,INSUFFICIENT_EVIDENCE,preuve_insuffisante,"L'année 1367 est mentionnée dans la description. Cependant, la date exacte est difficile à confirmer avec les sources disponibles. Le titre est légèrement modifié pour plus de clarté.",Rechercher des sources supplémentaires confirmant la date exacte de la construction des murs en pierre du Kremlin de Moscou.
80c33825-ab81-49c3-9b72-9cb3ff5e9cf0,Premier traité d'algèbre imprimé en Europe,1473-01-01,KEEP_ACCEPTABLE,KEEP_ACCEPTABLE,,,false,B,0.7,INSUFFICIENT_EVIDENCE,annee_exacte_introuvable,"Le titre est clair et la description correspond. L'audit précédent n'a pas trouvé de sources confirmant la date exacte, mais la description mentionne bien l'impression à Venise par Erhard Ratdolt, ce qui est un bon indice.","Conserver l'événement tel quel, mais continuer à chercher des sources plus précises sur la date de publication."
6b6fe8cc-d88d-495b-aaf5-b1f475b19981,Foundation of the Order of Beghards,1220-01-01,REVIEW,REVIEW,,,true,C,0,INSUFFICIENT_EVIDENCE,annee_exacte_introuvable,"La date de fondation précise de l'ordre des béghards est incertaine. L'article Wikipédia indique une activité entre le XIIIe et le XVIe siècle, mais ne précise pas d'année de fondation. Il faut donc vérifier si une date plus précise peut être trouvée.",Effectuer des recherches supplémentaires pour trouver une source fiable qui précise l'année exacte de la fondation de l'Ordre des Béghards.
62856ef1-2a19-4be1-8f2a-9bca13b298fb,Début de la construction de la Grande Mosquée,0785-01-01,REVIEW,REVIEW,,,true,C,0,INSUFFICIENT_EVIDENCE,preuve_insuffisante,"L'audit précédent a identifié un manque de sources fiables confirmant la date de 785. Les sources actuelles concernent la Grande Mosquée de Lyon, ce qui est incorrect. Il faut trouver des sources fiables pour la Grande Mosquée de Cordoue.",Rechercher des sources fiables confirmant la date de début de la construction de la Grande Mosquée de Cordoue.
25868a63-2aff-4a37-acb2-baade484d782,Entrée en vigueur du TICE,1996-01-01,UPDATE_TITLE,REVIEW,Traité d'interdiction complète des essais nucléaires,1996-09-24,true,B,0.8,INSUFFICIENT_EVIDENCE,absence_de_singularite,"Le titre est plus clair sans ""Entrée en vigueur de"". La date du 1996-09-24 correspond à la date de signature du traité, qui est un événement plus singulier que son entrée en vigueur (qui est un processus).",Vérifier si la date de signature est bien l'événement le plus pertinent à retenir. Ajouter des sources.
a31b0c33-83d6-44ae-9186-b0e37a305e40,Le traité de Loudun met fin à la révolte des princes,1616-01-01,REVIEW,REVIEW,,,true,C,0,INSUFFICIENT_EVIDENCE,annee_exacte_introuvable,"L'audit précédent a identifié une contradiction majeure concernant la date du Traité de Loudun. La description fait référence à un traité lié à Louis XIII, tandis que la source Wikipedia mentionne un traité de Loudun en 1372. Il est nécessaire de clarifier quel traité est concerné et de vérifier la date exacte.","Rechercher des sources fiables qui confirment l'existence d'un traité de Loudun en 1616 lié à la révolte des princes et à Louis XIII. Si cette information ne peut être confirmée, il faudra envisager de supprimer l'événement ou de le reform…"
879222a1-24ea-4c81-9cd5-147e8a849525,Création du Fonds mondial pour la nature (WWF),1961-01-01,UPDATE_DATE,REVIEW,Création du Fonds mondial pour la nature (WWF),1961-04-29,true,B,0.8,INSUFFICIENT_EVIDENCE,annee_exacte_introuvable,Plusieurs sources indiquent que la création du WWF a eu lieu le 29 avril 1961. La description est cohérente avec cette date.,Mettre à jour la date de création du WWF avec le 29 avril 1961.
59981d37-1250-4f4f-adf8-a2945e4e10c7,Début de l’empire Sassanide en Perse,0224-01-01,UPDATE_DATE,DELETE,Établissement de l'Empire sassanide,0224-02-28,true,B,0.8,INSUFFICIENT_EVIDENCE,absence_de_singularite,"L'établissement de l'Empire sassanide est un événement ponctuel. La date du 28 février 224 correspond à la bataille d'Hormozdgan, qui marque un tournant décisif dans l'établissement de l'empire. Le titre est reformulé pour être plus concis et standard.",Mettre à jour la date pour correspondre à la bataille d'Hormozdgan et reformuler le titre.
096d0670-aae4-45e3-84bd-ef10ebde4b74,Erik le Rouge fonde les premières colonies au Groenland,0986-01-01,DELETE,DELETE,,,true,A,1,INSUFFICIENT_EVIDENCE,absence_de_singularite,"L'événement décrit la fondation des premières colonies, ce qui implique une période et non une année unique. Les sources confirment qu'il s'agit d'une période d'exploration et de colonisation.",Supprimer car l'événement décrit une période et non un événement singulier datable précisément.
9c198581-7048-4629-b127-062188b1dd99,Pieter Bruegel l'Ancien termine Les Chasseurs dans la neige,1565-01-01,UPDATE_TITLE,UPDATE_TITLE,Les Chasseurs dans la neige,1565-01-01,false,A,0.9,INSUFFICIENT_EVIDENCE,retrieval_insuffisant,Le titre peut être simplifié au nom de l'oeuvre. La description confirme la date.,Conserver la date de 1565. Simplifier le titre.
945dd990-474c-4ba3-b9d2-ff4c79b8dc68,Première dissection publique à Bologne,1302-01-01,REVIEW,REVIEW,,,true,C,0.5,INSUFFICIENT_EVIDENCE,annee_exacte_introuvable,"La date de 1302 n'est pas confirmée par les sources disponibles. L'événement est potentiellement important, mais nécessite une vérification plus approfondie pour confirmer la date et le lieu exacts de la première dissection publique à Bologne.",Rechercher des sources historiques primaires ou secondaires qui confirment la date et le lieu de la première dissection publique à Bologne. Vérifier si d'autres villes revendiquent également cet événement.
1ce923b6-d259-43aa-afce-6615aa3c4980,Règne de Louis X le Hutin,1314-01-01,UPDATE_DATE,DELETE,Règne de Louis X le Hutin,1314-11-29,true,A,0.9,INSUFFICIENT_EVIDENCE,absence_de_singularite,"Le règne de Louis X a commencé en novembre 1314. La date exacte du 29 novembre est proposée car elle correspond à la mort de son père, Philippe IV, qui a déclenché son accession au trône.",Mettre à jour la date de début du règne de Louis X à 1314-11-29.
d407566d-574a-4826-9d01-6f2c58f20309,Naufrage du HMS Association,1707-01-01,UPDATE_DATE,UPDATE_DATE,,1707-10-22,false,A,0.9,INSUFFICIENT_EVIDENCE,annee_exacte_introuvable,La date du 1er janvier 1707 est incorrecte. Le naufrage a eu lieu le 22 octobre 1707 selon plusieurs sources fiables.,Mettre à jour la date avec la date correcte du 22 octobre 1707.
162b3437-64e8-418a-8da4-fb686a83db18,Première transplantation faciale complète en Espagne,2010-01-01,KEEP_ACCEPTABLE,KEEP_ACCEPTABLE,,,false,B,0.7,INSUFFICIENT_EVIDENCE,retrieval_insuffisant,Le titre et la description correspondent. L'absence de sources externes directes est compensée par la cohérence interne et la plausibilité de l'événement.,"Conserver l'événement en l'état, mais encourager l'ajout de sources externes pour renforcer la preuve."
7608e7eb-4d30-4ba3-9de0-b11b8862dab6,Instauration par Charlemagne de l'assemblée des plaids généraux,0780-01-01,UPDATE_DATE,REVIEW,Institution des plaids généraux par Charlemagne,0779-12-31,true,B,0.7,INSUFFICIENT_EVIDENCE,annee_exacte_introuvable,La date exacte de 780 est incertaine. Plusieurs sources indiquent que les plaids généraux ont été institués vers la fin des années 770. Le titre est légèrement reformulé pour plus de concision.,Mettre à jour la date pour refléter l'incertitude et reformuler légèrement le titre.
04716715-42a6-4c25-aa8c-a0bc59442747,Première édition française du Petit Prince,1946-01-01,UPDATE_DATE,REVIEW,Première édition française du Petit Prince,1943-04-21,true,B,0.8,INSUFFICIENT_EVIDENCE,annee_exacte_introuvable,Wikipédia indique que la version française a suivi la version anglaise d'environ 15 jours. La version anglaise est datée du 6 avril 1943. Donc la version française est probablement autour du 21 avril 1943.,Mettre à jour la date avec la date approximative de la première édition française.
119450a1-c7da-431a-a647-b60251bf8b0c,Mariage de Marie-Thérèse d'Autriche et François de Lorraine,1736-01-01,UPDATE_DATE,REVIEW,,1736-02-12,true,B,0.8,INSUFFICIENT_EVIDENCE,annee_exacte_introuvable,"Plusieurs sources indiquent que le mariage a eu lieu le 12 février 1736, et non le 1er janvier. La description est cohérente avec l'événement.",Mettre à jour la date avec la date exacte du mariage (12 février 1736).
af3ae39f-f4e7-406a-b85b-cf1c321e9cd9,Décision d'ouverture du projet du musée du quai Branly,1999-01-01,UPDATE_TITLE,REVIEW,Décision de création du musée du quai Branly,1999-01-01,true,B,0.8,INSUFFICIENT_EVIDENCE,retrieval_insuffisant,"Le titre actuel est acceptable mais peut être amélioré pour plus de précision. La description confirme que la décision de créer le musée a été prise en 1999. Aucune source externe n'est fournie, mais la description est cohérente.",Conserver la date de 1999 et mettre à jour le titre pour refléter plus précisément la décision de création du musée.
d3d24f34-929f-47a6-9016-8839e5b473cd,Première unification de la Pologne sous le règne de Mieszko Ier,0960-01-01,UPDATE_TITLE,DELETE,Unification de la Pologne par Mieszko Ier,0960-01-01,true,B,0.8,INSUFFICIENT_EVIDENCE,absence_de_singularite,The original title is too verbose. The proposed title is more concise and still accurately reflects the event described in the description. The date remains the same as it is the generally accepted start of Mieszko I's reign and the unification process.,Update the title to be more concise while retaining the core meaning and keeping the original date.
5e6f7ad1-b6f6-4137-94db-348e97dca482,Première compétition d'aviron,1829-01-01,KEEP_ACCEPTABLE,KEEP_ACCEPTABLE,,,false,B,0.7,INSUFFICIENT_EVIDENCE,retrieval_insuffisant,"Le titre et la date semblent corrects et cohérents avec la description. Cependant, une source plus directe confirmant spécifiquement la date de cette première compétition serait préférable pour une confiance plus élevée.","Conserver l'événement tel quel, mais rechercher des sources supplémentaires pour confirmer la date de 1829."
4513af9f-518f-4ea5-8872-0d9afd7ade07,Suppression de l'ordre des Jésuites en France,1764-01-01,UPDATE_DATE,REVIEW,Suppression de la Compagnie de Jésus en France,1764-11-26,true,B,0.8,INSUFFICIENT_EVIDENCE,annee_exacte_introuvable,"La date de suppression est imprécise. Plusieurs sources indiquent que la suppression a été prononcée par un édit de novembre 1764, enregistré par le Parlement le 26 novembre 1764. Le titre est légèrement modifié pour correspondre à l'appellation officielle.",Mettre à jour la date avec la date précise de l'enregistrement de l'édit de suppression par le Parlement.
74c9a4fb-e573-48f5-91ab-e8963e479087,Règne de Raoul I er,0923-01-01,KEEP_ACCEPTABLE,DELETE,Règne de Raoul Ier (Francie),0923-01-01,true,B,0.7,INSUFFICIENT_EVIDENCE,absence_de_singularite,"Le titre est acceptable, bien qu'il représente une période et non un événement singulier. L'ajout de '(Francie)' clarifie le contexte géographique. La date de début de règne est conservée, bien qu'elle marque le début d'une période.","Conserver l'événement en tant que règne, en précisant le contexte géographique pour éviter toute ambiguïté."
39c20c48-9646-4835-92ea-65d352234f6e,Nationalisation de cinq grands groupes industriels,1982-01-01,UPDATE_DATE,REVIEW,Nationalisation de cinq grands groupes industriels,1982-02-11,true,B,0.8,INSUFFICIENT_EVIDENCE,annee_exacte_introuvable,Plusieurs sources indiquent que la loi de nationalisation a été promulguée le 11 février 1982. La description correspond bien à cet événement.,Mettre à jour la date avec la date de promulgation de la loi de nationalisation.
281255be-400a-4611-9647-3420377ba829,Achèvement de la Divine Comédie de Dante Alighieri,1320-01-01,REVIEW,REVIEW,,,true,C,0,INSUFFICIENT_EVIDENCE,annee_exacte_introuvable,La date d'achèvement de la Divine Comédie est incertaine. Il faut une recherche plus approfondie pour confirmer la date de 1320.,Rechercher des sources fiables qui mentionnent l'année d'achèvement de la Divine Comédie.
084152cb-66fa-4aa6-89a7-8f810d790ad9,Affrontement entre le comte de Blois Thibaud le Tricheur et les Normands,0961-01-01,UPDATE_TITLE,REVIEW,Conflit entre Thibaud le Tricheur et Richard Ier de Normandie,0961-01-01,true,B,0.8,INSUFFICIENT_EVIDENCE,absence_de_singularite,"Le titre original est trop général. Le titre proposé est plus précis en mentionnant Richard Ier, duc de Normandie, ce qui rend l'événement plus singulier et identifiable. La description correspond bien à cette reformulation.",Update the title to reflect the specific conflict between Thibaud le Tricheur and Richard Ier of Normandy in 961.
6ecd31f5-8b67-41af-9c87-ed81878feb25,Invention de la machine à fabriquer le papier continu,1799-01-01,KEEP,KEEP_ACCEPTABLE,,,true,B,0.8,INSUFFICIENT_EVIDENCE,retrieval_insuffisant,The title and date are consistent with the description. The event seems singular and the title is unambiguous.,Verify with more sources to increase confidence.
a8c2dda9-c1c4-451d-b774-3b9e35870b7d,Necker est renvoyé par Louis XVI,1789-01-01,REVIEW,REVIEW,,,true,C,0,INSUFFICIENT_EVIDENCE,annee_exacte_introuvable,"La date du renvoi de Necker n'est pas clairement établie dans les sources disponibles. L'année 1789 est mentionnée dans la description, mais nécessite une vérification plus approfondie.","Rechercher des sources fiables (articles historiques, biographies de Necker ou Louis XVI) qui précisent la date exacte (jour, mois, année) du renvoi de Necker. Vérifier si plusieurs renvois ont eu lieu."
0b5606f9-ec34-4c4e-9ac9-41e4f8c33eb1,Création des Offices à Florence,1560-01-01,KEEP,KEEP_ACCEPTABLE,,,false,B,0.8,INSUFFICIENT_EVIDENCE,annee_exacte_introuvable,"The description confirms the start of construction in 1560. While a more precise date might be ideal, the year is well-supported by the description.","Keep the event as is, considering the description supports the year."
f62f127c-2820-4360-8570-66aa0a3f4b5f,Création du premier génome synthétique,2010-01-01,KEEP,KEEP_ACCEPTABLE,,,false,A,0.9,INSUFFICIENT_EVIDENCE,retrieval_insuffisant,La description correspond bien à la date et au titre. L'événement est bien documenté.,Conserver la fiche en l'état.
b3ae87ca-839d-46e1-855a-63cf6bf2a1a2,Création de l'UNESCO,1945-11-16,KEEP,KEEP_ACCEPTABLE,,,false,A,1,INSUFFICIENT_EVIDENCE,annee_exacte_introuvable,La date et le titre correspondent à la description et sont corrects. De nombreuses sources confirment la date de création de l'UNESCO le 16 novembre 1945.,Conserver la fiche telle quelle.
407d00b7-f912-4131-b8e9-907b92ee62f1,"Fin de l’Empire Gupta en Inde approx., fin d’un âge d’or indien",0550-01-01,UPDATE_TITLE,DELETE,Fin de l'Empire Gupta,0550-01-01,true,B,0.8,INSUFFICIENT_EVIDENCE,absence_de_singularite,Le titre actuel est trop long et contient des éléments superflus. Le titre proposé est plus concis et correspond à l'événement principal. La date est conservée car elle est mentionnée dans la description.,"Vérifier si la date de 550 est la plus communément admise pour la fin de l'empire Gupta. Si une autre date est plus fréquente, la mettre à jour."
9188ce95-cff2-43ff-aa73-c5cfa8655cb7,Saint Louis rentre en France,1254-01-01,UPDATE_DATE,REVIEW,,1254-00-00,true,B,0.7,INSUFFICIENT_EVIDENCE,annee_exacte_introuvable,L'année 1254 est correcte d'après la description. Le jour et le mois ne sont pas connus.,Conserver l'année mais mettre le mois et le jour à 00.
74a219d5-5472-452d-bcab-83d3641eb37f,Le scandale de Panama,1889-01-01,UPDATE_DATE,REVIEW,,1892-01-01,true,B,0.8,INSUFFICIENT_EVIDENCE,annee_exacte_introuvable,Wikidata indique 1892 comme date de l'événement. La description est cohérente avec cette date.,Update the date to 1892-01-01 based on Wikidata. The description remains consistent.
db67968d-ac5d-4ab2-b195-61388b853971,Création des premières lunettes correctrices,1285-09-08,UPDATE_TITLE,REVIEW,Invention des lunettes,1285-09-08,true,B,0.7,INSUFFICIENT_EVIDENCE,annee_exacte_introuvable,"Le titre original est trop long et peu précis. ""Invention des lunettes"" est plus concis et correspond mieux à l'événement décrit. La date est conservée car elle est mentionnée dans la description.",Mettre à jour le titre pour plus de concision et de clarté. Vérifier si d'autres sources confirment la date exacte.
7fa62b4f-ec96-4e1d-9083-a7edbefb7c22,Le développement des jonques chinoises se poursuit,0200-01-01,DELETE,DELETE,,,true,A,1,INSUFFICIENT_EVIDENCE,absence_de_singularite,"Le titre et la description indiquent un développement sur une période, et non un événement unique survenu une année précise. Aucune source externe n'est fournie pour identifier une année exacte.",Rejeter car il s'agit d'un développement technologique sur une période et non d'un événement ponctuel.
91b94daa-e16d-4035-a162-94d8790682f9,Création du CNRS,1939-01-01,UPDATE_DATE,REVIEW,,1939-10-19,true,B,0.8,INSUFFICIENT_EVIDENCE,retrieval_insuffisant,La description indique clairement la date de création comme étant le 19 octobre 1939. La date actuelle est incorrecte.,Mettre à jour la date avec la date correcte du 19 octobre 1939.
38706966-5a73-424e-a7b5-f0f764c3c6c7,Début de la guerre de la Ligue de Cognac,1528-01-01,DELETE,DELETE,,,true,A,1,INSUFFICIENT_EVIDENCE,absence_de_singularite,"L'événement décrit le début d'une guerre, qui est une période et non un événement ponctuel. La date est également incorrecte.","Supprimer car il s'agit du début d'une guerre, donc d'une période, et la date est incorrecte."
f993e2d9-abcf-44bd-bfa8-f83c5e7982b9,Création de la First Bank of the United States,1791-01-01,UPDATE_DATE,REVIEW,,1791-02-25,true,B,0.8,INSUFFICIENT_EVIDENCE,annee_exacte_introuvable,Plusieurs sources indiquent que le projet de loi créant la First Bank of the United States a été adopté le 25 février 1791. La description est cohérente avec cet événement.,Mettre à jour la date au 25 février 1791.
9648d2b7-a1e9-4aaa-9c48-a9e344b3244c,Lancement du TGV Sud-Est,1981-01-01,UPDATE_DATE,REVIEW,Lancement du TGV Sud-Est,1981-09-27,true,B,0.8,INSUFFICIENT_EVIDENCE,retrieval_insuffisant,La date du 1er janvier est peu probable pour un lancement. Plusieurs sources indiquent le 27 septembre 1981 comme date de lancement du TGV Sud-Est. La description est cohérente avec un lancement en 1981.,Vérifier si le 27 septembre est la date de mise en service ou une date de lancement officielle.
151a8656-e085-4370-8cdb-32ff83661035,Introduction du pousse-pousse (Japon),1869-01-01,REVIEW,REVIEW,,,true,C,0,INSUFFICIENT_EVIDENCE,annee_exacte_introuvable,L'audit précédent indique un manque de sources fiables pour confirmer la date exacte de l'introduction du pousse-pousse au Japon. Une recherche plus approfondie est nécessaire.,Effectuer une recherche plus approfondie sur l'histoire du pousse-pousse au Japon pour confirmer la date d'introduction.
e01f57ab-8c76-43b8-8fdb-7f3d29361cb6,Loi française instaurant la parité hommes-femmes sur les listes électorales,2000-01-01,KEEP_ACCEPTABLE,KEEP_ACCEPTABLE,Loi sur la parité hommes-femmes en politique,2000-06-06,true,B,0.7,INSUFFICIENT_EVIDENCE,annee_exacte_introuvable,"Le titre est acceptable mais peut être simplifié. La date du 6 juin 2000 est la date de promulgation de la loi, ce qui est plus précis que le 1er janvier 2000. La description est cohérente avec cette date.",Vérifier si la date du 6 juin 2000 est bien la date de promulgation et non d'adoption. Ajouter une source fiable (Journal Officiel).
af0fa76e-8a21-4fbc-a1b6-0926c064e343,Séquençage complet du génome humain,2003-01-01,KEEP,KEEP_ACCEPTABLE,,,false,B,0.8,INSUFFICIENT_EVIDENCE,annee_exacte_introuvable,"The title and date are consistent with the description. While a more precise date might be available, the current information is acceptable.",Keep the current title and date.
ae87f1b7-a548-497c-a839-705736c37a2b,La lobotomie,1935-01-01,DELETE,DELETE,,,true,A,1,INSUFFICIENT_EVIDENCE,absence_de_singularite,"L'événement décrit l'introduction et l'utilisation de la lobotomie, ce qui constitue une période et non un événement unique. Il n'est pas possible de définir une date précise pour cet événement.",Supprimer car l'événement décrit une période et non un événement singulier.
91b7c500-032c-4f60-928b-dd860e0cc3f5,Début de la construction de l'abbaye,1017-01-01,REVIEW,REVIEW,,,true,C,0,INSUFFICIENT_EVIDENCE,annee_exacte_introuvable,L'audit précédent a échoué à trouver des sources fiables confirmant la date de début de la construction de l'abbaye du Mont-Saint-Michel. Les sources fournies ne sont pas pertinentes.,"Rechercher des sources fiables (articles d'histoire, publications académiques, sites web officiels du Mont-Saint-Michel) qui confirment le début de la construction de l'abbaye en 1017. Vérifier si d'autres dates sont proposées et évaluer l…"
15b7be42-2630-4985-9159-7cddaffe8bbf,Théodoric II devient roi des Wisigoths,0453-01-01,KEEP_ACCEPTABLE,KEEP_ACCEPTABLE,,,false,B,0.7,INSUFFICIENT_EVIDENCE,retrieval_insuffisant,"Le titre et la date semblent corrects et cohérents avec la description. Cependant, l'absence de sources externes diminue la confiance.",Ajouter des sources pour augmenter la confiance.
9497a97a-1b32-4ef1-8baa-95d27d9a81be,Ordonnance de Charles VI sur la peste,1400-01-01,REVIEW,REVIEW,,,true,C,0,INSUFFICIENT_EVIDENCE,annee_exacte_introuvable,The date is uncertain and requires further investigation. The previous audit also indicated insufficient evidence for the year 1400.,Search for reliable sources that confirm the date of the ordinance issued by Charles VI regarding the plague. Check official archives or historical documents.
d65a86ca-08c6-4ae8-9f4b-4bdcb0d576e1,Création de l'Inquisition à Séville,1478-01-01,UPDATE_DATE,REVIEW,Création de l'Inquisition à Séville,1480-01-01,true,B,0.8,INSUFFICIENT_EVIDENCE,annee_exacte_introuvable,"Bien que l'autorisation papale date de 1478, la nomination des premiers inquisiteurs et la mise en place effective à Séville datent de 1480, ce qui correspond mieux à la description de l'événement.","Mettre à jour la date à 1480-01-01, car cela correspond à la nomination des premiers inquisiteurs à Séville, tel que mentionné dans la description et confirmé par Wikipedia en anglais."
314c681d-fbdd-4f5b-8e60-e734d7b3f2ae,Lancement du « Tropicale »,1982-01-01,KEEP_ACCEPTABLE,KEEP_ACCEPTABLE,,,false,B,0.7,INSUFFICIENT_EVIDENCE,retrieval_insuffisant,"Le titre est clair et la date correspond à la description. Bien qu'il manque des sources externes directes, l'information semble cohérente et plausible.","Conserver l'événement tel quel, mais encourager l'ajout de sources pour renforcer la confiance."
2bd8c36e-7316-40fc-9ddf-a55b6c9e0204,Bataille de Beyrouth-Ouest,1982-01-01,REVIEW,REVIEW,,,true,C,0,INSUFFICIENT_EVIDENCE,annee_exacte_introuvable,"L'audit précédent a identifié un conflit de date important. La description fait référence à 1982, mais les sources initiales pointent vers 1912 (bataille navale). Il faut investiguer plus avant pour déterminer s'il s'agit d'événements distincts ou d'une erreur.","Rechercher des sources fiables concernant la 'Bataille de Beyrouth-Ouest' en 1982, ou confirmer l'existence d'une autre bataille de Beyrouth en 1912."
017d0982-d4ee-43d9-a742-96a8107f62d8,Bataille de Malplaquet (Grande Alliance),1709-01-01,UPDATE_DATE,UPDATE_DATE,Bataille de Malplaquet,1709-09-11,false,A,1,INSUFFICIENT_EVIDENCE,preuve_insuffisante,La date du 11 septembre 1709 est largement confirmée pour la bataille de Malplaquet. Le titre est simplifié pour correspondre à l'appellation standard.,Mettre à jour la date avec le 11 septembre 1709 et simplifier le titre.
b3bd7960-ee9e-4412-97d5-60f78ed7cfdb,Début de la rédaction du Dit des Heike,1200-01-01,UPDATE_TITLE,REVIEW,Dit des Heike (rédaction),1200-01-01,true,B,0.7,INSUFFICIENT_EVIDENCE,absence_de_singularite,Le titre est plus concis et correspond à l'événement principal. La date est conservée car elle indique le début de la rédaction. L'événement n'est pas singulier car il s'agit d'un processus de rédaction.,Mettre à jour le titre pour plus de concision et de clarté. Vérifier si une date de début de rédaction plus précise est disponible.
b528476b-b611-469d-9e76-50c041ee5c83,Première de la Symphonie n°9 d'Anton Bruckner,1894-02-11,UPDATE_DATE,UPDATE_DATE,Création de la Symphonie n°9 d'Anton Bruckner,1903-02-11,false,A,0.9,INSUFFICIENT_EVIDENCE,annee_exacte_introuvable,"La description indique clairement que la création a eu lieu le 11 février 1903, contredisant la date actuelle de 1894. Le titre est mis à jour pour plus de clarté.",Vérifier si d'autres sources confirment la date du 11 février 1903 pour la création de la symphonie.
8d6f77cb-bdad-4d81-a3f6-1e064989949a,Décret de Gratien,1140-01-01,KEEP,KEEP_ACCEPTABLE,,,false,A,1,INSUFFICIENT_EVIDENCE,annee_exacte_introuvable,Le titre et la date correspondent à la description et sont largement acceptés. Le Décret de Gratien est un événement singulier et bien documenté.,Aucune modification nécessaire.
aa203e9f-c003-4282-b674-2e9385af4106,Défaite Otton II face aux Sarrasins en Calabre,0982-01-01,UPDATE_DATE,UPDATE_DATE,Défaite d'Otton II au cap Colonne,0982-07-01,false,A,0.9,INSUFFICIENT_EVIDENCE,retrieval_insuffisant,La description mentionne juillet 982 comme date de la bataille. Le titre est simplifié pour plus de clarté.,Mettre à jour la date et le titre de l'événement.
c2075df1-e586-44c0-a0c4-ca7346d625d3,Proclamation de l'Empire allemand à Versailles,1871-01-18,KEEP,DELETE,,,true,A,1,INSUFFICIENT_EVIDENCE,annee_exacte_introuvable,Le titre et la date sont corrects et cohérents avec la description. Plusieurs sources confirment la proclamation de l'Empire allemand à Versailles le 18 janvier 1871.,Conserver la fiche.
22febc57-8bc0-4f5a-a10f-f0d063657446,Création de l'OPEP,1960-09-14,KEEP,KEEP_ACCEPTABLE,,,false,A,1,INSUFFICIENT_EVIDENCE,annee_exacte_introuvable,La date et le titre sont corrects et cohérents avec la description. L'OPEP a été créée le 14 septembre 1960.,Aucune modification nécessaire.
cba2031f-3fe8-4514-9b45-ed084d6b6c75,Exploration de l'Australie par James Cook,1770-01-01,KEEP,KEEP_ACCEPTABLE,,,false,A,1,INSUFFICIENT_EVIDENCE,preuve_insuffisante,Le titre et la date sont corrects et cohérents avec la description.,Conserver la fiche.
bfffc1da-748d-44bc-ae14-afd605bbb76c,Systématisation de la notation musicale par Guido d'Arezzo,1026-01-01,KEEP_ACCEPTABLE,REVIEW,Systématisation de la notation musicale par Guido d'Arezzo,1026-01-01,true,C,0.6,INSUFFICIENT_EVIDENCE,retrieval_insuffisant,"L'événement semble correct d'après la description, mais l'absence de sources externes fiables rend la date précise difficile à confirmer avec certitude. On conserve l'événement car il est acceptable en l'état.",Ajouter des sources externes pour renforcer la confiance dans la date de l'événement.
97f5ab2f-75d7-4e3c-8be4-d8555b919834,Annexion du Royaume de Hollande par Napoléon Ier,1810-07-09,UPDATE_DATE,DELETE,Annexion du Royaume de Hollande par Napoléon Ier,1810-07-01,true,B,0.8,INSUFFICIENT_EVIDENCE,annee_exacte_introuvable,"Plusieurs sources indiquent que l'annexion a eu lieu en juillet 1810. La date exacte du 9 juillet est difficile à confirmer avec certitude, mais le mois de juillet est cohérent. On propose le 1er juillet comme date par défaut.",Vérifier si une source plus précise permet de confirmer le 9 juillet ou une autre date précise en juillet 1810.
1783bba1-b91f-4c9a-ac77-a4188add9f04,Publication de la première grammaire française,1550-01-01,REVIEW,REVIEW,,,true,C,0,INSUFFICIENT_EVIDENCE,annee_exacte_introuvable,L'audit précédent n'a pas trouvé de source confirmant la date de publication. Il faut une source fiable pour valider l'événement et sa date.,Rechercher une source fiable qui confirme la publication de la grammaire de Louis Meigret en 1550.
c53501e8-60b4-4731-800e-aa6bf6246dbd,Crise économique et financière en France,1780-01-01,DELETE,DELETE,,,true,A,1,INSUFFICIENT_EVIDENCE,absence_de_singularite,"L'événement décrit une crise économique, qui est une période de déclin économique plutôt qu'un événement spécifique à une date unique. Les sources fournies ne permettent pas de déterminer une année précise.",Supprimer car l'événement décrit une période et non un événement singulier.
159b8df5-3746-46c4-8eea-b3d4ff784d47,Catarina Cornaro cède Chypre à Venise,1489-01-01,UPDATE_TITLE,REVIEW,Cession de Chypre à Venise,1489-01-01,true,B,0.9,INSUFFICIENT_EVIDENCE,retrieval_insuffisant,Le titre est amélioré pour plus de concision et de neutralité. La date est conservée car elle est cohérente avec la description.,Vérifier si une date plus précise (jour et mois) est disponible.
b2df2b00-f16e-43d7-9747-73b8947e0ffb,Introduction du Shatranj,0700-01-01,DELETE,DELETE,,,true,A,1,INSUFFICIENT_EVIDENCE,absence_de_singularite,"L'événement décrit l'introduction d'un jeu, ce qui est un processus qui s'étend sur une période et non un événement ponctuel.",Supprimer car il s'agit d'un processus historique et non d'un événement ponctuel.
c826c45d-a000-4dd7-9853-95290937d6ed,Expéditions de Pépin contre l' Aquitaine,0760-01-01,UPDATE_TITLE,REVIEW,Guerres d'Aquitaine de Pépin le Bref,,true,A,0.9,INSUFFICIENT_EVIDENCE,absence_de_singularite,"The original title refers to a series of expeditions, not a single event. The proposed title reflects this series of military campaigns. The description supports this interpretation.",Update the title to reflect the series of military campaigns led by Pepin the Short in Aquitaine.
525065dc-5e1d-4e97-93b9-5a19d6f879f6,"Eleanor Roosevelt, Première dame des États-Unis",1933-01-01,DELETE,DELETE,,,true,A,1,INSUFFICIENT_EVIDENCE,absence_de_singularite,Le titre décrit une fonction et non un événement ponctuel. L'événement n'est pas singulier.,Supprimer car le titre décrit une fonction et non un événement datable à une année unique.
19e36464-6e4d-4f1c-af0e-a821d191c519,Campagne des FTP contre les infrastructures allemandes,1942-01-01,UPDATE_TITLE,REVIEW,Attentats et sabotages des FTP contre les infrastructures allemandes,,true,B,0.7,INSUFFICIENT_EVIDENCE,absence_de_singularite,"Le titre actuel décrit une campagne, ce qui est trop large. Le titre proposé est plus spécifique et correspond mieux à la description. Il reste cependant difficile de considérer cela comme un événement unique.",Modifier le titre pour plus de précision. Considérer la possibilité de diviser en événements plus spécifiques si possible.
dc6895c7-69d1-4726-9122-0a9714b473f4,Premiers esclaves africains arrivés dans le Nouveau Monde,1502-10-01,UPDATE_TITLE,REVIEW,Début de la traite transatlantique,,true,B,0.8,INSUFFICIENT_EVIDENCE,annee_exacte_introuvable,"Le titre actuel est trop spécifique et daté. Le début de la traite transatlantique est un terme plus générique et approprié, englobant l'événement décrit. La date exacte est difficile à confirmer, mais l'événement lui-même est bien documenté.",Vérifier et potentiellement ajouter des sources concernant le début de la traite transatlantique et les premières arrivées d'esclaves africains dans le Nouveau Monde.
f47d97bb-f41d-43a8-a0a9-18c209428262,João Vaz Corte-Real atteint Terre-Neuve,1472-01-01,REVIEW,REVIEW,,,true,C,0,INSUFFICIENT_EVIDENCE,annee_exacte_introuvable,La date de 1472 pour l'atteinte de Terre-Neuve par João Vaz Corte-Real est incertaine et nécessite une vérification plus approfondie. Les sources actuelles ne confirment pas cette date avec certitude.,Rechercher des sources historiques fiables qui confirment ou infirment la date de 1472 pour l'expédition de João Vaz Corte-Real à Terre-Neuve. Vérifier si d'autres dates sont proposées et les évaluer.
1a9ab321-4f84-4b6f-ae93-1254cc7dffd8,Règne de Charles VII,1422-01-01,UPDATE_DATE,DELETE,Règne de Charles VII,1422-10-21,true,A,0.9,INSUFFICIENT_EVIDENCE,absence_de_singularite,"Charles VII a commencé son règne à la mort de Charles VI, le 21 octobre 1422.",Mettre à jour la date de début du règne de Charles VII au 21 octobre 1422.
157184e5-159a-4b05-b375-bf3eabc14529,Lancement du projet 'Global Plant Initiative',2004-01-01,KEEP_ACCEPTABLE,KEEP_ACCEPTABLE,Global Plant Initiative,,false,B,0.8,INSUFFICIENT_EVIDENCE,retrieval_insuffisant,"Le titre actuel est acceptable, mais le nom du projet seul est plus pertinent et correspond à l'appellation la plus standard. La description confirme la nature du projet.",Conserver le nom du projet comme titre principal.
1751bb0b-53be-4b54-914e-cd004a527d99,Dernière attaque viking sur Paris,0910-01-01,UPDATE_TITLE,REVIEW,Raids vikings sur Paris,,true,B,0.8,INSUFFICIENT_EVIDENCE,absence_de_singularite,"Le titre actuel est problématique car il suggère un événement unique et daté, alors que la description indique une série de raids. Le titre ""Raids vikings sur Paris"" est plus générique et englobant, reflétant mieux la nature répétée des incursions vikings.","Modifier le titre pour refléter la nature répétée des raids vikings sur Paris. La date de 910 peut être conservée si elle est considérée comme un exemple de ces raids, mais le titre doit être plus général."
8320df7a-0566-4bb2-9ce7-ddb28d3aa44d,Règne de Philippe IV le Bel,1285-01-01,KEEP,DELETE,,,true,A,1,INSUFFICIENT_EVIDENCE,absence_de_singularite,Philippe IV le Bel a commencé son règne en 1285. La description correspond bien à cette période.,Conserver l'événement tel quel.
2fbb03d1-1527-42e9-b437-5c6bb4c78de7,Première des Noces de Figaro de Wolfgang Amadeus Mozart,1786-05-01,UPDATE_TITLE,UPDATE_TITLE,Création des Noces de Figaro,,false,A,0.9,INSUFFICIENT_EVIDENCE,annee_exacte_introuvable,Le titre est plus clair et correspond à l'événement principal. La description est cohérente.,Mettre à jour le titre pour plus de clarté et de concision.
4edbd8f1-067b-4313-b1f1-d9d1abf573b4,Abdication de Napoléon Ier,1814-04-06,UPDATE_TITLE,UPDATE_TITLE,Première abdication de Napoléon Ier,,false,A,0.9,INSUFFICIENT_EVIDENCE,absence_de_singularite,"The current title is ambiguous as Napoleon I abdicated twice. The description refers to the first abdication. Adding ""Première"" clarifies the event.",Update the title to specify the first abdication of Napoleon I to avoid ambiguity.
f05a96e2-9551-4c5d-b4a3-99933e97294d,Bataille des Monts Mauriacus,0553-01-01,REVIEW,REVIEW,,,true,C,0,INSUFFICIENT_EVIDENCE,annee_exacte_introuvable,"L'audit précédent n'a pas trouvé de sources fiables confirmant la date de 553. Les sources externes fournies concernent la bataille des champs Catalauniques en 451, ce qui n'aide pas à valider l'événement actuel. Il faut donc revoir l'événement et trouver des sources fiables pour la date et le lieu.",Rechercher des sources fiables confirmant la date et le lieu de la bataille des Monts Mauriacus.
13a64284-820c-4f71-b7ef-c73e9d7041b1,Règne de Charles IV le Bel,1322-01-01,UPDATE_TITLE,DELETE,Accession de Charles IV le Bel au trône de France,1322-01-01,true,A,0.9,INSUFFICIENT_EVIDENCE,absence_de_singularite,"Le titre actuel décrit une période, alors qu'il faut un événement ponctuel. L'accession au trône est un événement précis. La date est cohérente avec la description.","Modifier le titre pour correspondre à l'accession au trône, qui est un événement ponctuel. Conserver la date de 1322-01-01."
becc65f7-c6ca-4ca1-b6f7-5b20f1b419dd,Invention des règles du basketball,1891-12-21,KEEP,KEEP_ACCEPTABLE,,,false,A,1,INSUFFICIENT_EVIDENCE,preuve_insuffisante,Le titre et la date correspondent à la description de l'événement. De nombreuses sources confirment que James Naismith a établi les règles du basketball en décembre 1891.,Aucune modification nécessaire.
b3297a92-d611-4473-b23f-e4bea011dc7b,Règne de Louis VIII le Lion,1223-01-01,KEEP,DELETE,,,true,A,1,INSUFFICIENT_EVIDENCE,absence_de_singularite,"Le titre et la date correspondent au début du règne de Louis VIII, tel que confirmé par plusieurs sources.",Conserver l'événement tel quel.
147ffc3f-b36c-46dc-9044-81dbcbe88e92,Leibniz invente la calculatrice mécanique,1672-01-01,KEEP_ACCEPTABLE,KEEP_ACCEPTABLE,,,false,B,0.7,INSUFFICIENT_EVIDENCE,preuve_insuffisante,"L'événement est bien décrit et la date semble correcte d'après la description. Cependant, une source plus précise serait préférable.","Conserver l'événement tel quel, mais rechercher des sources plus précises pour confirmer la date."
82bf9d98-d895-4556-9f49-d50bb1ea8e4b,Accident ferroviaire de Saint-Michel-de-Plélan,1942-01-01,UPDATE_DATE,REVIEW,Accident ferroviaire de Saint-Michel-de-Plélan,1942-04-04,true,B,0.7,INSUFFICIENT_EVIDENCE,retrieval_insuffisant,La description contient 'avril 1942'. Plusieurs sources en ligne (bien que non considérées comme des sources primaires) indiquent le 4 avril 1942 comme date de l'accident.,Ajouter des sources primaires pour confirmer la date exacte de l'accident.
362ee41f-e282-4188-8df4-0c76e80f88cb,Début de la Renaissance italienne,1400-01-01,DELETE,DELETE,,,true,A,1,INSUFFICIENT_EVIDENCE,absence_de_singularite,The Italian Renaissance is a period spanning several centuries. No single date can be assigned to its beginning.,"Delete the event as it represents a historical period rather than a specific, datable event."
63328422-afee-462e-8988-aa4230f7ab69,Le scandale du Dieselgate,2015-01-01,UPDATE_DATE,REVIEW,,2015-09-18,true,B,0.8,INSUFFICIENT_EVIDENCE,annee_exacte_introuvable,"La date du 18 septembre 2015 correspond à la date à laquelle l'EPA (Environmental Protection Agency) a émis un avis de violation à Volkswagen concernant l'utilisation d'un logiciel truqueur. Bien que le scandale se soit étalé sur plusieurs années, cet événement marque le début de la révélation publique.",Vérifier si la date du 18 septembre 2015 est la plus pertinente pour marquer le début du scandale. Ajouter des sources.
700a2b03-f082-4c6d-86c1-07d591a0ffc4,Torricelli invente le baromètre à mercure,1643-01-01,UPDATE_TITLE,REVIEW,Invention du baromètre à mercure par Torricelli,,true,B,0.9,INSUFFICIENT_EVIDENCE,annee_exacte_introuvable,Le titre actuel est factuel mais peut être plus précis et standardisé. Le titre proposé est plus formel et correspond à une formulation courante pour cet événement. La description reste cohérente.,Vérifier et confirmer la date exacte de l'invention avec des sources supplémentaires.
78394762-584d-4141-bdf5-43dd3e4cd1a8,Première émission régulière de Radio Paris,1923-01-01,KEEP_ACCEPTABLE,KEEP_ACCEPTABLE,,,false,B,0.7,INSUFFICIENT_EVIDENCE,preuve_insuffisante,"The event seems plausible and the description is consistent. While a precise date is difficult to confirm, the year 1923 is a reasonable starting point for further investigation.","Keep the event as acceptable, but further research is recommended to confirm the exact date."
9f4b1837-50e2-4413-8bf8-bf03b9331b83,"Début des voyages de Zheng He, explorateur chinois",1405-01-01,UPDATE_TITLE,UPDATE_TITLE,Premier voyage de Zheng He,1405-01-01,false,A,0.9,INSUFFICIENT_EVIDENCE,absence_de_singularite,"Le titre actuel décrit le début d'une série de voyages, ce qui n'est pas un événement singulier. Le titre ""Premier voyage de Zheng He"" est plus précis et correspond à un événement unique. La date est cohérente avec la description.",Modifier le titre pour refléter le premier voyage spécifique de Zheng He.
f9803a69-7d4d-41a5-a150-107740a9f3fe,Le comte Eudes II de Blois hérite de la Champagne,1019-01-01,UPDATE_BOTH,REVIEW,Héritage de Troyes et Meaux par Eudes II de Blois,1022-01-01,true,B,0.8,INSUFFICIENT_EVIDENCE,annee_exacte_introuvable,"L'article Wikipedia mentionne l'héritage de Troyes et Meaux vers 1022, et non de la Champagne en 1019. La description doit être adaptée en conséquence.","Mettre à jour le titre et la date pour correspondre à l'héritage de Troyes et Meaux en 1022, et modifier la description en conséquence."
2f7788be-58f1-4f35-8ec7-a6a10e0c3094,Introduction de la culture du riz en Europe,0900-01-01,DELETE,DELETE,,,true,A,0.9,INSUFFICIENT_EVIDENCE,absence_de_singularite,"L'introduction de la culture du riz est un processus étalé dans le temps, et non un événement ponctuel. La date de 900 est indicative du début de cette introduction, mais ne correspond pas à un événement précis.",Supprimer car il s'agit d'un processus historique et non d'un événement singulier datable.
3821d0d2-b02c-4598-94ae-60b2653d286b,Règne de Philippe VI de Valois,1328-01-01,UPDATE_DATE,DELETE,Règne de Philippe VI,1328-05-29,true,B,0.8,INSUFFICIENT_EVIDENCE,absence_de_singularite,"The current date is too generic. Philippe VI became king on May 29, 1328. The title is shortened for clarity.",Update the date to the specific day Philippe VI became king and shorten the title.
3ae81653-9104-496a-b646-bfed0eec57e5,Début de la création de La Joconde par Léonard de Vinci,1503-01-01,KEEP_ACCEPTABLE,KEEP_ACCEPTABLE,Début de la création de La Joconde,1503-01-01,false,B,0.8,INSUFFICIENT_EVIDENCE,annee_exacte_introuvable,"La date de début de la création de La Joconde est généralement admise comme étant 1503. Le titre est acceptable, mais peut être simplifié.",Conserver la fiche avec le titre simplifié et la date de 1503.
925c3c70-2482-48d1-a09e-e7ac83102901,Invention de la bicyclette à pédales,1861-07-12,REVIEW,REVIEW,,,true,C,0,INSUFFICIENT_EVIDENCE,preuve_insuffisante,"L'audit précédent n'a pas trouvé de sources fiables confirmant la date de 1861. Les sources actuelles concernent la bicyclette de sécurité, un modèle ultérieur. La date de l'invention de la bicyclette à pédales reste incertaine.",Rechercher des sources externes fiables qui confirment la date exacte de l'invention de la bicyclette à pédales. Vérifier si Pierre Michaux est bien l'inventeur.
c09af671-4d31-428e-a7de-5361a84d1044,Inauguration du Central Park Tower à New York,2020-01-01,REVIEW,REVIEW,,,true,C,0,INSUFFICIENT_EVIDENCE,annee_exacte_introuvable,The previous audit couldn't find a reliable source confirming the inauguration year. The provided sources are irrelevant. Further research is needed to confirm the date of the inauguration.,Find a reliable source confirming the inauguration date of the Central Park Tower.
0f3a99e3-c432-440c-bb41-4e20c2f65cbc,Création de l'Académie royale de musique,1669-01-01,KEEP_ACCEPTABLE,KEEP_ACCEPTABLE,,,false,B,0.7,INSUFFICIENT_EVIDENCE,annee_exacte_introuvable,"Le titre et la date semblent corrects d'après la description et les informations générales sur l'Académie royale de musique. Cependant, une vérification plus approfondie avec des sources d'archives serait idéale.","Conserver l'événement tel quel, mais envisager une vérification plus approfondie des sources primaires pour une confirmation définitive."
8fcb6009-9cef-451d-af96-6826a1e865a1,Révolte des canuts de Lyon,1834-01-01,UPDATE_DATE,REVIEW,Révolte des canuts de Lyon,1834-02-14,true,B,0.7,INSUFFICIENT_EVIDENCE,annee_exacte_introuvable,"The current date is too generic. The second revolt of the Canuts started on February 14, 1834. While I don't have a strong source for this precise date, multiple sources confirm the year and the fact that this was the second revolt.","Update the date to the more precise date of February 14, 1834, if a stronger source can be found. Otherwise, keep the year."
6730d7b0-109b-4420-97e1-308b16d296ec,Invention du pantalon jeans,1873-01-01,KEEP_ACCEPTABLE,KEEP_ACCEPTABLE,,,true,B,0.7,INSUFFICIENT_EVIDENCE,annee_exacte_introuvable,Le titre et la description sont acceptables. L'année 1873 est plausible mais nécessite une vérification plus approfondie avec des sources plus fiables que Wikipédia (qui ne mentionne pas l'événement).,"Vérifier l'année exacte de l'invention avec des sources plus fiables (archives de Levi Strauss, articles de presse spécialisés dans l'histoire de la mode ou du textile)."
376378e3-895f-4e43-8e32-2f85c533ad09,Création de la RTF,1949-01-01,KEEP_ACCEPTABLE,KEEP_ACCEPTABLE,,,false,B,0.7,INSUFFICIENT_EVIDENCE,retrieval_insuffisant,"La description confirme la création de la RTF en 1949. Bien qu'il manque des sources externes directes, la description est suffisamment précise pour accepter la date.",Conserver la fiche en l'état. Ajouter des sources externes serait un plus.
f932aa75-a4ed-4092-8747-8eba240ca78c,Introduction de la culture de la vigne en Gaule romaine,0100-01-01,DELETE,DELETE,,,true,A,0.9,INSUFFICIENT_EVIDENCE,absence_de_singularite,"L'introduction de la viticulture est un processus graduel, pas un événement unique.",Supprimer car il s'agit d'un processus et non d'un événement ponctuel.
477af2c1-5d6c-44f5-b59d-8caed008a489,Première observation de Sirius par les astronomes chinois,0140-01-01,REVIEW,REVIEW,,,true,C,0,INSUFFICIENT_EVIDENCE,annee_exacte_introuvable,L'année 140 pour la première observation documentée de Sirius par les astronomes chinois n'est pas confirmée par les sources disponibles. L'article Wikipédia sur Sirius ne mentionne pas cette observation spécifique.,Rechercher des sources supplémentaires confirmant l'année de la première observation de Sirius par les astronomes chinois. Vérifier si d'autres sources mentionnent des observations antérieures à celles déjà documentées.
f3217950-4853-48d2-a5d2-c3b1fb64ab88,Construction de la Tour Galata à Constantinople,1348-01-01,REVIEW,REVIEW,,,true,C,0,INSUFFICIENT_EVIDENCE,annee_exacte_introuvable,L'année de construction (1348) n'est pas confirmée par les sources disponibles. Nécessite une vérification plus approfondie pour confirmer la date.,Rechercher des sources fiables qui confirment l'année de construction de la Tour Galata.
70c493bf-6b54-47f2-a60e-c73d9275d523,Première utilisation de la fourchette en France,1533-01-01,UPDATE_TITLE,REVIEW,Introduction de la fourchette en France,,true,B,0.7,INSUFFICIENT_EVIDENCE,absence_de_singularite,"Le titre actuel implique une première utilisation unique, ce qui est difficile à prouver. Le titre proposé est plus général et correspond mieux à la description qui parle d'introduction et de popularisation.",Vérifier si une date plus précise peut être associée à la popularisation de la fourchette par Catherine de Médicis.
52f32753-4f77-4cf7-9b03-17ec661049bc,Sécheresse en Amazonie brésilienne,2010-01-01,REVIEW,REVIEW,,,true,C,0,INSUFFICIENT_EVIDENCE,annee_exacte_introuvable,La date de 2010 pour la sécheresse en Amazonie brésilienne n'est pas confirmée par les sources disponibles. Il faut rechercher des sources fiables qui valident cette date.,"Rechercher des sources externes (articles de presse, rapports scientifiques) qui confirment la date de 2010 pour la sécheresse en Amazonie brésilienne. Si aucune source fiable ne confirme cette date, envisager de supprimer l'événement ou d…"
f92a6ab4-3ac9-4e7e-a383-6cd9fa9fb404,Dissolution de l'Assemblée nationale par Chirac,1997-01-01,UPDATE_BOTH,REVIEW,Dissolution de l'Assemblée nationale française de 1997,1997-04-21,true,A,0.9,INSUFFICIENT_EVIDENCE,annee_exacte_introuvable,La date de dissolution est le 21 avril 1997. Le titre doit être plus précis pour éviter la confusion avec d'autres dissolutions.,Vérifier si le titre proposé est l'appellation la plus courante et officielle. Confirmer la date exacte de la dissolution.
21bfaf2e-bd06-4b58-8266-6b2f2b9f134e,"Disparition du fondateur des Restos du Cœur, humoriste français engagé dans l'aide sociale",1986-01-01,UPDATE_TITLE,UPDATE_TITLE,Mort de Coluche,1986-06-19,false,A,0.9,INSUFFICIENT_EVIDENCE,retrieval_insuffisant,"Le titre actuel est trop long. Le titre proposé est plus concis et correspond à l'événement principal. La date de la mort de Coluche est le 19 juin 1986, ce qui est cohérent avec la description.",Vérifier si la date du 19 juin est correcte dans d'autres sources.
ad5ed6d5-0bca-4c8a-a36b-fdb0c63c83e6,Règne de Louis XI,1461-01-01,KEEP,DELETE,,,true,A,1,INSUFFICIENT_EVIDENCE,absence_de_singularite,Le titre et la date sont corrects et correspondent à l'événement décrit. Wikipedia et Wikidata confirment le début du règne de Louis XI en 1461.,Conserver l'événement tel quel.
a131de3d-85b4-413f-b390-7ecd309eb33d,Ouverture du tunnel sous la Manche – chantier,1988-01-01,DELETE,DELETE,,,true,A,1,INSUFFICIENT_EVIDENCE,absence_de_singularite,"L'événement décrit une phase de construction, pas un événement unique. La date est arbitraire.",Supprimer car il s'agit d'une phase de construction et non d'un événement singulier.
dccb3a15-d3ca-4857-9904-39967d06d1bc,Création du SMIC agricole,1971-01-01,KEEP_ACCEPTABLE,KEEP_ACCEPTABLE,,,false,B,0.7,INSUFFICIENT_EVIDENCE,annee_exacte_introuvable,"The description supports the title and date. While stronger evidence would be ideal, the information seems plausible and consistent.","Keep the entry as is, but prioritize finding stronger sources to confirm the date."
1879da59-9ccd-4f39-a6e2-fe45b35fef7c,Mariage de Jeanne de France et Louis d'Orléans,1476-01-01,REVIEW,REVIEW,,,true,C,0,INSUFFICIENT_EVIDENCE,annee_exacte_introuvable,L'audit précédent n'a pas trouvé de source confirmant la date du mariage. Il faut investiguer plus avant pour confirmer la date de 1476.,Rechercher des sources fiables confirmant la date du mariage de Jeanne de France et Louis d'Orléans.
ff8ccbf0-b732-45f1-a1ff-54ddd3c00b53,Début du règne d'Octar et Roua,0422-01-01,UPDATE_TITLE,DELETE,Début du règne d'Octar et Roua (Huns),0422-01-01,true,B,0.7,INSUFFICIENT_EVIDENCE,absence_de_singularite,Le titre original est acceptable mais manque de précision. L'ajout de '(Huns)' clarifie le contexte. La date est conservée car elle est mentionnée dans la description.,Mettre à jour le titre pour plus de clarté. Vérifier si d'autres sources confirment la date de début du règne.
da481700-9a91-45f6-8990-48cc75e36a99,Assaut de Querétaro et chute de Maximilien Ier,1867-01-01,UPDATE_TITLE,REVIEW,Siège de Querétaro,1867-02-05,true,B,0.8,INSUFFICIENT_EVIDENCE,retrieval_insuffisant,"Le titre original est trop long et inclut la conséquence du siège. Le 5 février est la date du début du siège, et non le 1er janvier. La description est cohérente avec cette date.",Vérifier si 'Siège de Querétaro' est bien l'appellation la plus courante et officielle.
9fc35ffb-bb7d-4ede-9899-8d733f755fbc,Bataille de Thessalonique,1040-01-01,UPDATE_DATE,REVIEW,Bataille de Thessalonique,1000-01-01,true,B,0.8,INSUFFICIENT_EVIDENCE,preuve_insuffisante,"La date de 1040 est incorrecte. Les sources indiquent plutôt l'an 1000 (Wikidata) ou 995 (Wikipedia). Je propose de retenir 1000, qui est l'information la plus précise disponible.",Mettre à jour la date de la bataille de Thessalonique à 1000-01-01.
e47f61c3-7440-44c9-91e6-7bd882b5046b,Édit de pacification de Compiègne - Dissolution du parlement de Bretagne,1767-01-01,KEEP_ACCEPTABLE,KEEP_ACCEPTABLE,Édit de pacification de Compiègne et dissolution du Parlement de Bretagne,1767-01-01,false,B,0.7,INSUFFICIENT_EVIDENCE,annee_exacte_introuvable,"La description confirme la date de 1767. Bien qu'aucune source externe ne soit fournie ici, la cohérence interne est bonne.",Conserver l'événement avec la date et le titre actuels. Ajouter des sources externes serait idéal pour une validation plus forte.
d8816694-0534-4432-b3d1-9b8925ca8ee5,Guerre du Tonneau,1774-01-01,REVIEW,REVIEW,,,true,C,0,INSUFFICIENT_EVIDENCE,annee_exacte_introuvable,"The previous audit found insufficient evidence to support the current date. The linked Wikipedia and Wikidata entries refer to a building named 'Le Tonneau' and its construction date, not the political event described. Further investigation is needed to verify the date and details of the 'Guerre du Tonneau'.",A more reliable source is needed to confirm the date and details of the 'Guerre du Tonneau'.
2537cf00-1240-449b-baba-4b04139b43f8,Création de l’OTAN,1949-01-01,UPDATE_DATE,UPDATE_DATE,,1949-04-04,false,A,0.9,INSUFFICIENT_EVIDENCE,annee_exacte_introuvable,"La date du 1er janvier est incorrecte. La date de signature du traité de l'Atlantique Nord, marquant la création de l'OTAN, est le 4 avril 1949. La description est cohérente avec cette date.",Mettre à jour la date au 4 avril 1949.
52bc3ad5-c3c8-45d0-ada0-d10e4ba00209,Première liaison transatlantique par Marconi,1901-01-01,KEEP_ACCEPTABLE,KEEP_ACCEPTABLE,,,false,B,0.8,INSUFFICIENT_EVIDENCE,retrieval_insuffisant,"La description confirme la date de décembre 1901. Bien que les sources externes fournies ne confirment pas directement la date de la première transmission transatlantique, elles fournissent un contexte sur Marconi et son travail dans le domaine de la télégraphie sans fil. On peut considérer que la description est une …",Conserver la fiche. Ajouter des sources plus directes si possible.
6f731167-c988-42ea-a7dd-85de28ccf87e,Publication du premier magazine d'échecs,1836-01-01,REVIEW,REVIEW,,,true,C,0,INSUFFICIENT_EVIDENCE,annee_exacte_introuvable,L'audit précédent n'a pas trouvé de sources fiables confirmant la date de publication du magazine. Il faut investiguer plus avant pour valider la date de 1836.,Rechercher des sources fiables (autres que Wikipédia) confirmant la date de publication du magazine d'échecs 'Le Palamède'.
72c5fd64-949c-4d0c-88bf-37944dd29eb9,Règne de Philippe V le Long,1316-01-01,UPDATE_DATE,DELETE,Accession au trône de Philippe V,1316-01-01,true,A,0.9,INSUFFICIENT_EVIDENCE,absence_de_singularite,"The current title refers to a reign, which is a period. The description mentions Philippe V acceding to the throne in 1316. Changing the title to 'Accession au trône de Philippe V' and keeping the date 1316-01-01 makes the event singular and consistent with the description.",Update the title to 'Accession au trône de Philippe V' and keep the date as 1316-01-01.
7a6bf247-f99b-4c20-b082-6235cb33145c,Paix de Gisors,0965-01-01,REVIEW,REVIEW,,,true,C,0.2,INSUFFICIENT_EVIDENCE,annee_exacte_introuvable,L'année 965 n'est pas confirmée par des sources fiables. L'article Wikipédia sur Gisors ne mentionne pas cet événement. Nécessite une vérification plus approfondie pour confirmer la date et l'existence de cet événement.,Rechercher des sources historiques fiables mentionnant la Paix de Gisors et sa date. Vérifier si l'événement est bien distinct d'autres rencontres à Gisors.
aabd0af8-ac90-4a82-a7bf-547874b54ba7,Apparition des premières guildes de boulangers,1200-01-01,DELETE,REVIEW,,,true,B,0.9,INSUFFICIENT_EVIDENCE,absence_de_singularite,"L'événement décrit l'apparition des premières guildes, ce qui est un processus et non un événement singulier datable à une année précise.",Supprimer car il s'agit d'un processus et non d'un événement singulier.
7cff624e-3a1f-42ec-ad66-461f1fb540cd,Apogée de la culture Nazca au Pérou,0300-01-01,DELETE,DELETE,,,true,A,1,INSUFFICIENT_EVIDENCE,absence_de_singularite,"L'événement décrit une période culturelle, pas un événement singulier datable.",Supprimer car il s'agit d'une période et non d'une année unique.
0abfdcf6-f2e0-4b96-947c-b2489be9b85b,Mort des suites de l'éruption du Kelut,1586-01-01,KEEP_ACCEPTABLE,KEEP_ACCEPTABLE,,,false,B,0.7,INSUFFICIENT_EVIDENCE,retrieval_insuffisant,"Le titre et la description sont cohérents. L'événement est singulier et le titre est en français, sans date et non ambigu. Bien qu'il manque des sources directes, la description implique fortement des décès liés à l'éruption.",Ajouter des sources pour renforcer la certitude de l'événement et de sa date.
2790cdfb-8ef6-449b-906b-a539137b064d,Régence de Baudouin V de Flandre sur le royaume de France,1060-01-01,KEEP_ACCEPTABLE,DELETE,,,true,B,0.7,INSUFFICIENT_EVIDENCE,annee_exacte_introuvable,"The title and description are consistent. While the exact date is difficult to confirm, the year 1060 is generally accepted as the start of the regency. Keeping the entry as is, but marking it as acceptable.","Keep the entry as is, but add a note about the difficulty in pinpointing the exact start date of the regency."
d5317bde-a7e3-420a-bae9-d8c673dc76a2,Début de la colonisation du Congo Belge,1885-01-01,UPDATE_BOTH,UPDATE_BOTH,Création du Congo Belge,1908-11-15,true,A,0.9,INSUFFICIENT_EVIDENCE,absence_de_singularite,Le Congo Belge a été créé le 15 novembre 1908. Le titre initial est incorrect et la date ne correspond pas à la création du Congo Belge.,Mettre à jour le titre et la date pour correspondre à la création du Congo Belge.
9d573b74-2c0a-4e01-b37a-c1bdd352ddcb,Début de la construction du Fort de Lahore,1566-01-01,UPDATE_DATE,REVIEW,Construction du Fort de Lahore,1593-01-01,true,B,0.8,INSUFFICIENT_EVIDENCE,absence_de_singularite,"La description indique que la reconstruction du fort a commencé en 1593 sous Akbar, et non en 1566. Le titre est modifié pour refléter l'événement de construction, et non son début.",Mettre à jour la date à 1593 et le titre pour correspondre à l'événement principal décrit dans la description.
9d4a34a7-7763-4070-801e-20e4a3668d64,Première transfusion sanguine,1667-01-01,KEEP_ACCEPTABLE,KEEP_ACCEPTABLE,,,false,B,0.7,INSUFFICIENT_EVIDENCE,preuve_insuffisante,"La description correspond bien au titre et à la date. Bien que la source Wikipedia ne confirme pas directement la date, elle fournit un contexte général. D'autres sources seraient idéales pour une confirmation à 100%, mais l'information est acceptable en l'état.",Chercher des sources supplémentaires pour confirmer la date exacte de la première transfusion sanguine.
ec563b78-da8d-4d56-8f2b-e8c72b174fdc,Mungo Park atteint le fleuve Niger,1796-07-20,REVIEW,REVIEW,,,true,C,0,INSUFFICIENT_EVIDENCE,annee_exacte_introuvable,"La date de la rencontre de Mungo Park avec le fleuve Niger n'est pas confirmée par les sources disponibles. L'article Wikipedia mentionne ses explorations du fleuve Niger, mais sans donner de date précise. Wikidata ne fournit pas non plus cette information.",Rechercher des sources externes fiables (autres que Wikipedia et Wikidata) qui confirment la date exacte de la rencontre de Mungo Park avec le fleuve Niger.
e6a2ce6f-65cb-4f4a-b440-77b9eef7de0f,Newton découvre le calcul infinitésimal,1665-01-01,UPDATE_DATE,REVIEW,Découverte du calcul infinitésimal par Isaac Newton,,true,B,0.7,INSUFFICIENT_EVIDENCE,annee_exacte_introuvable,L'année exacte de la découverte du calcul infinitésimal par Newton est incertaine. Les sources indiquent la seconde moitié du XVIIe siècle. Il est préférable de supprimer la date précise.,"Supprimer la date précise et indiquer une période plus large (seconde moitié du XVIIe siècle) si possible, ou laisser sans date."
0c362acd-a86a-403e-a378-c0f4370322ed,Invention du bateau à vapeur par Jouffroy d'Abbans,1783-01-01,UPDATE_TITLE,REVIEW,Démonstration du Pyroscaphe par Jouffroy d'Abbans,1783-01-01,true,B,0.8,INSUFFICIENT_EVIDENCE,annee_exacte_introuvable,Le titre actuel est trop général. La description se concentre sur la démonstration du Pyroscaphe. Le titre proposé est plus précis et correspond mieux à la description.,Vérifier si d'autres sources confirment la date et la nature de l'événement.
4c2b4900-f500-4b63-8384-cad81d09ed92,Approbation du premier vaccin contre le cancer (Gardasil),2006-01-01,UPDATE_DATE,REVIEW,Approbation du vaccin Gardasil,2006-06-08,true,B,0.8,INSUFFICIENT_EVIDENCE,retrieval_insuffisant,La date du 1er janvier 2006 est incorrecte. Plusieurs sources indiquent que le Gardasil a été approuvé par la FDA le 8 juin 2006. Le titre est simplifié pour plus de concision.,Vérifier et confirmer la date exacte de l'approbation du Gardasil avec des sources officielles.
8c1b31ae-6fd8-48e2-ae69-da578f8710ae,Fondation de l’ENA,1945-01-01,UPDATE_DATE,REVIEW,Fondation de l’École nationale d'administration,1945-10-09,true,B,0.8,INSUFFICIENT_EVIDENCE,retrieval_insuffisant,La description mentionne octobre 1945. Le Journal officiel du 9 octobre 1945 publie le décret de création de l'ENA. Le titre est légèrement modifié pour correspondre à l'appellation complète.,Vérifier si le 9 octobre est la date exacte de la fondation ou la date de publication du décret. Ajouter une source officielle (Journal officiel).
803a333e-efed-45a7-8128-1199da8e2ece,Découverte de la vitamine C par Albert Szent-Györgyi,1932-01-01,REVIEW,REVIEW,,,true,C,0.5,INSUFFICIENT_EVIDENCE,annee_exacte_introuvable,L'année exacte de la découverte de la vitamine C n'est pas clairement établie dans les sources disponibles. Il est nécessaire de rechercher des sources plus précises.,Rechercher des sources mentionnant explicitement l'année de la découverte de la vitamine C par Albert Szent-Györgyi.
29373817-c8dd-47b7-a3b7-426aa90aad37,Création du Secrétariat d'État à la Condition féminine,1974-01-01,KEEP,KEEP_ACCEPTABLE,,,false,A,0.9,INSUFFICIENT_EVIDENCE,annee_exacte_introuvable,The title and date are consistent with the description and represent a significant political event in France.,"Keep the event as is. The title is clear, the date is accurate, and the description provides sufficient context."
a6ed5d6b-cdf3-45e9-a50e-5266d0cc04de,Création de l'Imprimerie Royale,1539-01-01,KEEP,KEEP_ACCEPTABLE,,,false,B,0.8,INSUFFICIENT_EVIDENCE,annee_exacte_introuvable,"Le titre et la date semblent corrects et cohérents avec la description. Bien qu'une source plus solide serait idéale, l'absence de conflit et la cohérence interne justifient de conserver l'événement.",Conserver l'événement tel quel. Surveiller l'apparition de sources plus solides à l'avenir.
9c2533a9-3b6f-4b53-9226-1205e439fd3a,Invention de la machine à écrire par Christopher Latham Sholes,1868-01-01,REVIEW,REVIEW,,,true,C,0,INSUFFICIENT_EVIDENCE,annee_exacte_introuvable,L'audit précédent n'a pas trouvé de source confirmant l'année exacte de l'invention. Il faut investiguer plus avant pour confirmer la date.,Rechercher des sources fiables (autres que Wikipédia) confirmant la date de l'invention de la machine à écrire par Christopher Latham Sholes.
162e91d4-a2e5-4b68-8e60-c1e3d34deb1c,Fondation de Singapour par Sir Stamford Raffles,1819-01-01,UPDATE_DATE,REVIEW,Fondation de Singapour par Stamford Raffles,1819-01-29,true,B,0.7,INSUFFICIENT_EVIDENCE,preuve_insuffisante,Plusieurs sources indiquent que Stamford Raffles a débarqué à Singapour le 29 janvier 1819. La description est cohérente avec cet événement.,Mettre à jour la date au 29 janvier 1819.
8fe29348-672c-4405-a54d-6961b53f6a79,Accord commercial entre Pise et l'Égypte fatimide,1156-01-01,KEEP_ACCEPTABLE,REVIEW,Accord commercial entre Pise et l'Égypte fatimide,1156-01-01,true,C,0.6,INSUFFICIENT_EVIDENCE,annee_exacte_introuvable,"Bien qu'il n'y ait pas de confirmation directe de cet accord en 1156, la description est cohérente et l'événement est plausible dans le contexte de l'époque. L'absence de sources solides justifie un niveau de confiance faible.",Conserver l'événement avec une note indiquant le manque de sources directes confirmant la date exacte.
df685a4e-88ae-43b3-a747-751cd0ce7f30,Identification de Gliese 581g,2010-01-01,UPDATE_TITLE,REVIEW,Découverte de Gliese 581g,2010-01-01,true,B,0.8,INSUFFICIENT_EVIDENCE,retrieval_insuffisant,Le titre actuel est moins précis que 'Découverte de Gliese 581g'. La date est cohérente avec la description.,Vérifier si 'Annonce de la découverte de Gliese 581g' serait encore plus approprié.
7706f611-1f06-4a57-8c35-9d87a850752a,Création de l’Agence France-Presse,1954-01-01,UPDATE_DATE,UPDATE_DATE,,1944-08-20,false,A,0.9,INSUFFICIENT_EVIDENCE,annee_exacte_introuvable,Wikipédia et Wikidata indiquent la création de l'AFP en août 1944. La description correspond à cette date.,Update the date to 1944-08-20 based on multiple reliable sources.
dbc69022-7f48-4ff2-8b80-4a598facc9b2,Ptolémée écrit l'Almageste,0150-01-01,UPDATE_TITLE,REVIEW,Publication de l'Almageste,0150-01-01,true,C,0.7,INSUFFICIENT_EVIDENCE,annee_exacte_introuvable,"Le titre original est trop centré sur l'auteur. Le titre 'Publication de l'Almageste' est plus générique et correspond mieux à l'événement. La date est conservée car elle est cohérente avec la description, bien que sa précision soit faible.",Rechercher des sources plus précises concernant la date de publication de l'Almageste.
333970ca-0667-40f1-a939-67c77bdaa18f,Utilisation du zéro comme séparateur décimal par Al-Battani,0904-01-01,DELETE,DELETE,,,true,A,1,INSUFFICIENT_EVIDENCE,absence_de_singularite,"L'événement décrit une utilisation, ce qui implique une période et non une année unique. Aucune source n'est fournie pour confirmer une année exacte. De plus, il ne s'agit pas d'un événement ponctuel.",Rejeter car l'événement décrit une utilisation et non un événement ponctuel.
f487c5cc-eb1c-4043-babb-4c6dd8963dc6,Publication du premier volume de 'Das Kapital',1867-01-01,KEEP_ACCEPTABLE,KEEP_ACCEPTABLE,,,false,B,0.7,INSUFFICIENT_EVIDENCE,retrieval_insuffisant,"Le titre et la date semblent corrects et cohérents avec la description. Bien qu'aucune source externe n'ait été fournie, l'événement est bien connu et largement documenté.",Conserver l'événement tel quel. Ajouter des sources externes serait un plus.
04908b7e-6074-4c97-b85d-c7ef87ea8a9a,Création de la première école hôtelière à Lausanne,1893-01-01,KEEP_ACCEPTABLE,KEEP_ACCEPTABLE,,,false,B,0.8,INSUFFICIENT_EVIDENCE,retrieval_insuffisant,"Le titre et la date semblent corrects et cohérents avec la description. Bien qu'il n'y ait pas de source directe confirmant la date exacte, le concept est bien documenté.","Conserver l'événement tel quel, mais continuer à chercher des sources plus précises pour confirmer la date de création."
b39ce22c-f975-4e2b-aa80-6dbac14c8e3f,Raimon-Bérenger IV s'unit à Pétronille,1150-01-01,UPDATE_TITLE,REVIEW,Mariage de Raimond-Bérenger IV de Barcelone et de Pétronille d'Aragon,,true,B,0.8,INSUFFICIENT_EVIDENCE,retrieval_insuffisant,Le titre actuel est acceptable mais peut être amélioré pour plus de précision et de formalité. Le titre proposé est plus standard et correspond à la description.,Vérifier et confirmer la date du mariage avec des sources externes.
050efd83-8ca5-462e-8812-2a76feb7f2a3,Acte d'Union entre l'Angleterre et l'Écosse,1707-10-01,UPDATE_DATE,UPDATE_DATE,,1707-05-01,false,A,0.9,INSUFFICIENT_EVIDENCE,annee_exacte_introuvable,L'Acte d'Union a été signé le 1er mai 1707. La description est cohérente.,Mettre à jour la date au 1er mai 1707.
b7637266-7cf0-4513-aeae-93738cba3333,Première mention écrite du nom 'France',1030-01-01,DELETE,DELETE,,,true,A,0.9,INSUFFICIENT_EVIDENCE,absence_de_singularite,L'événement décrit un processus et non un événement singulier datable précisément. Le titre n'est pas univoque.,Supprimer l'événement car il décrit un processus graduel plutôt qu'un événement singulier et datable.
3c7a4b41-851d-436c-a46f-01dafaec1edb,Première représentation du Bourgeois gentilhomme de Molière,1670-10-14,UPDATE_DATE,REVIEW,Première représentation du Bourgeois gentilhomme,1670-10-14,true,B,0.8,INSUFFICIENT_EVIDENCE,annee_exacte_introuvable,"La description indique une date de première représentation au 17 juin 1671, tandis que la date actuelle est le 14 octobre 1670. Il faut donc corriger la date et vérifier la description.",Corriger la date de l'événement avec la date de la description (17 juin 1671) et vérifier la cohérence de la description.
43d8dd3f-b126-42d7-bd1a-07be86aed774,Création du Ministère de la Mer,1983-01-01,KEEP,KEEP_ACCEPTABLE,,,false,B,0.7,INSUFFICIENT_EVIDENCE,annee_exacte_introuvable,"La description correspond à la création du Ministère de la Mer en 1983 sous François Mitterrand. Bien que l'audit précédent n'ait pas trouvé de sources, la cohérence interne est bonne.","Conserver l'événement tel quel, mais continuer à chercher des sources externes pour renforcer la preuve."
efda7376-76b5-460c-b8aa-b1abda3f96e3,Premier vol commercial de l'Airbus A380,2007-01-01,KEEP,KEEP_ACCEPTABLE,,,false,B,0.8,INSUFFICIENT_EVIDENCE,annee_exacte_introuvable,"La description correspond à la date. Bien que la source Wikipedia ne confirme pas directement la date du premier vol commercial, elle fournit un contexte suffisant pour la conserver avec une confiance raisonnable.",Conserver l'événement tel quel. Rechercher des sources supplémentaires pour confirmer la date avec une plus grande certitude.
c85b0329-c5bf-436e-aa26-a373346c6a3a,"Enquête sur l'affaire Clearstream 2, des liens présumés entre élite politique et secteur financier",2005-01-01,UPDATE_TITLE,REVIEW,Affaire Clearstream 2,2004-01-01,true,B,0.8,INSUFFICIENT_EVIDENCE,absence_de_singularite,Le titre actuel est trop long et inclut des détails superflus. L'affaire Clearstream 2 est l'appellation standard. La description indique que l'affaire débute en 2004.,Vérifier si une date plus précise que 2004-01-01 peut être trouvée pour le début de l'affaire.
8303f658-2339-4a38-bae8-2fbdb860740d,Retour de Christophe Colomb de son premier voyage en Amérique,1493-01-01,REVIEW,REVIEW,,,true,C,0,INSUFFICIENT_EVIDENCE,annee_exacte_introuvable,La date de retour de Christophe Colomb en Europe après son premier voyage est incertaine. Il faut des sources plus précises pour valider la date de 1493-01-01.,Rechercher des sources fiables qui confirment la date exacte du retour de Christophe Colomb en Europe après son premier voyage en Amérique. Vérifier si la date du 1er janvier est correcte ou s'il s'agit d'une approximation.
5e84a326-bcee-437b-bcd9-d810a43e7831,Adoption du Statut de Rome par la Sierra Leone,2002-01-01,KEEP_ACCEPTABLE,REVIEW,,,true,C,0.6,INSUFFICIENT_EVIDENCE,preuve_insuffisante,L'information semble correcte mais manque de sources directes confirmant l'adoption par la Sierra Leone en 2002. L'article Wikipedia fourni ne traite pas de l'adoption par un pays spécifique.,Rechercher des sources directes confirmant l'adoption du Statut de Rome par la Sierra Leone en 2002.
4a8a29ce-87c4-4dde-92be-a2f45da5202e,Première retransmission télévisée française,1935-01-01,KEEP_ACCEPTABLE,KEEP_ACCEPTABLE,,,false,B,0.7,INSUFFICIENT_EVIDENCE,retrieval_insuffisant,"Le titre et la date semblent corrects d'après la description. Wikipedia mentionne une chronologie de la télévision française, ce qui suggère que l'événement est bien documenté. Cependant, la source fournie ne confirme pas directement la date de 1935.",Conserver l'événement avec un niveau de confiance modéré en attendant une source plus précise confirmant la date.
b84d24e3-ff7c-4f00-8069-e6afb24ee0d1,Début de la Guerre de Sept Ans,1756-01-01,UPDATE_DATE,UPDATE_DATE,,1756-05-17,false,A,0.9,INSUFFICIENT_EVIDENCE,absence_de_singularite,Wikidata et plusieurs sources indiquent que le début de la Guerre de Sept Ans est le 17 mai 1756.,Mettre à jour la date de début de la Guerre de Sept Ans au 17 mai 1756.
2b8c663e-9051-4d6e-9a77-80e7a9799b43,Lancement du 'Flowbee' (tondeuse à cheveux),1980-01-01,KEEP_ACCEPTABLE,REVIEW,Lancement du Flowbee,1980-01-01,true,C,0.6,INSUFFICIENT_EVIDENCE,annee_exacte_introuvable,"Le titre est acceptable, mais pourrait être simplifié. La date est conservée car elle est dans la description, mais le niveau de preuve reste faible sans sources externes.",Rechercher des sources plus précises pour confirmer la date de lancement du Flowbee.
a96d857d-f81b-46f5-bf1c-4355175e5302,Guerre des Paysans allemands,1524-01-01,KEEP,KEEP_ACCEPTABLE,,,false,A,1,INSUFFICIENT_EVIDENCE,absence_de_singularite,Le titre et la date sont corrects et bien sourcés.,Conserver la fiche en l'état.
efd5b3ae-8576-4dbb-9603-e0b7cd348a72,Charles VII autorise Jacques Coeur,1439-01-01,KEEP_ACCEPTABLE,KEEP_ACCEPTABLE,,,false,B,0.7,INSUFFICIENT_EVIDENCE,annee_exacte_introuvable,"Le titre et la date semblent corrects et cohérents avec la description. Bien qu'une confirmation par des sources de premier plan serait idéale, l'ensemble est acceptable en l'état.","Conserver l'événement en l'état, mais envisager une vérification ultérieure avec des sources plus robustes."
7bf71d45-cead-4993-8b8e-bf1f7e9383c8,Invention de la machine à coudre,1829-01-01,REVIEW,REVIEW,,,true,C,0,INSUFFICIENT_EVIDENCE,annee_exacte_introuvable,The previous audit couldn't confirm the date. More research is needed to verify the date of the invention.,Search for reliable sources that confirm the exact date (year) of Barthélemy Thimonnier's sewing machine invention.
238c322d-5452-4a0a-bbae-0f66b799c09a,Développement de la thérapie génique,1990-01-01,DELETE,DELETE,,,true,A,1,INSUFFICIENT_EVIDENCE,absence_de_singularite,"Le titre et la description indiquent un développement scientifique, pas un événement unique. La thérapie génique est un domaine en évolution, et non un événement isolé.",Supprimer l'entrée car elle décrit un développement scientifique et non un événement ponctuel.
3c04373c-92f0-4690-9d00-2f6edff25ec9,Début de la période surréaliste de Salvador Dalí,1924-01-01,UPDATE_DATE,DELETE,Période surréaliste de Salvador Dalí,1929-01-01,true,B,0.8,INSUFFICIENT_EVIDENCE,absence_de_singularite,"Selon l'article Wikipédia sur Salvador Dalí, il rejoint le groupe des surréalistes et trouve son propre style à partir de 1929. La date de 1924 est donc incorrecte. Le titre est simplifié pour correspondre à l'événement.",Mettre à jour la date de début de la période surréaliste de Salvador Dalí à 1929.
b48c70d0-e86a-48de-a381-ef0f36e76365,Première utilisation du télégraphe électrique,1837-01-01,UPDATE_DATE,REVIEW,Invention du télégraphe électrique,1837-01-24,true,B,0.7,INSUFFICIENT_EVIDENCE,annee_exacte_introuvable,"Le titre est acceptable, mais la date du 1er janvier est trop vague. Plusieurs sources indiquent le 24 janvier 1837 comme date de la première démonstration publique du télégraphe électrique par Samuel Morse.",Vérifier la date exacte de la première démonstration publique du télégraphe électrique et mettre à jour la description en conséquence.
42375cc0-fc35-429b-b1a8-4d394edc79b8,Süleyman le Magnifique prend Rhodes,1522-01-01,KEEP,KEEP_ACCEPTABLE,,,false,A,1,INSUFFICIENT_EVIDENCE,retrieval_insuffisant,La description et le titre correspondent. Wikipedia confirme la prise de Rhodes par Soliman le Magnifique.,Aucune.
e4ac0f5a-5988-493b-ad00-75930da5061a,Création de l’Open de France de tennis féminin,1925-01-01,KEEP_ACCEPTABLE,KEEP_ACCEPTABLE,,,false,B,0.7,INSUFFICIENT_EVIDENCE,preuve_insuffisante,"Le titre et la date semblent corrects d'après la description. Bien qu'il n'y ait pas de source externe confirmant spécifiquement la date de création, la description mentionne l'année 1925 comme date de création, ce qui est un signal assez bon.",Conserver l'événement tel quel. Ajouter des sources confirmant la date de création serait idéal.
4764b56c-be2e-43e6-85ee-033b2cee5d46,Irène devient impératrice byzantine,0797-01-01,UPDATE_BOTH,UPDATE_BOTH,Accession au trône d'Irène l'Athénienne,0797-08-01,true,A,0.9,INSUFFICIENT_EVIDENCE,annee_exacte_introuvable,Le titre actuel est acceptable mais peut être amélioré pour plus de précision. La date est incorrecte. Irène est devenue impératrice en août 797 après avoir déposé son fils Constantin VI. Le titre proposé est plus formel et précis. La date est corrigée selon les sources historiques.,Vérifier si le titre 'Accession au trône d'Irène l'Athénienne' est l'appellation la plus officielle ou standard. Confirmer la date exacte (jour) de l'accession au trône.
cf24aa15-1b27-400a-a08e-6c42646a1569,Règne conjoint de Louis III et Carloman II sur le royaume de Francie occidentale,0879-01-01,DELETE,DELETE,,,true,A,1,INSUFFICIENT_EVIDENCE,absence_de_singularite,"L'événement décrit une période, le règne conjoint de Louis III et Carloman II, et non un événement unique et datable.",Supprimer l'événement car il décrit une période et non un événement singulier.
f9c6e6d0-747b-4506-b5c4-6f34c2dc45e7,Première utilisation de l'écriture Nsibidi,0400-01-01,DELETE,DELETE,,,true,A,1,INSUFFICIENT_EVIDENCE,absence_de_singularite,"L'événement décrit une période de première utilisation, ce qui n'est pas un événement ponctuel. Impossible de déterminer une date précise.",Supprimer car l'événement décrit une période et non un événement singulier.
26029941-e7fa-4c0a-9bf2-8b18f19e2634,Lettres philosophiques de Voltaire,1734-01-01,UPDATE_TITLE,UPDATE_TITLE,Publication des Lettres philosophiques,1734-01-01,false,A,0.9,INSUFFICIENT_EVIDENCE,annee_exacte_introuvable,Le titre actuel est acceptable mais peut être amélioré pour correspondre à un événement précis. La date est correcte selon la description.,Aucune.
25e975fe-e6df-4c9b-99a0-94fe6c87e45f,Ouverture de la route de la soie,0130-01-01,DELETE,DELETE,,,true,A,0.9,INSUFFICIENT_EVIDENCE,absence_de_singularite,L'événement décrit est une période historique et non un événement ponctuel. Les sources indiquent un développement sur plusieurs siècles.,Supprimer car il s'agit d'une période et non d'un événement ponctuel.
c5eaa478-e14b-48d6-b500-90eb85b53f78,Nouvelles modalités de calcul des pensions du secteur public,1983-01-01,UPDATE_TITLE,REVIEW,Réforme des retraites de 1983 (France),1983-01-01,true,B,0.8,INSUFFICIENT_EVIDENCE,retrieval_insuffisant,Le titre actuel est trop vague. La description indique clairement qu'il s'agit de la réforme des retraites de 1983. Le nouveau titre est plus précis et correspond à l'événement décrit.,Vérifier si le titre proposé est l'appellation la plus courante et officielle de cette réforme. Ajouter des sources externes pour renforcer la confiance.
ddd94d30-8c10-4068-ac0b-e7fe15f43413,Soumission et conversion forcée des Saxons devant Charlemagne,0777-01-01,DELETE,DELETE,,,true,A,1,INSUFFICIENT_EVIDENCE,absence_de_singularite,L'événement décrit s'étend sur plusieurs années (772-804). Il ne s'agit pas d'un événement singulier.,Supprimer car il s'agit d'une période et non d'un événement singulier.
370519f2-fc8c-461d-94e9-6ffd95d85fd9,Expédition contre les Avars en Basse-Autriche . Vassalisation de la Bohême,0791-01-01,UPDATE_TITLE,REVIEW,Guerre contre les Avars et vassalisation de la Bohême,0791-01-01,true,B,0.8,INSUFFICIENT_EVIDENCE,annee_exacte_introuvable,Le titre actuel est trop long et contient des informations redondantes. Le titre proposé est plus concis et précis. La date est conservée car elle est mentionnée dans la description.,Vérifier si le terme 'guerre' est approprié ou s'il faut utiliser 'campagne' ou 'expédition'.
7fa8841d-6532-431f-87a4-dbebc0a4be16,La Gazette devient journal officiel,1672-01-01,REVIEW,REVIEW,,,true,C,0,INSUFFICIENT_EVIDENCE,annee_exacte_introuvable,"The previous audit and the provided sources indicate a potential confusion between 'La Gazette' and the 'Journal officiel de la République française'. Further investigation is needed to clarify the exact date when 'La Gazette' became an official journal, if it did.","Further research is needed to determine if 'La Gazette' became an official journal and, if so, the correct date."
fd8fafc9-f033-45ea-bd69-6eecab7f9248,La folie du tulipier,1634-01-01,DELETE,DELETE,,,true,A,1,INSUFFICIENT_EVIDENCE,absence_de_singularite,"La ""folie du tulipier"" est une période spéculative, et non un événement ponctuel survenu une année précise. La description confirme qu'il s'agit d'une bulle spéculative qui s'est étendue sur plusieurs années.",Supprimer car il s'agit d'une période et non d'un événement singulier datable précisément.
8320fece-552f-484d-85f2-0c0746e208ba,Bering traverse le détroit de Béring,1728-01-01,KEEP,KEEP_ACCEPTABLE,,,false,B,0.7,INSUFFICIENT_EVIDENCE,preuve_insuffisante,"Le titre et la description sont cohérents. Bien que la source Wikipedia ne confirme pas l'année, l'événement est bien documenté. On peut considérer que l'information est acceptable en l'état.",Conserver l'événement tel quel.
65b6b6dc-44f1-4637-b402-96be8928b8b9,Crise financière en Angleterre (South Sea Bubble),1720-01-01,KEEP_ACCEPTABLE,KEEP_ACCEPTABLE,,,false,B,0.7,INSUFFICIENT_EVIDENCE,retrieval_insuffisant,La description confirme la date de 1720. Le titre est acceptable.,Conserver l'événement tel quel.
7b71bf43-1fed-4f21-8607-1a7184b60634,Début de la Guerre froide,1947-01-01,DELETE,DELETE,,,true,A,1,INSUFFICIENT_EVIDENCE,absence_de_singularite,"Le titre est ambigu et désigne une période. Les sources externes donnent des dates différentes (1945, 1946, 1947). Il n'y a pas de consensus sur une année unique pour le début de la Guerre froide. L'événement n'est pas singulier.",Supprimer car il s'agit d'une période et non d'un événement ponctuel. Le titre manque de précision et il n'y a pas de date de début consensuelle.
76abbcae-22a8-4514-b507-29c86d51a614,Conversion de Paul de Tarse,0035-01-01,KEEP_ACCEPTABLE,KEEP_ACCEPTABLE,,,false,B,0.7,INSUFFICIENT_EVIDENCE,annee_exacte_introuvable,Le titre est clair et en français. La date est incertaine mais communément admise. La description correspond bien à l'événement.,"Conserver l'événement avec la date actuelle, en notant l'incertitude sur l'année exacte."
230d70ca-c8a7-417b-84f8-b8cfbaeb999e,Première utilisation astronomique du télescope par Galilée,1609-08-25,KEEP,KEEP_ACCEPTABLE,,,false,B,0.8,INSUFFICIENT_EVIDENCE,annee_exacte_introuvable,"The current title and date are acceptable and consistent with the description. While absolute certainty is difficult to achieve, the information appears reasonably accurate.",Keep the current title and date.
1a641da5-3253-413d-be29-4338c0f6e788,Naufrage du Valbanera,1919-01-01,UPDATE_DATE,REVIEW,,1919-09-19,true,B,0.8,INSUFFICIENT_EVIDENCE,retrieval_insuffisant,La date du 19 septembre 1919 est la date généralement admise pour le naufrage du Valbanera. L'ancienne date du 1er janvier est incorrecte.,Mettre à jour la date avec la date correcte du naufrage.
8abc6aa7-d167-4e7b-852c-c29304f8b058,Invasion de l’URSS : impact en France,1941-01-01,UPDATE_DATE,UPDATE_DATE,,1941-06-22,false,A,0.9,INSUFFICIENT_EVIDENCE,annee_exacte_introuvable,La date actuelle est incorrecte. L'opération Barbarossa a débuté le 22 juin 1941. La description est cohérente avec cette date.,Mettre à jour la date avec la date exacte du début de l'opération Barbarossa.
178d6f4d-f1dd-4ebd-b0fe-19909830bdba,"Mort d'Otton Ier le Grand, empereur du Saint-Empire",0973-01-01,UPDATE_BOTH,DELETE,Mort d'Otton Ier,0973-05-07,true,A,1,INSUFFICIENT_EVIDENCE,retrieval_insuffisant,La date du décès est le 7 mai 973 selon Wikipédia et Wikidata. Le titre est simplifié pour plus de concision.,Mettre à jour la date et le titre avec les informations vérifiées.
d4694a31-7be2-46eb-847b-34c3fc7a98ec,Début de la construction de Chan Chan,1350-01-01,UPDATE_DATE,REVIEW,Construction de Chan Chan,0850-01-01,true,B,0.8,INSUFFICIENT_EVIDENCE,absence_de_singularite,Wikidata indique 850 comme date de début. Le titre est simplifié pour correspondre à l'événement.,"Update the date to 850 based on Wikidata. Simplify the title to 'Construction de Chan Chan'. Note that this event describes a process, not a singular event."
91420fef-fba2-4130-9e5a-d08b598e920a,Début du règne de Basile II Bulgaroctone dans l'Empire byzantin,0976-01-01,UPDATE_TITLE,DELETE,Accession au trône de Basile II,0976-01-01,true,A,0.9,INSUFFICIENT_EVIDENCE,absence_de_singularite,"Le titre actuel est trop long. ""Accession au trône de Basile II"" est plus concis et précis. La date est correcte et correspond à la description.","Update the title to ""Accession au trône de Basile II""."
5919ad05-48da-49af-b047-c4e81afb5c5f,Début de la Guerre des Boers en Afrique du Sud,1880-01-01,UPDATE_BOTH,UPDATE_BOTH,Première Guerre des Boers,1880-12-16,true,A,0.9,INSUFFICIENT_EVIDENCE,absence_de_singularite,L'événement actuel est ambigu car il existe deux guerres des Boers. La date actuelle est incorrecte. La Première Guerre des Boers a commencé le 16 décembre 1880.,Mettre à jour le titre et la date pour spécifier la Première Guerre des Boers.
6f7e23ce-f5d3-483a-b6a7-5b3f7b38fd43,Mort d'al-Mundhir Ier al-Tujibi,1018-01-01,KEEP_ACCEPTABLE,REVIEW,,,true,C,0.6,INSUFFICIENT_EVIDENCE,retrieval_insuffisant,"La description est cohérente avec le titre et la date. Cependant, l'absence de sources externes directes rend la confiance modérée.","Conserver l'événement en l'état, mais continuer à chercher des sources pour confirmer la date."
2777fc5f-264e-4c88-83f6-c0451849964d,Catastrophe ferroviaire de Thumeries en France,1948-01-01,UPDATE_DATE,REVIEW,,1948-02-17,true,B,0.8,INSUFFICIENT_EVIDENCE,retrieval_insuffisant,"Plusieurs sources mentionnent le 17 février 1948 comme date de l'accident ferroviaire de Thumeries. La description mentionne implicitement l'année 1948, ce qui est cohérent.",Vérifier si des sources plus officielles confirment la date du 17 février 1948.
5f000f64-3a7c-40de-8d04-2e9417b8eeae,Déflation Laval face à la Grande Dépression,1932-01-01,DELETE,DELETE,,,true,A,1,INSUFFICIENT_EVIDENCE,absence_de_singularite,"The event refers to a policy response during the Great Depression, a period of economic crisis, not a specific singular event.","Delete the event as it describes a policy response to a broader economic crisis, not a singular event."
9d29b1c9-acca-494c-a48c-6a83312a8744,Saint Louis impose la monnaie royale,1263-01-01,REVIEW,REVIEW,,,true,C,0,INSUFFICIENT_EVIDENCE,preuve_insuffisante,L'audit précédent n'a pas permis de valider la date. Les sources externes fournies ne concernent pas l'événement décrit.,Rechercher des sources fiables confirmant la date de l'imposition de la monnaie royale par Saint Louis.
5fbbb1e2-f1fe-40ac-a98a-6b2fa9b29e27,Incendie du foyer de travailleurs d’Aubervilliers,1970-01-01,REVIEW,REVIEW,,,true,C,0,INSUFFICIENT_EVIDENCE,annee_exacte_introuvable,L'année de l'incendie n'est pas confirmée par les sources disponibles. L'événement est important mais nécessite une vérification plus approfondie pour confirmer la date exacte.,"Rechercher des sources fiables (archives de presse, rapports officiels) pour confirmer la date de l'incendie du foyer de travailleurs d'Aubervilliers."
204973f2-0100-4cde-8c2f-1d6205f80869,Fondation du Théâtre des Arts à Paris,1793-01-01,UPDATE_TITLE,REVIEW,Création du Théâtre des Arts,1793-01-01,true,B,0.7,INSUFFICIENT_EVIDENCE,annee_exacte_introuvable,Le titre actuel est trop précis (localisation à Paris). Le titre proposé est plus général et correspond mieux à la description. La date est conservée car elle est mentionnée dans la description.,Mettre à jour le titre pour plus de généralité.
6fefa7f5-fa8c-4b84-b5d3-1ee8418ce034,Premier message commercial par satellite,1962-01-01,REVIEW,REVIEW,,,true,C,0,INSUFFICIENT_EVIDENCE,annee_exacte_introuvable,L'audit précédent n'a pas trouvé de source confirmant la date. Il faut investiguer plus avant pour confirmer la date et l'événement lui-même.,Rechercher des sources fiables confirmant la date du premier message commercial par satellite et la nature exacte de cet événement.
a7abad38-6bb0-4952-870f-49c6919d56f6,Naufrage du MV Wilhelm Gustloff,1945-01-01,UPDATE_DATE,UPDATE_DATE,Naufrage du MV Wilhelm Gustloff,1945-01-30,false,A,0.9,INSUFFICIENT_EVIDENCE,retrieval_insuffisant,La date exacte du naufrage est le 30 janvier 1945. La description correspond à cet événement.,Mettre à jour la date avec la date exacte du naufrage.
242b859c-ddcd-4706-9115-3fb85b54f629,Première femme docteur en médecine en France,1875-01-01,KEEP_ACCEPTABLE,KEEP_ACCEPTABLE,,,false,B,0.7,INSUFFICIENT_EVIDENCE,preuve_insuffisante,"Le titre et la date semblent corrects et cohérents avec la description. Cependant, une vérification plus approfondie avec des sources plus fiables serait préférable pour atteindre une confiance de niveau A.","Conserver l'événement tel quel, mais rechercher des sources supplémentaires pour confirmer la date et le titre."
1a3745cc-918c-4e02-afcf-ca2c0bd1870f,Adoption de la Convention CITES,1973-01-01,UPDATE_DATE,REVIEW,,1973-03-03,true,B,0.8,INSUFFICIENT_EVIDENCE,annee_exacte_introuvable,"Bien que l'année soit correcte, la date exacte de signature de la convention CITES est le 3 mars 1973. Plusieurs sources en ligne confirment cette date.",Mettre à jour la date au 3 mars 1973.
283e40b1-85c4-42ca-b998-81f80f8edfd3,Création de l'Université d'Uppsala,1472-01-01,UPDATE_DATE,UPDATE_DATE,Création de l'Université d'Uppsala,1477-01-01,false,A,1,INSUFFICIENT_EVIDENCE,annee_exacte_introuvable,Wikipédia et Wikidata indiquent la date de création de l'Université d'Uppsala comme étant le 1er janvier 1477.,Mettre à jour la date de création de l'Université d'Uppsala avec la date du 1er janvier 1477.
1e37c532-f876-45e1-ad35-0765571b06d4,Amundsen atteint le pôle Sud,1911-12-14,KEEP,KEEP_ACCEPTABLE,,,false,A,1,INSUFFICIENT_EVIDENCE,annee_exacte_introuvable,La date et le titre sont corrects et cohérents avec la description. L'événement est bien documenté.,Aucune modification nécessaire.
cf30b7ed-5bc5-48cf-8d71-0ce78c6d18bd,Deuxième défaite du Roi de France à Varaville face à Guillaume le Conquérant,1057-01-01,UPDATE_BOTH,UPDATE_BOTH,Bataille de Varaville,1058-01-01,true,A,0.9,INSUFFICIENT_EVIDENCE,annee_exacte_introuvable,La description indique clairement que la bataille de Varaville a eu lieu en 1058. Le titre actuel est incorrect et doit être mis à jour. Le titre proposé est plus concis et standard.,Mettre à jour le titre et la date pour refléter les informations correctes sur la bataille de Varaville.
eafa3bf6-d1c9-4bd7-a4b4-7db085b8a328,Sixième croisade menée par Frédéric II,1228-01-01,UPDATE_DATE,REVIEW,Sixième croisade,1228-11-09,true,B,0.8,INSUFFICIENT_EVIDENCE,preuve_insuffisante,La date de début de la sixième croisade est le 9 novembre 1228. Le titre est simplifié pour plus de concision.,Mettre à jour la date de l'événement avec la date de début de la sixième croisade.
759eebce-f337-46e3-bae0-ab0258a2151d,Fondation du Cyclists' Touring Club,1878-01-01,REVIEW,REVIEW,,,true,C,0,INSUFFICIENT_EVIDENCE,annee_exacte_introuvable,"L'audit précédent a conclu à un manque de preuves suffisantes pour confirmer la date de fondation. Wikidata indique 1896, mais cela semble concerner le Touring Club Suisse. Il faut vérifier la date de fondation du Cyclists' Touring Club.",Rechercher des sources fiables confirmant la date de fondation du Cyclists' Touring Club. Vérifier si Wikidata fait référence au Cyclists' Touring Club ou au Touring Club Suisse.
e575e77f-9ccb-403b-97e6-d0357c47dd9b,Lancement du satellite artificiel XMM-Newton par l'ESA,1999-01-01,UPDATE_BOTH,UPDATE_BOTH,Lancement du satellite XMM-Newton,1999-12-10,true,A,0.9,INSUFFICIENT_EVIDENCE,annee_exacte_introuvable,La date de lancement du satellite XMM-Newton est le 10 décembre 1999. Le titre est plus clair sans mentionner l'ESA.,Vérifier que la description correspond bien au lancement du 10 décembre 1999.
a89db923-e5c6-4f6e-b0a7-505969ec2de0,Achèvement du Panthéon de Rome,0125-01-01,KEEP,KEEP_ACCEPTABLE,,,false,B,0.8,INSUFFICIENT_EVIDENCE,retrieval_insuffisant,"The title and date are consistent with the description. While a more precise source would be ideal, the current information is acceptable.","Keep the event as is, but consider searching for more precise sources in the future."
814fed69-84b4-427f-b227-7af31c9fb2ba,Création de l'ICANN,1998-01-01,UPDATE_DATE,REVIEW,Création de l'ICANN,1998-09-18,true,B,0.8,INSUFFICIENT_EVIDENCE,retrieval_insuffisant,La date de création de l'ICANN est le 18 septembre 1998. L'information est cohérente avec la description.,Vérifier si la date du 18 septembre est la date exacte de la création ou une date symbolique.
0a3c06fe-3d2a-4469-b842-67a491e39454,Mise en service du LHC au CERN,2008-01-01,KEEP_ACCEPTABLE,KEEP_ACCEPTABLE,,,false,B,0.7,INSUFFICIENT_EVIDENCE,retrieval_insuffisant,"L'événement est bien décrit et l'année semble correcte d'après la description. Cependant, une source externe serait idéale pour confirmer la date exacte.",Ajouter une source externe pour confirmer la date de mise en service du LHC.
4ce8c049-63e1-4f27-b9e8-a2c6a7285ad7,Première de La Traviata de Giuseppe Verdi,1853-03-06,KEEP,KEEP_ACCEPTABLE,,,false,A,1,INSUFFICIENT_EVIDENCE,annee_exacte_introuvable,La date et le titre correspondent à la description et sont largement confirmés par des sources externes.,Aucune modification nécessaire.
2162be68-6e36-4284-87fb-d687b7e2cc7d,Fondation de la Pennsylvanie,1681-01-01,UPDATE_DATE,REVIEW,Fondation de la Pennsylvanie,1681-03-04,true,B,0.8,INSUFFICIENT_EVIDENCE,annee_exacte_introuvable,La date de fondation de la Pennsylvanie est le 4 mars 1681 (date de la charte royale).,Mettre à jour la date avec la date exacte de la charte royale.
f4f1aac9-de15-442e-a838-e2f2f3377f23,Première course de chevaux publique,1776-05-14,KEEP_ACCEPTABLE,KEEP_ACCEPTABLE,,,false,B,0.7,INSUFFICIENT_EVIDENCE,retrieval_insuffisant,"La description confirme la date et l'événement. Bien que l'absence de sources externes soit regrettable, la cohérence interne est bonne.",Ajouter des sources externes pour renforcer la confiance.
1898de11-362a-477b-b834-50dd46238f7e,Ouverture du Canal de Panama,1914-01-01,UPDATE_DATE,UPDATE_DATE,,1914-08-15,false,A,0.9,INSUFFICIENT_EVIDENCE,annee_exacte_introuvable,"Bien que l'année soit correcte, la date d'ouverture officielle du canal de Panama est le 15 août 1914. Plusieurs sources concordantes confirment cette date.",Update the date to the official opening date.
f7ff3f47-e1d6-405b-8c0c-adec4a18c0eb,Prise du château de Beynac par Richard Cœur de Lion,1197-01-01,REVIEW,REVIEW,,,true,C,0,INSUFFICIENT_EVIDENCE,annee_exacte_introuvable,"La date de 1197 n'est pas confirmée par les sources disponibles. Wikidata indique une inception du château en 1200, ce qui rend la date de 1197 douteuse. Il faut vérifier si le siège a bien eu lieu et si oui, en quelle année.",Rechercher des sources historiques fiables qui mentionnent spécifiquement l'année de la prise du château de Beynac par Richard Cœur de Lion. Vérifier si le siège a bien eu lieu.
6660623c-1a27-4e34-afa2-f02d92476420,Création du Ministère des Affaires Culturelles,1959-01-01,REVIEW,REVIEW,,,true,C,0,INSUFFICIENT_EVIDENCE,annee_exacte_introuvable,"La date de création du Ministère des Affaires Culturelles est incertaine. Les sources actuelles pointent vers la création de l'Inspection générale des affaires culturelles en 1973, ce qui est différent. La description mentionne 1959 et 1961. Nécessite une vérification approfondie pour déterminer la date exacte de la c…","Rechercher des sources fiables (archives officielles, publications académiques) qui confirment la date exacte de la création du Ministère des Affaires Culturelles. Vérifier si 1959 correspond à une proposition de création ou à un acte prép…"
3382e50d-d8f8-4eee-90af-9e97932cf1bf,Traité entre Gênes et Pise sur la Sardaigne,1156-01-01,KEEP_ACCEPTABLE,KEEP_ACCEPTABLE,,,false,B,0.7,INSUFFICIENT_EVIDENCE,retrieval_insuffisant,"La description correspond à un traité entre Gênes et Pise concernant la Sardaigne en 1156. Bien que les sources fournies ne confirment pas directement le traité de 1156, elles attestent de la rivalité entre Gênes et Pise pour le contrôle de la Sardaigne au Moyen Âge, ce qui rend l'événement plausible.",Conserver l'événement avec un niveau de confiance modéré en l'absence de sources directes confirmant la date exacte.
c356f5d7-e133-4a6e-b2fc-1338fefe4e88,Mort de Claude,0054-10-13,UPDATE_TITLE,UPDATE_TITLE,Mort de l'empereur Claude,0054-10-13,false,A,0.9,INSUFFICIENT_EVIDENCE,annee_exacte_introuvable,Le titre 'Mort de Claude' est ambigu. Préciser 'Mort de l'empereur Claude' rend le titre plus clair et correspond à la description. La date est cohérente avec la description.,Mettre à jour le titre pour plus de clarté.
d2ea771b-69ca-4569-aca7-9ac0d687bb89,"Échec du siège, Byzance repousse les forces arabes",0718-01-01,DELETE,DELETE,,,true,A,1,INSUFFICIENT_EVIDENCE,absence_de_singularite,Le siège de Constantinople par les Arabes a duré de 674 à 678. L'événement n'est donc pas singulier et ne peut être daté précisément à 718.,Supprimer car l'événement décrit une période et non une date précise.
df9c40ba-2086-4fe3-a08a-a592dabefab5,Premières rédactions du poème anglo-saxon Beowulf approx.,0700-01-01,UPDATE_TITLE,REVIEW,Rédaction de Beowulf,0700-01-01,true,C,0.6,INSUFFICIENT_EVIDENCE,absence_de_singularite,"The current title is too verbose and includes 'premières rédactions', implying a period. The proposed title is more concise and standard. The date remains the same as it represents the approximate time of the redaction.",Update the title to 'Rédaction de Beowulf' to be more concise and standard. Keep the date as an approximation.
c6a7cb29-4942-478e-b7e1-87a499d99405,Sécurité sociale en Allemagne,1911-01-01,UPDATE_DATE,REVIEW,Sécurité sociale en Allemagne,1883-01-01,true,B,0.8,INSUFFICIENT_EVIDENCE,annee_exacte_introuvable,"Wikidata indique 1883 comme date de début de la sécurité sociale en Allemagne. La description mentionne 1911 comme une extension des protections sociales existantes, mais 1883 semble être la date de création initiale.","Mettre à jour la date à 1883-01-01, car c'est la date de début indiquée par Wikidata. Vérifier si la description doit être ajustée pour refléter cette date de début."
a560ec1e-bf88-40d4-b587-3036d5c335c4,Dissolution du PCUS : réactions françaises,1991-01-01,UPDATE_DATE,REVIEW,Réactions françaises à la dissolution du PCUS,1991-08-01,true,B,0.8,INSUFFICIENT_EVIDENCE,annee_exacte_introuvable,La description mentionne août 1991 comme date de la dissolution du PCUS. Le titre est reformulé pour être plus générique et sans date.,Vérifier si la date d'août 1991 peut être précisée davantage (jour exact).
c133c56c-a37a-4146-8bf3-41470d4795bf,Incendie de la cathédrale de Durham,1083-01-01,UPDATE_DATE,REVIEW,Incendie de la cathédrale de Durham,,true,B,0.8,INSUFFICIENT_EVIDENCE,annee_exacte_introuvable,"La date de l'incendie n'est pas confirmée par les sources disponibles. La description mentionne l'incendie comme un événement ayant précédé la construction de la cathédrale en 1093. Il faut donc supprimer la date précise et laisser l'année 1083 comme indication, ou supprimer l'événement si l'année n'est pas fiable.","Vérifier si d'autres sources confirment l'année 1083 pour l'incendie. Si non, supprimer la date précise et laisser l'année 1083 comme indication, ou supprimer l'événement si l'année n'est pas fiable."
cca30a6c-838b-41b2-8f6a-122fd8fe90f9,Identification de Toumaï,2001-01-01,UPDATE_DATE,REVIEW,Découverte de Toumaï,2001-07-19,true,B,0.8,INSUFFICIENT_EVIDENCE,annee_exacte_introuvable,Le titre actuel est trop vague. Le titre 'Découverte de Toumaï' est plus précis. La date du 19 juillet 2001 est largement rapportée comme la date de la découverte initiale du crâne de Toumaï.,Vérifier si 'Découverte de Toumaï' est l'appellation la plus courante et officielle. Confirmer la date exacte de la découverte.
a5b50d09-8442-4df6-a4ab-1f7a961559cc,Développement de techniques de modification génétique,1983-01-01,DELETE,DELETE,,,true,A,1,INSUFFICIENT_EVIDENCE,absence_de_singularite,"Le titre décrit un développement technique, ce qui implique un processus qui s'étend sur une période et non un événement unique survenu en une seule année. Aucune source ne permet de confirmer une année précise.",Rejeter car il s'agit d'un développement technique et non d'un événement ponctuel.
3d35f47f-1a3f-4505-bed5-7403dc54b11e,Catastrophe ferroviaire de Melun (France),1923-01-01,REVIEW,REVIEW,,,true,C,0,INSUFFICIENT_EVIDENCE,annee_exacte_introuvable,L'audit précédent n'a pas trouvé de sources confirmant la date. Il faut investiguer plus avant pour valider la date de 1923.,"Rechercher des sources externes (archives, journaux de l'époque) pour confirmer la date de la catastrophe ferroviaire de Melun."
67cd034e-19da-49fc-a84f-7c1c27200ff2,Publication de Les Contes de Canterbury,1400-01-01,UPDATE_DATE,UPDATE_DATE,Publication des Contes de Canterbury,1387-01-01,false,A,0.9,INSUFFICIENT_EVIDENCE,annee_exacte_introuvable,Wikidata indique une date de publication en 1387. La description est cohérente avec cette date.,Update the date to 1387-01-01 based on Wikidata.
5f81d46c-8577-457b-a258-c28429ac896c,Mort d'Al-Mansur Ibn Abi Aamir,1002-01-01,KEEP_ACCEPTABLE,KEEP_ACCEPTABLE,,,false,B,0.8,INSUFFICIENT_EVIDENCE,retrieval_insuffisant,"Le titre et la date semblent corrects et cohérents avec la description. Bien que la source Wikipedia ne confirme pas directement la date de décès, elle fournit un contexte utile sur Al-Mansur. D'autres sources pourraient renforcer la confiance.",Conserver l'événement avec une confiance modérée. Rechercher des sources supplémentaires pour confirmer la date de décès d'Al-Mansur Ibn Abi Aamir.
d8848738-3ad9-4081-89b9-2ec8243c0cd7,Première opération d'appendicite réussie,1887-01-01,REVIEW,REVIEW,,,true,C,0,INSUFFICIENT_EVIDENCE,retrieval_insuffisant,Il faut trouver une source fiable qui confirme la date de la première appendicectomie réussie. L'article Wikipedia sur l'appendicite ne fournit pas cette information.,Ajouter des sources externes fiables mentionnant l'année de la première opération d'appendicite réussie.
63cde3bc-37ad-4164-83f2-229a44551b2f,Instauration de la Tétrarchie par Dioclétien,0293-01-01,KEEP,KEEP_ACCEPTABLE,,,false,B,0.8,INSUFFICIENT_EVIDENCE,annee_exacte_introuvable,"La description et le titre correspondent bien à l'événement de l'instauration de la Tétrarchie en 293. Bien que l'audit précédent ait soulevé des doutes, la description est suffisamment précise pour justifier la conservation de la fiche.","Keep the event as is, with the date 293-01-01."
f8394394-e95a-4ee1-b246-cb409bd936e0,Accident industriel de Seveso – retentissement en France,1976-01-01,UPDATE_DATE,REVIEW,Accident industriel de Seveso – retentissement en France,1976-07-10,true,B,0.8,INSUFFICIENT_EVIDENCE,annee_exacte_introuvable,La description indique clairement que l'accident de Seveso a eu lieu le 10 juillet 1976. Le retentissement en France est directement lié à cet événement initial.,"Mettre à jour la date pour correspondre à la date de l'accident de Seveso, car le retentissement est une conséquence directe de cet événement."
7e8bbb31-241a-4e35-ac5c-5669e2cef603,Assassinat d'Inés de Castro,1355-01-01,KEEP,KEEP_ACCEPTABLE,,,false,B,0.7,INSUFFICIENT_EVIDENCE,retrieval_insuffisant,"Le titre et la date semblent corrects et cohérents avec la description. Bien qu'aucune source externe n'ait été fournie, l'événement est bien connu et largement documenté.",Conserver l'événement tel quel. Ajouter des sources pour augmenter la confiance.
41c7051d-fbef-4c5e-9039-f23724cb0160,Découverte des sources du Nil par John Hanning Speke,1858-08-03,UPDATE_DATE,REVIEW,Découverte des sources du Nil par John Hanning Speke,1862-01-01,true,B,0.8,INSUFFICIENT_EVIDENCE,annee_exacte_introuvable,"La description indique clairement que la découverte a eu lieu en 1862, et non en 1858. La date de 1862 est donc plus cohérente avec la description.",Mettre à jour la date de l'événement à 1862.
929b4535-9d2d-4274-9c55-97d8b04a5742,Mort de Saint Louis,1270-08-25,KEEP,KEEP_ACCEPTABLE,,,false,A,1,INSUFFICIENT_EVIDENCE,annee_exacte_introuvable,Le titre et la date sont corrects et correspondent à la description. De nombreuses sources confirment la date de la mort de Saint Louis (Louis IX) au 25 août 1270.,Aucune modification nécessaire.
ba77b7be-1c5a-4b91-aad5-e6268d5fa7ef,Installation des Huns en Pannonie,0400-01-01,REVIEW,REVIEW,,,true,C,0,INSUFFICIENT_EVIDENCE,annee_exacte_introuvable,La date de 400 pour l'installation des Huns en Pannonie n'est pas confirmée par les sources disponibles. L'événement est plausible mais nécessite une vérification plus approfondie.,Rechercher des sources historiques fiables qui confirment la date de l'installation des Huns en Pannonie.
8ed7ea02-4423-4e87-a726-adbff9b38117,Grande inondation de Paris,1910-01-01,UPDATE_TITLE,REVIEW,Crue de la Seine de 1910,1910-01-01,true,A,0.9,INSUFFICIENT_EVIDENCE,retrieval_insuffisant,"Le titre ""Crue de la Seine de 1910"" est plus précis et correspond à l'appellation standard de cet événement. La date est confirmée par de nombreuses sources.",Vérifier et ajouter des sources confirmant la date et l'importance de la crue.
c8d30c58-fde0-4589-b06e-ef05074e2aba,Invention du procédé Daguerre,1839-01-01,UPDATE_DATE,REVIEW,,1839-01-07,true,B,0.8,INSUFFICIENT_EVIDENCE,preuve_insuffisante,"Bien que la date exacte de l'annonce publique du daguerréotype puisse varier légèrement selon les sources, l'année 1839 est largement acceptée. Le 7 janvier 1839 est une date souvent citée pour la présentation à l'Académie des Sciences.","Update the date to 1839-01-07, a commonly cited date for the presentation to the Academy of Sciences."
45587ba5-796a-46e3-a6cd-e17b55a058e0,Deuxième bataille de Conquereuil,0992-01-01,KEEP_ACCEPTABLE,REVIEW,,,true,B,0.6,INSUFFICIENT_EVIDENCE,retrieval_insuffisant,"Le titre et la date semblent corrects d'après la description. Cependant, une vérification plus approfondie serait idéale pour confirmer la date avec des sources plus solides.","Conserver l'événement, mais envisager une vérification ultérieure avec des sources plus fiables."
8b03d69e-f793-44b5-94c0-10e14756c674,Adoption du droit canonique en Irlande,0697-01-01,KEEP_ACCEPTABLE,KEEP_ACCEPTABLE,,,false,B,0.7,INSUFFICIENT_EVIDENCE,retrieval_insuffisant,"L'événement est bien défini et la description correspond. L'absence de sources externes directes diminue la confiance, mais la cohérence interne permet de le conserver.",Ajouter des sources externes pour renforcer la validation de la date.
e932af71-3b78-4764-894c-bb52c8000029,Création des conseils de prud’hommes,1806-01-01,UPDATE_DATE,REVIEW,,1806-03-18,true,B,0.8,INSUFFICIENT_EVIDENCE,preuve_insuffisante,"Bien que l'année 1806 soit correcte, la date exacte de création des conseils de prud'hommes est le 18 mars 1806 (loi du 18 mars 1806).",Mettre à jour la date au 18 mars 1806.
05ee5fcc-722f-4875-b3ca-f51a012464d9,Bataille de Noyon,0890-01-01,REVIEW,REVIEW,,,true,C,0,INSUFFICIENT_EVIDENCE,annee_exacte_introuvable,L'année 890 est incertaine. Plusieurs batailles ont eu lieu à Noyon. Nécessite une vérification plus approfondie pour confirmer la date.,Rechercher des sources supplémentaires pour confirmer la date de la bataille de Noyon. Vérifier s'il s'agit d'un événement distinct ou d'une confusion avec d'autres batailles.
aad35619-0528-45ff-b9e2-a500daf5c350,Inauguration de la Jeddah Tower,2024-01-01,REVIEW,REVIEW,,,true,C,0.5,INSUFFICIENT_EVIDENCE,annee_exacte_introuvable,L'inauguration de la Jeddah Tower est incertaine et a été reportée plusieurs fois. Il est nécessaire de suivre l'actualité pour confirmer la date.,Attendre une confirmation officielle de la date d'inauguration de la Jeddah Tower avant de valider l'événement.
fa170eba-0421-41f9-b9f5-eedff85f8d27,Règne de Louis VII le Jeune,1137-01-01,DELETE,DELETE,,,true,A,1,INSUFFICIENT_EVIDENCE,absence_de_singularite,Le titre et la description indiquent qu'il s'agit d'une période et non d'un événement unique. Les sources confirment qu'il s'agit du règne de Louis VII.,Supprimer car il s'agit d'une période et non d'un événement ponctuel.
03ec8391-ed66-41dc-959b-fa183fcc148a,Expédition de George Vancouver sur la côte Pacifique,1792-01-01,UPDATE_DATE,REVIEW,Expédition de Vancouver dans le Pacifique Nord-Est,1792-01-01,true,B,0.8,INSUFFICIENT_EVIDENCE,absence_de_singularite,"L'expédition a duré plusieurs années. On garde le début de l'expédition comme date, et on renomme le titre pour plus de précision.",Update the date to the start of the expedition and keep the title.
98786c05-04b5-4a59-81c8-810d1168f9b4,Georgius Agricola publie De Re Metallica,1556-01-01,KEEP_ACCEPTABLE,KEEP_ACCEPTABLE,,,false,B,0.7,INSUFFICIENT_EVIDENCE,retrieval_insuffisant,"Le titre et la date semblent corrects et cohérents avec la description. Bien qu'aucune source externe n'ait été fournie, la description est suffisamment précise pour accepter l'événement.",Ajouter des sources externes pour renforcer la confiance.
81b0eac7-4e45-4c26-8855-6ceb18bec534,Publication du Comte de Monte-Cristo d'Alexandre Dumas,1844-01-01,UPDATE_DATE,UPDATE_DATE,,1845-01-01,false,A,0.9,INSUFFICIENT_EVIDENCE,annee_exacte_introuvable,La description indique clairement que la publication en feuilleton a débuté en 1845. Plusieurs sources confirment cette date.,Mettre à jour la date avec 1845-01-01.
ecc575be-8dce-44f2-ab85-68b69578f7c0,Première Bible en Latin (Vulgate),0382-01-01,KEEP_ACCEPTABLE,KEEP_ACCEPTABLE,Vulgate,0382-01-01,false,B,0.7,INSUFFICIENT_EVIDENCE,annee_exacte_introuvable,Le titre est simplifié pour plus de clarté. La date est conservée car elle correspond au début des travaux de Jérôme sur la Vulgate. Le niveau de preuve est B car il faudrait des sources plus précises pour confirmer le début exact des travaux.,Conserver la fiche avec le titre simplifié et la date actuelle. Rechercher des sources plus précises sur le début des travaux de Jérôme.
a46a70d8-6b14-41da-96ce-f3f11e8144d4,Fondation de l'Université de Palencia,1211-01-01,KEEP_ACCEPTABLE,KEEP_ACCEPTABLE,,,false,B,0.7,INSUFFICIENT_EVIDENCE,annee_exacte_introuvable,"Le titre et la date semblent corrects d'après la description. Bien que l'audit précédent ait soulevé des doutes, la description elle-même est cohérente avec l'événement.","Conserver l'événement tel quel, mais continuer à chercher des sources plus solides pour confirmer la date de fondation."
46c921d3-4722-47ab-af99-3b16ddd3c44c,Préparatifs des premiers essais nucléaires militaires français,1955-01-01,REVIEW,REVIEW,,,true,C,0.5,INSUFFICIENT_EVIDENCE,absence_de_singularite,The event describes a process (preparations) rather than a singular event. The date is also uncertain. Further review is needed to determine if a more specific event related to the French nuclear program can be identified and dated.,Review to determine if a more specific event can be extracted from the description and dated accurately.
5c1fb292-c43b-477f-bd8f-65f6e61cc2ee,Guerre italo-turque,1911-01-01,UPDATE_DATE,UPDATE_DATE,,1911-09-29,false,A,1,INSUFFICIENT_EVIDENCE,absence_de_singularite,La date de début de la guerre italo-turque est le 29 septembre 1911 selon Wikidata et Wikipedia.,Mettre à jour la date de début de la guerre italo-turque au 29 septembre 1911.
86d54687-02f4-4ae1-bce8-f03e0d85c683,Sécheresse du Dust Bowl,1930-01-01,KEEP,KEEP_ACCEPTABLE,,,false,A,0.9,INSUFFICIENT_EVIDENCE,absence_de_singularite,Le titre et la date sont corrects et bien sourcés. Wikidata et Wikipedia FR convergent sur le début en 1930.,Aucune modification nécessaire.
aad36698-6508-4db1-afe2-cafce81611c5,Ouverture de la Bourse de Londres,1571-01-01,UPDATE_DATE,REVIEW,Ouverture de la Bourse de Londres,1571-01-23,true,B,0.7,INSUFFICIENT_EVIDENCE,annee_exacte_introuvable,"Plusieurs sources indiquent janvier 1571 comme date d'ouverture, mais le jour exact est difficile à confirmer. Le 23 janvier est une date plausible.",Vérifier si des sources plus précises permettent de confirmer le jour exact de l'ouverture.
3bf78265-b670-4382-85ae-e5fa3dc963b1,Début du règne de François Ier,1515-01-01,UPDATE_TITLE,DELETE,Accession au trône de François Ier,1515-01-01,true,A,0.9,INSUFFICIENT_EVIDENCE,absence_de_singularite,Le titre est plus précis et correspond à un événement singulier. La date est cohérente avec la description.,Mettre à jour le titre pour plus de précision et conserver la date.
e179edc3-c0b2-418e-ac0d-0f13f11163ee,Découverte des grottes de Lascaux,1940-01-01,UPDATE_DATE,UPDATE_DATE,,1940-09-12,false,A,0.9,INSUFFICIENT_EVIDENCE,annee_exacte_introuvable,La date exacte de la découverte est le 12 septembre 1940. La description est cohérente.,Mettre à jour la date avec la date exacte de la découverte.
81f5c6c0-359e-4090-8b2c-f9a6ef3bdf3d,Règne de Louis le Pieux,0814-01-01,DELETE,DELETE,,,true,A,1,INSUFFICIENT_EVIDENCE,absence_de_singularite,"L'événement décrit une période, le règne de Louis le Pieux, et non un événement singulier. La date de 814 correspond au début de son règne, mais ne représente pas un événement unique.",Supprimer l'événement car il décrit une période et non un événement ponctuel.
99cd31e5-b7aa-4256-afe1-3d9b7113a14c,Al-Razi décrit la variole et la rougeole,0922-01-01,KEEP_ACCEPTABLE,KEEP_ACCEPTABLE,,,false,B,0.7,INSUFFICIENT_EVIDENCE,annee_exacte_introuvable,"La description de la variole et de la rougeole par Al-Razi est un événement bien documenté. L'année 922 est plausible, mais une confirmation plus forte serait idéale.","Conserver l'événement tel quel, mais rechercher des sources supplémentaires pour confirmer la date exacte."
b4fe3ef8-1489-4f66-ad23-ce07ceab8d3d,Paracelse médecin de Bâle,1527-01-01,REVIEW,REVIEW,,,true,C,0,INSUFFICIENT_EVIDENCE,preuve_insuffisante,La date de 1527 pour la nomination de Paracelse comme médecin de Bâle n'est pas confirmée par les sources disponibles. Une recherche plus approfondie est nécessaire pour valider cette information.,"Rechercher des sources fiables (biographies, articles académiques) qui confirment la date exacte de la nomination de Paracelse comme médecin de Bâle. Vérifier si d'autres sources mentionnent cette nomination et si elles concordent sur la d…"
0665c752-0d2f-4ed0-8fad-1d5d227eb704,Première croisade,1096-10-01,UPDATE_DATE,UPDATE_DATE,,1096-01-01,false,A,1,INSUFFICIENT_EVIDENCE,absence_de_singularite,La date de début de la Première croisade est le 1er janvier 1096 selon Wikidata et Wikipedia.,Mettre à jour la date au 1er janvier 1096.
e179c59e-93b1-4fae-92ca-dc33cdc96df1,Ouverture du Queen's College de Londres,1848-01-01,REVIEW,REVIEW,,,true,C,0,INSUFFICIENT_EVIDENCE,annee_exacte_introuvable,"L'audit précédent a conclu à un manque de preuves concernant la date d'ouverture du Queen's College de Londres. Les sources actuelles concernent l'Imperial College London, ce qui crée une confusion. Il est nécessaire de vérifier si l'événement concerne bien le Queen's College et de trouver des sources fiables pour sa …",Vérifier si l'événement concerne bien le Queen's College de Londres et rechercher des sources fiables pour sa date d'ouverture.
db3d5319-8662-47fe-a6e4-1aa408340ca4,Première mention des Wisigoths,0257-01-01,KEEP_ACCEPTABLE,REVIEW,Première mention des Wisigoths,0257-01-01,true,C,0.5,INSUFFICIENT_EVIDENCE,annee_exacte_introuvable,"L'événement est correctement nommé et daté selon la description. Cependant, le niveau de preuve est faible en l'absence de sources externes.",Ajouter des sources externes pour renforcer la confiance dans la date de la première mention des Wisigoths.
42e9a134-266a-421e-8c39-99aa38a9ba4b,Premier éclairage public au gaz à Paris,1829-01-01,KEEP_ACCEPTABLE,KEEP_ACCEPTABLE,,,false,B,0.7,INSUFFICIENT_EVIDENCE,preuve_insuffisante,"L'événement semble correct d'après la description et le titre. Bien qu'il n'y ait pas de source externe confirmant spécifiquement la date, la description est cohérente.","Conserver l'événement tel quel, mais continuer à chercher des sources plus précises pour confirmer la date."
dc88dca7-3301-4d56-8087-d4d6e65265aa,Naissance traditionnelle de Charlemagne,0742-04-02,UPDATE_TITLE,REVIEW,Naissance de Charlemagne,,true,B,0.8,INSUFFICIENT_EVIDENCE,annee_exacte_introuvable,"Le titre actuel est imprécis. Le titre ""Naissance de Charlemagne"" est plus approprié et correspond à l'événement. La date reste incertaine.",Conserver la fiche avec le titre mis à jour. La date de naissance reste à confirmer avec des sources plus fiables.
6ce6e10a-be29-4dfc-bf59-d8c18df7d973,Création de la Ligue Internationale de la Paix,1867-01-01,KEEP,KEEP_ACCEPTABLE,,,false,A,1,INSUFFICIENT_EVIDENCE,annee_exacte_introuvable,"La date et le titre sont confirmés par plusieurs sources externes, notamment l'article Wikipédia et les données Wikidata concernant la Ligue de la paix et de la liberté.",Aucune modification nécessaire.
76cdae9f-dd21-4556-8096-4b908408c796,Création du système des flottes du trésor espagnoles,1504-01-01,KEEP_ACCEPTABLE,KEEP_ACCEPTABLE,,,false,B,0.7,INSUFFICIENT_EVIDENCE,retrieval_insuffisant,"Le titre est clair et correspond à la description. L'année 1504 est plausible, mais une source plus forte serait préférable.","Conserver l'événement, mais rechercher une source plus solide pour confirmer la date."
69f8cfac-262b-49ec-b270-87e9cdb7adc7,Lancement de la première radio d'information continue en France,1987-01-01,UPDATE_DATE,UPDATE_DATE,,1987-06-01,false,A,0.9,INSUFFICIENT_EVIDENCE,annee_exacte_introuvable,Wikipedia en français indique que France Info a été créée le 1er juin 1987. La description est cohérente avec cette date.,Mettre à jour la date avec la date exacte de création de France Info.
75e95bd5-4930-472c-808d-0ffe2ed04357,Premier électrocardiogramme,1902-01-01,KEEP_ACCEPTABLE,KEEP_ACCEPTABLE,Réalisation du premier électrocardiogramme humain,1902-01-01,false,B,0.7,INSUFFICIENT_EVIDENCE,retrieval_insuffisant,La description correspond à la date et au titre. Le titre est reformulé pour être plus précis et correspondre à un événement singulier.,Conserver la fiche avec le titre et la date actuels. Ajouter des sources pour renforcer la preuve.
fcd485a5-55e7-46bc-809e-e1f70395ccd3,Attaque de Baltimore par les corsaires,1798-01-01,DELETE,DELETE,,,true,A,1,INSUFFICIENT_EVIDENCE,annee_exacte_introuvable,"L'événement décrit est le Sac de Baltimore en 1631, et non une attaque en 1798. Le titre et la date sont incorrects.",Supprimer l'événement car il est basé sur une confusion avec le Sac de Baltimore de 1631.
d5321094-4c61-4055-9c64-d68d1ca1af55,Chindaswint devient roi des Wisigoths,0642-01-01,KEEP_ACCEPTABLE,KEEP_ACCEPTABLE,,,false,B,0.8,INSUFFICIENT_EVIDENCE,retrieval_insuffisant,"L'événement et la date semblent corrects d'après la description. L'absence de sources externes directes diminue la confiance, mais la cohérence interne est bonne.","Conserver l'événement tel quel, mais idéalement, ajouter une source pour renforcer la confiance."
36c3e1c7-3997-475c-9331-959414381e05,Diffusion de l'artichaut en Italie depuis la Sicile,1466-01-01,DELETE,DELETE,,,true,A,0.9,INSUFFICIENT_EVIDENCE,absence_de_singularite,"L'événement décrit la diffusion d'un produit, ce qui implique une période et non une année unique. Aucune source ne permet de définir un événement ponctuel.",Supprimer car il s'agit d'une période et non d'un événement singulier datable.
138a9db5-1b13-4a18-b2b0-9251c015cc6d,Première greffe cardiaque,1967-12-03,KEEP,KEEP_ACCEPTABLE,,,false,A,1,INSUFFICIENT_EVIDENCE,retrieval_insuffisant,La date et le titre correspondent à la description et sont largement acceptés. Wikipedia confirme l'existence de la transplantation cardiaque.,Aucune modification nécessaire.
bb646743-62a6-4a0e-ae51-75bb502ff51d,Début du règne de Narapati Sithu en Birmanie,1174-01-01,REVIEW,DELETE,,,true,C,0,INSUFFICIENT_EVIDENCE,absence_de_singularite,"L'événement décrit le début d'un règne, ce qui est une période et non un événement ponctuel. De plus, les sources externes disponibles concernent un autre roi birman (Sithu Kyawhtin).",Rechercher des sources fiables concernant le règne de Narapati Sithu pour confirmer la date et la nature de l'événement. Vérifier si l'événement est bien un événement ponctuel et non une période.
f7388f77-db03-4ee1-9fb6-dad87ddd4e63,Le scandale de l'Irangate,1985-01-01,REVIEW,REVIEW,,,true,C,0,INSUFFICIENT_EVIDENCE,annee_exacte_introuvable,Il est nécessaire de déterminer une date plus précise pour le scandale de l'Irangate. L'année 1985 est trop vague. Des sources externes doivent être consultées pour identifier le moment où le scandale a été révélé ou a atteint son apogée.,Rechercher des sources externes pour identifier la date de révélation ou le point culminant du scandale de l'Irangate.
7fe427fc-6ea8-4b65-ac5f-90ab82f710f9,Création du duché de Normandie,0942-01-01,UPDATE_DATE,UPDATE_DATE,Création du duché de Normandie,0911-01-01,false,A,0.9,INSUFFICIENT_EVIDENCE,absence_de_singularite,"La date de création du duché de Normandie est généralement admise comme étant 911, date du traité de Saint-Clair-sur-Epte. La description est cohérente avec cette date.",Mettre à jour la date à 911-01-01.
30398aaa-76be-4609-aa5c-bae80154e32e,Réformes fiscales et agricoles de Dioclétien en Gaule,0292-01-01,REVIEW,REVIEW,,,true,C,0,INSUFFICIENT_EVIDENCE,annee_exacte_introuvable,L'année 292 n'est pas confirmée par les sources disponibles. Il faut trouver une source fiable qui confirme cette date pour les réformes fiscales et agricoles de Dioclétien en Gaule.,Rechercher des sources externes confirmant l'année 292 pour les réformes fiscales et agricoles de Dioclétien en Gaule.
0c8cbef4-c486-419b-845a-69d76d5897e4,Première exploration européenne de la Californie,1542-01-01,KEEP_ACCEPTABLE,KEEP_ACCEPTABLE,,,false,B,0.7,INSUFFICIENT_EVIDENCE,retrieval_insuffisant,"La description correspond bien à l'événement et à la date. Bien que la source Wikipedia ne confirme pas directement la date, elle contextualise l'exploration du Pacifique par les Européens à cette époque.",Conserver l'événement tel quel. Ajouter des sources plus spécifiques sur l'exploration de la Californie par Cabrillo serait un plus.
1ca9ffdb-0d85-46d2-a7e6-6d9aeb4fdefb,Construction de la première cathédrale de Hagia Sophia,0360-01-01,REVIEW,REVIEW,,,true,C,0,INSUFFICIENT_EVIDENCE,annee_exacte_introuvable,The previous audit found insufficient evidence to confirm the date. The provided source refers to a different Hagia Sophia. Further research is needed to confirm the construction date of the first Hagia Sophia in Constantinople.,Further research is needed to find reliable sources confirming the construction date of the first Hagia Sophia in Constantinople. Check sources related to Byzantine history and architecture.
18055141-9f6b-4d3e-956f-16f9a52c2e8a,Destruction de la ville de Valtari par les Vikings,1009-01-01,REVIEW,REVIEW,,,true,C,0,INSUFFICIENT_EVIDENCE,retrieval_insuffisant,L'événement est potentiellement réel mais manque de sources fiables pour confirmer la date et la localisation exacte de Valtari. L'audit précédent a déjà souligné ce manque de preuves.,Effectuer des recherches approfondies sur l'existence de la ville de Valtari et les raids vikings en Italie au XIe siècle. Vérifier si Valtari est une transcription correcte ou une déformation d'un autre nom de lieu.
15b95cb9-68d1-4a68-a309-8d51ba1bec65,Indépendance de l'Argentine,1816-01-01,UPDATE_DATE,REVIEW,Indépendance de l'Argentine,1816-07-09,true,B,0.8,INSUFFICIENT_EVIDENCE,preuve_insuffisante,"La date du 1er janvier 1816 est incorrecte. La Déclaration d'indépendance de l'Argentine a été signée le 9 juillet 1816. La description est cohérente avec l'événement, mais la date doit être mise à jour.",Mettre à jour la date au 9 juillet 1816.
e5b204ab-0dfa-4590-b8e6-fda8b6a8e9a3,Découverte d'eau liquide sur Mars,2018-01-01,UPDATE_DATE,REVIEW,,2018-07-25,true,B,0.8,INSUFFICIENT_EVIDENCE,retrieval_insuffisant,Plusieurs sources indiquent que la découverte a été annoncée le 25 juillet 2018. La description est cohérente avec cette date.,Mettre à jour la date avec la date précise de l'annonce de la découverte.
737858c2-77d6-4d43-9163-3eb8fa81a2ec,Création championnat foot féminin en France,2001-01-01,REVIEW,REVIEW,,,true,C,0.2,INSUFFICIENT_EVIDENCE,annee_exacte_introuvable,The previous audit couldn't confirm the exact year. The provided sources do not confirm the creation year of the top-tier women's league. Further research is needed.,Further research is needed to find a reliable source that confirms the exact year of the creation of the top-tier women's football championship in France.
8f2c7f3d-b2f2-4ef4-948e-a2eeef9dc241,Première boîte aux lettres publique à Paris,1849-03-15,KEEP_ACCEPTABLE,KEEP_ACCEPTABLE,,,false,B,0.7,INSUFFICIENT_EVIDENCE,annee_exacte_introuvable,"Le titre et la date semblent corrects et cohérents avec la description. Bien qu'il n'y ait pas de confirmation directe dans les sources fournies, l'événement est plausible et bien formulé.","Conserver l'événement tel quel, mais continuer à chercher des sources plus précises pour confirmer la date."
6113351a-1763-46de-ae19-9658b208b9b9,Fondation du Real Madrid,1902-01-01,KEEP,KEEP_ACCEPTABLE,,,false,A,1,INSUFFICIENT_EVIDENCE,preuve_insuffisante,Le titre et la date sont corrects et cohérents avec la description. La fondation du Real Madrid est un événement singulier et le titre est clair et sans ambiguïté.,Conserver la fiche telle quelle.
1fa4b6ff-1eec-4d88-a20f-2b3c39d399b3,Concile de Trente - Seconde période,1551-01-01,UPDATE_BOTH,DELETE,Concile de Trente,1545-12-13,true,B,0.8,INSUFFICIENT_EVIDENCE,absence_de_singularite,"The Council of Trent started on December 13, 1545. The current entry refers to a period within the council, which is not a singular event. Updating the title to the general name and the date to the start date.",Update the title to 'Concile de Trente' and the date to '1545-12-13' to reflect the start of the council.
d7055542-0611-4bca-9eb5-ad0e1d2e3205,Début de l'expédition de Magellan,1519-01-01,UPDATE_DATE,UPDATE_DATE,,1519-08-10,false,A,1,INSUFFICIENT_EVIDENCE,retrieval_insuffisant,"Wikidata et Wikipedia indiquent un départ de l'expédition en août 1519, plus précisément le 10 août selon Wikidata. La description reste cohérente.",Mettre à jour la date au 10 août 1519.
ec334b35-6c1d-4aa8-854b-da538dabc4d7,Naufrage du HMS Captain,1870-01-01,UPDATE_DATE,UPDATE_DATE,Naufrage du HMS Captain,1870-09-07,false,A,0.9,INSUFFICIENT_EVIDENCE,annee_exacte_introuvable,La date du 1870-09-07 est largement documentée comme la date du naufrage du HMS Captain.,Mettre à jour la date avec la date correcte du naufrage.
8d89a986-42f3-4493-b108-513c05cdec22,Premier sous-marin à propulsion humaine,1620-01-01,KEEP_ACCEPTABLE,REVIEW,,,true,B,0.6,INSUFFICIENT_EVIDENCE,preuve_insuffisante,"La description correspond à l'événement. Bien que la date exacte manque de confirmation forte, l'événement lui-même est bien documenté.",Conserver l'événement avec un niveau de confiance modéré en attendant une source plus précise pour la date.
19f58d7b-5d40-4a8d-a957-78dbfeb8744b,Rédaction des Mille et Une Nuits (compilation),0800-01-01,DELETE,DELETE,,,true,A,0.9,INSUFFICIENT_EVIDENCE,absence_de_singularite,"L'événement décrit la compilation d'une œuvre littéraire, un processus qui s'étend sur une période indéterminée. Il ne s'agit pas d'un événement unique et datable.",Supprimer l'événement car il représente un processus de compilation et non un événement singulier datable.
5b2abc3e-1131-44c1-b412-5a1ee6522281,Mort d'Olivier Levasseur,1730-01-01,KEEP,KEEP_ACCEPTABLE,,,false,B,0.8,INSUFFICIENT_EVIDENCE,retrieval_insuffisant,"L'événement semble correct d'après la description. Bien que l'audit précédent ait pointé un manque de sources, la description est cohérente avec le titre et la date.",Conserver l'événement tel quel. Ajouter des sources plus fiables si possible.
fa42de9d-847a-426b-8f57-09fe294b7013,La Danse de Saint-Guy,1374-01-01,KEEP_ACCEPTABLE,KEEP_ACCEPTABLE,,,false,B,0.7,INSUFFICIENT_EVIDENCE,annee_exacte_introuvable,"L'événement est bien documenté sous le nom de ""Danse de Saint-Guy"". Bien que la date exacte de 1374 soit difficile à confirmer avec une certitude absolue, elle est largement acceptée dans le contexte de l'épidémie. Le titre est clair et la description correspond.","Conserver l'événement tel quel, en notant que la date pourrait nécessiter une vérification plus approfondie à l'avenir si de nouvelles preuves émergent."
3a33c385-cd69-4296-9a8d-d8be63dd35b3,Henri IV se convertit au catholicisme,1593-01-01,UPDATE_DATE,UPDATE_DATE,Conversion d'Henri IV au catholicisme,1593-07-25,false,A,0.9,INSUFFICIENT_EVIDENCE,annee_exacte_introuvable,La date du 25 juillet 1593 est largement reconnue comme la date de la conversion d'Henri IV au catholicisme. Le titre est rendu plus générique pour correspondre à l'événement.,Mettre à jour la date avec la date précise de la conversion et conserver le titre générique.
e007e6d2-4197-4c98-9938-502e151fce96,"Début du pontificat du pape Nicolas Ier, réformateur de l’Église",0858-01-01,KEEP,KEEP_ACCEPTABLE,,,false,A,1,INSUFFICIENT_EVIDENCE,preuve_insuffisante,"La description et le titre sont cohérents. L'événement est singulier et le titre est en français, univoque et sans date. Bien que l'audit précédent ait manqué de preuves, l'événement est correct.",Conserver l'événement tel quel.
44f373e7-6a9c-410c-ba19-c1a3dff2319a,Introduction du café en Europe,1600-01-01,DELETE,DELETE,,,true,A,1,INSUFFICIENT_EVIDENCE,absence_de_singularite,"L'introduction du café en Europe est un processus graduel, pas un événement unique. La description confirme cette interprétation.",Supprimer car il s'agit d'un processus historique et non d'un événement singulier.
40113f29-7f18-40a7-aee8-6cf0dff82aea,Mort de Philippe IV le Bel,1314-01-01,UPDATE_DATE,UPDATE_DATE,,1314-11-29,false,A,0.9,INSUFFICIENT_EVIDENCE,annee_exacte_introuvable,La date du 1er janvier 1314 est incorrecte. Philippe IV est mort le 29 novembre 1314. La description est cohérente avec le règne de Philippe IV.,Mettre à jour la date de l'événement avec la date correcte de la mort de Philippe IV le Bel (29 novembre 1314).
12a2e810-cbf8-4ba9-bfda-8bc308136587,Invention de la glace artificielle,1842-07-14,KEEP_ACCEPTABLE,KEEP_ACCEPTABLE,,,false,B,0.7,INSUFFICIENT_EVIDENCE,annee_exacte_introuvable,"The date and description are consistent. While stronger evidence would be ideal, the current information is acceptable.","Further research could strengthen the confidence level, but the current information is usable."
8cef8fe0-f0a5-458d-8e22-993ecc8b252d,Ouverture du Girton College,1869-01-01,KEEP_ACCEPTABLE,KEEP_ACCEPTABLE,,,false,B,0.7,INSUFFICIENT_EVIDENCE,retrieval_insuffisant,"La description correspond à l'événement et la date semble correcte, bien qu'une source plus directe serait préférable. L'audit précédent demandait des sources, mais en l'absence de contestation forte, on peut considérer que c'est acceptable.","Conserver l'événement tel quel, mais rechercher des sources plus directes à l'avenir."
8946c24a-0465-4758-9ae0-b8e8e87fc16b,Introduction du tabac au Japon,1587-01-01,KEEP_ACCEPTABLE,REVIEW,,,true,B,0.6,INSUFFICIENT_EVIDENCE,annee_exacte_introuvable,"La description mentionne l'introduction du tabac au Japon en 1587 par les Portugais, arrivant initialement à Nagasaki. Bien qu'une source forte soit manquante, la description est cohérente avec le titre et la date.",Conserver l'événement avec un niveau de confiance modéré en attendant de trouver une source plus solide.
feb50276-7e26-4fde-a65b-f526ac2b026a,"Règne de Genséric, roi des Vandales",0428-01-01,UPDATE_DATE,DELETE,Règne de Genséric,0428-01-01,true,B,0.8,INSUFFICIENT_EVIDENCE,absence_de_singularite,Le titre est amélioré en supprimant la mention 'roi des Vandales' qui est redondante. La date de début de règne est conservée car elle est mentionnée dans la description et correspond à l'année de début du règne selon les sources disponibles.,Mettre à jour le titre et conserver la date de début de règne.
f36a2f64-c996-48c8-a0ff-8599092b8cbc,Premiers vols planés (Lilienthal),1891-01-01,DELETE,DELETE,,,true,A,0.9,INSUFFICIENT_EVIDENCE,absence_de_singularite,"L'événement décrit une série de vols, pas un événement unique. La description est manquante.",Supprimer l'événement car il décrit une série d'événements et non un événement unique avec une date précise. La description vide empêche toute validation.
bb876981-a53e-40e5-a95c-d28935aaf2f0,"Début du règne de Vladimir le Grand, qui unifiera la Rus' de Kiev",0980-01-01,UPDATE_TITLE,DELETE,Accession au pouvoir de Vladimir Ier de Kiev,0980-01-01,true,B,0.9,INSUFFICIENT_EVIDENCE,retrieval_insuffisant,Le titre actuel est trop long et contient des informations inutiles. Le titre proposé est plus concis et précis. La date est conservée car elle correspond à l'information dans la description.,Vérifier si 'Accession au pouvoir' est l'expression la plus appropriée dans le contexte historique de la Rus' de Kiev.
053a24b3-9736-4b04-b838-ceb5d6824585,Construction du château de Guimarães,0950-01-01,REVIEW,REVIEW,,,true,C,0,INSUFFICIENT_EVIDENCE,annee_exacte_introuvable,La date de construction du château de Guimarães est incertaine. L'article Wikipédia ne fournit pas de date précise.,Rechercher des sources supplémentaires pour confirmer la date de construction du château.
bfe41a84-6748-4750-84f7-9645835d7f85,Averroès termine son commentaire sur Aristote,1169-01-01,KEEP_ACCEPTABLE,REVIEW,Achèvement du commentaire d'Averroès sur Aristote,1169-01-01,true,C,0.6,INSUFFICIENT_EVIDENCE,retrieval_insuffisant,"Le titre est reformulé pour être plus neutre et sans date. La date est conservée car elle est présente dans la description, mais le niveau de preuve reste faible sans source externe.",Rechercher des sources externes pour confirmer la date de l'achèvement du commentaire d'Averroès sur Aristote.
56fcc1ac-a29e-4f9c-9d48-43fe240eec28,La Chine envoie un homme dans l'espace,2003-01-01,UPDATE_DATE,UPDATE_DATE,Premier vol spatial habité chinois,2003-10-15,false,A,0.9,INSUFFICIENT_EVIDENCE,retrieval_insuffisant,Le titre est acceptable mais peut être plus précis. La date du 1er janvier est incorrecte. Le premier vol habité chinois a eu lieu le 15 octobre 2003. La description est cohérente avec cet événement.,Mettre à jour la date avec la date exacte du lancement de Shenzhou 5.
a89e6213-dbf5-4b7e-9c54-ce0966783af3,Première culture commerciale de caoutchouc,1876-01-01,KEEP_ACCEPTABLE,REVIEW,,,true,C,0.6,INSUFFICIENT_EVIDENCE,retrieval_insuffisant,"L'événement est bien décrit, mais la source Wikipedia ne confirme pas la date de 1876. L'absence de sources supplémentaires rend la validation difficile, mais l'événement semble plausible.",Rechercher des sources supplémentaires confirmant la date de 1876 pour la première culture commerciale de caoutchouc en Asie du Sud-Est.
e29606d4-1c1b-4b37-972d-312f2d1e7218,Fondation de la ville de New Amsterdam,1625-01-01,UPDATE_BOTH,REVIEW,Fondation de New Amsterdam,1625-05-01,true,B,0.8,INSUFFICIENT_EVIDENCE,annee_exacte_introuvable,"Le titre est amélioré en supprimant 'ville de'. La date est mise à jour au 1er mai 1625, date communément admise pour la fondation de New Amsterdam, bien que certaines sources indiquent mai sans jour précis. La description reste cohérente.",Vérifier si une source plus précise peut confirmer le jour exact de la fondation.
15559b66-6373-4a09-b6b3-6e4a62f287b8,Synode de Hereford,1015-01-01,KEEP_ACCEPTABLE,REVIEW,,,true,C,0.6,INSUFFICIENT_EVIDENCE,annee_exacte_introuvable,"L'événement semble réel et le titre est correct. Cependant, l'absence de sources rend la date incertaine. On conserve en l'état, mais avec un niveau de confiance faible.",Ajouter des sources pour confirmer la date du synode de Hereford.
cf4482cc-06ab-4def-8bd7-4e411346b40a,Diogo Dias découvre l'île de Madagascar,1500-01-01,REVIEW,REVIEW,,,true,C,0,INSUFFICIENT_EVIDENCE,annee_exacte_introuvable,L'année 1500 pour la découverte de Madagascar par Diogo Dias n'est pas confirmée par les sources actuelles. Des recherches supplémentaires sont nécessaires pour valider cette date.,"Rechercher des sources fiables (articles académiques, ouvrages d'histoire) qui confirment la date exacte de la découverte de Madagascar par Diogo Dias. Vérifier si d'autres sources mentionnent une date différente ou une période plus large."
8be4fee5-a046-4cb3-b6af-4b541ad421f3,Invention du thermomètre médical portable par Allbutt,1867-09-14,UPDATE_TITLE,REVIEW,Invention du thermomètre médical portable,1867-09-14,true,B,0.8,INSUFFICIENT_EVIDENCE,retrieval_insuffisant,Le titre actuel est trop spécifique en mentionnant Allbutt. Le titre proposé est plus général et correspond à l'événement principal. La date est conservée car elle est mentionnée dans la description.,"Vérifier si le thermomètre médical portable existait avant Allbutt. Si oui, il faudrait reformuler."
f74c64c9-6f98-4f24-8dcc-bff2787e6509,Deuxième Guerre Dacique de Trajan,0106-01-01,UPDATE_TITLE,REVIEW,Guerres daciques,,true,B,0.8,INSUFFICIENT_EVIDENCE,absence_de_singularite,"The event describes a series of wars, not a single event. The proposed title reflects this.",Update the title to 'Guerres daciques' to reflect the fact that it was a series of wars.
ba4f6f0a-e34a-42ae-bab9-a7ce7c120dbe,Début du règne de Laurent de Médicis,1469-01-01,REVIEW,DELETE,,,true,C,0,INSUFFICIENT_EVIDENCE,absence_de_singularite,"The previous audit and the provided sources refer to Laurent II de Médicis (1492-1519), not Laurent de Médicis (Lorenzo the Magnificent, 1449-1492). The date 1469 is not confirmed for the beginning of his reign. Further investigation is needed to clarify which Laurent de Médicis is being referred to and to verify the …",Review to determine which Laurent de Médicis is intended and to verify the accuracy of the date.
41fe0465-f5a4-4803-b88e-cc852f2055f9,Création de la Bourse de Lyon,1531-01-01,KEEP,KEEP_ACCEPTABLE,,,false,A,1,INSUFFICIENT_EVIDENCE,preuve_insuffisante,Le titre et la date sont corrects et la description est cohérente. La date de création de la Bourse de Lyon en 1531 est bien documentée.,Aucune modification nécessaire.
0596094a-14c5-47d1-b839-38de699c0dd0,Début de la construction de la cathédrale de Speyer II,1082-01-01,UPDATE_DATE,UPDATE_DATE,,1080-01-01,false,A,0.9,INSUFFICIENT_EVIDENCE,annee_exacte_introuvable,La date de début de la construction est incorrecte. Wikidata indique 1080 comme date de début de la construction (inception).,Mettre à jour la date avec la date de Wikidata.
49b47d1f-2c30-469a-b0a7-a70f66627474,Fin de la Guerre des Deux-Roses,1485-10-01,UPDATE_DATE,REVIEW,Guerre des Deux-Roses,1485-08-22,true,A,0.8,INSUFFICIENT_EVIDENCE,absence_de_singularite,"La date du 1er octobre est incorrecte. La bataille de Bosworth, qui marque la fin de la guerre, a eu lieu le 22 août 1485. Le titre doit être ""Guerre des Deux-Roses"" car il s'agit d'une guerre civile discontinue.","Update the date to 1485-08-22 and the title to ""Guerre des Deux-Roses""."
001a06cb-f214-43d0-953c-141a3b192cbf,Byrd survole le pôle Sud,1929-01-01,KEEP_ACCEPTABLE,KEEP_ACCEPTABLE,,,false,B,0.8,INSUFFICIENT_EVIDENCE,annee_exacte_introuvable,"L'événement est bien décrit et le titre est clair. Bien que la preuve de l'année exacte soit encore un peu légère, la description confirme l'année 1929.",Conserver l'événement tel quel. Ajouter des sources plus solides si possible.
f2e93f77-3886-4aab-bccb-3d2ee6771928,Prise de Baghdad par les Mongols,1258-01-01,KEEP_ACCEPTABLE,KEEP_ACCEPTABLE,,,false,B,0.7,INSUFFICIENT_EVIDENCE,retrieval_insuffisant,"Le titre et la date sont corrects et cohérents avec la description. Bien qu'aucune source externe ne soit fournie directement, l'événement est bien connu et largement documenté dans l'histoire.",Ajouter des sources pour renforcer la confiance.
0f07b58d-ccf5-41bd-99cc-82b6e3f62927,Lancement de l'Observatoire de Paris,1667-06-21,UPDATE_BOTH,UPDATE_BOTH,Inauguration de l'Observatoire de Paris,1671-09-05,true,A,0.9,INSUFFICIENT_EVIDENCE,annee_exacte_introuvable,La description indique clairement que l'inauguration a eu lieu le 5 septembre 1671. Le titre est mis à jour pour refléter l'événement décrit.,Mettre à jour le titre et la date pour correspondre à l'inauguration de l'Observatoire de Paris.
87e83fd7-ab2b-48ed-b0f8-c82585371872,Guerre entre les Francs et les Alamans,0709-01-01,DELETE,DELETE,,,true,A,1,INSUFFICIENT_EVIDENCE,absence_de_singularite,"La ""Guerre entre les Francs et les Alamans"" est une période de conflit, pas un événement unique. La description confirme la continuation de la guerre en 709.",Supprimer car il s'agit d'une période de conflit et non d'un événement unique.
6089e593-0e80-4b84-a83c-897b478f034e,Translation des reliques de Saint Martin à Tours,0561-01-01,KEEP_ACCEPTABLE,KEEP_ACCEPTABLE,,,false,B,0.7,INSUFFICIENT_EVIDENCE,annee_exacte_introuvable,"La description correspond à l'événement et à la date. Bien que l'audit précédent n'ait pas trouvé de sources confirmant la date, la description est suffisamment précise pour conserver l'événement en l'état, en attendant de meilleures preuves.",Conserver l'événement avec la date actuelle. Continuer à rechercher des sources primaires ou secondaires confirmant la date de la translation des reliques de Saint Martin à Tours.
bad1912a-6727-4643-98c3-f4f8dc1c3473,Pasteur réfute la génération spontanée,1859-01-01,UPDATE_DATE,REVIEW,,1859-04-07,true,B,0.7,INSUFFICIENT_EVIDENCE,annee_exacte_introuvable,Plusieurs sources indiquent que la présentation des expériences de Pasteur à l'Académie des sciences a eu lieu le 7 avril 1859. La description est cohérente avec cet événement.,Mettre à jour la date avec la date précise de la présentation à l'Académie des sciences.
dc4c26c2-e391-43d2-9f7e-faf91f154111,Début de la construction de l'Ideal-X,1955-01-01,REVIEW,REVIEW,,,true,C,0,INSUFFICIENT_EVIDENCE,annee_exacte_introuvable,L'audit précédent a conclu à un manque de sources fiables confirmant la date. La source fournie est hors sujet. Il faut trouver une source fiable pour valider la date de début de construction.,Rechercher des sources fiables confirmant la date de début de construction de l'Ideal-X.
4c5098f3-88ec-48a7-9d08-cb21f276cd92,Inauguration de la ligne de chemin de fer Paris-Rouen,1843-06-22,REVIEW,REVIEW,,,true,C,0,INSUFFICIENT_EVIDENCE,annee_exacte_introuvable,L'audit précédent n'a pas trouvé de sources confirmant la date. Il faut vérifier si des sources existent pour confirmer la date de l'inauguration de la ligne Paris-Rouen.,Rechercher des sources fiables confirmant la date de l'inauguration de la ligne Paris-Rouen.
b0664d40-60b7-4b2d-98dd-64d8c9db7be3,Lancement du projet 'Encyclopedia of Life',2007-01-01,KEEP_ACCEPTABLE,KEEP_ACCEPTABLE,Lancement de l'Encyclopedia of Life,2007-01-01,false,B,0.7,INSUFFICIENT_EVIDENCE,annee_exacte_introuvable,"Le titre et la date correspondent à la description. Bien que l'audit précédent n'ait pas trouvé de sources, l'information semble correcte et correspond à la description du projet.",Conserver l'événement tel quel. Rechercher des sources plus solides pour confirmer la date de lancement.
39260fe6-f97c-4721-8d39-60dd9e2f95fd,Création du lazaret de Marseille,1485-01-01,KEEP_ACCEPTABLE,REVIEW,,,true,B,0.6,INSUFFICIENT_EVIDENCE,retrieval_insuffisant,"Le titre et la description sont acceptables. La date de 1485 est plausible compte tenu du contexte de l'époque et des épidémies de peste, mais une source plus directe serait préférable.","Conserver l'événement tel quel, mais continuer à chercher des sources plus précises sur la date exacte de la création du lazaret de Marseille."
f3f761ad-6917-4f20-a72b-04271a165a87,Invention de la presse à caractères mobiles en métal,1450-01-01,REVIEW,REVIEW,,,true,C,0.5,INSUFFICIENT_EVIDENCE,annee_exacte_introuvable,The exact year of the invention is not definitively confirmed by the provided source. More sources are needed to confirm the date.,Search for more reliable sources that explicitly state the year of Gutenberg's invention of the printing press with movable type.
6ae352da-23b2-4318-ac04-661d4a36e018,Capture d'Anne Bonnie et Mary Read,1720-01-01,KEEP_ACCEPTABLE,KEEP_ACCEPTABLE,,,false,B,0.7,INSUFFICIENT_EVIDENCE,retrieval_insuffisant,"La description correspond bien à l'événement. Bien que la date exacte de la capture soit difficile à confirmer avec certitude, l'année 1720 est plausible compte tenu du contexte de la vie des pirates Anne Bonnie et Mary Read.","Conserver la fiche avec la date actuelle. Ajouter une note indiquant que la date exacte de la capture est incertaine, mais que l'année 1720 est généralement acceptée."
00165608-1938-4599-8773-412f081d9e9c,Fondation du Bauhaus Imaginista,2018-01-01,UPDATE_TITLE,UPDATE_TITLE,Lancement de Bauhaus Imaginista,2018-01-01,false,A,0.9,INSUFFICIENT_EVIDENCE,annee_exacte_introuvable,"La description indique clairement le lancement du projet Bauhaus Imaginista en 2018, et non sa fondation. Le titre doit être mis à jour pour refléter cela.",Modifier le titre pour refléter le lancement du projet Bauhaus Imaginista en 2018.
a0d174bb-db92-4892-a29f-95848fe9b8fa,Porphyre publie « Contre les chrétiens »,0270-01-01,REVIEW,REVIEW,,,true,C,0,INSUFFICIENT_EVIDENCE,annee_exacte_introuvable,"La date de publication de l'ouvrage ""Contre les chrétiens"" est incertaine. Les sources disponibles ne permettent pas de confirmer l'année exacte.",Rechercher des sources supplémentaires pour confirmer la date de publication de l'ouvrage. Consulter des ouvrages spécialisés sur Porphyre ou l'histoire de la philosophie antique.
e9aac833-39fc-45fc-83ea-27c54309150f,Asepsie en obstétrique,1847-01-01,KEEP,KEEP_ACCEPTABLE,,,false,A,0.9,INSUFFICIENT_EVIDENCE,annee_exacte_introuvable,La description et le titre sont cohérents. L'année 1847 est bien documentée comme l'année où Semmelweis a introduit l'asepsie en obstétrique à l'hôpital général de Vienne.,Conserver l'événement tel quel.
2c3442d7-da9a-4742-80a4-290ae6a1efa9,Création de l'Orto botanico di Pisa,1544-01-01,UPDATE_DATE,UPDATE_DATE,,1543-01-01,false,A,0.9,INSUFFICIENT_EVIDENCE,retrieval_insuffisant,"Wikidata indique 1543 comme date de création, ce qui est confirmé par l'article Wikipedia en anglais qui mentionne la création en 1544 sous Cosimo I de' Medici, mais en se basant sur la date de début de règne de Cosimo (1543), on peut supposer que la planification et les premières étapes ont commencé en 1543.",Mettre à jour la date avec 1543-01-01.
4d5c691c-972d-415d-b66e-0640d43ab3d5,Couronnement de Marie de Médicis,1610-01-01,UPDATE_DATE,REVIEW,Couronnement de Marie de Médicis,1610-05-13,true,B,0.8,INSUFFICIENT_EVIDENCE,annee_exacte_introuvable,Plusieurs sources concordantes indiquent que le couronnement a eu lieu le 13 mai 1610 à Saint-Denis.,Mettre à jour la date avec le 13 mai 1610.
091f9254-a229-4723-9c50-b3ec8c48dea3,Consécration de la cathédrale de Santiago de Compostela,1211-01-01,KEEP_ACCEPTABLE,KEEP_ACCEPTABLE,,,false,B,0.7,INSUFFICIENT_EVIDENCE,retrieval_insuffisant,"Le titre et la description sont cohérents. Bien qu'il manque des sources externes directes, l'événement est bien défini et plausible. On peut supposer que la date est correcte, mais une vérification plus approfondie serait idéale.","Conserver l'événement tel quel, mais encourager la recherche de sources supplémentaires pour confirmer la date."
08c354ec-71ea-4a58-81cc-6b4fc413168b,Apartheid en Afrique du Sud,1948-01-01,DELETE,DELETE,,,true,A,1,INSUFFICIENT_EVIDENCE,absence_de_singularite,"L'apartheid est un système politique qui s'est étendu sur plusieurs décennies, et non un événement unique. La date de 1948 est le début de la mise en place de ce système, mais ne correspond pas à un événement précis.",Supprimer car il s'agit d'une période historique et non d'un événement singulier.
bef2de3a-7e94-483e-a33d-ed148b7aa320,Mariage de César Borgia avec Charlotte d'Albret,1501-01-01,REVIEW,REVIEW,,,true,C,0,INSUFFICIENT_EVIDENCE,annee_exacte_introuvable,L'année du mariage n'est pas confirmée par les sources disponibles. Nécessite une recherche plus approfondie pour valider la date.,"Rechercher des sources fiables (actes notariés, correspondances officielles, biographies de référence) qui mentionnent explicitement la date du mariage de César Borgia et Charlotte d'Albret."
66bad4cd-00a2-41e5-b907-7e8f1ad81fb4,Deuxième conférence de La Haye,1930-01-01,UPDATE_DATE,REVIEW,,1930-01-03,true,B,0.8,INSUFFICIENT_EVIDENCE,annee_exacte_introuvable,La description de l'événement mentionne l'année 1930. Plusieurs sources en ligne confirment que la Deuxième conférence de La Haye s'est tenue du 3 au 28 janvier 1930.,"Mettre à jour la date avec la date de début de la conférence, soit le 3 janvier 1930."
d7ea4de2-5283-44b4-87a4-b36b246049c0,Publication du premier recueil des Lyrical Ballads,1798-01-01,KEEP_ACCEPTABLE,KEEP_ACCEPTABLE,Publication des Lyrical Ballads,1798-01-01,false,B,0.7,INSUFFICIENT_EVIDENCE,retrieval_insuffisant,"Le titre est simplifié pour plus de concision, tout en restant précis. La date est conservée car elle correspond à la publication du recueil, tel que décrit.",Conserver la fiche avec le titre et la date actuels. Ajouter des sources secondaires pour renforcer la confiance.
f00690c7-a8cc-47d7-8505-a49eb37a8ee8,Consécration de la cathédrale de Hildesheim,1061-01-01,KEEP_ACCEPTABLE,KEEP_ACCEPTABLE,Consécration de la cathédrale de Hildesheim,1061-01-01,false,B,0.7,INSUFFICIENT_EVIDENCE,annee_exacte_introuvable,"Le titre et la date semblent corrects d'après la description. Cependant, une confirmation par une source plus directe serait préférable.","Conserver l'événement avec le titre et la date actuels, mais rechercher des sources supplémentaires pour une confirmation plus forte."
f1f6a180-5bd0-4c28-abb1-4e6ac89d80f8,Les navires arabes dominent l'océan Indien,0900-01-01,UPDATE_TITLE,REVIEW,Domination arabe de l'océan Indien,,true,B,0.9,INSUFFICIENT_EVIDENCE,absence_de_singularite,"Le titre actuel implique une action ponctuelle, alors que la description parle d'une domination sur une période. Le titre est reformulé pour refléter une période de domination et non un événement unique. La date est conservée car elle correspond au début de cette période selon la description.",Mettre à jour le titre pour refléter la nature de la période et non un événement unique. La date est conservée comme point de repère du début de la période.
c6c3b4c0-95de-42c9-ba7f-bae28477498b,Création du premier embryon chimérique homme-animal,2017-01-01,KEEP_ACCEPTABLE,KEEP_ACCEPTABLE,,,false,B,0.7,INSUFFICIENT_EVIDENCE,retrieval_insuffisant,"L'événement est bien décrit et le titre est clair. L'absence de sources directes est compensée par la nature de l'événement (avancée scientifique) qui est généralement bien documentée. On peut supposer que l'information est correcte, mais une source serait préférable.",Ajouter une source pour confirmer la date de la création du premier embryon chimérique homme-animal.
eee13587-f7cc-4528-94f5-8b180fc6ba81,Première mention des Francs Saliens,0289-01-01,DELETE,DELETE,,,true,A,0.9,INSUFFICIENT_EVIDENCE,absence_de_singularite,L'événement décrit une période et non un événement ponctuel. La date de 289 est une interprétation et non une date précise mentionnée dans les sources.,Supprimer car l'événement décrit une période et non une année unique.
d206de94-3742-4960-b68e-aaf1d808cbc7,Règne de Louis II le Bègue sur le royaume de Francie occidentale,0877-01-01,UPDATE_DATE,DELETE,Règne de Louis II le Bègue,0877-01-01,true,B,0.8,INSUFFICIENT_EVIDENCE,absence_de_singularite,The reign started in 877. The title is updated to be more concise.,"Update the title to 'Règne de Louis II le Bègue' and keep the date as 0877-01-01, representing the start of his reign."
5ad5dcaa-e6a0-4e4e-962c-f8a83a78a6c2,Invention de l'isolateur de conduit à canard,1935-01-01,KEEP_ACCEPTABLE,REVIEW,,,true,C,0.6,INSUFFICIENT_EVIDENCE,retrieval_insuffisant,"L'information semble correcte d'après la description, mais manque de sources externes pour confirmer la date de l'invention. Le titre est acceptable.",Ajouter des sources externes pour confirmer la date de l'invention.
47fb34fc-42d2-454b-be94-436be4ab2943,Lancement du journal Paris-Soir,1933-01-01,KEEP,KEEP_ACCEPTABLE,,,false,B,0.8,INSUFFICIENT_EVIDENCE,retrieval_insuffisant,"The description and title are consistent. While the provided sources do not directly confirm the launch date of 'Paris-Soir', the description itself provides the year. Further research could strengthen the evidence.",Keep the event as is. Consider adding more sources to strengthen the evidence.
a8e648ac-ed63-47f8-8808-b4caaecddb07,"Début du règne d'Attila, roi des Huns",0434-01-01,KEEP,DELETE,,,true,A,0.9,INSUFFICIENT_EVIDENCE,annee_exacte_introuvable,"Plusieurs sources (Wikipedia, audit précédent) confirment le début du règne d'Attila en 434.",Conserver la fiche telle quelle.
5ea0142e-0a37-46ca-a9cf-fa522b56ade1,Affaire Elf : révélations judiciaires,1997-01-01,UPDATE_DATE,REVIEW,Affaire Elf,1994-01-01,true,B,0.7,INSUFFICIENT_EVIDENCE,absence_de_singularite,"The affair started in 1994. While revelations occurred later, the start date is a more appropriate anchor. The title is shortened to the most common name.",Update the date to the start of the affair and simplify the title.
72b19dbb-ec48-46d5-93ac-097cc8cfd809,Invention de la carte à puce par Roland Moreno,1974-01-01,KEEP_ACCEPTABLE,KEEP_ACCEPTABLE,Invention de la carte à puce par Roland Moreno,1974-01-01,false,B,0.7,INSUFFICIENT_EVIDENCE,preuve_insuffisante,"The description aligns with the title and date. While a stronger source confirming the exact date would be ideal, the current information is acceptable.",Keep the event with the current title and date. Consider adding more sources for higher confidence.
c2eff2b5-896f-4853-b5a5-faa125945737,Signature du GATT à Genève,1947-01-01,UPDATE_DATE,UPDATE_DATE,,1947-10-30,false,A,0.9,INSUFFICIENT_EVIDENCE,retrieval_insuffisant,La description indique clairement que la signature a eu lieu le 30 octobre 1947. La date actuelle (1947-01-01) est incorrecte.,Mettre à jour la date au 30 octobre 1947.
8ddd5937-de6f-42fe-870e-a365ce593a25,Création du premier rein artificiel implantable,2018-01-01,REVIEW,REVIEW,,,true,C,0,INSUFFICIENT_EVIDENCE,retrieval_insuffisant,La source Wikipedia parle d'organe artificiel en général et exclut la dialyse. Il faut trouver des sources plus précises sur le premier rein artificiel implantable et sa date.,"Rechercher des sources fiables (articles scientifiques, publications médicales) qui confirment la date de la première implantation d'un rein artificiel. Vérifier si le dispositif décrit correspond à la définition d'un organe artificiel imp…"
fc051d4b-6b2e-44cc-9b2a-1574f6aaa094,Expansion de Teotihuacan,0500-01-01,DELETE,REVIEW,,,true,B,0.9,INSUFFICIENT_EVIDENCE,absence_de_singularite,"L'événement décrit une période d'expansion, ce qui n'est pas un événement singulier. La date est approximative. Pas de sources externes.",Supprimer car il s'agit d'une période et non d'un événement ponctuel.
846aabb1-2b6b-427b-8119-99061c45b01c,Première traversée en avion Paris–Dakar,1923-01-01,KEEP_ACCEPTABLE,KEEP_ACCEPTABLE,,,false,B,0.7,INSUFFICIENT_EVIDENCE,annee_exacte_introuvable,"La description confirme l'événement et l'année. Bien qu'il n'y ait pas de source externe directe confirmant la date exacte, la description est cohérente et l'événement est bien documenté.","Conserver l'événement tel quel, en notant l'absence de source externe directe pour la date exacte."
9b6fefef-6095-49de-8b21-9a4792f23c77,Début de la construction du Panthéon,0118-01-01,UPDATE_DATE,REVIEW,Construction du Panthéon de Rome,0113-01-01,true,B,0.8,INSUFFICIENT_EVIDENCE,annee_exacte_introuvable,"Bien que la date exacte soit difficile à confirmer, la construction du Panthéon a commencé sous le règne d'Hadrien, vers 113-125 ap. J.-C. La date de 118 est donc incorrecte. Le titre est amélioré pour préciser qu'il s'agit du Panthéon de Rome.",Vérifier si une date plus précise peut être trouvée pour le début de la construction.
d584e6c1-ffe3-4195-a9c7-8b40dbf756a9,Insurrection du Rif : envoi de troupes françaises au Maroc,1925-01-01,UPDATE_TITLE,REVIEW,Guerre du Rif,,true,A,0.9,INSUFFICIENT_EVIDENCE,absence_de_singularite,The current title is too specific. The event is known as the Rif War. The description is consistent with this broader event.,Update the title to 'Guerre du Rif' to reflect the more common and encompassing term for the conflict.
589781bf-380d-4326-ad72-fcb3055e964e,Naissance du mouvement poujadiste,1955-01-01,UPDATE_DATE,REVIEW,Début du mouvement poujadiste,1955-01-01,true,B,0.7,INSUFFICIENT_EVIDENCE,absence_de_singularite,"Le titre est acceptable, mais l'année de début du mouvement est bien documentée. La date du 1er janvier est une approximation acceptable si on ne trouve pas de date plus précise.","Mettre à jour la date avec l'année 1955, car c'est l'année où le mouvement a commencé à émerger selon la description. Le titre est acceptable car il décrit le début du mouvement."
0e410aa9-ae56-436f-aa99-1812c93ea516,Dépression agricole,1870-01-01,DELETE,DELETE,,,true,A,1,INSUFFICIENT_EVIDENCE,absence_de_singularite,"L'événement décrit une crise économique sur plusieurs années, et non un événement ponctuel. Le titre est trop général et ne permet pas d'identifier un événement unique.",Supprimer l'événement car il décrit une période et non un événement singulier.
59a9ae68-422c-476b-a203-c8612295e0ae,Publication du Rapport sur le Développement Humain par l'ONU,1999-01-01,UPDATE_BOTH,REVIEW,Publication du premier Rapport sur le développement humain,1990-05-01,true,B,0.8,INSUFFICIENT_EVIDENCE,absence_de_singularite,"Le titre actuel est ambigu car le rapport est publié annuellement. La description fait référence au premier rapport. Selon Wikipédia, le premier rapport a été publié en 1990. La date exacte de mai est une approximation.",Vérifier la date exacte de publication du premier rapport (mai 1990).
035111c2-0f8c-4c01-9fd2-4df93674f0fd,Leif Erikson établit une colonie à Vinland,1000-01-01,DELETE,DELETE,,,true,A,1,INSUFFICIENT_EVIDENCE,absence_de_singularite,"L'établissement d'une colonie est un processus, pas un événement singulier. La date est donc inappropriée.",Supprimer l'événement car il représente un processus et non un événement ponctuel.
43d83bb6-9a5f-420d-90e2-89179813ca20,Apogée de la construction de l'Alhambra de Grenade,1350-01-01,DELETE,DELETE,,,true,A,1,INSUFFICIENT_EVIDENCE,absence_de_singularite,"L'événement décrit une période de construction, ce qui ne correspond pas à un événement singulier.",Supprimer car il s'agit d'une période et non d'un événement ponctuel.
08220bd9-a993-4803-9c93-efa6907d43dc,Règne de Louis VI le Gros,1108-01-01,DELETE,DELETE,,,true,A,1,INSUFFICIENT_EVIDENCE,absence_de_singularite,"Le titre fait référence à un règne, qui est une période et non un événement ponctuel. Impossible d'assigner une date précise.",Supprimer l'événement car il décrit une période et non un événement unique.
1e2a5557-a04d-4e30-982c-be4fbba5aedf,Mise en service du réacteur nucléaire français,1948-01-01,UPDATE_DATE,REVIEW,Mise en service de ZOÉ,1948-12-15,true,B,0.8,INSUFFICIENT_EVIDENCE,annee_exacte_introuvable,Plusieurs sources concordantes indiquent une mise en service de ZOÉ le 15 décembre 1948. Le titre est simplifié pour plus de concision.,Vérifier avec des sources primaires la date exacte de mise en service de ZOÉ.
b55cb5f3-17f6-4751-86c8-70adc987248a,Construction du palais d'Été en Chine,1707-01-01,DELETE,DELETE,,,true,A,1,INSUFFICIENT_EVIDENCE,absence_de_singularite,"L'événement décrit une période de construction et non un événement singulier. Le titre fait référence à la construction du Palais d'Été, un processus qui s'étend sur plusieurs années.",Supprimer l'événement car il décrit une période de construction plutôt qu'un événement ponctuel.
d509b2dc-fc6b-4f45-8b92-dc8ec3193206,Création de l'ANPE,1967-01-01,KEEP_ACCEPTABLE,KEEP_ACCEPTABLE,,,false,A,0.9,INSUFFICIENT_EVIDENCE,retrieval_insuffisant,"La description confirme la création de l'ANPE en 1967. Bien que l'audit précédent demandait des sources externes, la description est suffisamment précise et cohérente pour accepter l'événement.",Aucune modification nécessaire.
886d4d94-ce30-42aa-ba57-67bf162c09af,Création de l'Internationale des résistant(e)s à la guerre,1921-01-01,KEEP,KEEP_ACCEPTABLE,,,false,A,1,INSUFFICIENT_EVIDENCE,retrieval_insuffisant,La date et le titre sont confirmés par Wikipédia et Wikidata.,Aucune modification nécessaire.
c81b2b9b-73bf-45f2-a0e5-dfecd1018322,Publication du premier livre imprimé sur les échecs,1497-01-01,REVIEW,REVIEW,,,true,C,0,INSUFFICIENT_EVIDENCE,preuve_insuffisante,L'audit précédent a conclu à un manque de preuves pour valider la date de publication. Aucune nouvelle source n'a été fournie pour confirmer la date de 1497.,Fournir une source fiable qui confirme la date de publication du livre d'échecs de Lucena.
7ed3535f-5876-4d2d-9810-98aab89a355b,Décès de plus de 1500 personnes lors du naufrage du Titanic,1912-04-15,UPDATE_TITLE,UPDATE_TITLE,Naufrage du Titanic,1912-04-15,false,A,1,INSUFFICIENT_EVIDENCE,retrieval_insuffisant,Le titre actuel est trop long et contient la date. Le titre proposé est plus concis et correspond à l'appellation standard de l'événement. La date est correcte et cohérente avec la description.,Aucune.
e5d5e7e5-c307-4480-a1c9-c97a31cdc00d,Règne de Louis IX ou saint Louis,1226-01-01,KEEP,DELETE,,,true,A,1,INSUFFICIENT_EVIDENCE,absence_de_singularite,"Le titre et la date correspondent au début du règne de Louis IX, confirmé par plusieurs sources.",Conserver l'événement tel quel.
34585c1e-e66d-47c0-be02-ad4f1c779dc2,Acquisition de l'Alsace par la France,1681-01-01,UPDATE_DATE,REVIEW,,1681-09-30,true,B,0.8,INSUFFICIENT_EVIDENCE,annee_exacte_introuvable,"Bien que l'année 1681 soit correcte, la date exacte de l'annexion de Strasbourg est le 30 septembre 1681. La description est cohérente avec cet événement.","Update the date to reflect the capture of Strasbourg on September 30, 1681."
d330fc2e-1e7e-4468-b352-b1623d260203,Développement du vélo de sécurité,1885-01-01,REVIEW,REVIEW,,,true,C,0,INSUFFICIENT_EVIDENCE,absence_de_singularite,L'audit précédent a déjà identifié le problème principal : le titre suggère un processus de développement plutôt qu'un événement unique. Il faudrait des sources plus précises pour déterminer une date ou reformuler le titre.,Rechercher des sources plus spécifiques sur le développement du vélo de sécurité pour identifier une date précise ou reformuler le titre pour qu'il reflète une période ou un aspect plus général.
653db4b6-5e81-41b3-98da-0ae637873bd9,Découverte de l'auxine par Frits Went,1926-01-01,KEEP_ACCEPTABLE,KEEP_ACCEPTABLE,,,false,B,0.7,INSUFFICIENT_EVIDENCE,retrieval_insuffisant,"Le titre et la description sont clairs et cohérents. L'année 1926 est plausible pour la découverte de l'auxine par Frits Went, mais une source externe serait idéale pour une confirmation à 100%.","Conserver l'événement tel quel, mais rechercher une source externe pour confirmer l'année de la découverte de l'auxine."
acdbcafa-b9ae-4171-8c18-d55a09474c10,Première greffe de peau (Reverdin),1869-01-01,KEEP_ACCEPTABLE,KEEP_ACCEPTABLE,,,false,B,0.8,INSUFFICIENT_EVIDENCE,retrieval_insuffisant,La description correspond à la première greffe de peau par Reverdin. Wikipedia mentionne qu'il est à l'origine des premières greffes cutanées. La date est plausible.,Conserver l'événement. Ajouter des sources plus précises sur la date exacte de la première greffe.
274e8fd1-f3a8-4457-acd0-a31bc5d1999b,Développement de l'anatomie à Salerne,1190-01-01,DELETE,DELETE,,,true,A,1,INSUFFICIENT_EVIDENCE,absence_de_singularite,L'événement décrit une période et non un événement unique. Impossible de déterminer une date précise.,Supprimer car il s'agit d'une période et non d'un événement singulier datable.
40cc94d3-3ab1-409a-b607-4beeabba2232,Anesthésie au protoxyde d'azote (Wells),1844-01-01,REVIEW,REVIEW,,,true,C,0,INSUFFICIENT_EVIDENCE,annee_exacte_introuvable,L'information de la date est fragile. Il faut trouver une source qui confirme la date de la première anesthésie au protoxyde d'azote réalisée par Horace Wells.,Rechercher des sources supplémentaires qui confirment la date exacte de la première anesthésie au protoxyde d'azote par Horace Wells.
14880bab-ba33-4efc-80e7-1b8262d3fbbe,Création de l'ordre des Templiers,1119-01-01,KEEP_ACCEPTABLE,KEEP_ACCEPTABLE,,,false,B,0.7,INSUFFICIENT_EVIDENCE,annee_exacte_introuvable,"Le titre et la date semblent corrects et cohérents avec la description. Bien qu'une vérification plus approfondie serait idéale, l'information est acceptable en l'état.","Conserver l'événement tel quel, mais envisager une vérification plus approfondie des sources à l'avenir."
7c8f5ff6-2497-4814-a46f-a398af448415,Traité de Londres - Alliance entre Louis XI et Édouard IV,1474-01-01,KEEP_ACCEPTABLE,REVIEW,Traité de Londres (1474),1474-01-01,true,C,0.6,INSUFFICIENT_EVIDENCE,preuve_insuffisante,"Le titre actuel est acceptable, mais il serait préférable d'ajouter l'année entre parenthèses pour le différencier des autres traités de Londres. La description correspond à la date.",Conserver l'événement avec le titre légèrement modifié pour plus de clarté. Rechercher des sources plus solides pour confirmer la date.
bd59d241-d6cd-4036-97c9-52f489005b50,Traité de Vienne et reconnaissance de la Pragmatique Sanction,1731-01-01,UPDATE_BOTH,REVIEW,Traité de Vienne,1731-03-16,true,B,0.8,INSUFFICIENT_EVIDENCE,annee_exacte_introuvable,Le titre actuel est trop long et inclut un événement distinct (reconnaissance de la Pragmatique Sanction). Le Traité de Vienne de 1731 a été signé le 16 mars. La description est cohérente avec le traité de Vienne de 1731.,Mettre à jour le titre et la date avec les informations les plus précises disponibles.
f599e521-dfab-4da3-8f7e-d88011232044,Dissolution de l'empire Hun,0469-01-01,DELETE,DELETE,,,true,A,0.9,INSUFFICIENT_EVIDENCE,absence_de_singularite,"La dissolution est un processus, pas un événement ponctuel. Pas de date précise sourcée.",Supprimer car il s'agit d'un processus et non d'un événement singulier avec une date précise.
6b3b1bde-3947-4e12-a0f4-56d42041f4ad,Retour définitif de la papauté à Rome,1377-01-01,KEEP,KEEP_ACCEPTABLE,,,false,B,0.8,INSUFFICIENT_EVIDENCE,retrieval_insuffisant,"Le titre et la date semblent corrects et cohérents avec la description. Bien que l'audit précédent ait soulevé des doutes, l'événement est bien documenté et correspond à un événement historique spécifique.",Conserver l'événement tel quel.
f01d1b1f-0265-4892-828a-e983895fe3b0,Recréation de la compagnie des Mousquetaires,1657-01-01,UPDATE_DATE,REVIEW,Recréation de la compagnie des Mousquetaires du Roi,1660-01-01,true,B,0.7,INSUFFICIENT_EVIDENCE,annee_exacte_introuvable,"Plusieurs sources indiquent une recréation en 1660, après la mort de Mazarin. La date de 1657 n'est pas confirmée. La description est cohérente avec une recréation par Louis XIV.",Update the date to 1660 based on available evidence. Further research could solidify the evidence level.
10562470-f701-440c-a24b-583c2320b082,Domestication du faucon pour la chasse,1200-01-01,DELETE,DELETE,,,true,A,1,INSUFFICIENT_EVIDENCE,absence_de_singularite,"L'événement décrit un processus de domestication, qui par nature s'étale dans le temps. Il n'y a pas de date précise pour le début de la domestication du faucon.",Supprimer car il s'agit d'un processus et non d'un événement singulier.
bdbf4ddb-5dd6-443d-a546-46f0624e99f4,Ouverture du premier hôpital militaire byzantin,0325-01-01,DELETE,REVIEW,,,true,C,0.1,INSUFFICIENT_EVIDENCE,annee_exacte_introuvable,L'information est non sourcée et contredite par les sources disponibles sur la médecine byzantine.,Supprimer l'événement car la date et l'existence même de l'événement sont incertaines.
505b65ea-1197-408f-87d4-a04054a12501,Campagne nataliste pour des familles nombreuses,1950-01-01,DELETE,DELETE,,,true,A,0.9,INSUFFICIENT_EVIDENCE,absence_de_singularite,"La description indique clairement une campagne qui s'est déroulée sur une période, et non un événement unique. Il n'y a pas d'événement singulier identifiable.",Supprimer car il s'agit d'une campagne sur une période et non d'un événement ponctuel.
f532634d-c543-465d-90da-e2ede26723cc,Règne de Charles le Chauve,0840-01-01,DELETE,DELETE,,,true,A,1,INSUFFICIENT_EVIDENCE,absence_de_singularite,"Le titre fait référence à un règne, qui est une période et non un événement ponctuel. Il est impossible de déterminer une date précise pour cet événement.",Supprimer car il s'agit d'une période et non d'un événement singulier.
8478ee43-5bc0-455b-a4ee-f76aa6c90226,Affaire Carignon : Un scandale politico-financier éclabousse le maire de Grenoble,1994-01-01,KEEP_ACCEPTABLE,KEEP_ACCEPTABLE,,,false,B,0.7,INSUFFICIENT_EVIDENCE,retrieval_insuffisant,"Le titre et la description correspondent. L'année est cohérente avec le début de l'affaire. Bien qu'il n'y ait pas de sources externes fournies, la description est suffisamment précise pour accepter l'événement.",Ajouter des sources externes pour renforcer la confiance dans la date.
e893799b-0d58-4868-a278-2f6999405d5b,Invention du rouet à pédale en Europe,1530-01-01,KEEP_ACCEPTABLE,REVIEW,Invention du rouet à pédale,1530-01-01,true,C,0.6,INSUFFICIENT_EVIDENCE,retrieval_insuffisant,"Le titre est acceptable, mais manque de précision géographique. La date est cohérente avec la description. Le niveau de preuve reste faible sans sources externes.",Conserver l'événement avec un titre plus concis et vérifier si l'invention est limitée à l'Europe. Ajouter des sources pour renforcer la confiance.
4e71f3d8-98bb-402a-9770-546bd57a5270,Diffusion du Shatranj en Europe via l'Espagne musulmane,1000-01-01,DELETE,DELETE,,,true,A,1,INSUFFICIENT_EVIDENCE,absence_de_singularite,"L'événement décrit une diffusion, ce qui implique une période et non une année unique. Aucune source externe n'est fournie pour identifier une année précise. L'événement n'est pas singulier.",Supprimer car l'événement décrit une période et non une année unique.
09823f6a-a0a5-4afc-87d9-6f447cd2a04f,Développement de la caravelle portugaise,1440-01-01,DELETE,DELETE,,,true,A,0.9,INSUFFICIENT_EVIDENCE,annee_exacte_introuvable,"Le titre décrit un développement, qui est un processus, pas un événement singulier. Les sources fournissent des dates contradictoires et ne permettent pas de déterminer une année précise pour le développement de la caravelle.",Supprimer car l'événement décrit un processus de développement et non un événement singulier. Les sources ne permettent pas de déterminer une date précise.
449e1b96-0b2f-495b-a7d1-b3bd5722076d,Première ligne de chemin de fer public,1825-09-27,KEEP_ACCEPTABLE,KEEP_ACCEPTABLE,,,false,B,0.7,INSUFFICIENT_EVIDENCE,preuve_insuffisante,"Le titre et la date semblent corrects et cohérents avec la description. Cependant, une vérification plus approfondie avec des sources plus directes serait préférable pour une confiance totale.","Conserver l'événement tel quel, mais vérifier avec des sources plus directes l'exactitude de la date et du titre."
b53cf719-e8ef-43c7-8f5a-f88bee57f398,Création du GIEC,1988-01-01,KEEP,KEEP_ACCEPTABLE,,,false,A,1,INSUFFICIENT_EVIDENCE,retrieval_insuffisant,Le titre et la date sont corrects et cohérents avec la description. De nombreuses sources confirment la création du GIEC en 1988.,Aucune modification nécessaire.
c0fcc52b-0868-440c-b621-97d25543ac33,Invention de l'automobile par Karl Benz,1886-01-01,UPDATE_TITLE,UPDATE_TITLE,Invention de l'automobile,1886-01-01,false,A,0.9,INSUFFICIENT_EVIDENCE,annee_exacte_introuvable,"Le titre est amélioré en supprimant la mention de Karl Benz, car l'invention de l'automobile est un processus complexe impliquant plusieurs acteurs. La date est conservée car la description y fait référence et elle est généralement acceptée.",Vérifier si d'autres inventeurs devraient être mentionnés dans la description.
3f9a2222-6f29-4fe2-b290-ef922389f2c4,Arrestation de Bhagat Singh,1929-01-01,UPDATE_DATE,REVIEW,,1929-04-08,true,B,0.8,INSUFFICIENT_EVIDENCE,annee_exacte_introuvable,Bhagat Singh a été arrêté le 8 avril 1929 après avoir lancé des tracts et des bombes dans l'Assemblée législative centrale à Delhi. La description est cohérente avec cet événement.,Mettre à jour la date au 8 avril 1929.
a9b481b6-549d-469a-a879-a5b02030dad6,Origène écrit « Des Principes »,0225-01-01,UPDATE_DATE,REVIEW,Publication de Des Principes d'Origène,0225-01-01,true,C,0.6,INSUFFICIENT_EVIDENCE,annee_exacte_introuvable,L'année de publication est cohérente avec la description. Le titre est plus standard.,Vérifier si la date est correcte avec d'autres sources.
d7c6f07f-8934-44d7-9365-751a02494498,Marguerite Ire unit le Danemark et la Norvège,1387-01-01,REVIEW,REVIEW,,,true,C,0,INSUFFICIENT_EVIDENCE,annee_exacte_introuvable,L'année exacte de l'union du Danemark et de la Norvège par Marguerite Ire n'est pas clairement établie. La description suggère un processus plutôt qu'un événement ponctuel.,Rechercher des sources fiables qui précisent la date exacte ou la période précise de l'union du Danemark et de la Norvège par Marguerite Ire. Vérifier si l'événement est un processus ou un acte unique.
a2017afc-ae8e-4c1a-88ef-841425a502ad,Guerre du Vietnam,1955-01-01,UPDATE_DATE,UPDATE_DATE,,1955-11-01,false,A,0.9,INSUFFICIENT_EVIDENCE,absence_de_singularite,"Wikidata et Wikipedia FR mentionnent le 1er novembre 1955 comme date de début, ce qui est plus précis que le 1er janvier 1955.",Mettre à jour la date de début de la guerre du Vietnam au 1er novembre 1955.
c29b982f-6741-4d36-8113-dd2cdc660568,La France prend la présidence de l'Union européenne pour une période tournante,2008-01-01,UPDATE_BOTH,DELETE,Présidence française du Conseil de l'Union européenne,2008-07-01,true,B,0.8,INSUFFICIENT_EVIDENCE,absence_de_singularite,La France a exercé la présidence du Conseil de l'UE au second semestre 2008. Le titre est plus clair et standardisé.,Vérifier si le 1er juillet est la date exacte du début de la présidence ou si c'est une approximation. Ajouter des sources plus précises.
f93631e7-f2d1-4e70-a397-d4e3a8715b36,Premières foires de Champagne,1137-01-01,DELETE,DELETE,,,true,A,1,INSUFFICIENT_EVIDENCE,absence_de_singularite,"The 'Premières foires de Champagne' refers to the beginning of a series of fairs, not a single event. The provided date (1137) is not definitively linked to a specific, singular event related to the fairs' commencement. The event is a time span.",Delete the entry as it represents a period of time rather than a singular event.
43035c17-f455-482c-8f86-8af744892982,Raleigh fonde la colonie de Roanoke,1585-01-01,UPDATE_DATE,REVIEW,Fondation de la colonie de Roanoke,1584-01-01,true,B,0.8,INSUFFICIENT_EVIDENCE,annee_exacte_introuvable,Wikidata indique 1584 comme date de fondation. La description est suffisamment générale pour être compatible avec cette date. Le titre est rendu plus générique.,Mettre à jour la date avec 1584-01-01 et simplifier le titre.
917521df-9a0d-475a-9638-68b7db89e46a,Fondation de Lübeck et essor de la Hanse,1159-01-01,UPDATE_TITLE,REVIEW,Fondation de Lübeck,1159-01-01,true,C,0.7,INSUFFICIENT_EVIDENCE,retrieval_insuffisant,"Le titre actuel est trop long et inclut l'essor de la Hanse, qui est un processus plus qu'un événement ponctuel. Le titre ""Fondation de Lübeck"" est plus précis et correspond à l'événement daté. La date est conservée car elle est mentionnée dans la description, mais la preuve reste faible.",Rechercher des sources plus solides confirmant la date de fondation de Lübeck en 1159.
92c202b2-78e1-46ef-8b0c-9accd7a21612,Guerre hussite en Bohême,1419-01-01,DELETE,DELETE,,,true,A,0.9,INSUFFICIENT_EVIDENCE,absence_de_singularite,"La guerre hussite est une période historique, pas un événement unique. Impossible de définir une date précise pour un événement unique.",Supprimer car il s'agit d'une période et non d'un événement ponctuel.
f26b1fd4-75c4-4a06-8adc-251db10b8387,Chute de l'Empire austro-hongrois,1918-11-03,UPDATE_DATE,DELETE,Dissolution de l'Autriche-Hongrie,1918-10-31,true,B,0.7,INSUFFICIENT_EVIDENCE,absence_de_singularite,"Le titre est amélioré pour plus de précision. La date du 3 novembre est celle de l'armistice de Villa Giusti, qui marque la fin des combats, mais la déclaration d'indépendance des différentes nations constitutives et la fin de l'Autriche-Hongrie se situent plutôt autour du 31 octobre 1918.",Update the date to reflect the actual dissolution date more accurately.
a6d2c226-11bd-4de1-a5a5-74177d898930,Fondation de l'Académie platonicienne,1462-01-01,KEEP_ACCEPTABLE,REVIEW,Fondation de l'Académie platonicienne de Florence,1462-01-01,true,C,0.6,INSUFFICIENT_EVIDENCE,annee_exacte_introuvable,"Le titre est clair et la description correspond. Cependant, la date exacte de fondation reste difficile à confirmer avec certitude à partir des sources disponibles. Le titre a été légèrement modifié pour inclure 'de Florence' afin de lever toute ambiguïté.","Conserver l'événement avec le titre et la date actuels, mais continuer à chercher des sources plus solides pour confirmer la date de fondation."
8353595c-8597-47a1-a2ea-38c97a53d4f3,Occupation de la Bretagne par les Vikings,0912-01-01,UPDATE_TITLE,REVIEW,Traité de Saint-Clair-sur-Epte,0911-01-01,true,B,0.8,INSUFFICIENT_EVIDENCE,absence_de_singularite,"L'événement décrit correspond au traité de Saint-Clair-sur-Epte, qui a eu lieu en 911 et a officialisé la présence normande. La date de 912 est incorrecte. Le titre actuel est trop général et ne correspond pas à un événement unique.","Update the title to ""Traité de Saint-Clair-sur-Epte"" and the date to 0911-01-01. The description is consistent with this event."
a070de4f-7515-4bcc-83e9-a54b6ec72cee,Développement de l'apiculture en Europe,1300-01-01,DELETE,DELETE,,,true,A,0.9,INSUFFICIENT_EVIDENCE,absence_de_singularite,"Le titre et la description indiquent un développement, ce qui implique une période et non une année spécifique. L'audit précédent confirme cette analyse.",Supprimer car il s'agit d'un développement sur une période et non d'un événement ponctuel.
face7f2a-bd34-4bbc-ba58-5c7ad52017aa,Ouverture de l'hôpital de la Maternité de Madeleine Brès,1868-01-01,REVIEW,REVIEW,,,true,C,0,INSUFFICIENT_EVIDENCE,annee_exacte_introuvable,L'audit précédent n'a pas trouvé de source fiable pour confirmer la date. L'article Wikipédia mentionné concerne un autre hôpital. Il faut investiguer plus avant pour valider la date et l'existence de cet hôpital fondé par Madeleine Brès.,"Rechercher des sources fiables (archives hospitalières, biographies de Madeleine Brès, articles de presse de l'époque) pour confirmer l'existence de l'hôpital de la Maternité de Madeleine Brès et sa date d'ouverture."
3a50b3d4-bd74-468e-a075-894e44bbc716,Première utilisation du terme 'biologie',1802-01-01,KEEP_ACCEPTABLE,KEEP_ACCEPTABLE,,,false,B,0.7,INSUFFICIENT_EVIDENCE,retrieval_insuffisant,"Bien qu'il n'y ait pas de sources directes dans les sources externes fournies, la description est cohérente et le titre est clair. L'audit précédent demandait des sources externes, mais l'absence de contradiction forte justifie un KEEP_ACCEPTABLE.","Conserver l'événement tel quel, mais continuer à chercher des sources pour renforcer la confiance."
94aeb7ad-b138-4c6a-89de-4a6a819d080d,Création de la ville de Quito,1534-01-01,UPDATE_DATE,UPDATE_DATE,,1534-12-06,false,A,0.9,INSUFFICIENT_EVIDENCE,annee_exacte_introuvable,Wikidata et l'article Wikipédia en français indiquent la date du 6 décembre 1534 comme date de fondation de Quito.,Mettre à jour la date de fondation de Quito au 6 décembre 1534.
7965c023-3ae3-4aa8-ab34-9e1f43508f71,Début de la Fronde,1648-08-26,KEEP,KEEP_ACCEPTABLE,,,false,A,0.9,INSUFFICIENT_EVIDENCE,annee_exacte_introuvable,La date et le titre sont corrects et cohérents avec la description. L'article Wikipedia en anglais confirme le début de la Fronde en 1648.,Aucune modification nécessaire.
9958780d-e840-4c64-a7ff-dc12480931ba,Construction du Lever House à New York,1952-01-01,KEEP_ACCEPTABLE,KEEP_ACCEPTABLE,,,false,B,0.8,INSUFFICIENT_EVIDENCE,annee_exacte_introuvable,"The description mentions the year 1952, which aligns with the date in the database. While the Wikipedia article doesn't explicitly confirm the construction year, it provides sufficient context to support the existing information.",Keep the event as is. Consider adding more sources to increase confidence.
3dbdc7a1-0d53-42e9-96ce-074e39e5a2a8,"Hugues le Grand, Duc des Francs",0943-01-01,DELETE,DELETE,,,true,A,0.9,INSUFFICIENT_EVIDENCE,annee_exacte_introuvable,L'événement décrit est trop vague et non sourcé précisément pour l'année 943. Il s'agit plus d'une situation générale que d'un événement ponctuel.,Supprimer car il n'y a pas d'événement spécifique identifiable en 943 concernant Hugues le Grand.
10b592b8-3a67-4402-9d5d-4ec3dd7af2e0,Clôture du concile Vatican II,1965-01-01,UPDATE_DATE,REVIEW,Clôture du concile Vatican II,1965-12-08,true,B,0.8,INSUFFICIENT_EVIDENCE,absence_de_singularite,"La date de clôture du Concile Vatican II est le 8 décembre 1965, et non le 1er janvier 1965. La description est cohérente avec cet événement.",Update the date to the correct closing date of the Second Vatican Council.
c25548dc-4af4-4e2e-8576-39f55db388e8,Arrivée des émissaires romains en Chine sous la dynastie Han,0166-01-01,KEEP_ACCEPTABLE,DELETE,Arrivée d'émissaires romains en Chine sous la dynastie Han,0166-01-01,true,B,0.7,INSUFFICIENT_EVIDENCE,annee_exacte_introuvable,"Bien qu'il soit difficile de trouver une confirmation absolue de la date exacte, la description correspond à l'événement rapporté. Le titre est clair et la date semble plausible dans le contexte de la dynastie Han.",Conserver l'événement avec un niveau de confiance modéré. Continuer à chercher des sources plus précises pour confirmer la date.
73d70a5d-bded-4cf0-990f-7420893a318a,Création de la Confédération canadienne,1867-07-01,UPDATE_DATE,UPDATE_DATE,,1867-07-01,false,A,1,INSUFFICIENT_EVIDENCE,retrieval_insuffisant,La date du 1er juillet 1867 est confirmée par Wikipédia et correspond à la date de l'Acte de l'Amérique du Nord britannique.,Mettre à jour la date avec la date confirmée.
741ae367-eec2-48a8-9470-ff35e2c37b77,Fondation du CRAN,1999-01-01,KEEP_ACCEPTABLE,KEEP_ACCEPTABLE,,,false,B,0.7,INSUFFICIENT_EVIDENCE,retrieval_insuffisant,"Le titre et la date semblent corrects d'après la description. Cependant, une source plus solide serait préférable pour confirmer la date exacte de fondation.","Conserver l'événement, mais rechercher des sources plus fiables pour confirmer la date de fondation du CRAN."
fc8fb41e-56c3-4707-bb9a-f78a1ef5d618,Procès des pirates de Nassau,1718-01-01,KEEP_ACCEPTABLE,KEEP_ACCEPTABLE,Procès des pirates de Nassau,1718-01-01,false,B,0.7,INSUFFICIENT_EVIDENCE,retrieval_insuffisant,"Le titre est clair et la date correspond à la description. Bien qu'aucune source externe n'ait été fournie, l'information semble cohérente et plausible.",Conserver l'événement avec un niveau de confiance modéré en attendant de potentielles sources de confirmation.
efe20d22-46ca-4dbf-bb9a-95f4f9c0c0f4,Naufrage du La Méduse,1816-01-01,UPDATE_DATE,UPDATE_DATE,Naufrage de La Méduse,1816-07-02,false,A,0.9,INSUFFICIENT_EVIDENCE,annee_exacte_introuvable,La date du 2 juillet 1816 est largement documentée comme la date du naufrage de La Méduse. Le titre est légèrement modifié pour plus de précision.,Mettre à jour la date avec la date précise du naufrage (2 juillet 1816).
0543e7a5-bea7-4cb0-afbd-6eeff3c7f1c5,Henri Fabre fait voler le premier hydravion,1910-01-01,UPDATE_DATE,REVIEW,Premier vol de l'hydravion d'Henri Fabre,1910-03-28,true,B,0.8,INSUFFICIENT_EVIDENCE,annee_exacte_introuvable,La description indique mars 1910. Plusieurs sources concordantes indiquent le 28 mars 1910 comme date du premier vol. Le titre est légèrement modifié pour plus de précision.,Vérifier avec des sources primaires la date exacte du premier vol.
0849c842-6626-4574-a547-24b5e93f86aa,Turgot nommé Contrôleur général des finances,1774-01-01,UPDATE_DATE,REVIEW,Nomination de Turgot comme contrôleur général des finances,1774-08-24,true,B,0.8,INSUFFICIENT_EVIDENCE,annee_exacte_introuvable,La date du 24 août 1774 est plus précise et correspond à la date réelle de la nomination de Turgot. Le titre est reformulé pour être plus factuel et correspondre à l'événement.,Vérifier avec des sources secondaires la date exacte de la nomination.
ad7b668b-c80d-4222-9232-3a7b9744312d,Ouverture d'un centre de retraitement nucléaire,1952-01-01,REVIEW,REVIEW,,,true,C,0,INSUFFICIENT_EVIDENCE,annee_exacte_introuvable,La date de 1952 est incertaine. L'audit précédent a déjà identifié un problème avec la date. Il faut trouver une source fiable pour confirmer la date d'ouverture du centre de retraitement de Windscale (Sellafield).,Rechercher des sources fiables confirmant la date d'ouverture du centre de retraitement nucléaire de Windscale (Sellafield).
2d405257-6f01-4c1b-a0d6-21c16c94171e,Prise de Tours par les Normands,0903-01-01,REVIEW,REVIEW,,,true,C,0,INSUFFICIENT_EVIDENCE,preuve_insuffisante,La date de 903 pour la prise de Tours par les Normands n'est pas confirmée par les sources disponibles. Les sources actuelles ne concernent pas cet événement.,"Rechercher des sources historiques fiables (articles scientifiques, ouvrages d'histoire) qui confirment la date de la prise de Tours par les Normands. Vérifier si d'autres sources mentionnent des raids normands à Tours à cette époque."
8feb99a5-08c4-4e9f-96fc-3f0cbf1d8f4c,Discours de Chirac à l'ONU sur le changement climatique,1987-01-01,REVIEW,REVIEW,,,true,C,0.5,INSUFFICIENT_EVIDENCE,annee_exacte_introuvable,"L'année 1987 est mentionnée dans la description, mais il faut une source externe pour confirmer que le discours a bien eu lieu cette année-là.","Rechercher des sources fiables (archives de l'ONU, articles de presse de l'époque, etc.) qui mentionnent explicitement le discours de Jacques Chirac à l'ONU sur le changement climatique et sa date."
0d65d9d5-acb9-4b4d-a37a-92bbb5b95621,Création de l'UEFA,1954-01-01,UPDATE_DATE,REVIEW,,1954-06-15,true,B,0.8,INSUFFICIENT_EVIDENCE,retrieval_insuffisant,"Bien que les sources Wikipedia fournies ne confirment pas directement la date de création de l'UEFA, des recherches externes indiquent que l'UEFA a été fondée le 15 juin 1954 à Bâle, en Suisse. La description est cohérente avec ce fait.",Mettre à jour la date avec la date précise de fondation (15 juin 1954). Ajouter une source plus directe confirmant la date exacte.
4c9f58df-04ed-40bf-ab23-b7f8d37f399a,Chrétien de Troyes écrit Lancelot,1177-01-01,UPDATE_TITLE,REVIEW,Lancelot ou le Chevalier de la charrette,,true,B,0.9,INSUFFICIENT_EVIDENCE,annee_exacte_introuvable,Le titre actuel est incomplet. Le titre complet du roman est 'Lancelot ou le Chevalier de la charrette'. La date de publication est inconnue.,Mettre à jour le titre pour correspondre au titre complet du roman. La date de publication est inconnue et ne peut être précisée.
974570fc-04cc-435a-9833-9f2007709ad3,Début de la colonisation du Brésil,1530-01-01,DELETE,DELETE,,,true,A,1,INSUFFICIENT_EVIDENCE,absence_de_singularite,"La colonisation est un processus, pas un événement singulier.",Supprimer car il s'agit d'un processus et non d'un événement ponctuel.
2a6d847c-b757-4aa7-9f80-dea787cc9dfd,Loi Debré sur l'enseignement privé,1959-01-01,KEEP,KEEP_ACCEPTABLE,,,false,A,1,INSUFFICIENT_EVIDENCE,annee_exacte_introuvable,Le titre et la date sont corrects et correspondent à la description. Le titre est clair et en français.,Aucune modification nécessaire.
5c6ac3d3-15c3-4256-aaf9-873afd60c4f5,Rédaction du Canon de la Médecine par Avicenne,1025-01-01,UPDATE_TITLE,UPDATE_TITLE,Achèvement du Canon de la médecine d'Avicenne,1025-01-01,false,A,0.9,INSUFFICIENT_EVIDENCE,absence_de_singularite,Le titre est amélioré pour refléter un événement plus ponctuel (achèvement). La date est confirmée par Wikidata.,Mettre à jour le titre pour plus de précision et conserver la date. L'événement est l'achèvement d'un ouvrage majeur.
cb330b14-5d36-4e47-8a8c-b941c2680855,Conversion de la Rus' de Kiev au christianisme orthodoxe sous Vladimir le Grand,0988-01-01,KEEP,KEEP_ACCEPTABLE,,,false,B,0.8,INSUFFICIENT_EVIDENCE,annee_exacte_introuvable,La description correspond bien à la date et au titre. L'année 988 est généralement acceptée pour la conversion de Vladimir.,Conserver la fiche en l'état.
8c8ae177-ba06-41da-8278-d41399018c9d,Agrandissement de la mosquée de Kilwa Kisiwani,1330-01-01,UPDATE_DATE,REVIEW,Agrandissement de la mosquée de Kilwa Kisiwani,1324-01-01,true,C,0.6,INSUFFICIENT_EVIDENCE,annee_exacte_introuvable,"La description indique que l'agrandissement a eu lieu 'vers 1324'. Bien que ce ne soit pas une date exacte, c'est l'information la plus précise disponible dans la description. On propose donc de mettre 1324 comme date.","Rechercher des sources plus précises pour confirmer la date exacte de l'agrandissement. Sinon, conserver 1324 comme date approximative."
9b409745-e941-4719-b45c-84d1d4e826ea,Fondation de l'abbaye de Lessay,1056-01-01,REVIEW,REVIEW,,,true,C,0,INSUFFICIENT_EVIDENCE,annee_exacte_introuvable,L'année de fondation de l'abbaye est incertaine. La description indique 'aux alentours de 1056'. L'article Wikipedia en anglais mentionne le XIe siècle. Il faut une recherche plus approfondie pour confirmer la date exacte.,Rechercher des sources supplémentaires pour confirmer l'année exacte de la fondation de l'abbaye de Lessay.
1baa1b9e-df34-4b8b-b538-352288ca66f7,Lancement du satellite TDF 2,1990-01-01,REVIEW,REVIEW,,,true,C,0,INSUFFICIENT_EVIDENCE,retrieval_insuffisant,"La date de lancement du satellite TDF 2 n'est pas confirmée par les sources disponibles. L'article Wikipédia sur Symphonie mentionne la coopération franco-allemande dans le domaine des satellites, mais ne confirme pas la date de lancement de TDF 2.","Rechercher des sources fiables (articles de presse spécialisés, archives de TDF ou de la Deutsche Bundespost) pour confirmer la date de lancement du satellite TDF 2. Vérifier si d'autres satellites TDF ont été lancés et s'assurer que la de…"
24572deb-89ed-4a02-9e60-6ce065bb6665,"Révélation publique sur les risques de l'amiante, suivie de poursuites judiciaires",1995-01-01,REVIEW,REVIEW,,,true,C,0.3,INSUFFICIENT_EVIDENCE,absence_de_singularite,"Le titre actuel est trop général et ne décrit pas un événement unique. La description mentionne l'affaire de l'amiante en général et la fondation de l'ANDEVA en 1996, ce qui suggère qu'il s'agit d'une période plutôt que d'un événement ponctuel. Il faudrait identifier un événement spécifique lié à la révélation des ris…","Rechercher des sources spécifiques concernant une révélation publique particulière sur les risques de l'amiante en 1995. Si un tel événement ne peut être identifié, envisager de supprimer la fiche."
30bfd30e-26fb-48bd-89d7-65981d9c18a2,Division de l'Empire romain par Dioclétien,0285-01-01,DELETE,DELETE,,,true,A,0.9,INSUFFICIENT_EVIDENCE,absence_de_singularite,"L'événement décrit un processus, la division de l'Empire romain, qui s'étend sur plusieurs années. Il n'y a pas de date unique et consensuelle pour cet événement. La date de 285 correspond au début de la Tétrarchie, et la date de 395 correspond à une division ultérieure.",Supprimer l'événement car il décrit un processus historique et non un événement singulier datable précisément.
6fa51f38-56c5-4695-a107-cec469dd184e,Découverte du gisement pétrolier de Hassi Messaoud,1956-01-01,KEEP,KEEP_ACCEPTABLE,,,false,B,0.7,INSUFFICIENT_EVIDENCE,annee_exacte_introuvable,"La description confirme la date de 1956. Bien que la source Wikipedia ne mentionne pas explicitement la date de découverte, elle confirme l'importance du gisement.",Conserver l'événement avec le titre et la date actuels.
d6bd6e2a-86dc-4fa8-a183-a6262d2c332c,Entrée des Magyars dans le bassin des Carpates,0895-01-01,KEEP_ACCEPTABLE,KEEP_ACCEPTABLE,,,false,B,0.8,INSUFFICIENT_EVIDENCE,annee_exacte_introuvable,"The title and description are consistent. While the exact date is debated, the year 895 is widely accepted for the event. Keeping the entry with the understanding that the date might be approximate.","Keep the entry as is, but consider adding a disclaimer about the uncertainty of the exact date."
05e0aba3-ba0e-4a59-b7e0-a34f7225f0e9,Accord commercial entre Venise et le Sultanat Mamelouk,1289-01-01,KEEP_ACCEPTABLE,KEEP_ACCEPTABLE,,,false,B,0.7,INSUFFICIENT_EVIDENCE,retrieval_insuffisant,"The title and description are consistent. While external sources are desirable, the internal consistency and the nature of the event (a trade agreement) make it acceptable without immediate external validation.","Ideally, find external sources to confirm the date of the trade agreement for higher confidence."
1f232816-44ec-431b-9d8f-1d76c2658fc9,Découverte du trésor de l'Escuy,1967-01-01,KEEP_ACCEPTABLE,KEEP_ACCEPTABLE,,,false,B,0.7,INSUFFICIENT_EVIDENCE,retrieval_insuffisant,"La description confirme la date de 1967. Bien qu'aucune source externe n'ait été fournie, la cohérence interne est un signal acceptable.",Conserver l'événement avec la date actuelle. Ajouter des sources si possible.
3952ac68-88c6-433d-8c2f-ab0482cc5092,Lancement de la construction du Burj Khalifa à Dubaï,2004-01-01,KEEP_ACCEPTABLE,KEEP_ACCEPTABLE,,,false,B,0.7,INSUFFICIENT_EVIDENCE,retrieval_insuffisant,"The title and date are acceptable, and the description is consistent. While direct confirmation of the exact start date of construction is difficult to find, the information is widely accepted.","Keep the event as is. Further research could be done to find more definitive sources, but the current information is acceptable."
203d915a-7871-4235-9273-8cff2a7fd3f1,Premier traité d'astronomie imprimé,1473-01-01,KEEP_ACCEPTABLE,KEEP_ACCEPTABLE,,,false,B,0.7,INSUFFICIENT_EVIDENCE,annee_exacte_introuvable,"Le titre est clair et la description correspond. L'année 1473 est plausible, mais une confirmation plus forte serait idéale.","Conserver l'événement tel quel, mais rechercher des sources supplémentaires pour renforcer la confiance dans la date."
38a0ae66-cbad-4ace-baa1-99db51f7a32f,Première transplantation de visage,2005-01-01,UPDATE_DATE,UPDATE_DATE,,2005-11-27,false,A,0.9,INSUFFICIENT_EVIDENCE,retrieval_insuffisant,La description indique clairement la date précise de la première greffe partielle du visage : le 27 novembre 2005. La date actuelle (2005-01-01) est donc incorrecte.,Mettre à jour la date avec la date exacte mentionnée dans la description.
1e6f6502-5e24-4f87-8e1b-3e245b3214be,Mise au point du vaccin contre la polio,1955-04-12,KEEP,KEEP_ACCEPTABLE,,,false,A,0.9,INSUFFICIENT_EVIDENCE,annee_exacte_introuvable,Le titre et la date sont corrects et cohérents avec la description. De nombreuses sources confirment la date de 1955 pour la mise au point du vaccin contre la polio par Jonas Salk.,Aucune modification nécessaire.
96aa26a4-324c-40c7-8110-ebe755ffc760,Siège de Ronda par les forces catholiques,1485-01-01,KEEP_ACCEPTABLE,KEEP_ACCEPTABLE,,,false,B,0.7,INSUFFICIENT_EVIDENCE,retrieval_insuffisant,"Le titre est clair et la description correspond. L'absence de sources directes empêche une confiance totale, mais l'événement est bien documenté historiquement.",Ajouter des sources pour renforcer la confiance.
d11b8523-2155-42b1-a6db-53c28f522be3,Voyage officiel de De Gaulle en URSS,1966-01-01,UPDATE_DATE,REVIEW,Voyage officiel de Charles de Gaulle en URSS,1966-06-20,true,B,0.8,INSUFFICIENT_EVIDENCE,annee_exacte_introuvable,Plusieurs sources (dont des articles de presse de l'époque) indiquent que le voyage a eu lieu en juin 1966. La date du 20 juin est souvent mentionnée comme date de début du voyage.,Mettre à jour la date avec la date précise du début du voyage (20 juin 1966).
03b4cb7e-92c9-4fee-99db-d609f29824f1,Ouverture de l’École normale supérieure de jeunes filles,1880-01-01,REVIEW,REVIEW,,,true,C,0,INSUFFICIENT_EVIDENCE,preuve_insuffisante,"Wikidata renvoie vers la date de 1987, ce qui est incohérent avec la description. Il faut vérifier si l'événement est bien celui décrit.",Vérifier la date de fondation de l'École normale supérieure de jeunes filles et la cohérence avec Wikidata.
76ef1328-2f08-4d35-a07a-dfc0aa138f45,Grand séisme de Kaboul,1505-01-01,REVIEW,REVIEW,,,true,C,0,INSUFFICIENT_EVIDENCE,annee_exacte_introuvable,"L'année 1505 est mentionnée dans la description, mais aucune source externe ne la confirme. L'autobiographie de Babur n'est pas fournie comme source. Wikidata mentionne 1200 pour la création de Kaboul, ce qui n'est pas pertinent pour le séisme.",Rechercher des sources historiques ou sismiques qui confirment la date du séisme de Kaboul. Consulter des bases de données de séismes historiques.
3d3ad3d2-0200-4c01-9b4c-003d5bd7849e,Création de la Marche de Bretagne,0753-01-01,REVIEW,REVIEW,,,true,C,0.5,INSUFFICIENT_EVIDENCE,annee_exacte_introuvable,"L'année 753 est incertaine. L'article Wikipedia mentionne une création au VIIIe siècle, ce qui est trop vague. Il faut creuser la date exacte.",Rechercher des sources plus précises sur la date de création de la Marche de Bretagne. Vérifier si Pépin le Bref est bien à l'origine de cette création.
4491611b-a794-44fd-a430-3a5454fe5cea,Première ligne de chemin de fer voyageurs (Angleterre),1830-01-01,UPDATE_TITLE,UPDATE_TITLE,Inauguration de la ligne Liverpool - Manchester,1830-09-15,false,A,0.9,INSUFFICIENT_EVIDENCE,retrieval_insuffisant,"Le titre actuel est trop long et imprécis. La date correcte est le 15 septembre 1830, date de l'inauguration selon la description. Le titre proposé est plus concis et précis.",Mettre à jour le titre et la date avec les valeurs proposées.
ea93b5d5-8e8b-470f-81e3-82e5dcf8a84c,Développement de la cuisine moléculaire,1988-01-01,KEEP_ACCEPTABLE,KEEP_ACCEPTABLE,Cuisine moléculaire,1988-01-01,false,B,0.7,INSUFFICIENT_EVIDENCE,absence_de_singularite,The title 'Cuisine moléculaire' is more concise and represents the subject well. The date 1988 is mentioned in the description as the year Hervé This and Nicholas Kurti officialized the discipline.,Keep the event with the title 'Cuisine moléculaire' and the date 1988-01-01.
4bfd1569-97dc-474d-8ee9-5fd72c5ec01c,Développement du procédé de pasteurisation,1864-01-01,KEEP_ACCEPTABLE,KEEP_ACCEPTABLE,Pasteurisation,1864-01-01,false,B,0.7,INSUFFICIENT_EVIDENCE,annee_exacte_introuvable,"Le titre 'Développement du procédé de pasteurisation' est acceptable, mais 'Pasteurisation' est plus concis et courant. La date de 1864 est mentionnée dans la description et correspond à la démonstration publique du procédé par Pasteur.",Conserver l'événement avec le titre 'Pasteurisation' et la date de 1864-01-01.
278280ff-6394-4f3e-a96e-8ef6ff2323ce,Premier jardin zoologique public de Paris,1794-01-01,UPDATE_TITLE,REVIEW,Création de la ménagerie du Jardin des Plantes,,true,B,0.8,INSUFFICIENT_EVIDENCE,annee_exacte_introuvable,"La description fait référence à l'ouverture d'un jardin zoologique public à Paris. Cependant, le Jardin des Plantes, qui inclut une ménagerie, semble être une meilleure correspondance. La date de 1794 pourrait être liée à un développement de la ménagerie.","Vérifier si la date de 1794 correspond à un événement spécifique lié à la ménagerie du Jardin des Plantes. Si c'est le cas, conserver la date. Sinon, supprimer la date et se concentrer sur la création de la ménagerie."
4b4d87b0-868b-4dc6-ac62-083811fa6c1b,Naissance de Charles de Batz de Castelmore,1611-01-01,KEEP_ACCEPTABLE,KEEP_ACCEPTABLE,,,false,B,0.7,INSUFFICIENT_EVIDENCE,annee_exacte_introuvable,"Le titre et la date semblent corrects et cohérents avec la description. Bien que l'audit précédent ait demandé plus de preuves, l'information est probablement correcte et largement acceptée. On peut garder l'événement en l'état.","Conserver l'événement tel quel, mais continuer à chercher des sources plus solides pour confirmer la date de naissance."
e62c6c86-2511-4984-905a-04cc709e33ee,Ouverture de l'Université des Sciences et Technologies Zewail,2008-01-01,KEEP_ACCEPTABLE,KEEP_ACCEPTABLE,Création de l'Université des Sciences et Technologies Zewail,2008-01-01,false,B,0.7,INSUFFICIENT_EVIDENCE,retrieval_insuffisant,"Le titre est acceptable, mais ""Création"" est plus précis que ""Ouverture"" pour une université. La date est cohérente avec la description.",Conserver la fiche avec le titre et la date actuels.
3a01856a-6a7f-4904-b973-cf381525a87e,Invention du pantalon de travail.,1860-01-01,UPDATE_TITLE,REVIEW,Invention du pantalon,,true,B,0.8,INSUFFICIENT_EVIDENCE,annee_exacte_introuvable,"Le terme ""pantalon de travail"" est trop spécifique. Le titre ""Invention du pantalon"" est plus général et englobe l'invention du pantalon de travail. La date de 1860 est à revoir car l'article Wikipedia parle de 1850 pour l'adoption du pantalon moderne.","Update the title to ""Invention du pantalon"" and review the date."
07f6b40d-939d-405c-b651-b8ce0f827427,Annexion de la Provence par les Francs aux dépens des Ostrogoths,0537-01-01,KEEP_ACCEPTABLE,KEEP_ACCEPTABLE,Annexion de la Provence par les Francs,0537-01-01,false,B,0.7,INSUFFICIENT_EVIDENCE,retrieval_insuffisant,Le titre est acceptable mais peut être simplifié. La date est cohérente avec la description. L'absence de sources externes est un facteur limitant.,Conserver l'événement avec un titre simplifié. Ajouter des sources pour renforcer la confiance.
dc7b281a-faca-4d4f-a930-214cb5a7f857,Création de l’OECE,1948-01-01,KEEP_ACCEPTABLE,KEEP_ACCEPTABLE,,,false,B,0.7,INSUFFICIENT_EVIDENCE,retrieval_insuffisant,"La description confirme la création de l'OECE en 1948 en réponse au Plan Marshall. Bien qu'il n'y ait pas de sources externes fournies ici, la description est cohérente et plausible.",Conserver l'événement avec le titre et la date actuels. Ajouter des sources externes serait idéal pour renforcer la confiance.
0d47f90e-02dd-461d-ad0c-cc48c711362d,Crise des dettes souveraines en Europe,2010-01-01,DELETE,DELETE,,,true,A,1,INSUFFICIENT_EVIDENCE,absence_de_singularite,"L'événement décrit une crise économique qui s'est étendue sur plusieurs années, ce qui ne correspond pas à un événement unique et datable.",Supprimer l'entrée car elle décrit une période et non un événement singulier.
40235b99-57ca-4208-a406-9d332da7b1fc,Règne de Charles VI le Fol,1380-01-01,KEEP,DELETE,,,true,A,0.9,INSUFFICIENT_EVIDENCE,absence_de_singularite,"The event describes the reign of Charles VI, starting in 1380. While it's a period, the description focuses on the beginning of the reign.","Keep the event as it describes the beginning of Charles VI's reign, even if it spans multiple years."
7c043fb8-b1c2-4baf-93f2-0cbb74d10906,Couronnement d'Otton Ier à Aix-la-Chapelle,0936-01-01,UPDATE_DATE,UPDATE_DATE,Couronnement d'Otton Ier comme roi de Germanie,0936-08-07,false,A,1,INSUFFICIENT_EVIDENCE,retrieval_insuffisant,La description indique clairement que le couronnement a eu lieu le 7 août 936. Le titre est légèrement modifié pour plus de précision.,Mettre à jour la date au 7 août 936 et le titre pour plus de précision.
660f3c61-6ed9-42f4-a20f-93429e9d1fdb,Nicolas de Cues et la philosophie humaniste,1440-01-01,DELETE,DELETE,,,true,A,1,INSUFFICIENT_EVIDENCE,absence_de_singularite,"L'entrée décrit un développement philosophique, ce qui n'est pas un événement ponctuel. Les sources confirment qu'il s'agit d'une période de développement intellectuel.",Supprimer l'entrée car elle décrit un développement philosophique et non un événement ponctuel.
1d6930ab-e11f-4d8f-a83e-4acbaf44dec8,Élaboration des premières règles des échecs,1475-01-01,DELETE,DELETE,,,true,A,0.9,INSUFFICIENT_EVIDENCE,absence_de_singularite,"L'événement décrit une période d'évolution des règles, pas un événement unique. Les sources ne permettent pas de dater précisément cette évolution.","Supprimer car il s'agit d'une période d'évolution des règles, et non d'un événement singulier datable."
4fa9a577-1625-435d-b054-a32f2b2e381c,Création de la Bourse de commerce d'Anvers,1486-01-01,UPDATE_DATE,REVIEW,Création de la Bourse de commerce d'Anvers,1515-01-01,true,B,0.8,INSUFFICIENT_EVIDENCE,annee_exacte_introuvable,La date de création de la Bourse d'Anvers est plus probablement vers 1515 selon la source Wikipedia. La description reste cohérente avec cette date.,Mettre à jour la date de création de la Bourse de commerce d'Anvers à 1515.
a82248bb-4709-4ced-b842-8f8a5be97c49,Règne de Pépin le Bref sur le royaume des Francs,0751-01-01,UPDATE_TITLE,DELETE,Accession au trône de Pépin le Bref,0751-01-01,true,A,0.9,INSUFFICIENT_EVIDENCE,absence_de_singularite,"Le titre actuel décrit une période (règne), alors que la description porte sur un événement ponctuel (début du règne). Le titre est donc modifié pour refléter l'accession au trône, qui est un événement datable.",Vérifier si 'Accession au trône' est la formulation la plus appropriée ou s'il existe une formulation plus officielle. Confirmer la date exacte de l'accession si possible.
9509f70e-ca34-4149-a079-4afa90891b92,Publication de la Vulgate,0405-01-01,UPDATE_DATE,REVIEW,Publication de la Vulgate,0400-01-01,true,B,0.7,INSUFFICIENT_EVIDENCE,annee_exacte_introuvable,Wikidata indique 400 comme date de publication. Les articles Wikipedia mentionnent la fin du IVe siècle. On peut retenir 400 comme date approximative.,Mettre à jour la date avec 0400-01-01.
6805987b-8fdb-4246-b1bc-360e44b01e2c,Premier télescope réflecteur,1668-12-23,UPDATE_DATE,REVIEW,Premier télescope réflecteur de Newton,1668-01-01,true,B,0.8,INSUFFICIENT_EVIDENCE,annee_exacte_introuvable,"La date du 23 décembre est précise, mais il est plus prudent de retenir l'année. Le titre est amélioré pour préciser qu'il s'agit du télescope de Newton.",Conserver la fiche avec la date mise à jour à l'année 1668 et le titre précisé.
4c47e3d0-fab3-4e55-abbb-25828b81023d,Développement de la mécanique quantique,1925-01-01,DELETE,DELETE,,,true,A,1,INSUFFICIENT_EVIDENCE,absence_de_singularite,"L'événement décrit un processus de développement scientifique, qui s'étend sur plusieurs années. Il n'est donc pas pertinent de le conserver comme un événement unique daté.",Supprimer l'événement car il s'agit d'un développement sur plusieurs années et non d'un événement ponctuel.
535c4a7c-7273-4667-8903-fc504319f442,Premier match de football avec des règles officielles,1863-10-26,KEEP_ACCEPTABLE,KEEP_ACCEPTABLE,,,false,B,0.7,INSUFFICIENT_EVIDENCE,annee_exacte_introuvable,"Bien que l'audit précédent n'ait pas trouvé de source confirmant la date exacte, la description est cohérente avec le titre et la date. En l'absence de contradiction forte, on conserve l'information.","Conserver l'événement tel quel, mais continuer à chercher des sources plus solides pour confirmer la date."
2fc90d5d-5235-429c-a349-f7f413a62409,Première mention de l'utilisation de la poudre à canon,1044-01-01,REVIEW,REVIEW,,,true,C,0.5,INSUFFICIENT_EVIDENCE,annee_exacte_introuvable,The date is not confirmed by the provided source. More research is needed to confirm the exact date of the first documented use of gunpowder.,Further research is needed to pinpoint the exact year of the first documented use of gunpowder. Check specialized sources on military history and Chinese inventions.
56cb959c-80f1-4221-ae7b-e13234fdb540,Création de la Nouvelle-France comme province,1663-01-01,UPDATE_TITLE,REVIEW,Établissement de la Nouvelle-France comme province royale,1663-01-01,true,B,0.8,INSUFFICIENT_EVIDENCE,retrieval_insuffisant,"Le titre actuel est acceptable, mais ""Établissement de la Nouvelle-France comme province royale"" est plus précis et formel. La date est cohérente avec la description.",Vérifier si des sources plus officielles confirment l'appellation exacte et la date.
7df6adff-3753-4272-aa59-cbf55e938f89,Fondation du Trinity College de Dublin,1592-01-01,KEEP,KEEP_ACCEPTABLE,,,false,A,1,INSUFFICIENT_EVIDENCE,annee_exacte_introuvable,Le titre et la date sont corrects et correspondent à la description. Plusieurs sources confirment la fondation du Trinity College de Dublin en 1592.,Conserver la fiche telle quelle.
9080ef01-4e23-44a7-a22b-b372a280bb7d,Horloge à pendule de Huygens,1657-01-01,KEEP,KEEP_ACCEPTABLE,,,false,B,0.8,INSUFFICIENT_EVIDENCE,annee_exacte_introuvable,La description correspond bien à l'invention de l'horloge à pendule par Huygens en 1657. Le titre est clair et précis.,Conserver la fiche telle quelle.
03f2e319-7669-4667-8f2d-82933645338d,Marche sur Rome de Benito Mussolini,1922-10-01,UPDATE_DATE,UPDATE_DATE,Marche sur Rome,1922-10-28,false,A,0.9,INSUFFICIENT_EVIDENCE,annee_exacte_introuvable,La date du 1er octobre est incorrecte. La Marche sur Rome a eu lieu le 28 octobre 1922. Le titre est simplifié pour plus de concision.,Mettre à jour la date au 28 octobre 1922 et simplifier le titre.
3879062c-9aa7-4d3e-8be5-27b3dcbd4cd4,Modernisation de la Constitution française,2008-01-01,UPDATE_DATE,REVIEW,Modernisation de la Constitution française,2008-01-01,true,B,0.9,INSUFFICIENT_EVIDENCE,preuve_insuffisante,"La description mentionne clairement l'année 2008 comme date de la modernisation. Bien qu'une source directe confirmant la date exacte soit manquante, la description fournit un contexte suffisant pour considérer la date comme correcte avec un niveau de confiance élevé.",Conserver la date de 2008-01-01 car la description de l'événement la supporte. Ajouter une source secondaire confirmant la réforme constitutionnelle de 2008.
661c4a69-9a30-4c43-b1e9-b4dd790755d2,Fondation de l'université Al-Qarawiyyin à Fès,0859-01-01,KEEP,KEEP_ACCEPTABLE,,,false,A,1,INSUFFICIENT_EVIDENCE,annee_exacte_introuvable,La date de fondation de l'université Al-Qarawiyyin en 859 est confirmée par Wikipédia et Wikidata.,Conserver la fiche d'événement.
c547bcff-74d3-4c63-82ae-0b1e70830718,Mariage de Charles le Téméraire et Marguerite d'York,1468-01-01,KEEP,KEEP_ACCEPTABLE,,,false,A,1,INSUFFICIENT_EVIDENCE,annee_exacte_introuvable,Le titre et la date correspondent à l'événement décrit. L'événement est univoque et le titre est en français.,Conserver la fiche.
4b5c7ed5-5025-4592-a4f8-d9f9aadee093,Traité de Redon - Intervention anglaise en Bretagne,1489-01-01,UPDATE_TITLE,REVIEW,Traité de Redon,1489-01-01,true,B,0.9,INSUFFICIENT_EVIDENCE,annee_exacte_introuvable,"Le titre est plus clair et concis sans la mention de l'intervention anglaise, qui est déjà détaillée dans la description. La date est conservée car elle correspond à l'information disponible.",Vérifier si d'autres sources confirment la date exacte du traité.
edfdfd98-dc1a-47df-9182-342be8cb293e,Tentative d'assassinat d'Henri IV par Pierre Barrière,1594-01-01,UPDATE_DATE,REVIEW,Tentative d'assassinat d'Henri IV par Pierre Barrière,1593-12-27,true,B,0.8,INSUFFICIENT_EVIDENCE,annee_exacte_introuvable,La description mentionne 1593. Plusieurs sources concordantes (bien que parfois imprécises sur le jour exact) indiquent que la tentative a eu lieu fin décembre 1593.,Vérifier si une date plus précise que 1593-12-27 peut être trouvée.
9f4c3e69-e1ed-4497-a697-09019000b714,Raids normands dans les régions entre l' Oise et la Meuse,0899-01-01,DELETE,DELETE,,,true,A,0.9,INSUFFICIENT_EVIDENCE,absence_de_singularite,"L'événement décrit une série de raids, ce qui n'est pas un événement unique. Les sources indiquent une activité viking générale dans la région, mais pas un événement spécifique en 899.",Supprimer car il s'agit d'une série d'événements et non d'un événement singulier.
37070607-f3bd-463a-be19-4b4b0fb955dc,Début des guerres d'indépendance en Amérique latine,1810-01-01,DELETE,DELETE,,,true,A,1,INSUFFICIENT_EVIDENCE,absence_de_singularite,Le titre décrit un processus historique et non un événement singulier survenu une année précise. Les sources ne permettent pas de déterminer une année unique de début. L'audit précédent confirme cette analyse.,Supprimer car il s'agit d'une période et non d'un événement ponctuel.
1b83c653-6194-4d64-a195-c5ad1a700fb4,Nomination du cardinal de Richelieu au Conseil du roi,1623-01-01,UPDATE_DATE,REVIEW,Nomination de Richelieu au Conseil du roi,1624-04-29,true,B,0.8,INSUFFICIENT_EVIDENCE,annee_exacte_introuvable,"Richelieu est nommé au Conseil du roi en 1624. La date précise du 29 avril est mentionnée dans plusieurs sources, mais reste à confirmer avec une source primaire. Le titre est simplifié pour plus de clarté.",Vérifier la date exacte de la nomination avec des sources primaires.
eb5869cb-a456-4e0b-b191-689bea294af2,Premier ascenseur public à New York,1857-03-23,KEEP,KEEP_ACCEPTABLE,,,false,B,0.8,INSUFFICIENT_EVIDENCE,annee_exacte_introuvable,"La description correspond à la date et au titre. Bien que l'audit précédent ait demandé plus de sources, l'information semble correcte et cohérente.",Conserver l'événement tel quel.
a367ea98-d03d-4fc8-8a74-dc9d7186c4e4,Création de l'Université nationale de Somalie,1977-01-01,REVIEW,REVIEW,,,true,C,0,INSUFFICIENT_EVIDENCE,annee_exacte_introuvable,La date de création de l'université n'est pas confirmée par des sources fiables. L'audit précédent n'a pas trouvé de sources confirmant la date de 1977.,"Rechercher des sources fiables (archives universitaires, articles de presse, publications académiques) qui confirment la date de création de l'Université nationale de Somalie. Vérifier si le nom actuel est bien le nom officiel."
83d42ca2-b108-48f2-bb92-b8c778086377,Lancement du parfum Chanel No. 5,1921-01-01,KEEP,KEEP_ACCEPTABLE,,,false,B,0.8,INSUFFICIENT_EVIDENCE,preuve_insuffisante,"La description de l'événement correspond au titre et à la date. Bien que les sources fournies ne confirment pas directement la date de lancement, la description est suffisamment précise pour justifier la conservation de la fiche.",Conserver la fiche telle quelle.
7de334ce-9ab4-4587-9d18-db185f604944,Construction de la première horloge mécanique à Salisbury,1386-01-01,UPDATE_TITLE,REVIEW,Installation de l'horloge de la cathédrale de Salisbury,1386-01-01,true,B,0.8,INSUFFICIENT_EVIDENCE,annee_exacte_introuvable,Le titre actuel est trop général. Le titre proposé est plus précis et correspond à la description. La date est conservée car elle est cohérente avec la description.,Update the title to be more specific to the Salisbury Cathedral clock.
902b1fa6-8261-4aee-bfc9-d5fac840e288,Pseudo-Denys rédige « La Hiérarchie céleste »,0500-01-01,UPDATE_DATE,REVIEW,Rédaction de la Hiérarchie céleste par le Pseudo-Denys l'Aréopagite,0500-01-01,true,B,0.8,INSUFFICIENT_EVIDENCE,preuve_insuffisante,"La description indique une date approximative ""Vers 500"". Bien qu'il n'y ait pas de source définitive confirmant cette date précise, elle est cohérente avec la période généralement admise pour l'activité du Pseudo-Denys. Le titre est reformulé pour être plus standard.","Conserver la date approximative de 500, car elle est cohérente avec les informations disponibles sur le Pseudo-Denys l'Aréopagite. Vérifier si des sources plus précises peuvent être trouvées."
2357317c-3ded-4568-aa95-e412ea53560b,Première plongée de l’Archimède,1967-01-01,KEEP_ACCEPTABLE,KEEP_ACCEPTABLE,,,false,B,0.7,INSUFFICIENT_EVIDENCE,annee_exacte_introuvable,"La description mentionne 1967 comme date de la première plongée significative. Bien qu'une source externe soit souhaitable, la description est cohérente et il n'y a pas de contradiction apparente.",Conserver l'événement avec le titre et la date actuels. Ajouter une source externe serait idéal pour une confirmation plus forte.
0f878f16-4c15-447f-924e-9519644da8cc,Publication du rapport 'Restoring the Quality of Our Environment' par le comité scientifique présidentiel américain,1965-01-01,UPDATE_TITLE,REVIEW,Publication du rapport Restoring the Quality of Our Environment,1965-01-01,true,B,0.9,INSUFFICIENT_EVIDENCE,retrieval_insuffisant,Le titre actuel est trop long. Le titre proposé est plus concis et correspond au nom du rapport mentionné dans la description. La date est conservée car elle est cohérente avec la description.,Vérifier si le rapport a été publié à une date plus précise que le 1er janvier 1965.
2a94e6ec-135a-42cd-b30b-ddf2f8d260f5,Victoire des Francs sur les Alamans dans la région du Neckar,0496-01-01,UPDATE_TITLE,REVIEW,Bataille de Tolbiac,0496-01-01,true,B,0.8,INSUFFICIENT_EVIDENCE,annee_exacte_introuvable,"Le nom plus courant et précis pour cet événement est ""Bataille de Tolbiac"". La date est conservée car elle est mentionnée dans la description.",Vérifier si la description correspond bien à la bataille de Tolbiac.
2cbf1dbe-2ce3-459e-8287-984345d3611d,Brevet du vélocipède à pédales (Lallement),1866-01-01,REVIEW,REVIEW,,,true,C,0,INSUFFICIENT_EVIDENCE,annee_exacte_introuvable,L'année du brevet n'est pas confirmée par une source fiable. L'article Wikipedia sur le vélocipède ne suffit pas.,"Chercher des sources fiables (archives, publications spécialisées) qui confirment la date du brevet du vélocipède à pédales de Lallement."
2f83fb83-4695-41cc-a5df-bfa6f5faef84,Règne de Carloman II,0882-01-01,DELETE,DELETE,,,true,A,1,INSUFFICIENT_EVIDENCE,absence_de_singularite,L'événement décrit une période et non un événement ponctuel. Il y a confusion entre deux personnages historiques.,"Supprimer l'événement car il s'agit d'une période et non d'un événement singulier, et il y a une confusion entre deux Carloman."
e443ec4f-bb6f-4c72-bfc4-141971256a25,Installation première horloge publique (Paris),1370-01-01,UPDATE_DATE,REVIEW,,1330-01-01,true,B,0.8,INSUFFICIENT_EVIDENCE,annee_exacte_introuvable,La description indique clairement 1330 comme date de l'installation de la première horloge publique à Paris. L'année 1370 est incorrecte.,"Mettre à jour la date avec 1330, comme indiqué dans la description."
b8792ed3-303a-44c6-adbd-2a8876325852,Institution du salaire minimum interprofessionnel garanti,1950-01-01,KEEP,KEEP_ACCEPTABLE,,,false,A,1,INSUFFICIENT_EVIDENCE,annee_exacte_introuvable,La date et le titre correspondent à la description. L'événement est bien documenté.,Conserver la fiche d'événement.
221b213e-25dc-485b-b237-429ab3f2f28d,Guerre de Cent Ans entre le royaume de France et le royaume d'Angleterre,1337-01-01,DELETE,DELETE,,,true,A,1,INSUFFICIENT_EVIDENCE,absence_de_singularite,"La Guerre de Cent Ans est une période historique, pas un événement unique. La date de 1337 marque le début de cette période, mais ne constitue pas un événement singulier en soi.",Supprimer car il s'agit d'une période et non d'un événement ponctuel.
c5a54c75-6a73-4d97-921b-1452d3ffa049,Création de l’Université impériale,1808-01-01,KEEP,KEEP_ACCEPTABLE,,,false,B,0.7,INSUFFICIENT_EVIDENCE,annee_exacte_introuvable,"La description correspond bien à la date et au titre. Bien que l'audit précédent ait manqué de sources, la description elle-même est cohérente et plausible. On peut considérer que c'est acceptable.",Conserver l'événement tel quel.
658be692-c637-4807-a70c-729b720b94c3,Ouverture du métro de Paris,1900-01-01,REVIEW,REVIEW,,,true,C,0,INSUFFICIENT_EVIDENCE,annee_exacte_introuvable,L'audit précédent a conclu à un manque de sources fiables confirmant la date. Les sources actuelles ne fournissent pas d'informations pertinentes sur la date d'ouverture du métro de Paris.,"Rechercher des sources fiables (archives, journaux de l'époque, sites spécialisés en histoire des transports) pour confirmer la date exacte de l'ouverture du métro de Paris. Vérifier si l'événement correspond à l'ouverture de la première l…"
943879fa-8c79-4ed3-b154-0af0576327ca,Première Bible imprimée en français,1488-01-01,KEEP_ACCEPTABLE,REVIEW,,,true,B,0.6,INSUFFICIENT_EVIDENCE,annee_exacte_introuvable,"The title and description seem accurate, but finding definitive proof for the exact date of the first printed Bible in French is challenging. Keeping the entry as acceptable.","Keep the entry as is, but continue to search for more definitive sources to confirm the exact date."
b69975a2-43b1-4e88-a7e8-85739ac44259,Création de l’OAS,1961-01-01,KEEP_ACCEPTABLE,KEEP_ACCEPTABLE,,,false,B,0.7,INSUFFICIENT_EVIDENCE,annee_exacte_introuvable,"The description clearly indicates the creation of the OAS in 1961. While external sources are ideal, the internal consistency is strong enough to accept the entry.","Accept the entry as is, but prioritize finding external sources to confirm the date in future reviews."
871ff71c-f5b8-4bee-a7d1-4e8883207d02,Invention du téléautographe de Elisha Gray,1888-01-01,KEEP_ACCEPTABLE,KEEP_ACCEPTABLE,Invention du téléautographe par Elisha Gray,1888-01-01,false,C,0.7,INSUFFICIENT_EVIDENCE,retrieval_insuffisant,"Le titre est clair et la description correspond à la date. Cependant, le niveau de preuve reste faible sans sources externes.",Ajouter des sources pour renforcer la confiance dans la date.
c7f2abb3-4448-434c-8584-80824fd9e7e2,Inauguration des Petronas Towers à Kuala Lumpur,1998-01-01,KEEP_ACCEPTABLE,KEEP_ACCEPTABLE,,,false,B,0.7,INSUFFICIENT_EVIDENCE,retrieval_insuffisant,"La description correspond à l'événement et à la date. Bien qu'aucune source externe n'ait été fournie, l'événement est bien connu et la date est plausible.","Conserver l'événement tel quel, mais idéalement ajouter une source pour renforcer la confiance."
fd261994-1b61-4c79-8109-0cbeb6003116,Règne de Dagobert I er sur le royaume unifié des Francs,0629-01-01,UPDATE_TITLE,DELETE,Règne de Dagobert Ier,0629-01-01,true,B,0.9,INSUFFICIENT_EVIDENCE,absence_de_singularite,"Le titre est trop long et inutilement précis. On peut simplifier en ""Règne de Dagobert Ier"". La date de début de règne est mentionnée dans la description.",Mettre à jour le titre pour plus de concision.
711af4b9-7c8f-41ea-875c-a829b410df37,Utilisation documentée de la poudre à canon en Chine,1232-01-01,REVIEW,REVIEW,,,true,C,0.5,INSUFFICIENT_EVIDENCE,annee_exacte_introuvable,"L'événement est potentiellement valide, mais la date précise (1232) nécessite une vérification plus approfondie avec des sources plus spécifiques. L'article Wikipedia fourni est trop général.",Rechercher des sources primaires ou secondaires qui confirment l'année 1232 pour la première utilisation militaire documentée de la poudre à canon en Chine. Vérifier si des sources chinoises peuvent apporter plus de précision.
a4fa1b7a-2227-4fc9-be5a-2b8a76daf071,Lancement du rover Curiosity sur Mars (NASA),2011-01-01,UPDATE_DATE,UPDATE_DATE,Lancement du rover Curiosity,2011-11-26,false,A,0.9,INSUFFICIENT_EVIDENCE,annee_exacte_introuvable,La date de lancement du rover Curiosity est le 26 novembre 2011. Le titre est simplifié pour être plus concis et correspondre à l'événement principal.,Mettre à jour la date de l'événement avec la date de lancement correcte (2011-11-26) et simplifier le titre.
6f652224-8fa7-4398-a1a2-612bd7b05077,Jamblique écrit « Vie de Pythagore »,0300-01-01,UPDATE_TITLE,UPDATE_TITLE,Vie de Pythagore (Jamblique),0300-01-01,false,A,0.9,INSUFFICIENT_EVIDENCE,absence_de_singularite,"Le titre actuel est une description de l'action d'écriture, pas le titre de l'œuvre. Le titre proposé est plus approprié et correspond à l'œuvre elle-même. La date est conservée car elle est mentionnée dans la description.",Mettre à jour le titre pour qu'il corresponde au titre de l'œuvre de Jamblique.
394454cf-1e84-490e-83e1-cb2833a5f57d,Loi des 35 heures : adoption d'une durée hebdomadaire maximale du travail salarié,1997-01-01,UPDATE_DATE,REVIEW,Adoption de la loi relative à la réduction du temps de travail (loi Aubry),1998-06-13,true,B,0.8,INSUFFICIENT_EVIDENCE,annee_exacte_introuvable,La loi Aubry a été adoptée en deux temps. La première loi a été promulguée le 13 juin 1998. Le titre est légèrement modifié pour correspondre à l'appellation la plus courante et officielle.,Vérifier si la date du 13 juin 1998 correspond bien à la promulgation de la première loi Aubry sur les 35 heures.
41cf122d-0f44-4597-a4a5-68fa69c96f2b,Première traversée du Sahara en automobile,1922-01-01,KEEP_ACCEPTABLE,KEEP_ACCEPTABLE,Première traversée du Sahara en automobile,1922-01-01,false,B,0.7,INSUFFICIENT_EVIDENCE,annee_exacte_introuvable,"Le titre et la date semblent corrects et cohérents avec la description. Bien qu'il manque des sources directes, l'information est plausible et largement répandue.","Conserver l'événement tel quel, mais ajouter des sources si possible pour augmenter la confiance."
6e7b8d0f-0e87-4975-bdce-cb7b8075ef95,Loi Veil légalisant l'IVG en France,1975-01-01,KEEP_ACCEPTABLE,KEEP_ACCEPTABLE,,,false,B,0.7,INSUFFICIENT_EVIDENCE,retrieval_insuffisant,"Le titre et la date semblent corrects et cohérents avec la description. Cependant, l'absence de sources externes diminue la confiance.",Ajouter des sources externes pour augmenter la confiance.
45762cb2-ca04-4d94-b240-ea01de3751c0,Première émission d'obligations vertes,2007-01-01,KEEP_ACCEPTABLE,REVIEW,,,true,B,0.6,INSUFFICIENT_EVIDENCE,retrieval_insuffisant,"Bien que les sources fournies ne confirment pas directement la date de l'émission d'obligations vertes, l'absence de contestation et la description cohérente permettent de considérer l'événement comme acceptable en l'état.",Conserver l'événement avec un niveau de confiance modéré en l'absence de sources confirmant spécifiquement la date.
8400c533-39f0-49bb-b83b-62a8bb51907f,Pierre le Grand impose la taxe sur la barbe,1696-01-01,REVIEW,REVIEW,,,true,C,0,INSUFFICIENT_EVIDENCE,annee_exacte_introuvable,L'année exacte de l'imposition de la taxe sur la barbe par Pierre le Grand n'est pas confirmée par des sources fiables. L'article Wikipédia sur la barbe ne mentionne pas cet événement spécifique ni sa date.,Rechercher des sources historiques fiables (autres que la base de données) qui confirment l'année exacte de l'imposition de la taxe sur la barbe par Pierre le Grand.
0dbe7256-8749-47e4-b5cd-ff833d7e9f03,Inauguration de la ligne Maginot,1930-01-01,REVIEW,REVIEW,,,true,C,0,INSUFFICIENT_EVIDENCE,annee_exacte_introuvable,La date de 1930 est incertaine. L'audit précédent n'a pas permis de la confirmer. Il faut une recherche plus approfondie pour déterminer la date exacte de l'inauguration de la ligne Maginot.,Rechercher des sources fiables pour confirmer la date exacte de l'inauguration de la ligne Maginot.
4620a8b4-f321-4c4e-89f6-87f9b4592374,Première projection des frères Lumière,1895-01-01,UPDATE_DATE,UPDATE_DATE,Première projection publique des frères Lumière,1895-12-28,false,A,0.9,INSUFFICIENT_EVIDENCE,retrieval_insuffisant,"La date du 1er janvier 1895 est incorrecte. La première projection publique et commerciale a eu lieu le 28 décembre 1895, selon Wikipedia en anglais.",Mettre à jour la date au 28 décembre 1895.
24b90e04-3ef5-45e2-8498-f8d19b50db79,Al-Farabi rédige « La Cité idéale »,0942-01-01,KEEP_ACCEPTABLE,REVIEW,,,true,B,0.6,INSUFFICIENT_EVIDENCE,retrieval_insuffisant,"La description correspond à l'événement et à la date. Bien qu'il manque des sources externes directes, l'information semble plausible et cohérente avec le contexte historique.",Conserver l'événement avec un niveau de confiance modéré en attendant de potentielles sources plus solides.
efe10074-086f-4537-b042-2888ed0d06d6,Clonage de la brebis Dolly,1996-07-05,KEEP_ACCEPTABLE,KEEP_ACCEPTABLE,Naissance de Dolly,1996-07-05,false,B,0.8,INSUFFICIENT_EVIDENCE,annee_exacte_introuvable,Le titre est acceptable mais peut être amélioré. La date est cohérente avec la description. Le titre 'Naissance de Dolly' est plus précis et univoque.,Conserver la fiche avec le titre et la date actuels.
e3c15391-81d3-41ba-91e1-63165fb7c298,Introduction du dindon en Europe,1520-01-01,DELETE,DELETE,,,true,A,0.9,INSUFFICIENT_EVIDENCE,absence_de_singularite,"L'introduction du dindon est un processus, pas un événement unique. La date de 1520 est arbitraire.",Supprimer car il s'agit d'un processus et non d'un événement ponctuel.
0addef27-733b-4412-837a-d1ac0f14b0d4,Fondation de l'école de médecine de Salerne,1050-01-01,UPDATE_DATE,REVIEW,Fondation de l'école de médecine de Salerne,0900-01-01,true,B,0.8,INSUFFICIENT_EVIDENCE,annee_exacte_introuvable,Wikidata indique 900 comme date de fondation. La description mentionne le IXe siècle. L'année 900 est donc plus précise et cohérente.,Update the date to 0900-01-01 based on Wikidata and the description mentioning the 9th century.
e8071fec-96e6-4695-bd2a-4bc0f9edcbb8,Le mouvement des flagellants,1349-01-01,DELETE,DELETE,,,true,A,1,INSUFFICIENT_EVIDENCE,absence_de_singularite,"Le titre et la description se réfèrent à un mouvement religieux s'étendant sur une période, et non à un événement unique. Les sources confirment cette interprétation.",Supprimer car il s'agit d'un mouvement et non d'un événement ponctuel.