id,current_title,current_date,decision,final_decision,proposed_title,proposed_date_iso,review_required,evidence_level,confidence,status,result_bucket,reasoning_short,recommendation
a48bbd06-c46f-455e-9e40-5998d815f3f4,Première attribution du Prix Goncourt,1901-12-01,UPDATE_DATE,REVIEW,,1903-12-21,true,A,1,DISPUTED_DATE,date_disputee,"La date de la première attribution du Prix Goncourt est le 21 décembre 1903, selon Wikipédia et Wikidata. La description doit être mise à jour pour refléter cette date.",Mettre à jour la date à 1903-12-21 et modifier la description pour qu'elle corresponde à la date correcte.
6ce54a90-a8cf-4704-b0b9-c0b77f798e18,Shakespeare écrit Hamlet,1601-01-01,UPDATE_TITLE,REVIEW,Première publication d'Hamlet,1603-01-01,true,B,0.8,DISPUTED_DATE,date_disputee,La première publication d'Hamlet date de 1603. Le titre est plus précis que 'Shakespeare écrit Hamlet'.,"Vérifier s'il existe des preuves de publications antérieures à 1603, malgré la prédominance de cette date dans les sources."
422d0fa7-49ce-4776-88e1-5a384c474ddc,Fondation de l' abbaye de Cluny par Guillaume le Pieux,0909-01-01,UPDATE_BOTH,REVIEW,Fondation de l'abbaye de Cluny,0910-09-11,true,B,0.8,DISPUTED_DATE,date_disputee,"Le titre est amélioré en supprimant la mention de Guillaume le Pieux, car l'événement principal est la fondation de l'abbaye. La date la plus précise et la plus souvent mentionnée est le 11 septembre 910.",Mettre à jour la date au 11 septembre 910 et mentionner l'incertitude avec 909 dans la description détaillée.
8b231105-86c5-4ae1-a7f4-5008c9b6cd2a,Création du Parc national de la Vanoise,1964-08-22,UPDATE_DATE,REVIEW,,1963-07-06,true,A,0.9,DISPUTED_DATE,date_disputee,La date de création du Parc national de la Vanoise est le 6 juillet 1963 selon Wikidata (P571).,Mettre à jour la date de création avec la date la plus précise disponible sur Wikidata.
1bd4b610-4b8d-4fc4-904f-e76895f60efd,Siège,0885-01-01,UPDATE_TITLE,UPDATE_TITLE,Siège de Paris,,false,A,0.9,AMBIGUOUS_TITLE,titre_ambigu_ou_collision,"Le titre actuel est trop vague. La description indique un siège de Paris. Le titre doit être plus précis, mais sans la date car ce n'est pas une pratique courante pour les titres d'événements historiques.",Mettre à jour le titre pour inclure le lieu du siège.
90ce3870-3e7d-4349-8fab-66fca7442f1c,Premières batailles entre Francs et Normands,0804-01-01,UPDATE_TITLE,REVIEW,Premiers raids vikings en Gaule franque,0804-01-01,true,B,0.9,AMBIGUOUS_TITLE,titre_ambigu_ou_collision,"Le titre 'Raids Vikings en Gaule' est acceptable, mais 'Premiers raids vikings en Gaule franque' est plus précis et correspond mieux à la description. L'année 804 est mentionnée dans la description comme le début de ces raids. On considère cet événement comme singulier car il marque le début d'une série de raids.",Vérifier si des sources permettent de préciser la localisation exacte des raids. Croiser avec d'autres sources pour confirmer la date et la nature des raids.
7a142d9d-89a5-4997-ae9b-9144caf558ab,Charles de Basse-Lorraine,0991-01-01,UPDATE_DATE,REVIEW,,0991-06-12,true,A,0.9,DISPUTED_DATE,date_disputee,"La source Wikipédia en français indique clairement que Charles de Basse-Lotharingie est mort le 12 juin 991. La description mentionne des événements de 991, ce qui rend cette date cohérente.","Mettre à jour la date de l'événement au 12 juin 991, date du décès de Charles de Basse-Lotharingie."
14809096-67aa-421d-b011-941519b7cdfd,Achèvement du temple Ginkaku-ji à Kyoto,1498-01-01,REVIEW,REVIEW,,,true,C,0.5,DISPUTED_DATE,date_disputee,"La date d'achèvement du temple Ginkaku-ji est incertaine. Les sources actuelles indiquent des dates de début de construction en 1465 et 1490, mais pas de date d'achèvement claire. La date de 1498 reste non confirmée.",Rechercher des sources supplémentaires pour confirmer la date d'achèvement du temple Ginkaku-ji. Vérifier si la date de 1498 correspond à un événement significatif lié au temple.
fa26be3c-8d68-4313-acc6-a0c84390914f,"Mort d’Alfred le Grand, roi de Wessex",0899-01-01,UPDATE_BOTH,REVIEW,Mort d'Alfred le Grand,0899-10-26,true,A,1,DISPUTED_DATE,date_disputee,Le titre est simplifié et la date est mise à jour selon les sources Wikipédia et Wikidata (date de décès précise).,Mettre à jour le titre et la date de l'événement avec les informations les plus précises disponibles.
423c7721-87a2-4ac3-ba08-42cac0ee3e7f,Le 'canular de l'homme de Piltdown',1912-01-01,KEEP,REVIEW,,,true,A,1,DISPUTED_DATE,date_disputee,Le titre et la date sont corrects et cohérents avec la description. L'événement est bien documenté et le titre est clair.,Aucune modification nécessaire.
01fd7b3a-12f9-40ae-ad19-7e3af9875f77,Ouverture du Musée de l’Homme,1938-01-01,UPDATE_DATE,REVIEW,,1937-01-01,true,A,0.9,DISPUTED_DATE,date_disputee,"Wikidata et Wikipédia indiquent 1937 comme date d'installation du musée dans le Palais de Chaillot. L'ouverture au public a pu être en 1938, mais l'événement initial est bien l'installation en 1937.","Mettre à jour la date avec 1937-01-01, date d'installation selon Wikidata et Wikipedia."
7a4815b7-a011-4e18-8296-fc9757be5b9b,Construction du Palais de Topkapi à Constantinople,1465-01-01,UPDATE_DATE,REVIEW,,1460-01-01,true,B,0.7,DISPUTED_DATE,date_disputee,"Wikidata indique 1460 comme date de début de construction, ce qui est cohérent avec la description qui mentionne le début de la construction après la prise de Constantinople en 1453.","Mettre à jour la date avec 1460-01-01, car c'est la date la plus ancienne et la plus fréquente dans les sources."
3864230e-c62d-40cd-bba5-ad3bf40df4c2,Guerre de la vache,1303-01-01,UPDATE_DATE,REVIEW,,1275-01-01,true,A,0.9,DISPUTED_DATE,date_disputee,La date actuelle (1303) est incorrecte. Les sources indiquent que la Guerre de la Vache s'est déroulée entre 1275 et 1280. On prend 1275 comme date de début.,"Mettre à jour la date avec 1275-01-01. L'événement est une période, pas un événement singulier."
0a2255ae-f6a7-485e-932f-7300d729e74e,Création de la Société Royale de Médecine,1776-01-01,UPDATE_DATE,REVIEW,,1778-01-01,true,A,1,DISPUTED_DATE,date_disputee,La date de création de la Société Royale de Médecine est 1778 selon Wikipédia et Wikidata. La description est cohérente avec cette date.,Mettre à jour la date de création de la Société Royale de Médecine à 1778-01-01.
dcf7029a-124c-44d1-b070-1dbe112993d3,Conversion de Clovis,0498-12-25,UPDATE_DATE,REVIEW,,,true,A,0.9,DISPUTED_DATE,date_disputee,"La date exacte de la conversion de Clovis est incertaine et débattue par les historiens. Les sources suggèrent 498 ou 499 comme dates possibles, mais d'autres hypothèses existent.",Supprimer la date précise et indiquer une période plus large (fin du Ve siècle) ou mentionner l'incertitude de la date dans la description.
63624f79-66c8-4b4c-97cd-ee142a1683ac,Début de la construction du château de Bran,1377-01-01,UPDATE_DATE,REVIEW,,1289-01-01,true,B,0.9,DISPUTED_DATE,date_disputee,"Wikidata indique 1289 comme date de début de construction. L'article Wikipedia ne donne pas d'année précise, mais mentionne une construction par les chevaliers Teutoniques au début du XIIIe siècle. 1289 est donc une date plus probable que 1377.",Mettre à jour la date de début de construction du château de Bran avec 1289.
af061fbf-abc7-462e-9513-079556cf4172,Inauguration du Musée d'Art Moderne de Lille Métropole,1974-01-01,UPDATE_DATE,REVIEW,,1983-01-01,true,A,1,DISPUTED_DATE,date_disputee,"La date d'inauguration du musée est le 1er janvier 1983, selon Wikipédia et Wikidata. La description correspond à cette date.",Mettre à jour la date de l'événement avec la date du 1er janvier 1983.
81f59240-be5b-4cc1-bfa6-3a2c13a67f55,Début de la prédication de Luther et des 95 thèses,1517-01-01,UPDATE_BOTH,REVIEW,Publication des 95 thèses,1517-10-31,true,A,0.9,DISPUTED_DATE,date_disputee,La date du 31 octobre 1517 est largement acceptée pour la publication des 95 thèses. Le titre est plus concis et standard.,Mettre à jour le titre et la date avec les valeurs proposées.
8ed1af99-f299-42bf-8600-8ecaf88d669b,Peary au pôle Nord,1909-01-01,UPDATE_TITLE,REVIEW,Revendication de Robert Peary d'avoir atteint le pôle Nord,1909-01-01,true,A,0.9,DISPUTED_DATE,date_disputee,Le titre actuel est trop simple et ne reflète pas la controverse. Le titre proposé est plus précis et correspond à la description. La date est conservée car elle est mentionnée dans la description.,Vérifier si d'autres sources confirment la date exacte et la nature controversée de la revendication.
74cab55a-0fe8-44ae-ae21-0f3808675002,Lois Jim Crow (États-Unis),1877-01-01,DELETE,REVIEW,,,true,A,1,POTENTIAL_DATE_ERROR,divergence_date,Les lois Jim Crow représentent une période de ségrégation et non un événement unique. La description et les sources confirment qu'il s'agit d'une série de lois appliquées sur plusieurs années.,Supprimer l'entrée car elle décrit une période historique et non un événement ponctuel.
4e675bbc-17a9-4d1e-9472-c82081437717,Naissance d'Armand d'Athos,1615-01-01,UPDATE_DATE,REVIEW,Naissance d'Armand de Sillègue d'Athos d'Hauteville,1615-01-01,true,B,0.7,DISPUTED_DATE,date_disputee,"Bien que Wikidata indique 1599, l'article Wikipédia en français mentionne 1615 comme date de naissance d'Armand de Sillègue d'Athos d'Hauteville, le personnage historique derrière le roman. Je privilégie la source Wikipédia en français, plus précise et contextualisée.",Mettre à jour la date de naissance à 1615-01-01 et le titre pour plus de précision.
02ffabbd-1ff2-4476-825b-4eed0edc0933,Ouverture du Taipei 101,2004-01-01,UPDATE_DATE,REVIEW,,2004-12-31,true,B,0.9,DISPUTED_DATE,date_disputee,Wikipédia mentionne que le Taipei 101 était le plus grand gratte-ciel du monde de 2004 à 2010. Wikidata indique une date d'inception au 31 décembre 2005. Plusieurs sources concordent sur une ouverture fin 2004.,"Mettre à jour la date au 31 décembre 2004, car c'est la date d'ouverture la plus probable."
5e7bce44-ad2d-4393-b1f0-43d9a016be0e,Mort de Gengis Khan,1227-01-01,UPDATE_DATE,REVIEW,,1227-08-00,true,A,0.9,DISPUTED_DATE,date_disputee,"Plusieurs sources, dont Wikipédia et Wikidata, indiquent que Gengis Khan est décédé en août 1227. Wikidata donne même des dates précises (18 et 25 août), mais il y a une incertitude sur le jour exact. Il est donc prudent de retenir le mois d'août 1227.",Mettre à jour la date au mois d'août 1227 (1227-08-00).
badb8edc-93e7-4754-bb6d-e37be77dcf5a,Début de la christianisation de l’Irlande par saint Patrick,0432-01-01,UPDATE_DATE,REVIEW,Christianisation de l'Irlande,,true,B,0.7,DISPUTED_DATE,date_disputee,"La date précise du début de la christianisation de l'Irlande par Saint Patrick est incertaine. Plusieurs sources indiquent des dates de naissance et de mort différentes pour Saint Patrick, ce qui rend difficile de déterminer une date précise pour le début de son activité missionnaire. Il est préférable de ne pas spéci…",Ne pas spécifier de date pour cet événement en raison de l'incertitude entourant la vie de Saint Patrick et le début de la christianisation de l'Irlande.
33f54e0d-3f1f-4fb6-9b00-ff452b4c5c0b,Seconde Guerre de l'Opium,1856-01-01,DELETE,REVIEW,,,true,A,1,POTENTIAL_DATE_ERROR,divergence_date,La Seconde Guerre de l'Opium est un conflit qui s'est déroulé de 1856 à 1860. On ne peut donc pas lui attribuer une date précise.,Supprimer l'événement car il s'agit d'une période et non d'un événement ponctuel.
179860b6-c093-4e80-bcd2-1621b8d74c29,Révolte des Boxers,1900-10-01,UPDATE_DATE,REVIEW,,1899-08-01,true,A,0.9,DISPUTED_DATE,date_disputee,La date de début de la révolte des Boxers est plus précisément août 1899 selon Wikidata et Wikipedia. La description reste cohérente.,Mettre à jour la date au 1er août 1899.
4108d7ab-2aae-427a-be59-5a0b11fb3b14,Botticelli peint la Naissance de Vénus,1486-01-01,UPDATE_BOTH,REVIEW,La Naissance de Vénus,1483-01-01,true,B,0.7,DISPUTED_DATE,date_disputee,Le titre est simplifié pour correspondre au nom de l'œuvre. La date est imprécise (1482-1485 selon Wikipedia). On retient la date médiane de 1483. La description reste cohérente.,Remplacer le titre et la date par les valeurs proposées.
77254478-2741-4941-a997-c6e9a16324fd,Création de la Fédération abolitionniste internationale,1875-01-01,KEEP,REVIEW,,,true,A,1,DISPUTED_DATE,date_disputee,"La date de 1875 est cohérente avec la description et l'article Wikipédia en français. Bien que Wikidata indique 1877, la source Wikipédia est plus détaillée et confirme 1875. Le titre est clair et correspond à l'appellation standard.",Conserver la fiche telle quelle.
93a5c3b3-f48b-43b4-acf1-d99f2a091275,Création de l'Organisation maritime internationale,1948-01-01,UPDATE_DATE,REVIEW,,1948-03-17,true,A,0.9,DISPUTED_DATE,date_disputee,"L'audit précédent a identifié de manière convaincante le 17 mars 1948 comme date d'ouverture à la signature de la convention créant l'OMI, ce qui est plus précis que la date générique du 1er janvier 1948. Les sources clés identifiées dans l'audit précédent confirment cette date.","Mettre à jour la date au 17 mars 1948, date d'ouverture à la signature de la convention."
5aee30ef-9b8e-45db-b3d2-8d8de47e17de,Loi SRU : obligation de construire des logements sociaux dans les communes,2001-01-01,UPDATE_DATE,UPDATE_DATE,,2000-12-01,false,A,0.9,POTENTIAL_DATE_ERROR,divergence_date,La description indique clairement que la loi a été adoptée et promulguée en décembre 2000. Plusieurs sources confirment que la loi SRU a été promulguée le 13 décembre 2000. Utiliser le premier jour du mois est une simplification acceptable.,Mettre à jour la date au 1er décembre 2000.
b4151014-7abf-4209-89a3-e71f3cba5da0,Mort d’Erik Satie,1925-01-01,UPDATE_DATE,REVIEW,,1925-07-01,true,A,1,DISPUTED_DATE,date_disputee,"La date de décès d'Erik Satie est le 1er juillet 1925, confirmée par plusieurs sources dont Wikipédia et Wikidata.","Mettre à jour la date de l'événement avec la date correcte du décès d'Erik Satie, soit le 1er juillet 1925."
58039f76-4caf-4696-9a47-7d8a85aba9cb,Naissance de Michel-Ange,1475-03-06,KEEP,REVIEW,,,true,A,1,DISPUTED_DATE,date_disputee,"La date de naissance de Michel-Ange est bien le 6 mars 1475, comme confirmé par de multiples sources (Wikipédia FR, Wikidata).",Conserver la fiche telle quelle.
97c8c3b8-97ec-4005-9d06-a4b4bead5074,"Frida Kahlo, figure emblématique de l'art mexicain",1930-01-01,UPDATE_TITLE,REVIEW,Début de la carrière artistique de Frida Kahlo,1930-01-01,true,B,0.6,AMBIGUOUS_TITLE,titre_ambigu_ou_collision,"The original title was too general. The proposed title is more specific and reflects the description, which mentions Frida Kahlo's emergence as a major artistic figure in the 1930s. The date remains the same as it is the beginning of the decade.","Further research could pinpoint a more precise event or exhibition that marked the beginning of Frida Kahlo's career around 1930. If a specific event is found, update the title and date accordingly."
c13fd56f-ea19-4329-9047-595ffb8ca02c,Supplice de la reine Brunehilde par Clotaire II,0613-01-01,UPDATE_BOTH,REVIEW,Exécution de Brunehilde,0613-02-28,true,B,0.9,DISPUTED_DATE,date_disputee,"Le titre actuel est trop long et contient des informations inutiles. Le supplice est une exécution. Wikidata donne deux dates de mort, dont une au 28 février 613. On retient cette date plus précise.",Aucune.
d7e40c7b-d5e8-4f4e-883f-ec681542223b,Fondation de l'abbaye de Fleury,0638-01-01,UPDATE_DATE,REVIEW,,0651-01-01,true,A,0.9,DISPUTED_DATE,date_disputee,La date de 638 est contredite par plusieurs sources. La date de 651 est plus probable selon Wikidata et Wikipedia.,Mettre à jour la date de fondation de l'abbaye de Fleury à 651-01-01.
46f69b0d-7c37-4b68-8b60-473f34a16e72,"Mort de Gontran, roi de Bourgogne",0592-01-01,UPDATE_DATE,REVIEW,,0592-03-28,true,A,0.9,DISPUTED_DATE,date_disputee,Wikipédia et Wikidata mentionnent plusieurs dates de décès possibles pour Gontran. Wikidata donne 0592-03-28 comme date de décès avec une précision au jour près. La description reste cohérente avec cette date.,Mettre à jour la date de décès de Gontran avec la date du 28 mars 592.
d7d1866d-615e-460b-b3b3-7dcf91199b38,Naissance de Jean de La Fontaine,1621-01-01,UPDATE_DATE,REVIEW,Naissance de Jean de La Fontaine,1621-07-08,true,A,0.9,DISPUTED_DATE,date_disputee,La date de naissance de Jean de La Fontaine est le 8 juillet 1621 selon Wikipédia et Wikidata. L'année 1621 est confirmée par plusieurs sources.,Mettre à jour la date de naissance avec la date précise du 8 juillet 1621.
ddbc9f12-88fc-45fa-91ed-296a94dd877e,Signature du traité du Baqt entre la Nubie et l'Égypte,0651-01-01,UPDATE_DATE,REVIEW,,0652-01-01,true,B,0.8,DISPUTED_DATE,date_disputee,"La description mentionne 651-652. L'article Wikipédia en français indique 652 comme date de signature du traité. Wikidata propose 700, mais l'article Wikipédia est plus précis et pertinent. Mise à jour de la date vers 652.","Mettre à jour la date de l'événement au 1er janvier 652, en se basant sur l'article Wikipédia en français."
1fa94f5d-0294-41c9-949c-c80fdd4cb62b,Création de la Société française d'archéologie,1833-05-21,UPDATE_DATE,REVIEW,,1834-01-01,true,A,0.9,DISPUTED_DATE,date_disputee,Wikipédia et Wikidata indiquent 1834 comme date de création de la Société française d'archéologie. La description est cohérente avec cette date.,Mettre à jour la date de création avec 1834-01-01.
082d5f18-e416-486f-9238-3cea3b55da7c,Naissance du journal « Le Monde diplomatique »,1948-01-01,UPDATE_BOTH,REVIEW,Fondation du Monde diplomatique,1954-05-01,true,A,0.9,DISPUTED_DATE,date_disputee,"Les sources Wikipédia et Wikidata concordent sur l'année 1954 pour la fondation du Monde diplomatique, avec une date plus précise en mai 1954. Le titre est mis à jour pour être plus concis et standard.",Mettre à jour le titre et la date de l'événement avec les informations issues des sources Wikipédia et Wikidata.
e231a15e-8a94-47a9-82ca-bfb096aa85f5,Fondation de l'ordre des Frères Prêcheurs (Dominicains) par saint Dominique,1215-01-01,UPDATE_BOTH,REVIEW,Fondation de l'ordre des Prêcheurs,1215-01-01,true,A,0.9,DISPUTED_DATE,date_disputee,"Le titre est trop long et inclut des détails inutiles. Le nom officiel de l'ordre est ""Ordre des Prêcheurs"". La date de 1215 est confirmée par plusieurs sources.",Simplifier le titre et conserver la date de fondation.
d2a46ef9-e592-4e59-90fa-a09f0908ea5c,La règle de saint Benoît est rédigée,0540-01-01,REVIEW,REVIEW,,,true,C,0.5,DISPUTED_DATE,date_disputee,"La date de rédaction de la Règle de saint Benoît est incertaine. Wikipédia indique 530, et Wikidata indique 600. La description indique 540. Les sources sont contradictoires.","Rechercher des sources supplémentaires pour confirmer l'année de rédaction de la Règle de saint Benoît. Il faut trancher entre 530, 540 et 600."
9ea1ee91-53e4-4eaa-ae3a-b9a4259db0c4,Fondation de la Société protectrice des animaux,1824-01-01,UPDATE_BOTH,UPDATE_BOTH,Fondation de la Société protectrice des animaux (France),1845-12-02,true,A,1,POTENTIAL_DATE_ERROR,divergence_date,"La date de fondation de la Société Protectrice des Animaux (SPA) en France est le 2 décembre 1845, comme confirmé par Wikidata et les articles Wikipédia en français et en anglais. Le titre est précisé pour éviter toute confusion avec d'autres organisations portant un nom similaire.",Mettre à jour le titre et la date avec les informations validées.
c8c10d0b-8b18-43b8-8dda-ef7e80e662e3,Décès de William Shakespeare,1616-01-01,UPDATE_DATE,REVIEW,,1616-04-23,true,A,0.9,DISPUTED_DATE,date_disputee,La date du 23 avril 1616 est confirmée par Wikipédia en français et Wikidata comme la date de décès de William Shakespeare. L'autre date (3 mai 1616) semble moins fiable.,Mettre à jour la date de décès au 23 avril 1616.
97c63d94-fbd1-418d-a483-ddd2307d6893,Création des premiers zoos royaux à Versailles,1664-01-01,UPDATE_BOTH,UPDATE_BOTH,Construction de la ménagerie royale de Versailles,1663-01-01,true,A,1,POTENTIAL_DATE_ERROR,divergence_date,Le titre est plus précis en parlant de construction. La date de début de construction est 1663 selon Wikipédia et Wikidata.,Mettre à jour le titre et la date avec les informations de Wikipédia et Wikidata.
6097ea19-b253-405f-9e94-56bd69aae0cf,Bataille du Mont Badon (Roi Arthur),0500-01-01,UPDATE_TITLE,REVIEW,Bataille du Mont Badon,0500-01-01,true,B,0.9,DISPUTED_DATE,date_disputee,Le titre doit être épuré de la mention '(Roi Arthur)' qui est une interprétation. La date est conservée car elle est sourcée par Wikidata et mentionnée dans l'article Wikipedia.,"Supprimer la mention du Roi Arthur du titre. Conserver la date de 0500-01-01, tout en sachant qu'elle est disputée."
8c2bf3ca-9def-4e35-a8db-82fab4834d7a,Traversée du pôle Nord,1906-01-01,UPDATE_BOTH,REVIEW,Expédition de Robert Peary au pôle Nord,1909-04-06,true,B,0.8,DISPUTED_DATE,date_disputee,L'expédition de 1906 est contestée. L'expédition la plus connue et généralement acceptée de Peary au pôle Nord a eu lieu en 1909. Le titre est rendu plus précis en incluant le nom de l'explorateur.,Mettre à jour le titre et la date pour refléter l'expédition la plus reconnue de Peary au pôle Nord.
c07cb199-25e4-4039-b2ca-ffeddceb94cd,Création d'Air France,1933-01-01,UPDATE_DATE,REVIEW,,1933-08-30,true,A,0.9,DISPUTED_DATE,date_disputee,La date de création d'Air France est le 30 août 1933 selon Wikipédia et Wikidata. La description est cohérente avec cette date.,Mettre à jour la date au 30 août 1933.
835b0358-f41e-4b10-baca-22a3d9cd7386,Dernières mentions des Huns,0488-01-01,KEEP_ACCEPTABLE,REVIEW,,,true,B,0.9,AMBIGUOUS_TITLE,titre_ambigu_ou_collision,"The previous audit suggested a title change, but the current title is acceptable as is. The description clearly indicates the event.",Keep the current title and date as they are.
6e17c485-2798-483c-84f0-5ae9fb39b765,Naissance de la Ligue pour la Protection des Oiseaux (LPO),1909-01-01,UPDATE_DATE,REVIEW,,1912-01-01,true,A,1,DISPUTED_DATE,date_disputee,"Plusieurs sources (Wikipédia FR, Wikipédia EN, Wikidata) indiquent que la LPO a été fondée en 1912 et non en 1909. La description est cohérente avec cette date.",Mettre à jour la date de fondation de la LPO au 1er janvier 1912.
b5f3b171-ae2d-45f4-a46c-a2acb235f83f,Crucifixion de Jésus de Nazareth,0033-04-03,UPDATE_DATE,REVIEW,,0033-01-01,true,A,0.9,DISPUTED_DATE,date_disputee,"La date exacte de la crucifixion est incertaine, avec des sources mentionnant à la fois 30 et 33. Il est préférable de mettre l'année et de laisser la date au 1er janvier.",Mettre à jour la date à l'année 33 et indiquer que la date précise est incertaine.
5d991a99-3758-4cae-94a8-8a670485d81c,Apicius compile 'De re coquinaria',0030-01-01,UPDATE_BOTH,REVIEW,De re coquinaria,0400-01-01,true,B,0.8,DISPUTED_DATE,date_disputee,"Le titre original mentionne Apicius, mais le livre est une compilation ultérieure. Le titre est donc simplifié au titre de l'ouvrage. La date est mise à jour selon les sources.",Update the title to 'De re coquinaria' and the date to 400-01-01 based on the compilation date.
ff787ddd-df92-403b-98b2-c802718c65da,Thomas d'Aquin commence la « Somme théologique »,1265-01-01,UPDATE_DATE,REVIEW,,1266-01-01,true,B,0.8,DISPUTED_DATE,date_disputee,La date de 1265 n'est pas confirmée. Wikipedia indique 1266-1273. On prend 1266 comme date de début. La description est cohérente avec cette date.,Mettre à jour la date avec 1266-01-01.
8a94adf2-c6dc-4abc-87bb-a351a98f055a,Début de la Révolution industrielle,1750-01-01,UPDATE_DATE,REVIEW,,1760-01-01,true,B,0.9,POTENTIAL_DATE_ERROR,divergence_date,Wikidata indique un début en 1760. L'article Wikipedia en anglais mentionne également 1760 comme début de la révolution industrielle en Grande-Bretagne.,"Mettre à jour la date avec 1760-01-01, car c'est la date de début indiquée par Wikidata et corroborée par l'article Wikipedia en anglais."
a98fda31-924f-4e76-b35b-d07faa4d7b27,Bataille de Svolder,1000-01-01,KEEP_ACCEPTABLE,REVIEW,,,true,B,0.8,DISPUTED_DATE,date_disputee,"La date est incertaine (999 ou 1000), mais la description mentionne l'an 1000. Le titre est clair et non ambigu. On conserve l'existant par défaut.",Conserver le titre et la date actuels. Noter l'incertitude sur la date dans les métadonnées.
8aebb9f9-775c-44a9-9379-da5fe37f6cf7,Génocide au Rwanda : rôle controversé de la France,1994-01-01,UPDATE_BOTH,REVIEW,Génocide au Rwanda,1994-04-06,true,A,0.9,DISPUTED_DATE,date_disputee,"Le titre actuel est trop long et inclut une controverse. Le titre 'Génocide au Rwanda' est plus approprié. La date de début du génocide est le 6 avril 1994, suite à l'attentat contre l'avion du président Habyarimana.",Vérifier et préciser le rôle de la France dans la description.
8d48934e-e061-4fa5-b888-100827c1c5c9,Création du Fonds Monétaire International (FMI),1944-07-01,UPDATE_DATE,REVIEW,,1944-07-22,true,A,0.9,DISPUTED_DATE,date_disputee,Wikidata et d'autres sources indiquent le 22 juillet 1944 comme date de création du FMI. La description est cohérente avec cette date.,Mettre à jour la date de création du FMI au 22 juillet 1944.
285b9075-c9fc-4a54-915a-007c6f588481,Fondation légendaire de Venise,0421-01-01,UPDATE_BOTH,REVIEW,Fondation de Venise,0421-03-25,true,B,0.6,DISPUTED_DATE,date_disputee,Le titre est plus clair sans l'adjectif 'légendaire'. Wikidata propose deux dates (421-03-25 et 452-01-01). La date du 25 mars 421 semble plus précise que le 1er janvier 421. La description reste cohérente.,Utiliser la date du 25 mars 421. Indiquer l'incertitude dans les métadonnées. Vérifier si d'autres sources permettent de confirmer la date du 25 mars.
db116b09-c791-4bea-8dd0-be6571b08b92,"Collision d'un train du RER A en gare de Lyon à Paris, bilan lourd en victimes et blessés",1987-01-01,UPDATE_BOTH,UPDATE_BOTH,Accident ferroviaire de la gare de Lyon,1988-06-27,true,A,1,POTENTIAL_DATE_ERROR,divergence_date,La date et le titre actuels sont incorrects. Les sources Wikipedia et Wikidata indiquent clairement que l'accident ferroviaire de la gare de Lyon a eu lieu le 27 juin 1988. Le titre doit être mis à jour pour correspondre à l'appellation standard.,Mettre à jour le titre et la date de l'événement avec les informations issues de Wikipedia et Wikidata.
3dd47399-497b-44ef-a88c-3caf54716c89,Publication de l'Orlando furioso de l'Arioste,1516-01-01,REVIEW,REVIEW,,,true,C,0.5,DISPUTED_DATE,date_disputee,Wikidata donne deux dates de publication (1516 et 1532). Il faut une source plus fiable pour trancher.,Vérifier la date de publication avec une source plus fiable que Wikidata.
ac2cf6ca-1341-49a5-a3ed-32a5d30380bd, Dante commence La Divine Comédie,1308-01-01,UPDATE_DATE,REVIEW,Début de la rédaction de la Divine Comédie,,true,B,0.8,DISPUTED_DATE,date_disputee,"La date de 1308 est incertaine. Les sources indiquent une période de composition entre 1303 et 1321, avec Wikidata suggérant 1320. Le titre est mis à jour pour plus de précision et la date est supprimée car elle est incertaine.","Supprimer la date précise et indiquer une période de composition plus large (ex: début XIVe siècle) si possible, ou laisser sans date précise."
09760ba7-526c-41ef-b25f-b7f4de36cb47,"Naissance de Victor Cousin, philosophe français",1804-08-11,UPDATE_BOTH,REVIEW,Naissance de Victor Cousin,1792-11-28,true,A,1,DISPUTED_DATE,date_disputee,La date de naissance de Victor Cousin est le 28 novembre 1792 selon Wikidata et Wikipedia. Le titre est simplifié pour être plus concis.,Mettre à jour le titre et la date de naissance de Victor Cousin avec les informations de Wikidata et Wikipedia.
092cb36d-6879-4bdc-b093-6b8cbc967445,Guerre du Bien public - Bataille de Montlhéry,1467-01-01,UPDATE_BOTH,UPDATE_BOTH,Bataille de Montlhéry,1465-07-16,true,A,1,POTENTIAL_DATE_ERROR,divergence_date,La date de la bataille est le 16 juillet 1465 selon Wikipedia et Wikidata. Le titre doit être simplifié.,Mettre à jour le titre et la date de la bataille de Montlhéry.
2c9529d0-2493-4540-87c3-89a8e8e060f1,Concile Quinisexte à Constantinople,0692-01-01,KEEP,KEEP_ACCEPTABLE,,,false,A,1,INSUFFICIENT_EVIDENCE,annee_exacte_introuvable,"Le titre 'Concile Quinisexte' est clair et correspond à l'appellation standard. La date est cohérente avec la description. L'audit précédent proposait déjà un titre plus concis, mais le titre actuel est acceptable.",Aucune modification nécessaire.
b748197a-a7ea-49be-91e8-5c377092d1d0,Ouverture du Bon Marché,1852-01-01,KEEP,KEEP_ACCEPTABLE,,,false,B,0.7,INSUFFICIENT_EVIDENCE,annee_exacte_introuvable,"La date de 1852 pour l'ouverture du Bon Marché est largement répandue et cohérente avec la description. Bien que la précision du jour et du mois soit difficile à confirmer avec une certitude absolue, l'année est bien établie.",Conserver l'événement avec la date actuelle. Ajouter des sources fiables confirmant l'année d'ouverture.
bb4d0e51-7bc6-4f21-9826-6c89ff74bcfc,Translation des reliques de saint Liboire,0836-01-01,KEEP,KEEP_ACCEPTABLE,,,false,B,0.7,INSUFFICIENT_EVIDENCE,preuve_insuffisante,"The description clearly states the translation of Saint Liboire's relics in 836 to Paderborn. While the provided sources don't directly confirm the date, the event itself is plausible and consistent with the historical context. Further research could strengthen the evidence.",Maintain the current title and date. Consider adding sources that specifically mention the translation of Saint Liboire's relics to Paderborn in 836 to improve the evidence level.
1f46a839-7c18-4a5e-b653-db5130ca5232,Politique de non-intervention en Espagne de la France,1936-01-01,UPDATE_BOTH,UPDATE_BOTH,Politique de non-intervention dans la guerre d'Espagne,1936-08-08,true,A,0.9,INSUFFICIENT_EVIDENCE,absence_de_singularite,La politique de non-intervention a été mise en œuvre pendant la guerre d'Espagne (1936-1939). La date du 8 août 1936 correspond à la déclaration officielle de non-intervention. Le titre est mis à jour pour plus de précision et pour correspondre à l'appellation la plus courante.,Mettre à jour la date au début de la politique de non-intervention pendant la guerre civile espagnole. Mettre à jour le titre pour plus de précision.
cbc0ecf8-3600-40e2-84bf-bd89f51906d0,Découverte des premiers métamatériaux,2000-01-01,UPDATE_TITLE,REVIEW,Métamatériaux : développement et applications,,true,B,0.8,INSUFFICIENT_EVIDENCE,annee_exacte_introuvable,The previous audit correctly identified that the description refers to a period of development rather than a single discovery. The proposed title better reflects this broader context.,Accept the proposed title change to reflect the development and applications of metamaterials. The description supports this broader scope.
2ef923ea-9571-468f-b22b-575c567e925d,Construction de la forteresse de Derbent,0465-01-01,UPDATE_DATE,REVIEW,,0438-01-01,true,B,0.9,INSUFFICIENT_EVIDENCE,retrieval_insuffisant,"Wikidata (Q131416) indique une date de début de construction en 438. La description mentionne 465, ce qui est incohérent. La date de Wikidata est plus précise et semble plus fiable que l'information implicite dans la description actuelle.",Mettre à jour la date de construction de la forteresse de Derbent à 438 selon Wikidata et vérifier la description.
a219c013-a4ce-4913-9b83-d6fe52b84aec,L'arianisme devient dominant chez les Goths,0341-01-01,REVIEW,REVIEW,,,true,C,0.5,INSUFFICIENT_EVIDENCE,annee_exacte_introuvable,"L'adoption de l'arianisme par les Goths est un processus qui s'est étalé sur plusieurs années. La date de 341 est mentionnée, mais il est difficile de la confirmer comme un point de bascule unique. Les sources actuelles ne permettent pas de valider ou d'invalider la date avec certitude.",Nécessite une recherche plus approfondie pour déterminer si 341 est une date significative ou si une formulation plus générale est préférable.
e3f160c4-b4d0-4e48-af6a-53037ca23f5a,Destruction de l'Université de Nalanda,1193-01-01,UPDATE_DATE,REVIEW,Destruction de l'université de Nalanda,,true,B,0.8,INSUFFICIENT_EVIDENCE,annee_exacte_introuvable,La date exacte de la destruction est incertaine. Il est préférable de supprimer la date et de conserver le titre.,Supprimer la date car elle est incertaine. Le titre est correct et correspond à l'événement.
630689d2-f02b-4aee-b226-84d855a6afd7,Le scandale de l'esclavage au Congo belge,1908-01-01,UPDATE_TITLE,REVIEW,Scandale de l'État indépendant du Congo,,true,A,0.9,INSUFFICIENT_EVIDENCE,absence_de_singularite,"Le titre actuel est acceptable mais peut être amélioré pour correspondre à l'appellation la plus courante et officielle de cet événement. Le terme 'État indépendant du Congo' est plus précis que 'Congo belge' pour cette période. L'événement est une période, pas un événement singulier.",Mettre à jour le titre pour plus de précision historique.
ac95395a-8298-4251-ba0d-b192b6ae429d,Fondation du Ku Klux Klan (moderne),1915-01-01,UPDATE_BOTH,REVIEW,Fondation du second Ku Klux Klan,1915-09-01,true,B,0.8,INSUFFICIENT_EVIDENCE,annee_exacte_introuvable,Le titre est amélioré pour plus de clarté. La date du 1er janvier 1915 est incorrecte. La fondation du second KKK a eu lieu en septembre 1915. La description est cohérente avec cette information.,Vérifier si le 1er septembre est la date exacte ou une date approximative de septembre 1915.
72b75444-ab7b-4cf4-8e59-6a76be062b76,Ouverture du musée parisien consacré aux arts et civilisations non occidentales,2006-01-01,UPDATE_BOTH,UPDATE_BOTH,Ouverture du musée du quai Branly - Jacques Chirac,2006-06-20,true,A,0.9,INSUFFICIENT_EVIDENCE,preuve_insuffisante,"La date d'ouverture du musée du quai Branly est le 20 juin 2006, et non le 1er janvier 2006. Le titre est un peu long, mais c'est le nom officiel. Plusieurs sources concordantes confirment la date.",Mettre à jour la date avec la date correcte d'ouverture du musée et conserver le titre officiel.
4ea1ec88-5820-42f3-9d1e-91e1a2facf66,Première photographie couleur,1861-01-01,UPDATE_DATE,REVIEW,,1861-05-17,true,B,0.8,INSUFFICIENT_EVIDENCE,absence_de_singularite,"La date du 17 mai 1861 correspond à la première démonstration publique de la photographie couleur par James Clerk Maxwell, ce qui est plus précis que le 1er janvier 1861.",Mettre à jour la date au 17 mai 1861 pour refléter la date précise de la première démonstration publique de la photographie couleur par James Clerk Maxwell.
715f2030-129a-40cb-9a7f-a5eb99927f82,Premiers essais thermonucléaires (bombe H) par les États-Unis et l'URSS,1952-01-01,UPDATE_TITLE,REVIEW,Essais thermonucléaires,,true,B,0.7,INSUFFICIENT_EVIDENCE,absence_de_singularite,"The current title refers to multiple events. The proposed title is more general and accurate, encompassing all tests. The description remains consistent with the broader topic.",Update the title to 'Essais thermonucléaires' to encompass all tests by different countries. Consider creating separate entries for specific significant tests if more details are available.
17f1837a-c953-493b-b83b-de1d85049ec4,Le scandale du Crédit Mobilier,1867-01-01,UPDATE_DATE,UPDATE_DATE,Scandale du Crédit Mobilier,1872-01-01,false,A,0.9,INSUFFICIENT_EVIDENCE,annee_exacte_introuvable,"Le scandale éclate en 1872, comme l'indique l'article Wikipédia. La date actuelle (1867) est donc incorrecte. Le titre est correct et correspond à l'appellation standard.","Mettre à jour la date à 1872-01-01, date de l'éclatement du scandale."
10409bb1-8135-4fc6-bbf7-07a1ef4bd01f,Extension des centres d'apprentissage de l'Éducation nationale,1950-01-01,KEEP_ACCEPTABLE,REVIEW,,,true,C,0.6,INSUFFICIENT_EVIDENCE,annee_exacte_introuvable,"La description mentionne 1950, ce qui suggère une date plausible, mais sans source externe fiable, le niveau de preuve reste faible. Le titre est acceptable.","Conserver l'événement avec la date actuelle, mais continuer à chercher des sources plus solides pour confirmer la date de 1950."
61668c0e-7383-4c97-b4c8-300b2a39abb1,Tacite publie Les Annales,0116-01-01,KEEP_ACCEPTABLE,KEEP_ACCEPTABLE,Publication des Annales de Tacite,0116-01-01,false,B,0.7,INSUFFICIENT_EVIDENCE,annee_exacte_introuvable,"Le titre est amélioré pour plus de clarté. La date est conservée car elle est mentionnée dans la description et aucune source ne la contredit directement, bien qu'elle soit incertaine.",Conserver la fiche avec le titre et la date actuels. Surveiller si des sources plus précises émergent.
875a318d-6eb9-4803-a51a-c5cdc2f4b65c,Université d'Oxford reçoit sa charte royale,1133-01-01,REVIEW,REVIEW,,,true,C,0,INSUFFICIENT_EVIDENCE,retrieval_insuffisant,La date de 1133 pour la charte royale de l'Université d'Oxford est incertaine. Les sources actuelles ne confirment pas cette date et concernent l'Université de Reading.,"Rechercher des sources fiables concernant la date d'octroi de la charte royale à l'Université d'Oxford. Vérifier si l'université a reçu une charte royale en 1133 ou si l'événement décrit est autre chose (par exemple, une reconnaissance inf…"
0608f05b-687e-4b03-9cbe-c685eb0202be,Création du franc,1360-01-01,UPDATE_DATE,REVIEW,Création du franc,1360-12-05,true,B,0.9,INSUFFICIENT_EVIDENCE,annee_exacte_introuvable,La date du 5 décembre 1360 correspond à la date de l'ordonnance royale créant le franc. La description est cohérente avec cet événement.,Mettre à jour la date avec la date précise de l'ordonnance.
9d7512e1-b566-45d0-b4f5-c5b593619acb,Achèvement des fresques de Signorelli à Orvieto,1504-01-01,REVIEW,REVIEW,,,true,C,0,INSUFFICIENT_EVIDENCE,annee_exacte_introuvable,La date de 1504 pour l'achèvement des fresques n'est pas confirmée par les sources fournies. Il faut des sources plus spécifiques sur l'œuvre de Signorelli à Orvieto.,Rechercher des sources d'histoire de l'art ou des biographies de Luca Signorelli qui confirment la date d'achèvement des fresques dans la chapelle San Brizio à Orvieto.
55eabf66-7b32-4c6f-80ee-1784f306f777,Premier moulin à papier en France,1320-01-01,REVIEW,REVIEW,,,true,C,0,INSUFFICIENT_EVIDENCE,annee_exacte_introuvable,La date de 1320 pour le premier moulin à papier en France n'est pas confirmée par les sources disponibles. L'article Wikipedia sur les moulins à papier ne mentionne pas de date précise pour l'établissement du premier moulin en France.,Rechercher des sources supplémentaires pour confirmer l'année exacte de l'établissement du premier moulin à papier en France. Vérifier si Troyes est bien le lieu de ce premier moulin. Consulter des ouvrages spécialisés sur l'histoire de l'…
efc594ba-1e31-4ac2-befe-448c611b01c7,Henri Plantagenêt s'empare de la vicomté de Thouars,1156-01-01,KEEP_ACCEPTABLE,KEEP_ACCEPTABLE,,,false,B,0.7,INSUFFICIENT_EVIDENCE,retrieval_insuffisant,"L'événement semble correct et cohérent avec la description. La liste des vicomtes et ducs de Thouars sur Wikipédia confirme l'existence de la vicomté et la période concernée. Bien qu'une source plus directe serait préférable, l'absence de contestation et la cohérence interne permettent de valider avec un niveau de con…","Conserver l'événement tel quel, mais envisager une recherche de sources plus spécifiques à l'avenir pour renforcer la preuve."
ef583ac5-6641-4752-8944-ee2df754ecd6,Affaire des diamants de Bokassa,1975-01-01,UPDATE_DATE,REVIEW,Affaire des diamants de Bokassa,1979-10-01,true,A,0.9,INSUFFICIENT_EVIDENCE,absence_de_singularite,"La date actuelle (1975) correspond au début des relations entre Bokassa et Giscard d'Estaing, mais l'affaire éclate en octobre 1979 suite aux révélations du Canard enchaîné. La description doit être cohérente avec la date de début du scandale.","Mettre à jour la date au 1er octobre 1979, date du début du scandale selon l'article Wikipédia. Ajuster la description pour qu'elle corresponde au déclenchement de l'affaire."
b4f257b1-a87e-49fa-a01e-88b88c2af356,Rattachement du Comté de Toulouse,1271-01-01,UPDATE_DATE,REVIEW,Rattachement du comté de Toulouse au royaume de France,1271-12-04,true,B,0.8,INSUFFICIENT_EVIDENCE,preuve_insuffisante,Le rattachement du comté de Toulouse au royaume de France a eu lieu en décembre 1271. La date précise est le 4 décembre 1271 (source : https://www.herodote.net/4_decembre_1271-evenement-12711204.htm).,Vérifier la cohérence de la description avec la date précise du 4 décembre 1271.
e83d4de0-7130-4b29-bb72-f7053ae8e836,Marco Polo quitte la Chine,1292-01-01,REVIEW,REVIEW,,,true,C,0,INSUFFICIENT_EVIDENCE,annee_exacte_introuvable,La date exacte du départ de Marco Polo de Chine est incertaine et nécessite une vérification plus approfondie. Les sources actuelles sont insuffisantes pour confirmer la date.,Effectuer une recherche approfondie dans des sources historiques fiables pour confirmer la date exacte du départ de Marco Polo de Chine.
82cb2477-f2bd-46a9-a0d9-bef43e2bc6ac,Invention du haut fourneau en Chine,1068-01-01,UPDATE_DATE,REVIEW,,,true,B,0.8,INSUFFICIENT_EVIDENCE,annee_exacte_introuvable,La date précise de 1068 n'est pas confirmée par la source Wikipédia. L'article indique un usage dès le Ier siècle. Il est donc préférable de supprimer la date.,Remove the specific date as the invention of the blast furnace in China occurred earlier than 1068. The description should be updated to reflect the broader timeframe.
98a70c7c-1e71-45f3-8985-9e18de73114e,Cousteau invente le scaphandre,1943-01-01,KEEP,KEEP_ACCEPTABLE,,,false,B,0.7,INSUFFICIENT_EVIDENCE,annee_exacte_introuvable,"La description et le titre sont cohérents. Bien que la date exacte puisse être difficile à confirmer avec une certitude absolue, l'année 1943 est largement acceptée comme l'année de l'invention du scaphandre autonome par Cousteau.","Conserver l'événement tel quel, mais continuer à rechercher des sources plus solides pour confirmer la date exacte."
d9315af5-48f2-4098-9335-00a5f3cd6ecc,Signature des accords d'assistance mutuelle franco-américains,1951-01-01,REVIEW,REVIEW,,,true,C,0,INSUFFICIENT_EVIDENCE,annee_exacte_introuvable,The previous audit couldn't confirm the date. No new sources were provided to confirm the date. Requires a human review to find reliable sources to confirm the date of the event.,"Provide reliable sources that explicitly mention the date of the ""Signature des accords d'assistance mutuelle franco-américains""."
935b235c-67c9-45e8-be8c-56217eee2ab6,Proclus succède à Plutarque à l'Académie,0437-01-01,REVIEW,REVIEW,,,true,C,0,INSUFFICIENT_EVIDENCE,annee_exacte_introuvable,"L'année de succession de Proclus à Plutarque à l'Académie n'est pas confirmée par les sources disponibles. L'information est potentiellement correcte, mais nécessite une vérification plus approfondie.",Rechercher des sources fiables qui confirment l'année de la succession de Proclus à l'Académie d'Athènes.
0010b463-833c-4fb3-bbdb-b06c18f4bd58,Soulèvement de Décembristes en Russie,1825-01-01,UPDATE_DATE,UPDATE_DATE,,1825-12-26,false,A,0.9,INSUFFICIENT_EVIDENCE,annee_exacte_introuvable,Le soulèvement des Décembristes a eu lieu le 26 décembre 1825 (14 décembre selon le calendrier julien). De nombreuses sources confirment cette date.,Mettre à jour la date au 26 décembre 1825.
ae523de4-8d52-4114-ab4a-c1bdfc22dbd4,Lister publie sur l'antisepsie,1867-01-01,KEEP_ACCEPTABLE,KEEP_ACCEPTABLE,,,false,B,0.9,INSUFFICIENT_EVIDENCE,retrieval_insuffisant,Le titre 'Lister publie sur l'antisepsie' est acceptable car il est clair et concis. La description confirme l'événement et la date. Pas besoin de modification majeure.,"Conserver la fiche telle quelle, en vérifiant si d'autres publications importantes de Lister méritent également d'être incluses dans la base de données."
30a60461-5e57-470f-b18e-272b09bba704,Programme autoroutier du Plan Monnet,1951-01-01,KEEP_ACCEPTABLE,KEEP_ACCEPTABLE,,,false,B,0.7,INSUFFICIENT_EVIDENCE,annee_exacte_introuvable,"The description links the program to the Plan Monnet and the post-WWII period. While a precise start date is difficult to pinpoint, 1951 is a plausible estimate. No strong evidence suggests a different date or title. Keeping the current information is acceptable in the absence of more definitive sources.",Keep the current title and date. Further research could focus on identifying specific legislative acts or official announcements related to the program's implementation.
5f43c90b-7188-42d3-846e-c0d6eaaf84ea,Fondation de la Société de la paix de New York,1815-01-01,REVIEW,REVIEW,,,true,C,0,INSUFFICIENT_EVIDENCE,preuve_insuffisante,La date de fondation de la Société de la paix de New York n'est pas confirmée par des sources fiables. Nécessite une vérification humaine pour trouver des sources.,Rechercher des sources externes (autres que Wikipédia et Wikidata) confirmant la date de fondation de la Société de la paix de New York.
1fc1c5f5-f7cb-4a58-afee-3a5db470ee0b,Invention du masque à gaz par John Stenhouse,1854-01-01,REVIEW,REVIEW,,,true,C,0.6,INSUFFICIENT_EVIDENCE,retrieval_insuffisant,"L'information semble plausible et cohérente avec la description, mais manque de sources externes solides pour confirmer la date exacte. On conserve en l'état, mais avec un niveau de confiance modéré.",Ajouter des sources pour renforcer la validation de la date de l'invention.
e947d6e2-bd86-436a-8b92-23ca92b30fb7,"Tortuga, repaire de pirates",1630-01-01,KEEP_ACCEPTABLE,REVIEW,"Tortuga, repaire de pirates",1630-01-01,true,C,0.6,INSUFFICIENT_EVIDENCE,annee_exacte_introuvable,"L'information de 1630 comme début de l'établissement de Tortuga comme repaire de pirates est plausible, mais difficile à confirmer avec des sources directes et fiables. On garde l'entrée avec un niveau de confiance faible.",Conserver l'entrée avec un niveau de confiance faible. Rechercher des sources plus solides confirmant l'année exacte.
fb19ea34-ee9a-4bed-91e0-65da2d10d716,Réapparition de la frappe privée de monnaie,0884-01-01,KEEP_ACCEPTABLE,KEEP_ACCEPTABLE,,,false,B,0.7,INSUFFICIENT_EVIDENCE,retrieval_insuffisant,"L'événement décrit est plausible et la description est cohérente avec le titre et la date. L'absence de sources externes vérifiables diminue la confiance, mais l'événement semble acceptable en l'état.",Ajouter des sources externes pour renforcer la confiance dans la date et la description de l'événement.
59e3565f-f6bb-40ec-96a4-5916ee861bf2,Naissance de Jésus,0001-01-01,REVIEW,REVIEW,Naissance de Jésus,,true,C,0.5,INSUFFICIENT_EVIDENCE,annee_exacte_introuvable,La date de naissance de Jésus est incertaine et sujette à débat historiographique. L'année 0001 est arbitraire et non sourcée. Nécessite une expertise historique.,"Nécessite une expertise historique pour déterminer si une année peut être raisonnablement inférée malgré le débat historiographique. Pour l'instant, aucune année ne peut être confirmée."
e8a3c52b-4cff-4466-ac1b-674f7e47bef6,Première exposition Gutai à Tokyo,1955-01-01,REVIEW,REVIEW,,,true,C,0.5,INSUFFICIENT_EVIDENCE,annee_exacte_introuvable,La date de la première exposition Gutai à Tokyo n'est pas confirmée. Les sources actuelles ne permettent pas de valider la date de 1955-01-01.,Rechercher des sources fiables qui confirment la date de la première exposition Gutai à Tokyo.
810a14a7-5969-4513-aaff-c82be51ab8a2,Mise en place de mesures économiques en France pour stabiliser les finances face au premier choc pétrolier,1974-01-01,UPDATE_TITLE,REVIEW,Politique de rigueur économique en France suite au premier choc pétrolier,,true,B,0.8,INSUFFICIENT_EVIDENCE,absence_de_singularite,The original title describes a process rather than a specific event. The proposed title is more concise and focuses on the policy itself. The description supports this change.,"Update the title to reflect the policy itself. Keep the date as is, as it represents the beginning of the policy implementation."
f4239b6d-9678-432b-819d-82518ef81b49,Invention du bathyscaphe par Auguste Piccard,1948-01-01,UPDATE_TITLE,REVIEW,Invention du bathyscaphe,1948-01-01,true,B,0.8,INSUFFICIENT_EVIDENCE,annee_exacte_introuvable,The title is more concise and standard without mentioning Auguste Piccard. The date remains consistent with the description.,Keep the event with the updated title. Verify the exact date of the invention with more specific sources if possible.
9eb12c14-dc74-4848-bc79-d987730493e3,Premier hôpital psychiatrique de Valence en Espagne,1409-01-01,REVIEW,REVIEW,,,true,C,0,INSUFFICIENT_EVIDENCE,annee_exacte_introuvable,"La date de 1409 pour la fondation du premier hôpital psychiatrique à Valence n'est pas confirmée par les sources actuelles. Les sources disponibles concernent la bibliothèque publique de Valence, située dans l'ancien hôpital, mais ne fournissent pas d'informations sur la date de fondation de l'hôpital lui-même.","Rechercher des sources fiables (articles académiques, ouvrages d'histoire de la médecine, archives hospitalières) qui confirment la date de fondation du premier hôpital psychiatrique à Valence."
d05a41ee-74bb-4a23-b63b-7ed94fc7bde5,Pétrarque couronné poète à Rome,1341-01-01,UPDATE_DATE,UPDATE_DATE,Couronnement de Pétrarque comme poète à Rome,1341-04-08,false,A,0.9,INSUFFICIENT_EVIDENCE,preuve_insuffisante,Le couronnement de Pétrarque a eu lieu le 8 avril 1341. Plusieurs sources concordantes confirment cette date.,Mettre à jour la date de l'événement avec la date précise du 8 avril 1341.
3be1a606-f0d1-4676-b4e9-218fc5c04a88,Paiement par Charles le Chauve d'un tribut aux Normands pour épargner Paris,0852-01-01,UPDATE_BOTH,UPDATE_BOTH,Siège de Paris par les Vikings,0885-11-25,true,A,0.9,INSUFFICIENT_EVIDENCE,annee_exacte_introuvable,"L'événement décrit correspond au siège de Paris par les Vikings, qui a débuté le 25 novembre 885. La date et le titre actuels sont incorrects. Les sources Wikipedia et Wikidata confirment cette date.",Mettre à jour le titre et la date avec les informations correctes.
7a3518d2-3acf-40f1-85f6-c80d61153a13,Création de l'Université de Barcelone par Alphonse V,1449-01-01,UPDATE_BOTH,REVIEW,Fondation de l'Université de Barcelone,1842-01-01,true,A,0.9,INSUFFICIENT_EVIDENCE,annee_exacte_introuvable,"La date de fondation communément admise est 1842, contredisant la description actuelle qui mentionne Alphonse V (XVème siècle). Le titre est plus clair sans mentionner Alphonse V.",Modifier la description pour qu'elle corresponde à la date de fondation de 1842.
dddc3233-649e-41ff-a3ed-c9a74bfba87a,Création de SOS Racisme – précurseurs et contexte,1980-01-01,UPDATE_BOTH,UPDATE_BOTH,Création de SOS Racisme,1984-01-01,true,A,0.9,INSUFFICIENT_EVIDENCE,annee_exacte_introuvable,La description mentionne la création de SOS Racisme en 1984. Le titre est plus clair sans la mention des précurseurs. De nombreuses sources confirment la création de SOS Racisme en 1984.,Mettre à jour le titre et la date avec la création effective de SOS Racisme en 1984.
bead95cd-38cd-40c0-8ffb-f07ca64f04ce,Grande famine en Irlande,1845-01-01,UPDATE_TITLE,REVIEW,Grande famine irlandaise,1845-01-01,true,A,0.9,INSUFFICIENT_EVIDENCE,absence_de_singularite,"Le titre actuel est ambigu car il existe plusieurs grandes famines. Le terme ""Grande famine irlandaise"" est plus spécifique et courant.","Remplacer le titre par ""Grande famine irlandaise"" pour plus de clarté et de précision."
f4b673eb-a5dd-4564-b45c-2bda000f9cad,Retrait massif des Normands à la suite d'une importante famine,0892-01-01,UPDATE_TITLE,REVIEW,Retrait des Normands de France,0892-01-01,true,B,0.8,INSUFFICIENT_EVIDENCE,annee_exacte_introuvable,"Le titre précédent était trop long et contenait une date. La famine est la cause, mais le retrait est l'événement principal. Simplification du titre pour plus de clarté.","Vérifier si d'autres événements similaires de retrait des Normands ont eu lieu en France à d'autres dates. Si oui, il faudra envisager une formulation plus générale ou un regroupement."
bc06cd30-2d21-4f7a-b7da-978854c517f1,Naufrage de la Santa Maria,1492-01-01,UPDATE_DATE,UPDATE_DATE,Naufrage de la Santa Maria,1492-12-25,false,A,0.9,INSUFFICIENT_EVIDENCE,annee_exacte_introuvable,La description mentionne Noël 1492 comme date du naufrage. Plusieurs sources concordantes indiquent que le naufrage a eu lieu le 25 décembre 1492.,Mettre à jour la date avec le 25 décembre 1492.
7ff1e23b-29cd-4822-9680-b56d9f3176b3,Invention du gouvernail d'étambot en Chine,1180-01-01,REVIEW,REVIEW,,,true,C,0.5,INSUFFICIENT_EVIDENCE,retrieval_insuffisant,"La date et le lieu de l'invention sont plausibles, mais nécessitent une vérification plus approfondie. La source actuelle est insuffisante pour confirmer l'information.",Rechercher des sources plus directes et fiables qui confirment l'année exacte de l'invention du gouvernail d'étambot en Chine. Vérifier si d'autres sources mentionnent cette invention et sa date.
76c4457a-2ad1-4d57-b547-0f5cd9415575,Construction du château de Buda,1247-01-01,KEEP_ACCEPTABLE,DELETE,,,true,B,0.8,INSUFFICIENT_EVIDENCE,absence_de_singularite,"The title is acceptable and in French. However, it refers to a construction process rather than a single event. The description is consistent with the title.",Keep the title as 'Construction du château de Buda' but acknowledge that it represents a period of construction rather than a single event.
3cb99d26-30dd-4db0-8b94-8357e4987abd,Grande sécheresse de l'Adrar,1388-01-01,REVIEW,REVIEW,,,true,C,0,INSUFFICIENT_EVIDENCE,annee_exacte_introuvable,La date de 1388 pour la sécheresse de l'Adrar n'est pas confirmée par les sources disponibles. Il faut trouver une source fiable qui confirme cette date.,Rechercher des sources fiables confirmant la date de 1388 pour la sécheresse de l'Adrar.
b2a6338b-9af5-48c2-bfb5-dceca32b672e,Wang Shuhe compile le Mai Jing (Classique des pouls),0266-01-01,KEEP_ACCEPTABLE,KEEP_ACCEPTABLE,,,false,B,0.7,INSUFFICIENT_EVIDENCE,retrieval_insuffisant,"La description situe clairement l'événement pendant la dynastie Jin (266-280 après J.-C.). L'année 266 est plausible, bien que non confirmée. Le titre est clair et correspond à l'événement décrit.","Conserver la fiche en l'état, en notant l'incertitude quant à la date exacte. Pas de sources directes trouvées pour confirmer la date précise, mais la cohérence interne est bonne."
47cbdbc7-c087-404b-9d24-eb7a29c476d3,Création du vaccin contre le paludisme,2021-01-01,UPDATE_DATE,UPDATE_DATE,,2021-10-06,false,A,0.9,INSUFFICIENT_EVIDENCE,annee_exacte_introuvable,"L'audit précédent a identifié la date du 6 octobre 2021 comme date de recommandation par l'OMS du vaccin RTS,S/AS01 (Mosquirix). Cette date est cohérente avec la description et est étayée par plusieurs sources.","Mettre à jour la date de l'événement avec la date du 6 octobre 2021, date de la recommandation de l'OMS."
b077055c-91bb-4b5e-bf79-94e708c42441,Fondation de la Société linnéenne de Londres,1788-01-01,UPDATE_DATE,UPDATE_DATE,Fondation de la Société linnéenne de Londres,1788-02-26,false,A,0.9,INSUFFICIENT_EVIDENCE,annee_exacte_introuvable,La date de fondation de la Société linnéenne de Londres est le 26 février 1788. Plusieurs sources concordantes indiquent cette date.,Mettre à jour la date de fondation de la Société linnéenne de Londres au 26 février 1788.
bf9ed04d-ced3-4d44-a1ac-ec9c9b154fea,Expédition d'Abd al-Rahman en Aquitaine,0728-01-01,KEEP,KEEP_ACCEPTABLE,,,false,B,0.7,INSUFFICIENT_EVIDENCE,annee_exacte_introuvable,"La description correspond bien à un événement historique connu. Le titre est clair et en français. La date semble correcte d'après la description. Bien que les sources fournies ne confirment pas directement l'événement, la description est cohérente avec le contexte historique de l'époque.",Conserver l'événement tel quel. Rechercher des sources supplémentaires pour renforcer la confiance dans la date.
df90806a-c1da-43c4-9ac1-3d0173941697,Prise de Kiev par Oleg,0882-01-01,UPDATE_TITLE,REVIEW,Prise de Kiev par Oleg de Novgorod,,true,B,0.8,INSUFFICIENT_EVIDENCE,preuve_insuffisante,"Le titre est amélioré pour préciser qu'il s'agit d'Oleg de Novgorod, ce qui rend l'événement plus univoque. La date est correcte et cohérente avec la description.",Conserver la fiche avec le titre mis à jour. La date est déjà correcte. Rechercher des sources supplémentaires pour renforcer la preuve.
40f6df8f-0528-41b9-8a9d-dd7b470d8d5c,Invention du chronomètre de marine par John Harrison,1759-01-01,UPDATE_DATE,REVIEW,Invention du chronomètre de marine par John Harrison,1759-01-01,true,B,0.7,INSUFFICIENT_EVIDENCE,annee_exacte_introuvable,"Bien que le développement ait pris plusieurs années, 1759 est l'année où John Harrison a présenté son chronomètre de marine (H4) qui a réussi les tests de précision en mer. Plusieurs sources confirment cette date comme un jalon important.",Vérifier si 1759 correspond à la date de présentation du H4 ou à une autre étape significative dans le développement du chronomètre.
4d322669-0e1f-4dc9-888b-96bc489e3489,Catastrophe de l’usine AZF de Toulouse – préparation du site,2001-01-01,UPDATE_BOTH,UPDATE_BOTH,Catastrophe de l'usine AZF,2001-09-21,true,A,0.9,INSUFFICIENT_EVIDENCE,absence_de_singularite,"Le titre actuel fait référence à la préparation du site, qui n'est pas l'événement principal. L'événement principal est l'explosion. La date doit être mise à jour à la date de l'explosion.",Mettre à jour le titre à 'Catastrophe de l'usine AZF' et la date à '2001-09-21' pour refléter l'événement réel.
1efb1855-1400-4912-aec8-0e47d7bf0a21,Prise de Barcelone aux Musulmans d' Espagne,0801-01-01,UPDATE_TITLE,REVIEW,Prise de Barcelone,,true,B,0.7,INSUFFICIENT_EVIDENCE,annee_exacte_introuvable,"Le titre actuel est maladroit. Le titre ""Prise de Barcelone"" est plus standard et correspond à un événement unique en 801. La description est cohérente avec cet événement.","Vérifier si ""Prise de Barcelone (801)"" est préférable pour éviter toute ambiguïté avec d'autres prises de la ville."
f9f33bd5-dc2a-4428-a820-010e4f237575,Début de la construction de Qutub Minar à Delhi,1192-01-01,KEEP_ACCEPTABLE,KEEP_ACCEPTABLE,,,false,B,0.9,INSUFFICIENT_EVIDENCE,absence_de_singularite,"L'audit précédent a proposé des modifications, mais le titre actuel est acceptable et clair. La description correspond bien à l'événement.",Conserver la fiche telle quelle.
9a8d5824-85ec-4185-a35a-e0e747b5ca98,Edit de Saint-Germain-en-Laye sur la Réforme,1562-01-01,UPDATE_DATE,REVIEW,,1562-01-17,true,B,0.8,INSUFFICIENT_EVIDENCE,annee_exacte_introuvable,Plusieurs sources concordantes indiquent que l'Édit de Saint-Germain a été promulgué le 17 janvier 1562. La description est cohérente avec cet événement.,Mettre à jour la date avec le 17 janvier 1562.
86066506-ec28-463a-8184-b96052db4fc6,Première école pour filles en Nouvelle-France,1684-01-01,REVIEW,REVIEW,,,true,C,0,INSUFFICIENT_EVIDENCE,annee_exacte_introuvable,L'audit précédent a conclu à un manque de preuves concernant la date. Les sources actuelles concernent une école différente. Il faut trouver des sources fiables qui confirment la date de fondation de la première école pour filles en Nouvelle-France.,"Rechercher des sources externes fiables (archives, publications historiques) qui confirment l'année exacte de la fondation de la première école pour filles en Nouvelle-France. Vérifier si l'établissement a un nom officiel."
f8c06080-7210-44f9-8b52-297cd1002025,Plan de modernisation des forces armées françaises,1950-01-01,REVIEW,REVIEW,,,true,C,0,INSUFFICIENT_EVIDENCE,annee_exacte_introuvable,"The previous audit and the current sources do not provide sufficient evidence to confirm the date or the existence of a specific 'Plan de modernisation des forces armées françaises' in 1950. The provided Wikipedia articles are about the French Armed Forces in general or the Armed Forces of Haiti, and the Wikidata entr…","Conduct further research to find reliable sources that explicitly mention the 'Plan de modernisation des forces armées françaises' and its launch date. Look for official documents, historical analyses, or academic publications that discuss…"
0fedbe14-30e6-471e-83ec-f065996ed1e9,Première de la Messe en si mineur de Bach,1749-01-01,REVIEW,REVIEW,,,true,C,0,INSUFFICIENT_EVIDENCE,annee_exacte_introuvable,La date de première de la Messe en si mineur n'est pas confirmée. Wikipédia ne fournit pas de date précise pour la première représentation. Il faut vérifier d'autres sources.,"Rechercher des sources fiables (musicologiques, biographies de Bach, etc.) qui mentionnent la date de la première de la Messe en si mineur."
062eefb8-6d31-4a83-8a0a-f3bf8b152ae8,Création du RMI : Le Revenu minimum d’insertion est instauré par le gouvernement Rocard,1988-01-01,UPDATE_BOTH,REVIEW,Création du Revenu minimum d'insertion (RMI),1988-12-01,true,B,0.9,INSUFFICIENT_EVIDENCE,annee_exacte_introuvable,Le titre est amélioré en supprimant la référence au gouvernement Rocard. La date est mise à jour selon la loi du 1er décembre 1988. Le titre est plus clair et précis.,Confirmer la date exacte de la loi du 1er décembre 1988 instaurant le RMI avec une source primaire (Journal Officiel par exemple).
da3ec925-9532-4fa6-bada-48bf9815cb46,Excommunication de Robert II le Pieux pour bigamie,0997-01-01,KEEP_ACCEPTABLE,KEEP_ACCEPTABLE,,,false,B,0.7,INSUFFICIENT_EVIDENCE,retrieval_insuffisant,L'événement est plausible et la description correspond au titre. L'absence de sources solides est le principal problème.,Conserver l'événement. Une recherche de sources plus approfondie pourrait augmenter la confiance.
db501852-16b9-4d2c-892b-5823ede2e06e,Découverte de la ville de Dholavira en Inde,1967-01-01,REVIEW,REVIEW,,,true,C,0,INSUFFICIENT_EVIDENCE,annee_exacte_introuvable,La date de découverte de Dholavira (1967) reste incertaine. Les sources actuelles ne confirment pas cette date avec certitude.,Effectuer une recherche approfondie dans des publications archéologiques ou des articles scientifiques pour confirmer la date de la découverte de Dholavira. Consulter des bases de données archéologiques.
34d064fa-4873-4a4e-a4ba-0c4c5fdf8ab8,"Igor Ier de Kiev assassiné, Olga régente se venge",0945-01-01,KEEP_ACCEPTABLE,KEEP_ACCEPTABLE,,,false,B,0.9,INSUFFICIENT_EVIDENCE,retrieval_insuffisant,"L'audit précédent a proposé un titre plus concis, ce qui est une bonne idée. Cependant, le titre actuel est acceptable et informatif. La date est correcte et la description cohérente. Pas besoin de modifier.",Conserver l'événement tel quel. Vérifier si des sources plus solides peuvent confirmer la date de l'assassinat.
330167f0-ed31-4088-908a-d534a364b43f,Fondation du premier club d'échecs à Londres,1725-01-01,REVIEW,REVIEW,,,true,C,0,INSUFFICIENT_EVIDENCE,retrieval_insuffisant,L'audit précédent a identifié des sources non pertinentes (Tottenham Hotspur). Il est nécessaire de trouver des sources fiables concernant l'histoire des échecs à Londres pour valider l'événement et sa date.,"Effectuer une recherche approfondie de sources historiques spécialisées sur les échecs à Londres au XVIIIe siècle pour confirmer l'existence et la date de fondation du premier club d'échecs. Privilégier les ouvrages d'histoire des échecs, …"
fa932a9d-6d44-4502-9d71-2881ba14b3a3,Saint Louis mène la septième croisade,1248-01-01,UPDATE_BOTH,REVIEW,Septième croisade,1248-08-28,true,B,0.8,INSUFFICIENT_EVIDENCE,absence_de_singularite,"L'événement décrit le début de la septième croisade. Le titre est simplifié pour être plus générique et correspondre à l'appellation standard. La date est ajustée pour correspondre au jour du débarquement de Saint Louis à Chypre, point de départ de la croisade.",Mettre à jour le titre et la date pour correspondre au début de la septième croisade.
cde608cc-57ad-4728-9557-5c1937415ba5,Bougainville à Tahiti,1768-01-01,UPDATE_DATE,REVIEW,Arrivée de Bougainville à Tahiti,1768-04-05,true,B,0.8,INSUFFICIENT_EVIDENCE,annee_exacte_introuvable,"Plusieurs sources secondaires indiquent une arrivée en avril 1768, avec le 5 avril comme date la plus fréquente. Nécessité de vérifier avec des sources primaires.",Vérifier la date exacte de l'arrivée de Bougainville à Tahiti avec des sources primaires ou des ouvrages d'histoire maritime.
1032f44d-56e6-432c-8ac3-55c56d899324,Renforcement du statut des Juifs par le régime de Vichy,1942-01-01,UPDATE_BOTH,UPDATE_BOTH,Statut des Juifs sous le régime de Vichy,1940-10-03,true,A,0.9,INSUFFICIENT_EVIDENCE,annee_exacte_introuvable,"Le titre actuel est trop vague. Le titre proposé est plus précis et correspond à l'appellation courante. La date du 3 octobre 1940 correspond à la promulgation du premier Statut des Juifs par le régime de Vichy, un événement majeur. La description est cohérente avec cette date et ce titre.",Vérifier si d'autres statuts ou lois antisémites importants ont été promulgués à d'autres dates et créer des événements distincts si nécessaire.
42b4a1a7-740f-44c8-b2d7-62ab8022f608,Achèvement du Manhattan Building,1891-01-01,REVIEW,REVIEW,,,true,C,0,INSUFFICIENT_EVIDENCE,annee_exacte_introuvable,L'audit précédent n'a pas trouvé de sources fiables confirmant la date de 1891. Les sources externes fournies concernent le Flatiron Building et ne sont pas pertinentes pour cet événement. Il est nécessaire de trouver des sources fiables pour valider la date et l'événement.,"Effectuer une recherche approfondie pour trouver des sources fiables qui confirment la date d'achèvement du Manhattan Building. Vérifier les archives d'architecture, les journaux de Chicago de l'époque, et les bases de données d'histoire d…"
4193842b-d063-4483-bf6a-30d80ca75e41,Ambroise Paré devient chirurgien du roi,1552-01-01,KEEP_ACCEPTABLE,KEEP_ACCEPTABLE,Nomination d'Ambroise Paré comme chirurgien du roi,1552-01-01,false,B,0.7,INSUFFICIENT_EVIDENCE,preuve_insuffisante,"Le titre est reformulé pour être plus standard. La date est conservée car elle est mentionnée dans la description et plausible, bien que non confirmée par une source directe dans les extraits fournis. Le titre reformulé est plus générique et acceptable en l'absence de confirmation précise.",Conserver la fiche avec le titre et la date actuels. Rechercher des sources supplémentaires pour confirmer la date de nomination.
24a352d6-3af4-482b-8e9c-c92ada39e8fb,Les Français approuvent la baisse du mandat présidentiel,2000-01-01,UPDATE_BOTH,UPDATE_BOTH,Référendum français sur le quinquennat,2000-09-24,true,A,0.9,INSUFFICIENT_EVIDENCE,annee_exacte_introuvable,"Le titre actuel est factuel mais pas optimal. Le titre proposé est plus standard et correspond à l'appellation usuelle de l'événement. La date du 24 septembre 2000 est la date du référendum sur le quinquennat, confirmée par de nombreuses sources.",Vérifier l'orthographe et la grammaire du titre et de la description.
758698d8-b991-4de4-8d4d-72ad7bfd03ca,Construction du phare d'Alexandrie,0290-01-01,UPDATE_DATE,REVIEW,,0294-01-01,true,B,0.9,INSUFFICIENT_EVIDENCE,absence_de_singularite,La construction a duré environ 15 ans (299-289 AEC). La date médiane de 294 AEC est une approximation raisonnable.,Mettre à jour la date avec la date médiane approximative de 294 AEC.
81232f9d-a49a-4859-880b-cad8ed99c4ed,Première cartographie de la dorsale médio-atlantique,1953-01-01,KEEP_ACCEPTABLE,REVIEW,Cartographie de la dorsale médio-atlantique,1953-01-01,true,C,0.6,INSUFFICIENT_EVIDENCE,annee_exacte_introuvable,"Le titre est simplifié pour être plus générique et correspond à l'événement décrit. La date est conservée car elle est mentionnée dans la description, mais sans source externe, le niveau de confiance reste faible.",Rechercher des sources externes pour confirmer la date de la cartographie de la dorsale médio-atlantique.
8291fa12-ed2a-4cfb-afd5-70df5c3b5de0,Première transmission télégraphique transatlantique,1858-01-01,UPDATE_DATE,UPDATE_DATE,,1858-08-05,false,A,0.9,INSUFFICIENT_EVIDENCE,retrieval_insuffisant,La description indique clairement août 1858. De nombreuses sources confirment que la première transmission télégraphique transatlantique a eu lieu le 5 août 1858.,Mettre à jour la date au 5 août 1858.
4419ba3c-2f34-4064-8acd-7978f720c9f2,Premier établissement permanent des Vikings en Islande,0874-01-01,KEEP_ACCEPTABLE,REVIEW,Établissement viking en Islande,0874-01-01,true,C,0.6,INSUFFICIENT_EVIDENCE,preuve_insuffisante,"La description correspond à l'établissement d'Ingolfur Arnarson à Reykjavik en 874, mais la source Wikidata donne 900. L'absence de sources solides et concordantes justifie un niveau de confiance faible.",Chercher des sources plus fiables pour confirmer la date exacte de l'établissement viking initial en Islande.
5916853d-08db-4b32-bd9c-cc351e9b49e6,Guerre de l'eau de Cochabamba,2000-01-01,REVIEW,REVIEW,,,true,B,0.5,INSUFFICIENT_EVIDENCE,absence_de_singularite,"The event is described as a 'war', implying a period, not a single day. Further investigation is needed to determine the exact start or end date, or if a specific event can be isolated.",Review to determine a more precise date or if the event should be reframed as a period.
605d67df-54cc-4cd7-9b2d-899d8013cf6a,Construction des murs en pierre du Kremlin de Moscou,1367-01-01,UPDATE_TITLE,REVIEW,Construction du Kremlin de Moscou en pierre,1367-01-01,true,B,0.7,INSUFFICIENT_EVIDENCE,preuve_insuffisante,"Le titre est légèrement modifié pour plus de clarté. La date de 1367 est cohérente avec la description. Bien que la source Wikidata indique 1420, la description se concentre sur les murs de pierre de 1367.","Vérifier si d'autres phases de construction ont eu lieu en 1420, ce qui pourrait expliquer la date de Wikidata."
6b6fe8cc-d88d-495b-aaf5-b1f475b19981,Foundation of the Order of Beghards,1220-01-01,KEEP_ACCEPTABLE,KEEP_ACCEPTABLE,Ordre des Béghards,1220-01-01,false,B,0.7,INSUFFICIENT_EVIDENCE,annee_exacte_introuvable,"Le titre est mis à jour pour être plus concis et en français. La date est conservée car elle est mentionnée dans la description et l'article Wikipédia mentionne une activité à partir du XIIIe siècle, ce qui rend 1220 acceptable.",Conserver la fiche avec le titre et la date actuels. Vérifier si d'autres sources confirment la date de 1220.
62856ef1-2a19-4be1-8f2a-9bca13b298fb,Début de la construction de la Grande Mosquée,0785-01-01,KEEP,KEEP_ACCEPTABLE,,,false,B,0.7,INSUFFICIENT_EVIDENCE,preuve_insuffisante,"La date et le titre correspondent à la description. Bien que les sources actuelles soient incorrectes, la date de 785 est largement acceptée pour le début de la construction de la Grande Mosquée de Cordoue. Il faudrait idéalement des sources plus solides, mais l'information semble correcte.",Conserver l'événement avec le titre et la date actuels. Ajouter des sources plus fiables si possible.
25868a63-2aff-4a37-acb2-baade484d782,Entrée en vigueur du TICE,1996-01-01,UPDATE_BOTH,UPDATE_BOTH,Traité d'interdiction complète des essais nucléaires,1996-09-24,true,A,0.9,INSUFFICIENT_EVIDENCE,absence_de_singularite,"Le titre est plus clair sans ""Entrée en vigueur de"". La date du 1996-09-24 correspond à la date de signature du traité, un événement plus singulier et documenté que son entrée en vigueur. De nombreuses sources confirment cette date comme la date de signature officielle du traité.",Aucune recommandation supplémentaire.
a31b0c33-83d6-44ae-9186-b0e37a305e40,Le traité de Loudun met fin à la révolte des princes,1616-01-01,UPDATE_DATE,REVIEW,Traité de Loudun,1616-05-06,true,B,0.8,INSUFFICIENT_EVIDENCE,annee_exacte_introuvable,"Plusieurs sources concordantes indiquent que le traité de Loudun a été signé le 6 mai 1616, et non le 1er janvier 1616. Le titre est simplifié pour correspondre à l'appellation standard.",Mettre à jour la date avec la date correcte (6 mai 1616) et simplifier le titre. Vérifier que la description reste cohérente avec la nouvelle date.
879222a1-24ea-4c81-9cd5-147e8a849525,Création du Fonds mondial pour la nature (WWF),1961-01-01,UPDATE_DATE,REVIEW,Création du Fonds mondial pour la nature (WWF),1961-04-29,true,B,0.8,INSUFFICIENT_EVIDENCE,annee_exacte_introuvable,Plusieurs sources indiquent que la création du WWF a eu lieu le 29 avril 1961. La description est cohérente avec cette date.,Mettre à jour la date de création du WWF avec le 29 avril 1961.
945dd990-474c-4ba3-b9d2-ff4c79b8dc68,Première dissection publique à Bologne,1302-01-01,REVIEW,REVIEW,,,true,C,0.5,INSUFFICIENT_EVIDENCE,annee_exacte_introuvable,La date de 1302 pour la première dissection publique à Bologne n'est pas confirmée. Nécessite des sources plus solides pour valider la date et le lieu.,Rechercher des sources historiques primaires ou secondaires qui confirment la date et le lieu de la première dissection publique à Bologne. Vérifier si d'autres villes revendiquent également cet événement.
7608e7eb-4d30-4ba3-9de0-b11b8862dab6,Instauration par Charlemagne de l'assemblée des plaids généraux,0780-01-01,UPDATE_BOTH,REVIEW,Institution des plaids généraux,0779-12-31,true,B,0.8,INSUFFICIENT_EVIDENCE,annee_exacte_introuvable,La date exacte de 780 est incertaine. Plusieurs sources indiquent que les plaids généraux ont été institués vers la fin des années 770. Le titre est légèrement reformulé pour plus de concision.,Mettre à jour la date pour refléter l'incertitude et reformuler légèrement le titre.
04716715-42a6-4c25-aa8c-a0bc59442747,Première édition française du Petit Prince,1946-01-01,UPDATE_DATE,REVIEW,Première édition française du Petit Prince,1943-04-21,true,B,0.8,INSUFFICIENT_EVIDENCE,annee_exacte_introuvable,"La date de publication en français est estimée à environ deux semaines après la publication en anglais le 6 avril 1943, selon Wikipédia.",Mettre à jour la date avec la date approximative de la première édition française.
119450a1-c7da-431a-a647-b60251bf8b0c,Mariage de Marie-Thérèse d'Autriche et François de Lorraine,1736-01-01,UPDATE_DATE,UPDATE_DATE,,1736-02-12,false,A,0.9,INSUFFICIENT_EVIDENCE,annee_exacte_introuvable,Le mariage a eu lieu le 12 février 1736. Plusieurs sources fiables confirment cette date. La description est cohérente.,Mettre à jour la date au 12 février 1736.
af3ae39f-f4e7-406a-b85b-cf1c321e9cd9,Décision d'ouverture du projet du musée du quai Branly,1999-01-01,UPDATE_TITLE,REVIEW,Création du musée du quai Branly,1999-01-01,true,B,0.9,INSUFFICIENT_EVIDENCE,retrieval_insuffisant,"Le titre actuel est acceptable, mais ""Création du musée du quai Branly"" est plus concis et précis. La description confirme la date de 1999 comme l'année de la décision de création. Pas de sources externes directes, mais la description est cohérente.","Mettre à jour le titre pour plus de concision et de précision, tout en conservant la date de 1999."
4513af9f-518f-4ea5-8872-0d9afd7ade07,Suppression de l'ordre des Jésuites en France,1764-01-01,REVIEW,REVIEW,Suppression de la Compagnie de Jésus en France,1764-11-26,true,B,0.8,INSUFFICIENT_EVIDENCE,annee_exacte_introuvable,"La date de suppression est imprécise. Plusieurs sources indiquent que la suppression a été prononcée par un édit de novembre 1764, enregistré par le Parlement le 26 novembre 1764. Le titre est légèrement modifié pour correspondre à l'appellation officielle.",Mettre à jour la date avec la date précise de l'enregistrement de l'édit de suppression par le Parlement.
39c20c48-9646-4835-92ea-65d352234f6e,Nationalisation de cinq grands groupes industriels,1982-01-01,UPDATE_DATE,UPDATE_DATE,Nationalisations de 1982 en France,1982-02-11,false,A,0.9,INSUFFICIENT_EVIDENCE,annee_exacte_introuvable,La date du 11 février 1982 correspond à la promulgation de la loi de nationalisation. Le titre est rendu plus générique pour englober l'ensemble des nationalisations de cette année.,Mettre à jour la date et le titre pour refléter la promulgation de la loi et l'ensemble des nationalisations.
281255be-400a-4611-9647-3420377ba829,Achèvement de la Divine Comédie de Dante Alighieri,1320-01-01,UPDATE_TITLE,REVIEW,Achèvement de la Divine Comédie,,true,B,0.9,INSUFFICIENT_EVIDENCE,annee_exacte_introuvable,Le titre actuel est trop long. Le titre proposé est plus concis et respecte les consignes.,"Conserver la date actuelle (1320-01-01) car elle est mentionnée dans plusieurs sources, bien qu'il puisse y avoir une incertitude sur le jour exact."
084152cb-66fa-4aa6-89a7-8f810d790ad9,Affrontement entre le comte de Blois Thibaud le Tricheur et les Normands,0961-01-01,UPDATE_TITLE,REVIEW,Conflit entre Thibaud le Tricheur et Richard Ier de Normandie,0961-01-01,true,B,0.9,INSUFFICIENT_EVIDENCE,absence_de_singularite,"Le titre original est trop général. Le titre proposé est plus précis en mentionnant Richard Ier, duc de Normandie, ce qui rend l'événement plus singulier et identifiable. La description correspond bien à cette reformulation.",Update the title to reflect the specific conflict between Thibaud le Tricheur and Richard Ier of Normandy in 961.
a8c2dda9-c1c4-451d-b774-3b9e35870b7d,Necker est renvoyé par Louis XVI,1789-01-01,UPDATE_DATE,REVIEW,Renvoi de Jacques Necker,1789-07-11,true,B,0.8,INSUFFICIENT_EVIDENCE,annee_exacte_introuvable,"Plusieurs sources concordantes indiquent que Jacques Necker a été renvoyé le 11 juillet 1789, ce qui a contribué à l'agitation prérévolutionnaire.",Vérifier avec d'autres sources si le renvoi du 11 juillet est le plus pertinent à retenir. Ajuster la description si nécessaire.
9188ce95-cff2-43ff-aa73-c5cfa8655cb7,Saint Louis rentre en France,1254-01-01,UPDATE_DATE,REVIEW,,1254-00-00,true,B,0.8,INSUFFICIENT_EVIDENCE,annee_exacte_introuvable,"L'année du retour de Saint Louis en France est bien 1254, mais le jour et le mois exacts ne sont pas précisés dans la description. On met donc les mois et jours à 00.",Mettre à jour la date avec l'année 1254 et les mois et jours à 00.
74a219d5-5472-452d-bcab-83d3641eb37f,Le scandale de Panama,1889-01-01,UPDATE_DATE,UPDATE_DATE,,1892-01-01,false,A,0.9,INSUFFICIENT_EVIDENCE,annee_exacte_introuvable,Wikidata et Wikipedia s'accordent sur le scandale de Panama. Wikidata donne 1892 comme date de l'événement. La description est cohérente avec cette date.,Mettre à jour la date à 1892-01-01 sur la base de Wikidata et Wikipedia. La description reste cohérente.
db67968d-ac5d-4ab2-b195-61388b853971,Création des premières lunettes correctrices,1285-09-08,UPDATE_TITLE,REVIEW,Invention des lunettes,1285-09-08,true,B,0.8,INSUFFICIENT_EVIDENCE,annee_exacte_introuvable,"Le titre ""Invention des lunettes"" est plus concis et courant que ""Création des premières lunettes correctrices"". La date est conservée car mentionnée dans la description et l'audit précédent.","Conserver le titre ""Invention des lunettes"" et la date du 8 septembre 1285. Rechercher des sources supplémentaires pour confirmer la date exacte."
91b94daa-e16d-4035-a162-94d8790682f9,Création du CNRS,1939-01-01,UPDATE_DATE,UPDATE_DATE,,1939-10-19,false,A,1,INSUFFICIENT_EVIDENCE,retrieval_insuffisant,La description indique clairement la date de création du CNRS comme étant le 19 octobre 1939. La date actuelle est incorrecte.,Mettre à jour la date avec la date correcte du 19 octobre 1939.
f993e2d9-abcf-44bd-bfa8-f83c5e7982b9,Création de la First Bank of the United States,1791-01-01,UPDATE_DATE,REVIEW,,1791-02-25,true,B,0.8,INSUFFICIENT_EVIDENCE,annee_exacte_introuvable,Le projet de loi créant la First Bank of the United States a été adopté le 25 février 1791. La description est cohérente avec cet événement.,Mettre à jour la date au 25 février 1791.
9648d2b7-a1e9-4aaa-9c48-a9e344b3244c,Lancement du TGV Sud-Est,1981-01-01,UPDATE_DATE,REVIEW,Lancement du TGV Sud-Est,1981-09-27,true,B,0.9,INSUFFICIENT_EVIDENCE,retrieval_insuffisant,La date du 1er janvier est improbable. Plusieurs sources mentionnent le 27 septembre 1981 comme date de lancement. La description est cohérente.,Conserver la date du 27 septembre 1981 comme date de lancement du TGV Sud-Est.
151a8656-e085-4370-8cdb-32ff83661035,Introduction du pousse-pousse (Japon),1869-01-01,REVIEW,REVIEW,,,true,C,0,INSUFFICIENT_EVIDENCE,annee_exacte_introuvable,L'audit précédent a soulevé des doutes sur la date exacte de l'introduction du pousse-pousse au Japon. Il est nécessaire de vérifier si des sources plus fiables peuvent confirmer cette date.,Effectuer une recherche approfondie pour confirmer la date d'introduction du pousse-pousse au Japon et identifier des sources plus fiables.
91b7c500-032c-4f60-928b-dd860e0cc3f5,Début de la construction de l'abbaye,1017-01-01,REVIEW,REVIEW,,,true,C,0,INSUFFICIENT_EVIDENCE,annee_exacte_introuvable,L'audit précédent n'a pas trouvé de sources fiables confirmant la date de début de la construction de l'abbaye du Mont-Saint-Michel. Les sources actuelles ne sont pas pertinentes pour valider la date.,"Rechercher des sources fiables (articles d'histoire, publications académiques, sites web officiels du Mont-Saint-Michel) qui confirment le début de la construction de l'abbaye en 1017. Vérifier si d'autres dates sont proposées et évaluer l…"
9497a97a-1b32-4ef1-8baa-95d27d9a81be,Ordonnance de Charles VI sur la peste,1400-01-01,REVIEW,REVIEW,,,true,C,0,INSUFFICIENT_EVIDENCE,annee_exacte_introuvable,The date of the ordinance is uncertain. The previous audit also indicated insufficient evidence for the year 1400. Further research is needed to confirm the exact date of the ordinance.,Search for reliable sources that confirm the date of the ordinance issued by Charles VI regarding the plague. Check official archives or historical documents. Look for primary sources or scholarly articles that discuss the ordinance and it…
d65a86ca-08c6-4ae8-9f4b-4bdcb0d576e1,Création de l'Inquisition à Séville,1478-01-01,UPDATE_DATE,UPDATE_DATE,Création de l'Inquisition espagnole,1480-01-01,false,A,0.9,INSUFFICIENT_EVIDENCE,annee_exacte_introuvable,"L'autorisation papale date de 1478, mais la nomination des premiers inquisiteurs et la mise en place effective à Séville datent de 1480. Le titre est légèrement modifié pour plus de précision.","Mettre à jour la date à 1480-01-01 et le titre à ""Création de l'Inquisition espagnole"", car cela correspond à la nomination des premiers inquisiteurs à Séville, tel que mentionné dans la description et confirmé par Wikipedia en anglais."
2bd8c36e-7316-40fc-9ddf-a55b6c9e0204,Bataille de Beyrouth-Ouest,1982-01-01,REVIEW,REVIEW,,,true,C,0,INSUFFICIENT_EVIDENCE,annee_exacte_introuvable,"L'audit précédent a identifié un conflit de date important. La description fait référence à 1982, mais les sources initiales pointent vers 1912 (bataille navale). Il faut investiguer plus avant pour déterminer s'il s'agit d'événements distincts ou d'une erreur. La présence de deux événements distincts avec des noms si…","Rechercher des sources fiables concernant la 'Bataille de Beyrouth-Ouest' en 1982, et vérifier s'il existe un événement distinct de la bataille navale de Beyrouth de 1912. Il faut déterminer si 'Bataille de Beyrouth-Ouest' est un terme sta…"
b3bd7960-ee9e-4412-97d5-60f78ed7cfdb,Début de la rédaction du Dit des Heike,1200-01-01,UPDATE_TITLE,REVIEW,Dit des Heike (début de rédaction),1200-01-01,true,B,0.8,INSUFFICIENT_EVIDENCE,absence_de_singularite,Le titre est plus précis en indiquant le début de la rédaction. La date est conservée car elle correspond au début de la rédaction. L'événement est considéré comme singulier car il marque le commencement d'un processus créatif.,"Mettre à jour le titre pour plus de précision. Vérifier si une date de début de rédaction plus précise est disponible, mais conserver la date actuelle si aucune information plus précise n'est trouvée."
bfffc1da-748d-44bc-ae14-afd605bbb76c,Systématisation de la notation musicale par Guido d'Arezzo,1026-01-01,KEEP_ACCEPTABLE,REVIEW,Systématisation de la notation musicale par Guido d'Arezzo,1026-01-01,true,C,0.6,INSUFFICIENT_EVIDENCE,retrieval_insuffisant,"L'événement semble correct d'après la description, mais l'absence de sources externes fiables rend la date précise difficile à confirmer avec certitude. On conserve l'événement car il est acceptable en l'état.",Ajouter des sources externes pour renforcer la confiance dans la date de l'événement.
1783bba1-b91f-4c9a-ac77-a4188add9f04,Publication de la première grammaire française,1550-01-01,KEEP_ACCEPTABLE,KEEP_ACCEPTABLE,,,false,B,0.7,INSUFFICIENT_EVIDENCE,annee_exacte_introuvable,"Bien que la date exacte soit difficile à confirmer avec une précision absolue, le titre et la description sont cohérents et pertinents. L'événement est identifiable et significatif dans l'histoire de la langue française.","Conserver l'événement avec le titre et la date actuels, en reconnaissant une incertitude mineure quant à la date exacte."
159b8df5-3746-46c4-8eea-b3d4ff784d47,Catarina Cornaro cède Chypre à Venise,1489-01-01,UPDATE_TITLE,REVIEW,Cession de Chypre à Venise,1489-01-01,true,B,0.9,INSUFFICIENT_EVIDENCE,retrieval_insuffisant,Le titre est amélioré pour plus de concision et de neutralité. La date est conservée car elle est cohérente avec la description.,Vérifier si une date plus précise (jour et mois) est disponible.
c826c45d-a000-4dd7-9853-95290937d6ed,Expéditions de Pépin contre l' Aquitaine,0760-01-01,UPDATE_TITLE,REVIEW,Guerres d'Aquitaine de Pépin le Bref,,true,A,0.9,INSUFFICIENT_EVIDENCE,absence_de_singularite,"The original title refers to a series of expeditions, not a single event. The proposed title reflects this series of military campaigns. The description supports this interpretation.",Update the title to reflect the series of military campaigns led by Pepin the Short in Aquitaine.
19e36464-6e4d-4f1c-af0e-a821d191c519,Campagne des FTP contre les infrastructures allemandes,1942-01-01,UPDATE_TITLE,REVIEW,Attentats et sabotages des FTP contre les infrastructures allemandes,,true,B,0.8,INSUFFICIENT_EVIDENCE,absence_de_singularite,"Le titre actuel est trop général. Le titre proposé est plus précis et correspond mieux à la description. Il reste difficile de considérer cela comme un événement unique, mais c'est un regroupement acceptable d'actions.",Modifier le titre pour plus de précision. Envisager de diviser en événements plus spécifiques si des données plus précises sont disponibles.
dc6895c7-69d1-4726-9122-0a9714b473f4,Premiers esclaves africains arrivés dans le Nouveau Monde,1502-10-01,UPDATE_TITLE,REVIEW,Début de la traite transatlantique,,true,B,0.8,INSUFFICIENT_EVIDENCE,annee_exacte_introuvable,"Le titre actuel est trop spécifique et daté. Le début de la traite transatlantique est un terme plus générique et approprié, englobant l'événement décrit. La date exacte est difficile à confirmer, mais l'événement lui-même est bien documenté.",Vérifier et potentiellement ajouter des sources concernant le début de la traite transatlantique et les premières arrivées d'esclaves africains dans le Nouveau Monde.
f47d97bb-f41d-43a8-a0a9-18c209428262,João Vaz Corte-Real atteint Terre-Neuve,1472-01-01,REVIEW,REVIEW,,,true,C,0,INSUFFICIENT_EVIDENCE,annee_exacte_introuvable,La date de 1472 pour l'atteinte de Terre-Neuve par João Vaz Corte-Real est incertaine. Aucune source fiable ne confirme cette date avec certitude.,Rechercher des sources historiques fiables qui confirment ou infirment la date de 1472 pour l'expédition de João Vaz Corte-Real à Terre-Neuve. Vérifier si d'autres dates sont proposées et les évaluer.
1751bb0b-53be-4b54-914e-cd004a527d99,Dernière attaque viking sur Paris,0910-01-01,UPDATE_TITLE,REVIEW,Raids vikings sur Paris,0910-01-01,true,B,0.9,INSUFFICIENT_EVIDENCE,absence_de_singularite,"Le titre actuel implique un événement unique, alors que la description suggère une série de raids. Le titre ""Raids vikings sur Paris"" est plus approprié. La date est conservée car mentionnée dans la description.","Modifier le titre pour refléter la nature répétée des raids vikings sur Paris, tout en conservant la date de 910 comme exemple spécifique."
f05a96e2-9551-4c5d-b4a3-99933e97294d,Bataille des Monts Mauriacus,0553-01-01,REVIEW,REVIEW,,,true,C,0,INSUFFICIENT_EVIDENCE,annee_exacte_introuvable,"L'audit précédent n'a pas permis de valider la date de 553 pour la bataille des Monts Mauriacus. Les sources fournies concernent la bataille des champs Catalauniques, ce qui est hors sujet. Il est nécessaire de trouver des sources fiables pour confirmer la date et le lieu de cette bataille.","Rechercher des sources fiables (articles historiques, publications académiques) qui confirment la date et le lieu de la bataille des Monts Mauriacus. Vérifier si 'Monts Mauriacus' est l'appellation la plus courante et officielle."
82bf9d98-d895-4556-9f49-d50bb1ea8e4b,Accident ferroviaire de Saint-Michel-de-Plélan,1942-01-01,UPDATE_DATE,REVIEW,Accident ferroviaire de Saint-Michel-de-Plélan,1942-04-04,true,B,0.7,INSUFFICIENT_EVIDENCE,retrieval_insuffisant,La description mentionne 'avril 1942'. Des sources secondaires indiquent le 4 avril 1942 comme date de l'accident.,Rechercher des sources primaires pour confirmer la date exacte de l'accident.
63328422-afee-462e-8988-aa4230f7ab69,Le scandale du Dieselgate,2015-01-01,UPDATE_DATE,REVIEW,,2015-09-18,true,B,0.9,INSUFFICIENT_EVIDENCE,annee_exacte_introuvable,"L'avis de violation de l'EPA le 18 septembre 2015 est un point de départ clair et documenté du scandale. Bien que les pratiques aient pu être antérieures, cette date marque le début de la révélation publique et des conséquences juridiques.","Conserver la date du 18 septembre 2015. Ajouter des sources factuelles (articles de presse de l'époque, rapports de l'EPA)."
700a2b03-f082-4c6d-86c1-07d591a0ffc4,Torricelli invente le baromètre à mercure,1643-01-01,UPDATE_TITLE,REVIEW,Invention du baromètre à mercure par Torricelli,1643-01-01,true,B,0.9,INSUFFICIENT_EVIDENCE,annee_exacte_introuvable,Le titre actuel est factuel mais peut être plus précis et standardisé. Le titre proposé est plus formel et correspond à une formulation courante pour cet événement. La description reste cohérente. La date est conservée car elle est cohérente avec la description.,Confirmer la date exacte de l'invention avec des sources supplémentaires si possible.
f9803a69-7d4d-41a5-a150-107740a9f3fe,Le comte Eudes II de Blois hérite de la Champagne,1019-01-01,UPDATE_BOTH,REVIEW,Héritage de Troyes et Meaux par Eudes II de Blois,1022-01-01,true,A,0.9,INSUFFICIENT_EVIDENCE,annee_exacte_introuvable,"L'article Wikipedia mentionne clairement l'héritage de Troyes et Meaux vers 1022, et non l'héritage de la Champagne en 1019. La description actuelle est donc incorrecte et doit être modifiée pour refléter l'héritage de Troyes et Meaux.",Mettre à jour le titre et la date pour correspondre à l'héritage de Troyes et Meaux en 1022. La description doit être modifiée en conséquence.
925c3c70-2482-48d1-a09e-e7ac83102901,Invention de la bicyclette à pédales,1861-07-12,REVIEW,REVIEW,,,true,C,0,INSUFFICIENT_EVIDENCE,preuve_insuffisante,"L'audit précédent n'a pas permis de valider la date de 1861. Les sources actuelles concernent la bicyclette de sécurité, un modèle ultérieur. La date de l'invention de la bicyclette à pédales reste incertaine. Il faut vérifier si Pierre Michaux est bien l'inventeur et si la date est correcte.",Rechercher des sources externes fiables qui confirment la date exacte de l'invention de la bicyclette à pédales et le rôle exact de Pierre Michaux.
c09af671-4d31-428e-a7de-5361a84d1044,Inauguration du Central Park Tower à New York,2020-01-01,UPDATE_TITLE,REVIEW,Ouverture de la Central Park Tower,2020-01-01,true,B,0.7,INSUFFICIENT_EVIDENCE,annee_exacte_introuvable,"The current title includes 'inauguration', which is less precise than 'ouverture'. The date is kept as is, based on the description.",Verify the exact date of the opening with more reliable sources.
8fcb6009-9cef-451d-af96-6826a1e865a1,Révolte des canuts de Lyon,1834-01-01,KEEP_ACCEPTABLE,KEEP_ACCEPTABLE,,,false,B,0.8,INSUFFICIENT_EVIDENCE,annee_exacte_introuvable,"The title and description are accurate. While the previous review suggested a more precise date, there isn't strong evidence to support it. Keeping the year is a reasonable compromise.",Keep the current title and date (year).
477af2c1-5d6c-44f5-b59d-8caed008a489,Première observation de Sirius par les astronomes chinois,0140-01-01,REVIEW,REVIEW,,,true,C,0,INSUFFICIENT_EVIDENCE,annee_exacte_introuvable,L'information concernant la première observation de Sirius par les astronomes chinois en 140 n'est pas facilement vérifiable. Les sources consultées ne confirment pas cette date précise.,Effectuer des recherches plus approfondies dans des sources spécialisées en histoire de l'astronomie chinoise pour confirmer la date et la nature de cette observation. Consulter des ouvrages ou articles scientifiques traitant de l'histoire…
f3217950-4853-48d2-a5d2-c3b1fb64ab88,Construction de la Tour Galata à Constantinople,1348-01-01,REVIEW,REVIEW,,,true,C,0,INSUFFICIENT_EVIDENCE,annee_exacte_introuvable,La date de construction de la Tour Galata (1348) n'est pas confirmée par les sources actuelles. Il faut trouver des sources plus fiables pour valider cette date.,"Rechercher des sources fiables (articles d'histoire, publications académiques) qui confirment l'année de construction de la Tour Galata."
70c493bf-6b54-47f2-a60e-c73d9275d523,Première utilisation de la fourchette en France,1533-01-01,UPDATE_TITLE,REVIEW,Introduction de la fourchette en France,1533-01-01,true,B,0.8,INSUFFICIENT_EVIDENCE,absence_de_singularite,"Le titre actuel implique une première utilisation unique, ce qui est difficile à prouver. Le titre proposé est plus général et correspond mieux à la description qui parle d'introduction et de popularisation. La date de 1533 est cohérente avec la description.",Vérifier si des sources plus précises existent concernant la date exacte de l'introduction de la fourchette par Catherine de Médicis.
52f32753-4f77-4cf7-9b03-17ec661049bc,Sécheresse en Amazonie brésilienne,2010-01-01,REVIEW,REVIEW,,,true,C,0,INSUFFICIENT_EVIDENCE,annee_exacte_introuvable,La date de 2010 pour la sécheresse en Amazonie brésilienne n'est pas confirmée. Il faut rechercher des sources fiables qui valident cette date.,"Rechercher des sources externes (articles de presse, rapports scientifiques) qui confirment la date de 2010 pour la sécheresse en Amazonie brésilienne. Si aucune source fiable ne confirme cette date, envisager de supprimer l'événement ou d…"
f92a6ab4-3ac9-4e7e-a383-6cd9fa9fb404,Dissolution de l'Assemblée nationale par Chirac,1997-01-01,UPDATE_BOTH,REVIEW,Dissolution de l'Assemblée nationale française de 1997,1997-04-21,true,A,0.9,INSUFFICIENT_EVIDENCE,annee_exacte_introuvable,La date de dissolution est le 21 avril 1997. Le titre doit être plus précis pour éviter la confusion avec d'autres dissolutions.,Conserver le titre et la date proposés. Vérifier que le titre est bien l'appellation la plus courante.
1879da59-9ccd-4f39-a6e2-fe45b35fef7c,Mariage de Jeanne de France et Louis d'Orléans,1476-01-01,KEEP,KEEP_ACCEPTABLE,,,false,B,0.7,INSUFFICIENT_EVIDENCE,annee_exacte_introuvable,"Le titre et la date semblent corrects et cohérents avec la description. Bien que la preuve ne soit pas irréprochable, elle est acceptable.",Conserver l'événement tel quel.
da481700-9a91-45f6-8990-48cc75e36a99,Assaut de Querétaro et chute de Maximilien Ier,1867-01-01,UPDATE_BOTH,UPDATE_BOTH,Siège de Querétaro,1867-02-05,true,A,0.9,INSUFFICIENT_EVIDENCE,retrieval_insuffisant,"Le titre original est trop long et inclut une conséquence. 'Siège de Querétaro' est l'appellation la plus courante. La date du 5 février correspond au début du siège, comme indiqué dans la description.",Appliquer les modifications. Vérification complémentaire non nécessaire.
9fc35ffb-bb7d-4ede-9899-8d733f755fbc,Bataille de Thessalonique,1040-01-01,UPDATE_DATE,REVIEW,Bataille de Thessalonique,1000-01-01,true,B,0.9,INSUFFICIENT_EVIDENCE,preuve_insuffisante,"La date de 1040 est incorrecte. Les sources indiquent plutôt l'an 1000 (Wikidata) ou 995 (Wikipedia). Je propose de retenir 1000, qui est l'information la plus précise disponible. La description devra être mise à jour pour correspondre à cette date.",Mettre à jour la date de la bataille de Thessalonique à 1000-01-01 et vérifier/corriger la description.
d8816694-0534-4432-b3d1-9b8925ca8ee5,Guerre du Tonneau,1774-01-01,REVIEW,REVIEW,,,true,C,0,INSUFFICIENT_EVIDENCE,annee_exacte_introuvable,The provided sources are about a building called 'Le Tonneau' and not the political event described as 'Guerre du Tonneau'. The date 1774 is not confirmed by reliable sources. Further research is needed to validate the event and its date.,Requires further investigation to find reliable sources confirming the event 'Guerre du Tonneau' and its date.
6f731167-c988-42ea-a7dd-85de28ccf87e,Publication du premier magazine d'échecs,1836-01-01,KEEP,KEEP_ACCEPTABLE,,,false,B,0.8,INSUFFICIENT_EVIDENCE,annee_exacte_introuvable,"Plusieurs sources (dont des bibliothèques numérisées) confirment l'existence et la date de lancement du magazine 'Le Palamède' en 1836. Bien que la preuve ne soit pas irréprochable, elle est suffisamment solide pour conserver l'événement.",Conserver l'événement avec le titre et la date actuels.
7a6bf247-f99b-4c20-b082-6235cb33145c,Paix de Gisors,0965-01-01,REVIEW,REVIEW,,,true,C,0.1,INSUFFICIENT_EVIDENCE,annee_exacte_introuvable,"La date de 965 pour la ""Paix de Gisors"" n'est pas confirmée par des sources facilement accessibles. L'article Wikipédia sur Gisors ne mentionne pas spécifiquement cet événement. Il est nécessaire de trouver des sources historiques primaires ou secondaires fiables pour valider l'existence et la date de cet événement.","Effectuer une recherche approfondie dans des bases de données historiques et des publications académiques pour trouver des mentions de la ""Paix de Gisors"" et sa date. Consulter des ouvrages sur l'histoire de la Normandie au Xe siècle."
aabd0af8-ac90-4a82-a7bf-547874b54ba7,Apparition des premières guildes de boulangers,1200-01-01,KEEP_ACCEPTABLE,DELETE,Création des guildes de boulangers,,true,B,0.7,INSUFFICIENT_EVIDENCE,absence_de_singularite,"L'événement décrit un processus graduel, mais il est possible de le reformuler pour qu'il soit acceptable. Le titre est modifié pour refléter la création des guildes, plutôt que leur apparition, ce qui est plus factuel.","Conserver avec un titre reformulé pour refléter la création des guildes, tout en reconnaissant que cela reste un processus et non un événement ponctuel."
d5317bde-a7e3-420a-bae9-d8c673dc76a2,Début de la colonisation du Congo Belge,1885-01-01,UPDATE_BOTH,UPDATE_BOTH,Création du Congo Belge,1908-11-15,true,A,0.9,INSUFFICIENT_EVIDENCE,absence_de_singularite,La date et le titre actuels sont incorrects. Le Congo Belge a été créé le 15 novembre 1908.,Mettre à jour le titre et la date pour refléter la création du Congo Belge.
9d573b74-2c0a-4e01-b37a-c1bdd352ddcb,Début de la construction du Fort de Lahore,1566-01-01,UPDATE_BOTH,UPDATE_BOTH,Reconstruction du Fort de Lahore,1593-01-01,true,A,0.9,INSUFFICIENT_EVIDENCE,absence_de_singularite,La description indique clairement que la reconstruction a débuté en 1593 sous Akbar. Le titre est modifié pour refléter plus précisément l'événement principal décrit dans la description.,Mettre à jour la date à 1593 et le titre pour correspondre à l'événement principal décrit dans la description. Le terme 'reconstruction' est plus précis que 'construction' compte tenu du texte.
ec563b78-da8d-4d56-8f2b-e8c72b174fdc,Mungo Park atteint le fleuve Niger,1796-07-20,KEEP_ACCEPTABLE,KEEP_ACCEPTABLE,Exploration du fleuve Niger par Mungo Park,1796-07-20,false,B,0.7,INSUFFICIENT_EVIDENCE,annee_exacte_introuvable,"Bien que la date exacte soit difficile à confirmer avec une certitude absolue, plusieurs sources indiquent que Mungo Park a atteint le fleuve Niger en juillet 1796. Le titre est modifié pour refléter l'ensemble de son exploration plutôt qu'un simple point de contact.","Conserver la fiche avec le titre et la date proposés, en reconnaissant une incertitude mineure quant à la date exacte."
e6a2ce6f-65cb-4f4a-b440-77b9eef7de0f,Newton découvre le calcul infinitésimal,1665-01-01,UPDATE_DATE,REVIEW,Découverte du calcul infinitésimal par Isaac Newton,,true,B,0.8,INSUFFICIENT_EVIDENCE,annee_exacte_introuvable,L'année exacte de la découverte du calcul infinitésimal par Newton est incertaine. Il est préférable de supprimer la date précise.,Supprimer la date précise.
0c362acd-a86a-403e-a378-c0f4370322ed,Invention du bateau à vapeur par Jouffroy d'Abbans,1783-01-01,UPDATE_TITLE,REVIEW,Démonstration du Pyroscaphe par Jouffroy d'Abbans,1783-01-01,true,B,0.9,INSUFFICIENT_EVIDENCE,annee_exacte_introuvable,Le titre actuel est trop général. La description se concentre sur la démonstration du Pyroscaphe. Le titre proposé est plus précis et correspond mieux à la description.,"Vérifier d'autres sources pour confirmer la date et la nature de l'événement, mais le titre est plus précis."
4c2b4900-f500-4b63-8384-cad81d09ed92,Approbation du premier vaccin contre le cancer (Gardasil),2006-01-01,UPDATE_DATE,UPDATE_DATE,Approbation du vaccin Gardasil,2006-06-08,false,A,0.9,INSUFFICIENT_EVIDENCE,retrieval_insuffisant,La date du 1er janvier 2006 est incorrecte. Plusieurs sources fiables confirment que le Gardasil a été approuvé par la FDA le 8 juin 2006. Le titre est simplifié pour plus de concision.,Confirmer l'approbation par la FDA le 8 juin 2006 via le site officiel de la FDA.
8c1b31ae-6fd8-48e2-ae69-da578f8710ae,Fondation de l’ENA,1945-01-01,UPDATE_DATE,UPDATE_DATE,Fondation de l'École nationale d'administration,1945-10-09,false,A,0.9,INSUFFICIENT_EVIDENCE,retrieval_insuffisant,Le Journal officiel du 9 octobre 1945 publie le décret de création de l'ENA. Le titre est légèrement modifié pour correspondre à l'appellation complète. La description est cohérente avec cette date.,Ajouter une référence au Journal officiel comme source.
803a333e-efed-45a7-8128-1199da8e2ece,Découverte de la vitamine C par Albert Szent-Györgyi,1932-01-01,KEEP_ACCEPTABLE,KEEP_ACCEPTABLE,,,false,B,0.7,INSUFFICIENT_EVIDENCE,annee_exacte_introuvable,"La description et le titre sont cohérents. Bien que l'année exacte puisse être débattue, l'événement est bien documenté et le titre est clair.",Conserver la fiche en l'état. Vérifier si d'autres sources permettent de préciser la date.
9c2533a9-3b6f-4b53-9226-1205e439fd3a,Invention de la machine à écrire par Christopher Latham Sholes,1868-01-01,KEEP_ACCEPTABLE,REVIEW,,,true,B,0.6,INSUFFICIENT_EVIDENCE,annee_exacte_introuvable,"Bien que l'année exacte soit difficile à confirmer avec une source unique et irréfutable, plusieurs sources mentionnent 1868 comme l'année de l'invention de la machine à écrire par Sholes. Le titre est clair et la description cohérente.",Conserver l'événement avec le niveau de confiance actuel. Ajouter des sources supplémentaires si disponibles.
162e91d4-a2e5-4b68-8e60-c1e3d34deb1c,Fondation de Singapour par Sir Stamford Raffles,1819-01-01,UPDATE_DATE,REVIEW,Fondation de Singapour par Stamford Raffles,1819-01-29,true,B,0.8,INSUFFICIENT_EVIDENCE,preuve_insuffisante,"L'audit précédent a identifié le 29 janvier 1819 comme date de débarquement de Stamford Raffles à Singapour, ce qui correspond à la fondation. La description est cohérente.",Mettre à jour la date au 29 janvier 1819.
8fe29348-672c-4405-a54d-6961b53f6a79,Accord commercial entre Pise et l'Égypte fatimide,1156-01-01,KEEP_ACCEPTABLE,REVIEW,Accord commercial entre Pise et l'Égypte fatimide,1156-01-01,true,C,0.6,INSUFFICIENT_EVIDENCE,annee_exacte_introuvable,"Bien qu'il n'y ait pas de confirmation directe de cet accord en 1156, la description est cohérente et l'événement est plausible dans le contexte de l'époque. L'absence de sources solides justifie un niveau de confiance faible.",Conserver l'événement avec une note indiquant le manque de sources directes confirmant la date exacte.
df685a4e-88ae-43b3-a747-751cd0ce7f30,Identification de Gliese 581g,2010-01-01,UPDATE_TITLE,REVIEW,Découverte de Gliese 581g,2010-01-01,true,B,0.9,INSUFFICIENT_EVIDENCE,retrieval_insuffisant,Le titre 'Découverte de Gliese 581g' est plus précis et courant que 'Identification de Gliese 581g'. La date de 2010 est cohérente avec la description.,"Vérifier si 'Annonce de la découverte de Gliese 581g' serait encore plus approprié, mais 'Découverte de Gliese 581g' est acceptable."
dbc69022-7f48-4ff2-8b80-4a598facc9b2,Ptolémée écrit l'Almageste,0150-01-01,UPDATE_TITLE,REVIEW,Publication de l'Almageste,0150-01-01,true,C,0.7,INSUFFICIENT_EVIDENCE,annee_exacte_introuvable,"Le titre original est trop centré sur l'auteur. Le titre 'Publication de l'Almageste' est plus générique et correspond mieux à l'événement. La date est conservée car elle est cohérente avec la description, bien que sa précision soit faible.",Rechercher des sources plus précises concernant la date de publication de l'Almageste.
b39ce22c-f975-4e2b-aa80-6dbac14c8e3f,Raimon-Bérenger IV s'unit à Pétronille,1150-01-01,UPDATE_TITLE,REVIEW,Mariage de Raimond-Bérenger IV de Barcelone et de Pétronille d'Aragon,,true,B,0.9,INSUFFICIENT_EVIDENCE,retrieval_insuffisant,"Le titre actuel est correct mais le titre proposé est plus formel et précis, correspondant à un standard historiographique. La date est cohérente avec la description.",Aucune autre action nécessaire.
3c7a4b41-851d-436c-a46f-01dafaec1edb,Première représentation du Bourgeois gentilhomme de Molière,1670-10-14,UPDATE_BOTH,UPDATE_BOTH,Première représentation du Bourgeois gentilhomme,1671-06-17,true,A,0.9,INSUFFICIENT_EVIDENCE,annee_exacte_introuvable,La date dans la description (17 juin 1671) contredit la date actuelle (14 octobre 1670). La date de la description est la bonne. Le titre doit être mis à jour pour enlever la date.,Mettre à jour le titre et la date pour correspondre à la première représentation du Bourgeois gentilhomme le 17 juin 1671.
c85b0329-c5bf-436e-aa26-a373346c6a3a,"Enquête sur l'affaire Clearstream 2, des liens présumés entre élite politique et secteur financier",2005-01-01,UPDATE_BOTH,REVIEW,Affaire Clearstream 2,2004-01-01,true,B,0.9,INSUFFICIENT_EVIDENCE,absence_de_singularite,Le titre actuel est trop long et inclut des détails superflus. L'affaire Clearstream 2 est l'appellation standard. La description indique que l'affaire débute en 2004.,Aucune recommandation supplémentaire.
8303f658-2339-4a38-bae8-2fbdb860740d,Retour de Christophe Colomb de son premier voyage en Amérique,1493-01-01,REVIEW,REVIEW,,,true,C,0,INSUFFICIENT_EVIDENCE,annee_exacte_introuvable,La date exacte du retour de Christophe Colomb en Europe après son premier voyage en Amérique est incertaine. Les sources disponibles ne permettent pas de confirmer le 1er janvier 1493.,"Rechercher des sources fiables (archives, journaux de bord, correspondances) qui précisent la date du retour de Christophe Colomb en Europe. Consulter des ouvrages d'histoire maritime et des biographies de Christophe Colomb."
5e84a326-bcee-437b-bcd9-d810a43e7831,Adoption du Statut de Rome par la Sierra Leone,2002-01-01,KEEP_ACCEPTABLE,REVIEW,,,true,C,0.6,INSUFFICIENT_EVIDENCE,preuve_insuffisante,L'information semble correcte mais manque de sources directes confirmant l'adoption par la Sierra Leone en 2002. Pas de nouvelles sources disponibles.,Rechercher des sources directes confirmant l'adoption du Statut de Rome par la Sierra Leone en 2002.
2b8c663e-9051-4d6e-9a77-80e7a9799b43,Lancement du 'Flowbee' (tondeuse à cheveux),1980-01-01,KEEP_ACCEPTABLE,KEEP_ACCEPTABLE,Lancement du Flowbee,1980-01-01,false,C,0.7,INSUFFICIENT_EVIDENCE,annee_exacte_introuvable,"Le titre est simplifié. La date est conservée car elle est dans la description, mais le niveau de preuve reste faible sans sources externes.",Rechercher des sources plus précises pour confirmer la date de lancement du Flowbee.
7bf71d45-cead-4993-8b8e-bf1f7e9383c8,Invention de la machine à coudre,1829-01-01,KEEP_ACCEPTABLE,REVIEW,,,true,C,0.6,INSUFFICIENT_EVIDENCE,annee_exacte_introuvable,"The title is acceptable and the description is consistent. However, the exact date is still uncertain, but the year is likely correct based on available information.","Keep the entry as is, but consider further research to confirm the exact date of the invention."
b48c70d0-e86a-48de-a381-ef0f36e76365,Première utilisation du télégraphe électrique,1837-01-01,UPDATE_DATE,REVIEW,,1837-01-24,true,B,0.8,INSUFFICIENT_EVIDENCE,annee_exacte_introuvable,La date du 1er janvier est trop vague. Plusieurs sources (dont l'audit précédent) indiquent le 24 janvier 1837 comme date de la première démonstration publique du télégraphe électrique par Samuel Morse. Le titre est acceptable.,Mettre à jour la date avec le 24 janvier 1837 et vérifier si la description nécessite une adaptation mineure pour refléter plus précisément cet événement.
4764b56c-be2e-43e6-85ee-033b2cee5d46,Irène devient impératrice byzantine,0797-01-01,UPDATE_BOTH,UPDATE_BOTH,Accession au trône d'Irène l'Athénienne,0797-08-01,true,A,0.9,INSUFFICIENT_EVIDENCE,annee_exacte_introuvable,Le titre actuel est acceptable mais peut être amélioré pour plus de précision. La date est incorrecte. Irène est devenue impératrice en août 797 après avoir déposé son fils Constantin VI. Le titre proposé est plus formel et précis. La date est corrigée selon les sources historiques.,Vérifier si le titre 'Accession au trône d'Irène l'Athénienne' est l'appellation la plus officielle ou standard. Confirmer la date exacte (jour) de l'accession au trône.
c5eaa478-e14b-48d6-b500-90eb85b53f78,Nouvelles modalités de calcul des pensions du secteur public,1983-01-01,UPDATE_TITLE,REVIEW,Réforme des retraites de 1983 (France),1983-01-01,true,B,0.9,INSUFFICIENT_EVIDENCE,retrieval_insuffisant,Le titre actuel est trop vague. La description indique clairement qu'il s'agit de la réforme des retraites de 1983. Le nouveau titre est plus précis et correspond à l'événement décrit. L'ajout de '(France)' permet de lever toute ambiguité.,Vérifier si le titre proposé est l'appellation la plus courante et officielle de cette réforme. Ajouter des sources externes pour renforcer la confiance.
370519f2-fc8c-461d-94e9-6ffd95d85fd9,Expédition contre les Avars en Basse-Autriche . Vassalisation de la Bohême,0791-01-01,UPDATE_TITLE,REVIEW,Expédition de Charlemagne contre les Avars,0791-01-01,true,B,0.9,INSUFFICIENT_EVIDENCE,annee_exacte_introuvable,"Le titre initial est trop long. La vassalisation de la Bohême est un événement distinct, bien que lié. Le titre proposé se concentre sur l'expédition principale. La date est conservée car elle est mentionnée dans la description.",Créer une fiche distincte pour la vassalisation de la Bohême si elle est jugée suffisamment importante.
7fa8841d-6532-431f-87a4-dbebc0a4be16,La Gazette devient journal officiel,1672-01-01,REVIEW,REVIEW,,,true,C,0,INSUFFICIENT_EVIDENCE,annee_exacte_introuvable,"The provided sources relate to the 'Journal officiel de la République française', which started in 1868, and not to 'La Gazette' in 1672. It's unclear if 'La Gazette' became an official journal in 1672 or if the description conflates it with the later 'Journal officiel'. Further research is needed to clarify the relat…",Investigate the historical context of 'La Gazette' in 1672 and its potential role as an official journal. Determine if the description accurately reflects the events of that time or if it's a misinterpretation or conflation with the later …
1a641da5-3253-413d-be29-4338c0f6e788,Naufrage du Valbanera,1919-01-01,UPDATE_DATE,UPDATE_DATE,,1919-09-19,false,A,0.9,INSUFFICIENT_EVIDENCE,retrieval_insuffisant,La date du 19 septembre 1919 est largement reconnue comme la date du naufrage du Valbanera. La description est cohérente avec cette date.,Mettre à jour la date avec la date correcte du naufrage (1919-09-19).
d4694a31-7be2-46eb-847b-34c3fc7a98ec,Début de la construction de Chan Chan,1350-01-01,UPDATE_BOTH,REVIEW,Construction de Chan Chan,0850-01-01,true,A,0.9,INSUFFICIENT_EVIDENCE,absence_de_singularite,"Wikidata (Q277540) indique 850 comme date de début de la construction. Le titre est simplifié pour plus de clarté et correspond à l'événement. L'événement décrit un processus, pas un événement singulier.",Mettre à jour la date à 850 et le titre à 'Construction de Chan Chan'.
5919ad05-48da-49af-b047-c4e81afb5c5f,Début de la Guerre des Boers en Afrique du Sud,1880-01-01,UPDATE_BOTH,UPDATE_BOTH,Première Guerre des Boers,1880-12-16,true,A,0.9,INSUFFICIENT_EVIDENCE,absence_de_singularite,L'événement actuel est ambigu car il existe deux guerres des Boers. La date actuelle est incorrecte. La Première Guerre des Boers a commencé le 16 décembre 1880.,Mettre à jour le titre et la date pour spécifier la Première Guerre des Boers.
6f7e23ce-f5d3-483a-b6a7-5b3f7b38fd43,Mort d'al-Mundhir Ier al-Tujibi,1018-01-01,KEEP_ACCEPTABLE,KEEP_ACCEPTABLE,,,false,B,0.7,INSUFFICIENT_EVIDENCE,retrieval_insuffisant,"La description correspond bien à l'événement. La date est plausible compte tenu du contexte de la désintégration du califat de Cordoue. On peut supposer que des sources existent, même si elles ne sont pas directement accessibles ici.","Conserver l'événement en l'état. Une recherche plus approfondie de sources serait idéale, mais l'information semble raisonnablement fiable."
2777fc5f-264e-4c88-83f6-c0451849964d,Catastrophe ferroviaire de Thumeries en France,1948-01-01,UPDATE_DATE,REVIEW,,1948-02-17,true,B,0.9,INSUFFICIENT_EVIDENCE,retrieval_insuffisant,"L'audit précédent a identifié le 17 février 1948 comme date probable de l'accident, avec plusieurs sources le confirmant. La description est cohérente avec cette date.","Conserver la date du 17 février 1948, en l'absence de contre-indication forte."
9d29b1c9-acca-494c-a48c-6a83312a8744,Saint Louis impose la monnaie royale,1263-01-01,REVIEW,REVIEW,,,true,C,0,INSUFFICIENT_EVIDENCE,preuve_insuffisante,L'audit précédent et les sources actuelles ne permettent pas de valider la date de 1263. Les sources externes fournies ne concernent pas l'événement décrit.,Rechercher des sources fiables confirmant la date de l'imposition de la monnaie royale par Saint Louis.
5fbbb1e2-f1fe-40ac-a98a-6b2fa9b29e27,Incendie du foyer de travailleurs d’Aubervilliers,1970-01-01,REVIEW,REVIEW,,,true,C,0,INSUFFICIENT_EVIDENCE,annee_exacte_introuvable,La date exacte de l'incendie n'est pas confirmée. Il faut trouver une source fiable pour valider la date de 1970.,Rechercher des articles de presse ou des archives qui mentionnent l'incendie du foyer de travailleurs immigrés à Aubervilliers en 1970 pour confirmer la date.
204973f2-0100-4cde-8c2f-1d6205f80869,Fondation du Théâtre des Arts à Paris,1793-01-01,UPDATE_TITLE,REVIEW,Création du Théâtre des Arts,1793-01-01,true,B,0.8,INSUFFICIENT_EVIDENCE,annee_exacte_introuvable,Le titre actuel est trop précis (localisation à Paris). Le titre proposé est plus général et correspond mieux à la description. La date est conservée car elle est mentionnée dans la description.,Mettre à jour le titre pour plus de généralité.
6fefa7f5-fa8c-4b84-b5d3-1ee8418ce034,Premier message commercial par satellite,1962-01-01,REVIEW,REVIEW,,,true,C,0,INSUFFICIENT_EVIDENCE,annee_exacte_introuvable,"L'événement est potentiellement important mais la date et la nature exacte du ""premier message commercial par satellite"" restent à confirmer. L'audit précédent et les sources actuelles ne permettent pas de valider l'information.",Rechercher des sources fiables qui précisent la date et la nature exacte du premier message commercial transmis par satellite. Vérifier si l'événement décrit correspond au lancement d'un satellite spécifique ou à une transmission particuli…
1a3745cc-918c-4e02-afcf-ca2c0bd1870f,Adoption de la Convention CITES,1973-01-01,UPDATE_DATE,UPDATE_DATE,,1973-03-03,false,A,0.9,INSUFFICIENT_EVIDENCE,annee_exacte_introuvable,La date de signature de la Convention CITES est le 3 mars 1973. De nombreuses sources fiables confirment cette date.,Mettre à jour la date au 3 mars 1973.
cf30b7ed-5bc5-48cf-8d71-0ce78c6d18bd,Deuxième défaite du Roi de France à Varaville face à Guillaume le Conquérant,1057-01-01,UPDATE_BOTH,UPDATE_BOTH,Bataille de Varaville,1058-01-01,true,A,1,INSUFFICIENT_EVIDENCE,annee_exacte_introuvable,La description indique clairement que la bataille de Varaville a eu lieu en 1058. Le titre actuel est incorrect et doit être mis à jour. Le titre proposé est plus concis et standard.,Mettre à jour le titre et la date pour refléter les informations correctes sur la bataille de Varaville.
eafa3bf6-d1c9-4bd7-a4b4-7db085b8a328,Sixième croisade menée par Frédéric II,1228-01-01,UPDATE_DATE,REVIEW,Sixième croisade,1228-11-09,true,B,0.9,INSUFFICIENT_EVIDENCE,preuve_insuffisante,La date de début de la sixième croisade est le 9 novembre 1228. Le titre est simplifié pour plus de concision.,Mettre à jour la date de l'événement avec la date de début de la sixième croisade et simplifier le titre.
759eebce-f337-46e3-bae0-ab0258a2151d,Fondation du Cyclists' Touring Club,1878-01-01,REVIEW,REVIEW,,,true,C,0,INSUFFICIENT_EVIDENCE,annee_exacte_introuvable,L'audit précédent a identifié un problème de date potentielle. Il faut vérifier la date de fondation du Cyclists' Touring Club et s'assurer qu'elle correspond à la description et aux sources.,Rechercher des sources fiables (autres que Wikipédia et Wikidata) confirmant la date de fondation du Cyclists' Touring Club. Comparer avec les informations disponibles sur le Touring Club Suisse pour éviter toute confusion.
e575e77f-9ccb-403b-97e6-d0357c47dd9b,Lancement du satellite artificiel XMM-Newton par l'ESA,1999-01-01,UPDATE_BOTH,UPDATE_BOTH,Lancement du satellite XMM-Newton,1999-12-10,true,A,0.9,INSUFFICIENT_EVIDENCE,annee_exacte_introuvable,La date de lancement du satellite XMM-Newton est le 10 décembre 1999. Le titre est plus clair sans mentionner l'ESA.,Vérifier que la description correspond bien au lancement du 10 décembre 1999.
814fed69-84b4-427f-b227-7af31c9fb2ba,Création de l'ICANN,1998-01-01,UPDATE_DATE,REVIEW,Création de l'ICANN,1998-09-18,true,B,0.9,INSUFFICIENT_EVIDENCE,retrieval_insuffisant,"La date de création de l'ICANN est le 18 septembre 1998. La description mentionne l'année 1998, ce qui est cohérent.",Confirmer la date exacte de création de l'ICANN via des sources officielles.
2162be68-6e36-4284-87fb-d687b7e2cc7d,Fondation de la Pennsylvanie,1681-01-01,UPDATE_DATE,REVIEW,Fondation de la Pennsylvanie,1681-03-04,true,B,0.8,INSUFFICIENT_EVIDENCE,annee_exacte_introuvable,La date de fondation de la Pennsylvanie est le 4 mars 1681 (date de la charte royale).,Mettre à jour la date avec la date exacte de la charte royale.
f7ff3f47-e1d6-405b-8c0c-adec4a18c0eb,Prise du château de Beynac par Richard Cœur de Lion,1197-01-01,REVIEW,REVIEW,,,true,C,0,INSUFFICIENT_EVIDENCE,annee_exacte_introuvable,"La date de 1197 pour la prise du château de Beynac par Richard Cœur de Lion n'est pas confirmée. Wikidata indique une inception du château en 1200. Il faut vérifier si le siège a bien eu lieu et si oui, en quelle année.",Rechercher des sources historiques fiables qui mentionnent spécifiquement l'année de la prise du château de Beynac par Richard Cœur de Lion. Vérifier si le siège a bien eu lieu.
6660623c-1a27-4e34-afa2-f02d92476420,Création du Ministère des Affaires Culturelles,1959-01-01,UPDATE_DATE,REVIEW,,1959-07-23,true,B,0.8,INSUFFICIENT_EVIDENCE,annee_exacte_introuvable,La date de création du Ministère des Affaires Culturelles est le 23 juillet 1959 (date du décret). La description est cohérente avec cette date. Plusieurs sources concordantes confirment cette date.,Mettre à jour la date avec la date exacte de création du ministère.
df9c40ba-2086-4fe3-a08a-a592dabefab5,Premières rédactions du poème anglo-saxon Beowulf approx.,0700-01-01,KEEP_ACCEPTABLE,KEEP_ACCEPTABLE,,,false,B,0.7,INSUFFICIENT_EVIDENCE,absence_de_singularite,"The previous audit suggested a title change, but the current title, while verbose, is acceptable. The date is an approximation, which is consistent with the description. Keeping the current title and date.",Keep the current title and date as they are acceptable and consistent with the description.
c6a7cb29-4942-478e-b7e1-87a499d99405,Sécurité sociale en Allemagne,1911-01-01,UPDATE_DATE,REVIEW,Sécurité sociale en Allemagne,1883-01-01,true,A,0.9,INSUFFICIENT_EVIDENCE,annee_exacte_introuvable,Wikidata (Q368468) indique 1883 comme date de début. La description devra être modifiée pour refléter cette date.,Mettre à jour la date à 1883-01-01 et modifier la description pour refléter la date de début de la sécurité sociale en Allemagne.
a560ec1e-bf88-40d4-b587-3036d5c335c4,Dissolution du PCUS : réactions françaises,1991-01-01,KEEP_ACCEPTABLE,KEEP_ACCEPTABLE,Réactions françaises à la dissolution du PCUS,1991-08-01,false,B,0.9,INSUFFICIENT_EVIDENCE,annee_exacte_introuvable,Reprise de la proposition précédente. La description mentionne août 1991 comme date de la dissolution du PCUS. Le titre est reformulé pour être plus générique et sans date.,RAS
c133c56c-a37a-4146-8bf3-41470d4795bf,Incendie de la cathédrale de Durham,1083-01-01,DELETE,REVIEW,,,true,C,0.7,INSUFFICIENT_EVIDENCE,annee_exacte_introuvable,L'incertitude sur la date et le manque de sources fiables justifient la suppression de l'événement.,Supprimer l'événement en raison de l'incertitude sur la date et du manque de sources fiables.
cca30a6c-838b-41b2-8f6a-122fd8fe90f9,Identification de Toumaï,2001-01-01,UPDATE_BOTH,REVIEW,Découverte de Toumaï,2001-07-19,true,B,0.9,INSUFFICIENT_EVIDENCE,annee_exacte_introuvable,Le titre actuel est trop vague. 'Découverte de Toumaï' est plus précis et courant. La date du 19 juillet 2001 est largement rapportée comme la date de la découverte initiale du crâne de Toumaï.,Confirmer la date exacte de la découverte avec des sources primaires si possible.
3d35f47f-1a3f-4505-bed5-7403dc54b11e,Catastrophe ferroviaire de Melun (France),1923-01-01,REVIEW,REVIEW,,,true,C,0,INSUFFICIENT_EVIDENCE,annee_exacte_introuvable,Aucune source ne confirme la date de 1923. L'audit précédent n'a pas permis de valider la date. Il faut investiguer plus avant.,"Rechercher des sources externes (archives, journaux de l'époque) pour confirmer la date de la catastrophe ferroviaire de Melun."
d8848738-3ad9-4081-89b9-2ec8243c0cd7,Première opération d'appendicite réussie,1887-01-01,KEEP_ACCEPTABLE,KEEP_ACCEPTABLE,,,false,B,0.7,INSUFFICIENT_EVIDENCE,retrieval_insuffisant,"La description mentionne clairement l'année 1887 comme un tournant avec la première appendicectomie réussie. Bien que la source Wikipedia ne confirme pas directement la date, la description est cohérente et plausible. On peut considérer que c'est acceptable en l'état.",Conserver l'événement avec le titre et la date actuels. Ajouter des sources supplémentaires si possible pour renforcer la confiance.
f8394394-e95a-4ee1-b246-cb409bd936e0,Accident industriel de Seveso – retentissement en France,1976-01-01,UPDATE_DATE,UPDATE_DATE,Accident industriel de Seveso – retentissement en France,1976-07-10,false,A,0.9,INSUFFICIENT_EVIDENCE,annee_exacte_introuvable,La description indique clairement que l'accident de Seveso a eu lieu le 10 juillet 1976. Le retentissement en France est directement lié à cet événement initial. Plusieurs sources confirment la date du 10 juillet 1976 pour l'accident.,"Mettre à jour la date pour correspondre à la date de l'accident de Seveso, car le retentissement est une conséquence directe de cet événement."
41c7051d-fbef-4c5e-9039-f23724cb0160,Découverte des sources du Nil par John Hanning Speke,1858-08-03,UPDATE_DATE,UPDATE_DATE,Découverte des sources du Nil par John Hanning Speke,1862-01-01,false,A,0.9,INSUFFICIENT_EVIDENCE,annee_exacte_introuvable,La description indique clairement que la découverte a eu lieu en 1862. Plusieurs sources confirment cette date.,Mettre à jour la date de l'événement à 1862.
ba77b7be-1c5a-4b91-aad5-e6268d5fa7ef,Installation des Huns en Pannonie,0400-01-01,REVIEW,REVIEW,,,true,C,0.3,INSUFFICIENT_EVIDENCE,annee_exacte_introuvable,La date de 400 pour l'installation des Huns en Pannonie est incertaine. Il faut trouver une source plus précise.,Rechercher des sources historiques fiables qui confirment la date de l'installation des Huns en Pannonie. Vérifier si l'installation fut progressive ou un événement ponctuel.
8ed7ea02-4423-4e87-a726-adbff9b38117,Grande inondation de Paris,1910-01-01,UPDATE_TITLE,REVIEW,Crue de la Seine de 1910,1910-01-01,true,A,0.9,INSUFFICIENT_EVIDENCE,retrieval_insuffisant,"Le titre ""Crue de la Seine de 1910"" est plus précis et correspond à l'appellation standard de cet événement. La date est confirmée par de nombreuses sources.",Ajouter des sources confirmant la date et l'importance de la crue.
c8d30c58-fde0-4589-b06e-ef05074e2aba,Invention du procédé Daguerre,1839-01-01,UPDATE_DATE,REVIEW,,1839-01-07,true,B,0.8,INSUFFICIENT_EVIDENCE,preuve_insuffisante,La date du 7 janvier 1839 est souvent citée pour la présentation du daguerréotype à l'Académie des Sciences. L'année 1839 est largement acceptée pour l'invention.,"Mettre à jour la date au 7 janvier 1839, date souvent citée pour la présentation à l'Académie des Sciences."
45587ba5-796a-46e3-a6cd-e17b55a058e0,Deuxième bataille de Conquereuil,0992-01-01,KEEP_ACCEPTABLE,KEEP_ACCEPTABLE,,,false,B,0.7,INSUFFICIENT_EVIDENCE,retrieval_insuffisant,La description correspond au titre et à la date. L'audit précédent a déjà confirmé la cohérence. Pas de raison de modifier sans source supplémentaire.,"Conserver l'événement tel quel. Une vérification plus approfondie serait idéale, mais n'est pas immédiatement nécessaire."
e932af71-3b78-4764-894c-bb52c8000029,Création des conseils de prud’hommes,1806-01-01,UPDATE_DATE,UPDATE_DATE,,1806-03-18,false,A,0.9,INSUFFICIENT_EVIDENCE,preuve_insuffisante,La date de création des conseils de prud'hommes est le 18 mars 1806 (loi du 18 mars 1806).,Mettre à jour la date au 18 mars 1806.
05ee5fcc-722f-4875-b3ca-f51a012464d9,Bataille de Noyon,0890-01-01,UPDATE_TITLE,REVIEW,Première bataille de Noyon,,true,C,0.6,INSUFFICIENT_EVIDENCE,annee_exacte_introuvable,"Plusieurs batailles ont eu lieu à Noyon. La description correspond à la première bataille, qui est mal documentée. Renommer pour éviter la confusion.","Clarifier la date exacte si possible. Sinon, conserver le titre 'Première bataille de Noyon' et la description actuelle."
aad35619-0528-45ff-b9e2-a500daf5c350,Inauguration de la Jeddah Tower,2024-01-01,DELETE,REVIEW,,,true,C,0.9,INSUFFICIENT_EVIDENCE,annee_exacte_introuvable,L'inauguration est potentielle et sans date ferme. Plusieurs reports ont été annoncés. Pas d'information fiable disponible.,Supprimer l'événement car il est incertain et non daté.
03ec8391-ed66-41dc-959b-fa183fcc148a,Expédition de George Vancouver sur la côte Pacifique,1792-01-01,UPDATE_TITLE,UPDATE_TITLE,Expédition de Vancouver dans le Pacifique Nord-Est,1792-01-01,false,A,0.9,INSUFFICIENT_EVIDENCE,absence_de_singularite,"Le titre actuel est acceptable, mais ""Pacifique Nord-Ouest"" est plus précis géographiquement. L'expédition a duré plusieurs années, donc conserver la date de début est pertinent.","Update the title to ""Expédition de Vancouver dans le Pacifique Nord-Est"". Keep the date as 1792-01-01."
46c921d3-4722-47ab-af99-3b16ddd3c44c,Préparatifs des premiers essais nucléaires militaires français,1955-01-01,REVIEW,REVIEW,,,true,C,0.5,INSUFFICIENT_EVIDENCE,absence_de_singularite,The event describes a process (preparations) rather than a singular event. The date is also uncertain. Further review is needed to determine if a more specific event related to the French nuclear program can be identified and dated.,Review to determine if a more specific event can be extracted from the description and dated accurately.
aad36698-6508-4db1-afe2-cafce81611c5,Ouverture de la Bourse de Londres,1571-01-01,KEEP_ACCEPTABLE,KEEP_ACCEPTABLE,Ouverture de la Bourse de Londres,1571-01-01,false,B,0.8,INSUFFICIENT_EVIDENCE,annee_exacte_introuvable,"La date exacte de l'ouverture est difficile à établir avec certitude, mais l'année 1571 est largement acceptée. Conserver la date au 1er janvier 1571 est une approximation acceptable en l'absence de preuve définitive d'un jour précis.","Conserver la date actuelle, faute de sources plus précises."
b4fe3ef8-1489-4f66-ad23-ce07ceab8d3d,Paracelse médecin de Bâle,1527-01-01,UPDATE_DATE,REVIEW,Paracelse nommé médecin de Bâle,1527-01-01,true,B,0.7,INSUFFICIENT_EVIDENCE,preuve_insuffisante,La description mentionne 1527 comme année de nomination. Le titre est légèrement amélioré pour plus de clarté.,Conserver la date de 1527 et le titre reformulé. Vérifier si des sources plus précises peuvent confirmer le jour et le mois de la nomination.
e179c59e-93b1-4fae-92ca-dc33cdc96df1,Ouverture du Queen's College de Londres,1848-01-01,UPDATE_DATE,REVIEW,Ouverture du Queen's College de Londres,1848-05-01,true,B,0.7,INSUFFICIENT_EVIDENCE,annee_exacte_introuvable,"La date d'ouverture du Queen's College de Londres est le 1er mai 1848, selon plusieurs sources. La description est cohérente avec cet événement.",Mettre à jour la date au 1er mai 1848.
db3d5319-8662-47fe-a6e4-1aa408340ca4,Première mention des Wisigoths,0257-01-01,KEEP_ACCEPTABLE,REVIEW,Première mention des Wisigoths,0257-01-01,true,C,0.5,INSUFFICIENT_EVIDENCE,annee_exacte_introuvable,"La fiche est acceptable en l'état, mais manque de sources pour confirmer la date exacte. La description correspond au titre et à la date.",Rechercher et ajouter des sources fiables pour confirmer la date de la première mention des Wisigoths.
dc88dca7-3301-4d56-8087-d4d6e65265aa,Naissance traditionnelle de Charlemagne,0742-04-02,REVIEW,REVIEW,Naissance de Charlemagne,,true,B,0.8,INSUFFICIENT_EVIDENCE,annee_exacte_introuvable,"Le titre actuel est imprécis. Le titre ""Naissance de Charlemagne"" est plus approprié et correspond à l'événement. La date reste incertaine.",Conserver la fiche avec le titre mis à jour. La date de naissance reste à confirmer avec des sources plus fiables.
f7388f77-db03-4ee1-9fb6-dad87ddd4e63,Le scandale de l'Irangate,1985-01-01,KEEP_ACCEPTABLE,KEEP_ACCEPTABLE,,,false,B,0.7,INSUFFICIENT_EVIDENCE,annee_exacte_introuvable,"Le titre est clair et la description correspond. Bien que la date puisse être plus précise, l'année est un bon point de départ. Pas de sources externes pertinentes trouvées dans la liste fournie.","Conserver l'entrée avec le titre et la date actuels. Une recherche plus approfondie pourrait être effectuée pour préciser la date, mais ce n'est pas critique."
30398aaa-76be-4609-aa5c-bae80154e32e,Réformes fiscales et agricoles de Dioclétien en Gaule,0292-01-01,REVIEW,REVIEW,,,true,C,0,INSUFFICIENT_EVIDENCE,annee_exacte_introuvable,La date de 292 pour les réformes fiscales et agricoles de Dioclétien en Gaule n'est pas confirmée par les sources disponibles. Il est nécessaire de trouver une source fiable qui confirme cette date.,Rechercher des sources supplémentaires confirmant la date de 292 pour les réformes fiscales et agricoles de Dioclétien en Gaule.
1ca9ffdb-0d85-46d2-a7e6-6d9aeb4fdefb,Construction de la première cathédrale de Hagia Sophia,0360-01-01,REVIEW,REVIEW,,,true,C,0,INSUFFICIENT_EVIDENCE,annee_exacte_introuvable,The previous audit and the provided source both indicate issues with the accuracy of the date and the specific Hagia Sophia being referenced. Further investigation is needed to confirm the details of the first Hagia Sophia in Constantinople.,Conduct further research to verify the construction date and details of the first Hagia Sophia in Constantinople. Consult reliable historical sources and architectural studies.
18055141-9f6b-4d3e-956f-16f9a52c2e8a,Destruction de la ville de Valtari par les Vikings,1009-01-01,REVIEW,REVIEW,,,true,C,0,INSUFFICIENT_EVIDENCE,retrieval_insuffisant,L'existence de la ville de Valtari et sa destruction par les Vikings en 1009 nécessitent une vérification plus approfondie. L'absence de sources fiables rend la validation difficile.,Rechercher des sources primaires ou secondaires mentionnant la ville de Valtari et les raids vikings en Italie vers l'an 1009. Examiner les archives locales italiennes et les sagas nordiques pour confirmer l'événement.
15b95cb9-68d1-4a68-a309-8d51ba1bec65,Indépendance de l'Argentine,1816-01-01,UPDATE_DATE,UPDATE_DATE,Indépendance de l'Argentine,1816-07-09,false,A,0.9,INSUFFICIENT_EVIDENCE,preuve_insuffisante,"La date actuelle (1816-01-01) est incorrecte. La Déclaration d'indépendance de l'Argentine a été signée le 9 juillet 1816. La description est cohérente avec l'événement, mais la date doit être mise à jour. Plusieurs sources confirment cette date.",Mettre à jour la date au 9 juillet 1816.
e5b204ab-0dfa-4590-b8e6-fda8b6a8e9a3,Découverte d'eau liquide sur Mars,2018-01-01,UPDATE_DATE,REVIEW,,2018-07-25,true,B,0.8,INSUFFICIENT_EVIDENCE,retrieval_insuffisant,Plusieurs sources concordantes indiquent que l'annonce de la découverte a été faite le 25 juillet 2018. La description de l'événement est cohérente avec cette date.,"Mettre à jour la date de l'événement avec la date précise de l'annonce de la découverte, soit le 25 juillet 2018."
737858c2-77d6-4d43-9163-3eb8fa81a2ec,Création championnat foot féminin en France,2001-01-01,REVIEW,REVIEW,,,true,C,0.1,INSUFFICIENT_EVIDENCE,annee_exacte_introuvable,The previous audit couldn't confirm the exact year. The provided sources do not confirm the creation year of the top-tier women's league. The sources provided relate to the second division and an older championship. Further research is needed to confirm the date of the creation of the first division.,Further research is needed to find a reliable source that confirms the exact year of the creation of the top-tier women's football championship in France.
8d89a986-42f3-4493-b108-513c05cdec22,Premier sous-marin à propulsion humaine,1620-01-01,KEEP_ACCEPTABLE,KEEP_ACCEPTABLE,,,false,B,0.7,INSUFFICIENT_EVIDENCE,preuve_insuffisante,"L'événement est bien décrit et correspond à l'invention du premier sous-marin fonctionnel. La date est raisonnablement précise, bien qu'elle puisse bénéficier d'une source plus solide.",Conserver l'événement. La description correspond bien à l'événement historique. La date est plausible mais pourrait être confirmée par une source plus précise.
8946c24a-0465-4758-9ae0-b8e8e87fc16b,Introduction du tabac au Japon,1587-01-01,KEEP_ACCEPTABLE,KEEP_ACCEPTABLE,,,false,B,0.7,INSUFFICIENT_EVIDENCE,annee_exacte_introuvable,"La description mentionne l'introduction du tabac au Japon en 1587 par les Portugais. Bien qu'une source forte et directe soit manquante, la description est cohérente avec le titre et la date. L'article Wikipedia sur l'histoire de la culture du tabac ne mentionne pas spécifiquement l'introduction au Japon, mais confirm…",Conserver l'événement avec un niveau de confiance modéré. Une recherche plus approfondie de sources japonaises ou portugaises pourrait renforcer la preuve.
053a24b3-9736-4b04-b838-ceb5d6824585,Construction du château de Guimarães,0950-01-01,REVIEW,REVIEW,,,true,C,0,INSUFFICIENT_EVIDENCE,annee_exacte_introuvable,La date de construction du château est incertaine. Wikipédia ne donne pas de date précise.,Rechercher des sources plus précises sur la date de construction du château de Guimarães.
bfe41a84-6748-4750-84f7-9645835d7f85,Averroès termine son commentaire sur Aristote,1169-01-01,KEEP_ACCEPTABLE,REVIEW,Achèvement du commentaire d'Averroès sur Aristote,1169-01-01,true,C,0.6,INSUFFICIENT_EVIDENCE,retrieval_insuffisant,"Le titre est reformulé pour être plus neutre et sans date. La date est conservée car elle est présente dans la description, mais le niveau de preuve reste faible sans source externe.",Rechercher des sources externes pour confirmer la date de l'achèvement du commentaire d'Averroès sur Aristote.
a89e6213-dbf5-4b7e-9c54-ce0966783af3,Première culture commerciale de caoutchouc,1876-01-01,REVIEW,REVIEW,,,true,C,0.5,INSUFFICIENT_EVIDENCE,retrieval_insuffisant,La date de 1876 pour la première culture commerciale d'hévéa en Asie du Sud-Est n'est pas confirmée par la source actuelle. Il est nécessaire de trouver une source fiable qui confirme cette date pour valider l'événement.,Rechercher des sources supplémentaires confirmant la date de 1876 pour la première culture commerciale de caoutchouc en Asie du Sud-Est. Vérifier si d'autres sources mentionnent une date différente ou un lieu différent pour cet événement.
e29606d4-1c1b-4b37-972d-312f2d1e7218,Fondation de la ville de New Amsterdam,1625-01-01,UPDATE_BOTH,REVIEW,Fondation de New Amsterdam,1625-05-01,true,B,0.8,INSUFFICIENT_EVIDENCE,annee_exacte_introuvable,"Le titre est amélioré en supprimant 'ville de'. La date est mise à jour au 1er mai 1625, date communément admise pour la fondation de New Amsterdam, bien que certaines sources indiquent mai sans jour précis. La description reste cohérente.",Vérifier si une source plus précise peut confirmer le jour exact de la fondation.
15559b66-6373-4a09-b6b3-6e4a62f287b8,Synode de Hereford,1015-01-01,REVIEW,REVIEW,,,true,C,0.6,INSUFFICIENT_EVIDENCE,annee_exacte_introuvable,"L'événement semble réel et le titre est correct. Cependant, l'absence de sources rend la date incertaine. On conserve en l'état, mais avec un niveau de confiance faible.",Ajouter des sources pour confirmer la date du synode de Hereford.
cf4482cc-06ab-4def-8bd7-4e411346b40a,Diogo Dias découvre l'île de Madagascar,1500-01-01,KEEP_ACCEPTABLE,REVIEW,,,true,B,0.6,INSUFFICIENT_EVIDENCE,annee_exacte_introuvable,"La description correspond à l'événement rapporté. Bien que la date exacte soit difficile à confirmer, l'événement est bien documenté.","Conserver l'événement tel quel, en reconnaissant l'incertitude sur la date exacte. Ajouter des sources secondaires fiables si possible."
8be4fee5-a046-4cb3-b6af-4b541ad421f3,Invention du thermomètre médical portable par Allbutt,1867-09-14,UPDATE_TITLE,REVIEW,Invention du thermomètre médical portable,1867-09-14,true,B,0.9,INSUFFICIENT_EVIDENCE,retrieval_insuffisant,Le titre actuel est trop spécifique en mentionnant Allbutt. Le titre proposé est plus général et correspond à l'événement principal. La date est conservée car elle est mentionnée dans la description.,"Vérifier si le thermomètre médical portable existait avant Allbutt. Si oui, il faudrait reformuler."
f74c64c9-6f98-4f24-8dcc-bff2787e6509,Deuxième Guerre Dacique de Trajan,0106-01-01,UPDATE_TITLE,REVIEW,Guerres daciques,,true,A,0.9,INSUFFICIENT_EVIDENCE,absence_de_singularite,"The event describes two wars, not a single event. The proposed title 'Guerres daciques' is more accurate and standard.",Update the title to 'Guerres daciques' to reflect the fact that it was a series of wars. The description remains consistent with this change.
49b47d1f-2c30-469a-b0a7-a70f66627474,Fin de la Guerre des Deux-Roses,1485-10-01,UPDATE_BOTH,REVIEW,Guerre des Deux-Roses,1485-08-22,true,A,0.9,INSUFFICIENT_EVIDENCE,absence_de_singularite,"La date actuelle est incorrecte. La bataille de Bosworth, qui marque la fin de la guerre, a eu lieu le 22 août 1485. Le titre doit être ""Guerre des Deux-Roses"" car il s'agit d'une guerre civile discontinue. La description est cohérente avec ces modifications.","Mettre à jour la date au 22 août 1485 et le titre à ""Guerre des Deux-Roses""."
0f07b58d-ccf5-41bd-99cc-82b6e3f62927,Lancement de l'Observatoire de Paris,1667-06-21,UPDATE_BOTH,UPDATE_BOTH,Inauguration de l'Observatoire de Paris,1671-09-05,true,A,1,INSUFFICIENT_EVIDENCE,annee_exacte_introuvable,La description indique clairement que l'inauguration a eu lieu le 5 septembre 1671. Le titre est mis à jour pour refléter l'événement décrit.,Mettre à jour le titre et la date pour correspondre à l'inauguration de l'Observatoire de Paris.
bad1912a-6727-4643-98c3-f4f8dc1c3473,Pasteur réfute la génération spontanée,1859-01-01,UPDATE_DATE,REVIEW,,1859-04-07,true,B,0.8,INSUFFICIENT_EVIDENCE,annee_exacte_introuvable,"La date du 7 avril 1859 correspond à la présentation des expériences de Pasteur à l'Académie des sciences, un événement clé dans la réfutation de la génération spontanée. La description est cohérente avec cet événement.",Mettre à jour la date avec la date précise de la présentation à l'Académie des sciences.
dc4c26c2-e391-43d2-9f7e-faf91f154111,Début de la construction de l'Ideal-X,1955-01-01,REVIEW,REVIEW,,,true,C,0,INSUFFICIENT_EVIDENCE,annee_exacte_introuvable,L'audit précédent a conclu à un manque de sources fiables confirmant la date. La source fournie est hors sujet. Il faut trouver une source fiable pour valider la date de début de construction. La date de 1955-01-01 n'est pas confirmée.,Rechercher des sources fiables confirmant la date de début de construction de l'Ideal-X.
4c5098f3-88ec-48a7-9d08-cb21f276cd92,Inauguration de la ligne de chemin de fer Paris-Rouen,1843-06-22,KEEP_ACCEPTABLE,KEEP_ACCEPTABLE,,,false,B,0.7,INSUFFICIENT_EVIDENCE,annee_exacte_introuvable,"La date et le titre correspondent à la description. Bien qu'il n'y ait pas de sources directes dans les sources externes fournies, la description est cohérente et plausible.","Conserver l'événement tel quel, en considérant que la description fournit une preuve acceptable de la date et du titre."
39260fe6-f97c-4721-8d39-60dd9e2f95fd,Création du lazaret de Marseille,1485-01-01,KEEP_ACCEPTABLE,KEEP_ACCEPTABLE,,,true,B,0.7,INSUFFICIENT_EVIDENCE,retrieval_insuffisant,"L'événement semble correct et cohérent. Le titre est clair et la description correspond à la date indiquée. Cependant, une source plus précise confirmant la date exacte de la création serait préférable.","Conserver l'événement tel quel, mais continuer à chercher des sources plus précises sur la date exacte de la création du lazaret de Marseille."
f3f761ad-6917-4f20-a72b-04271a165a87,Invention de la presse à caractères mobiles en métal,1450-01-01,KEEP_ACCEPTABLE,REVIEW,,,true,C,0.6,INSUFFICIENT_EVIDENCE,annee_exacte_introuvable,"While the description mentions Gutenberg's work around 1450, pinpointing the exact year of the invention remains challenging based on the provided source. The title is acceptable and unambiguous.","Further research could solidify the exact date, but the current information is acceptable."
a0d174bb-db92-4892-a29f-95848fe9b8fa,Porphyre publie « Contre les chrétiens »,0270-01-01,KEEP_ACCEPTABLE,REVIEW,,,true,C,0.6,INSUFFICIENT_EVIDENCE,annee_exacte_introuvable,"La date exacte de publication de ""Contre les chrétiens"" est incertaine, mais la description indique ""vers 270"". L'information est acceptable en l'état.","Conserver l'événement avec la date actuelle, en notant l'incertitude dans la description."
4d5c691c-972d-415d-b66e-0640d43ab3d5,Couronnement de Marie de Médicis,1610-01-01,UPDATE_DATE,UPDATE_DATE,,1610-05-13,false,A,0.9,INSUFFICIENT_EVIDENCE,annee_exacte_introuvable,Plusieurs sources concordantes indiquent que le couronnement a eu lieu le 13 mai 1610 à Saint-Denis. L'article Wikipedia sur Marie de Médicis confirme l'année du couronnement.,Mettre à jour la date au 13 mai 1610.
bef2de3a-7e94-483e-a33d-ed148b7aa320,Mariage de César Borgia avec Charlotte d'Albret,1501-01-01,REVIEW,REVIEW,,,true,C,0,INSUFFICIENT_EVIDENCE,annee_exacte_introuvable,La date du mariage n'est pas confirmée. Les sources disponibles ne permettent pas de valider l'année exacte.,Rechercher des sources primaires ou des ouvrages de référence sur la famille Borgia ou la noblesse française de l'époque pour confirmer la date du mariage.
66bad4cd-00a2-41e5-b907-7e8f1ad81fb4,Deuxième conférence de La Haye,1930-01-01,UPDATE_DATE,REVIEW,,1930-01-03,true,B,0.9,INSUFFICIENT_EVIDENCE,annee_exacte_introuvable,La description mentionne 1930 et des sources confirment que la conférence a débuté le 3 janvier 1930.,Mettre à jour la date au 3 janvier 1930.
f1f6a180-5bd0-4c28-abb1-4e6ac89d80f8,Les navires arabes dominent l'océan Indien,0900-01-01,KEEP_ACCEPTABLE,DELETE,,,true,B,0.9,INSUFFICIENT_EVIDENCE,absence_de_singularite,"L'audit précédent a proposé un titre plus approprié, mais le titre actuel reste acceptable car il décrit un fait historique marquant. La description est cohérente avec le titre et la date.","Conserver la fiche telle quelle, bien que le titre proposé dans l'audit précédent soit une amélioration possible."
5ad5dcaa-e6a0-4e4e-962c-f8a83a78a6c2,Invention de l'isolateur de conduit à canard,1935-01-01,KEEP_ACCEPTABLE,REVIEW,,,true,C,0.6,INSUFFICIENT_EVIDENCE,retrieval_insuffisant,"L'information semble correcte d'après la description, mais manque de sources externes pour confirmer la date de l'invention. Le titre est acceptable.",Ajouter des sources externes pour confirmer la date de l'invention.
5ea0142e-0a37-46ca-a9cf-fa522b56ade1,Affaire Elf : révélations judiciaires,1997-01-01,UPDATE_BOTH,REVIEW,Affaire Elf,1994-01-01,true,B,0.9,INSUFFICIENT_EVIDENCE,absence_de_singularite,"The affair started in 1994, although major revelations occurred later. The title is shortened to the most common name. The description remains consistent with the updated date.",Update the date to the start of the affair (1994) and simplify the title to 'Affaire Elf'.
8ddd5937-de6f-42fe-870e-a365ce593a25,Création du premier rein artificiel implantable,2018-01-01,REVIEW,REVIEW,,,true,C,0,INSUFFICIENT_EVIDENCE,retrieval_insuffisant,L'audit précédent a soulevé des doutes quant à la nature exacte de l'événement (rein artificiel implantable vs. dialyse) et à sa date. Aucune nouvelle source n'a été fournie pour clarifier ces points.,"Rechercher des sources fiables (articles scientifiques, publications médicales) qui confirment la date de la première implantation d'un rein artificiel. Vérifier si le dispositif décrit correspond à la définition d'un organe artificiel imp…"
fc051d4b-6b2e-44cc-9b2a-1574f6aaa094,Expansion de Teotihuacan,0500-01-01,DELETE,REVIEW,,,true,B,0.9,INSUFFICIENT_EVIDENCE,absence_de_singularite,"L'événement décrit une période d'expansion, ce qui n'est pas un événement singulier. La date est approximative. Pas de sources externes.",Supprimer car il s'agit d'une période et non d'un événement ponctuel.
9b6fefef-6095-49de-8b21-9a4792f23c77,Début de la construction du Panthéon,0118-01-01,UPDATE_DATE,REVIEW,Construction du Panthéon de Rome,0113-01-01,true,B,0.8,INSUFFICIENT_EVIDENCE,annee_exacte_introuvable,La date de 118 est incorrecte. La construction a commencé vers 113-125 ap. J.-C. Le titre est amélioré pour préciser qu'il s'agit du Panthéon de Rome.,Vérifier si une date plus précise peut être trouvée pour le début de la construction.
d584e6c1-ffe3-4195-a9c7-8b40dbf756a9,Insurrection du Rif : envoi de troupes françaises au Maroc,1925-01-01,UPDATE_TITLE,REVIEW,Guerre du Rif,,true,A,0.9,INSUFFICIENT_EVIDENCE,absence_de_singularite,Le titre actuel est trop spécifique. L'événement est connu sous le nom de Guerre du Rif. La description est cohérente avec cet événement plus large.,Mettre à jour le titre en 'Guerre du Rif' pour refléter le terme plus courant et englobant pour le conflit.
589781bf-380d-4326-ad72-fcb3055e964e,Naissance du mouvement poujadiste,1955-01-01,KEEP_ACCEPTABLE,KEEP_ACCEPTABLE,,1955-01-01,false,B,0.8,INSUFFICIENT_EVIDENCE,absence_de_singularite,"Le titre est acceptable et correspond à l'événement. La date est l'année de l'émergence du mouvement, comme indiqué dans la description. Pas de sources externes plus précises trouvées.",Conserver le titre actuel et la date actuelle (1955-01-01) car elle correspond à l'année de l'émergence du mouvement.
59a9ae68-422c-476b-a203-c8612295e0ae,Publication du Rapport sur le Développement Humain par l'ONU,1999-01-01,UPDATE_BOTH,REVIEW,Publication du premier Rapport sur le développement humain,1990-05-01,true,B,0.9,INSUFFICIENT_EVIDENCE,absence_de_singularite,"Le titre actuel est ambigu car le rapport est publié annuellement. La description fait référence au premier rapport. Selon Wikipédia et d'autres sources, le premier rapport a été publié en 1990. La date exacte de mai est une approximation raisonnable.",Conserver la date approximative de mai 1990 pour la publication du premier rapport.
1e2a5557-a04d-4e30-982c-be4fbba5aedf,Mise en service du réacteur nucléaire français,1948-01-01,UPDATE_BOTH,REVIEW,Mise en service de ZOÉ,1948-12-15,true,B,0.9,INSUFFICIENT_EVIDENCE,annee_exacte_introuvable,Plusieurs sources secondaires concordantes indiquent le 15 décembre 1948 comme date de mise en service de ZOÉ. Le titre est simplifié pour plus de concision.,Vérifier avec des sources primaires la date exacte de mise en service de ZOÉ.
c81b2b9b-73bf-45f2-a0e5-dfecd1018322,Publication du premier livre imprimé sur les échecs,1497-01-01,REVIEW,REVIEW,,,true,C,0,INSUFFICIENT_EVIDENCE,preuve_insuffisante,L'audit précédent a conclu à un manque de preuves pour valider la date de publication. Aucune nouvelle source n'a été fournie pour confirmer la date de 1497. Il faut une source fiable pour valider la date.,Fournir une source fiable qui confirme la date de publication du livre d'échecs de Lucena.
34585c1e-e66d-47c0-be02-ad4f1c779dc2,Acquisition de l'Alsace par la France,1681-01-01,UPDATE_DATE,REVIEW,,1681-09-30,true,B,0.9,INSUFFICIENT_EVIDENCE,annee_exacte_introuvable,"La date du 30 septembre 1681 correspond à la prise de Strasbourg, événement majeur dans l'acquisition de l'Alsace par la France. La description est cohérente avec cet événement.",Mettre à jour la date pour refléter la prise de Strasbourg le 30 septembre 1681.
d330fc2e-1e7e-4468-b352-b1623d260203,Développement du vélo de sécurité,1885-01-01,REVIEW,REVIEW,,,true,C,0,INSUFFICIENT_EVIDENCE,absence_de_singularite,Le titre actuel suggère un processus et non un événement unique. La date est isolée et sans contexte clair. Il faut des sources plus précises pour identifier un événement spécifique ou reformuler le titre.,Rechercher des sources plus spécifiques sur l'invention ou la commercialisation du vélo de sécurité pour identifier une date précise ou reformuler le titre pour qu'il reflète une période ou un aspect plus général. Vérifier si un inventeur …
40cc94d3-3ab1-409a-b607-4beeabba2232,Anesthésie au protoxyde d'azote (Wells),1844-01-01,REVIEW,REVIEW,,,true,C,0,INSUFFICIENT_EVIDENCE,annee_exacte_introuvable,La date de 1844 pour la première anesthésie au protoxyde d'azote par Horace Wells nécessite une vérification plus approfondie. Aucune source fiable n'a été trouvée pour confirmer cette date précise.,"Rechercher des sources supplémentaires (articles scientifiques, biographies de Horace Wells, publications médicales de l'époque) pour confirmer la date exacte de la première anesthésie au protoxyde d'azote par Horace Wells."
7c8f5ff6-2497-4814-a46f-a398af448415,Traité de Londres - Alliance entre Louis XI et Édouard IV,1474-01-01,UPDATE_TITLE,REVIEW,Traité de Londres (1474),1474-01-01,true,B,0.7,INSUFFICIENT_EVIDENCE,preuve_insuffisante,"Le titre actuel est acceptable, mais il serait préférable d'ajouter l'année entre parenthèses pour le différencier des autres traités de Londres. La description correspond à la date. Wikipedia mentionne l'existence de ce traité.",Conserver l'événement avec le titre légèrement modifié pour plus de clarté. Rechercher des sources plus solides pour confirmer la date et les détails du traité.
bd59d241-d6cd-4036-97c9-52f489005b50,Traité de Vienne et reconnaissance de la Pragmatique Sanction,1731-01-01,UPDATE_BOTH,REVIEW,Traité de Vienne (1731),1731-03-16,true,B,0.9,INSUFFICIENT_EVIDENCE,annee_exacte_introuvable,Le titre actuel est trop long et inclut un événement distinct (reconnaissance de la Pragmatique Sanction). Le Traité de Vienne de 1731 a été signé le 16 mars. La description est cohérente avec le traité de Vienne de 1731. Ajout de l'année au titre pour disambiguisation.,Mettre à jour le titre et la date avec les informations les plus précises disponibles. Conserver l'année dans le titre pour éviter la confusion avec d'autres traités de Vienne.
f01d1b1f-0265-4892-828a-e983895fe3b0,Recréation de la compagnie des Mousquetaires,1657-01-01,REVIEW,REVIEW,Recréation de la compagnie des Mousquetaires du Roi,1660-01-01,true,C,0.6,INSUFFICIENT_EVIDENCE,annee_exacte_introuvable,"L'audit précédent propose 1660 comme date de recréation, mais les sources actuelles ne confirment pas cette date avec certitude. La date de 1657 est également incertaine. Il faut des sources plus solides pour valider la date de recréation.",Rechercher des sources primaires ou des ouvrages historiques faisant référence à la date exacte de la recréation de la compagnie des Mousquetaires du Roi. Vérifier si 1660 est bien la date la plus communément admise par les historiens.
bdbf4ddb-5dd6-443d-a546-46f0624e99f4,Ouverture du premier hôpital militaire byzantin,0325-01-01,DELETE,REVIEW,,,true,C,0.1,INSUFFICIENT_EVIDENCE,annee_exacte_introuvable,L'information est non sourcée et contredite par les sources disponibles sur la médecine byzantine.,Supprimer l'événement car la date et l'existence même de l'événement sont incertaines.
e893799b-0d58-4868-a278-2f6999405d5b,Invention du rouet à pédale en Europe,1530-01-01,UPDATE_TITLE,REVIEW,Invention du rouet à pédale,1530-01-01,true,C,0.7,INSUFFICIENT_EVIDENCE,retrieval_insuffisant,Le titre actuel est acceptable mais peut être simplifié. La date est cohérente avec la description. L'absence de sources fiables maintient un niveau de preuve faible.,Mettre à jour le titre pour plus de concision. Une recherche de sources est nécessaire pour confirmer la date et l'étendue géographique de l'invention.
3f9a2222-6f29-4fe2-b290-ef922389f2c4,Arrestation de Bhagat Singh,1929-01-01,UPDATE_DATE,UPDATE_DATE,,1929-04-08,false,A,0.9,INSUFFICIENT_EVIDENCE,annee_exacte_introuvable,Bhagat Singh a été arrêté le 8 avril 1929 après avoir lancé des tracts et des bombes à l'Assemblée législative centrale à Delhi. La description correspond à cet événement.,Mettre à jour la date au 8 avril 1929.
a9b481b6-549d-469a-a879-a5b02030dad6,Origène écrit « Des Principes »,0225-01-01,KEEP_ACCEPTABLE,KEEP_ACCEPTABLE,,,false,B,0.7,INSUFFICIENT_EVIDENCE,annee_exacte_introuvable,La description indique clairement que l'ouvrage a été rédigé vers 225. Le titre actuel est acceptable et correspond à l'événement décrit.,"Conserver l'événement tel quel, car il est suffisamment précis et bien décrit."
d7c6f07f-8934-44d7-9365-751a02494498,Marguerite Ire unit le Danemark et la Norvège,1387-01-01,UPDATE_DATE,REVIEW,Régence de Marguerite Ire sur le Danemark et la Norvège,1387-05-03,true,B,0.7,INSUFFICIENT_EVIDENCE,annee_exacte_introuvable,"Bien que Marguerite ait régné à partir de 1387, la date du 3 mai est celle où elle a été officiellement reconnue comme régente. Le titre est modifié pour refléter plus précisément la nature de son rôle.",Vérifier si la date du 3 mai 1387 est la date la plus pertinente pour marquer le début de sa régence effective.
43035c17-f455-482c-8f86-8af744892982,Raleigh fonde la colonie de Roanoke,1585-01-01,UPDATE_DATE,UPDATE_DATE,Fondation de la colonie de Roanoke,1584-01-01,false,A,0.9,INSUFFICIENT_EVIDENCE,annee_exacte_introuvable,Wikidata et Wikipédia FR indiquent 1584 comme date de fondation. La description est compatible avec cette date. Le titre est rendu plus générique.,Mettre à jour la date avec 1584-01-01 et simplifier le titre.
917521df-9a0d-475a-9638-68b7db89e46a,Fondation de Lübeck et essor de la Hanse,1159-01-01,KEEP_ACCEPTABLE,REVIEW,,,true,C,0.6,INSUFFICIENT_EVIDENCE,retrieval_insuffisant,"Le titre ""Fondation de Lübeck et essor de la Hanse"" est acceptable car il décrit un événement clé. Cependant, la date de 1159 reste à confirmer avec des sources plus solides.","Rechercher des sources plus solides confirmant la date de fondation de Lübeck en 1159. Vérifier si ""refondation"" est le terme approprié."
a6d2c226-11bd-4de1-a5a5-74177d898930,Fondation de l'Académie platonicienne,1462-01-01,KEEP_ACCEPTABLE,KEEP_ACCEPTABLE,Académie platonicienne de Florence,1462-01-01,false,C,0.7,INSUFFICIENT_EVIDENCE,annee_exacte_introuvable,"Le titre est clair et la description correspond. La date de fondation est communément admise comme 1462, bien qu'une confirmation plus robuste serait idéale. Le titre a été simplifié pour correspondre à l'appellation la plus courante.","Conserver l'événement avec le titre et la date actuels, mais continuer à chercher des sources plus solides pour confirmer la date de fondation."
8353595c-8597-47a1-a2ea-38c97a53d4f3,Occupation de la Bretagne par les Vikings,0912-01-01,UPDATE_BOTH,UPDATE_BOTH,Traité de Saint-Clair-sur-Epte,0911-01-01,true,A,0.9,INSUFFICIENT_EVIDENCE,absence_de_singularite,"La description correspond au traité de Saint-Clair-sur-Epte, signé en 911. Le titre actuel est trop vague et la date incorrecte. Le traité officialise la présence normande en Bretagne.","Mettre à jour le titre avec ""Traité de Saint-Clair-sur-Epte"" et la date avec 0911-01-01. La description est cohérente avec cet événement."
face7f2a-bd34-4bbc-ba58-5c7ad52017aa,Ouverture de l'hôpital de la Maternité de Madeleine Brès,1868-01-01,REVIEW,REVIEW,,,true,C,0.1,INSUFFICIENT_EVIDENCE,annee_exacte_introuvable,L'audit précédent n'a pas trouvé de source fiable pour confirmer la date et l'existence de l'hôpital fondé par Madeleine Brès. La source actuelle pointe vers un autre hôpital. Nécessite une vérification approfondie.,"Rechercher des sources primaires ou secondaires fiables (archives hospitalières, biographies de Madeleine Brès, articles de presse de l'époque) pour confirmer l'existence de l'hôpital de la Maternité de Madeleine Brès et sa date d'ouvertur…"
10b592b8-3a67-4402-9d5d-4ec3dd7af2e0,Clôture du concile Vatican II,1965-01-01,UPDATE_DATE,UPDATE_DATE,Clôture du concile Vatican II,1965-12-08,false,A,0.9,INSUFFICIENT_EVIDENCE,absence_de_singularite,"La date de clôture du Concile Vatican II est le 8 décembre 1965, et non le 1er janvier 1965. La description est cohérente avec cet événement. Plusieurs sources confirment cette date.",Mettre à jour la date de clôture du Concile Vatican II au 8 décembre 1965.
0543e7a5-bea7-4cb0-afbd-6eeff3c7f1c5,Henri Fabre fait voler le premier hydravion,1910-01-01,UPDATE_DATE,REVIEW,Premier vol de l'hydravion d'Henri Fabre,1910-03-28,true,B,0.9,INSUFFICIENT_EVIDENCE,annee_exacte_introuvable,La description mentionne mars 1910. Plusieurs sources secondaires indiquent le 28 mars 1910 comme date du premier vol. Le titre est légèrement modifié pour plus de précision.,Vérifier avec des sources primaires la date exacte du premier vol.
0849c842-6626-4574-a547-24b5e93f86aa,Turgot nommé Contrôleur général des finances,1774-01-01,UPDATE_DATE,REVIEW,Nomination de Turgot comme contrôleur général des finances,1774-08-24,true,B,0.9,INSUFFICIENT_EVIDENCE,annee_exacte_introuvable,La date du 24 août 1774 est la date de nomination de Turgot. Le titre est reformulé pour être plus précis.,Vérifier avec des sources secondaires la date exacte de la nomination.
ad7b668b-c80d-4222-9232-3a7b9744312d,Ouverture d'un centre de retraitement nucléaire,1952-01-01,UPDATE_DATE,REVIEW,,1952-02-15,true,B,0.7,INSUFFICIENT_EVIDENCE,annee_exacte_introuvable,Plusieurs sources (dont le site de l'AIEA) indiquent que le centre de Windscale a commencé à fonctionner en février 1952. La date exacte du 15 février est mentionnée dans un rapport de l'AIEA. La description reste cohérente.,Mettre à jour la date avec la date la plus précise disponible (15 février 1952).
2d405257-6f01-4c1b-a0d6-21c16c94171e,Prise de Tours par les Normands,0903-01-01,REVIEW,REVIEW,,,true,C,0,INSUFFICIENT_EVIDENCE,preuve_insuffisante,Les sources actuelles ne confirment pas la date de 903 pour le raid Normand sur Tours. Les sources disponibles concernent une bande dessinée.,"Rechercher des sources historiques fiables (articles scientifiques, ouvrages d'histoire) qui confirment la date du raid Normand sur Tours. Vérifier si d'autres sources mentionnent des raids normands à Tours à cette époque."
8feb99a5-08c4-4e9f-96fc-3f0cbf1d8f4c,Discours de Chirac à l'ONU sur le changement climatique,1987-01-01,REVIEW,REVIEW,,,true,C,0.5,INSUFFICIENT_EVIDENCE,annee_exacte_introuvable,"La date de 1987 est plausible d'après la description, mais aucune source ne confirme la date exacte du discours.",Rechercher des sources primaires ou des articles de presse de l'époque qui mentionnent explicitement le discours de Jacques Chirac à l'ONU sur le changement climatique et sa date précise. Consulter les archives de l'ONU pourrait être utile.
0d65d9d5-acb9-4b4d-a37a-92bbb5b95621,Création de l'UEFA,1954-01-01,UPDATE_DATE,UPDATE_DATE,,1954-06-15,false,A,0.9,INSUFFICIENT_EVIDENCE,retrieval_insuffisant,L'UEFA a été fondée le 15 juin 1954 à Bâle. La description est cohérente avec cette date.,Mettre à jour la date avec la date précise de fondation (15 juin 1954).
4c9f58df-04ed-40bf-ab23-b7f8d37f399a,Chrétien de Troyes écrit Lancelot,1177-01-01,UPDATE_TITLE,REVIEW,Lancelot ou le Chevalier de la charrette,,true,B,0.9,INSUFFICIENT_EVIDENCE,annee_exacte_introuvable,Le titre actuel est incomplet. Le titre complet du roman est 'Lancelot ou le Chevalier de la charrette'. La date de publication est inconnue.,Mettre à jour le titre pour correspondre au titre complet du roman. La date de publication est inconnue et ne peut être précisée.
8c8ae177-ba06-41da-8278-d41399018c9d,Agrandissement de la mosquée de Kilwa Kisiwani,1330-01-01,UPDATE_DATE,REVIEW,Agrandissement de la mosquée de Kilwa Kisiwani,1324-01-01,true,B,0.7,INSUFFICIENT_EVIDENCE,annee_exacte_introuvable,"La description indique un agrandissement significatif vers 1324. Utiliser cette date comme proposition semble raisonnable, bien qu'une source plus précise serait idéale.","Continuer la recherche de sources pour confirmer la date exacte. Si aucune source plus précise n'est trouvée, conserver 1324 comme date approximative."
9b409745-e941-4719-b45c-84d1d4e826ea,Fondation de l'abbaye de Lessay,1056-01-01,KEEP_ACCEPTABLE,REVIEW,Fondation de l'abbaye de Lessay,1056-01-01,true,C,0.6,INSUFFICIENT_EVIDENCE,annee_exacte_introuvable,"La description indique une estimation de la fondation vers 1056. Bien que ce ne soit pas une date précise, elle est mentionnée dans la description. On conserve donc avec un niveau de confiance faible.","Conserver la fiche avec la date approximative de 1056, en attendant de trouver une source plus précise."
1baa1b9e-df34-4b8b-b538-352288ca66f7,Lancement du satellite TDF 2,1990-01-01,REVIEW,REVIEW,,,true,C,0,INSUFFICIENT_EVIDENCE,retrieval_insuffisant,"La date de lancement du satellite TDF 2 n'est pas confirmée. La description mentionne 1990, mais aucune source fiable ne confirme cette date. L'article Wikipédia sur Symphonie mentionne la coopération franco-allemande, mais pas le lancement de TDF 2.","Rechercher des sources fiables (articles de presse spécialisés, archives de TDF ou de la Deutsche Bundespost) pour confirmer la date de lancement du satellite TDF 2. Vérifier si d'autres satellites TDF ont été lancés et s'assurer de la dat…"
24572deb-89ed-4a02-9e60-6ce065bb6665,"Révélation publique sur les risques de l'amiante, suivie de poursuites judiciaires",1995-01-01,REVIEW,REVIEW,,,true,C,0.2,INSUFFICIENT_EVIDENCE,absence_de_singularite,"L'événement décrit est trop vague. Il s'agit d'une prise de conscience progressive des risques de l'amiante, et non d'un événement unique et daté. La description mentionne la fondation de l'ANDEVA en 1996 et les alertes d'Henri Pézerat dès les années 1970, ce qui indique une période plus qu'un événement précis.","Rechercher un événement spécifique et daté lié à la révélation des risques de l'amiante. Si aucun événement précis ne peut être identifié, envisager la suppression de la fiche."
d11b8523-2155-42b1-a6db-53c28f522be3,Voyage officiel de De Gaulle en URSS,1966-01-01,UPDATE_DATE,REVIEW,,1966-06-20,true,B,0.9,INSUFFICIENT_EVIDENCE,annee_exacte_introuvable,L'audit précédent a identifié des sources indiquant que le voyage a débuté le 20 juin 1966. La description correspond bien à cet événement.,Mettre à jour la date de l'événement au 20 juin 1966.
03b4cb7e-92c9-4fee-99db-d609f29824f1,Ouverture de l’École normale supérieure de jeunes filles,1880-01-01,UPDATE_DATE,UPDATE_DATE,École normale supérieure de jeunes filles,1880-01-01,false,A,1,INSUFFICIENT_EVIDENCE,preuve_insuffisante,"La description mentionne clairement la fondation en 1880. Wikidata pointe vers une autre école (ENS Fontenay-Saint-Cloud) avec un identifiant commun, ce qui est une erreur de Wikidata. La date de 1880 est donc correcte.",Corriger la date en 1880-01-01 et ignorer l'information erronée de Wikidata.
76ef1328-2f08-4d35-a07a-dfc0aa138f45,Grand séisme de Kaboul,1505-01-01,REVIEW,REVIEW,,,true,C,0,INSUFFICIENT_EVIDENCE,annee_exacte_introuvable,"La date du séisme (1505) est mentionnée dans la description, mais n'est pas confirmée par des sources externes fiables. L'autobiographie de Babur n'est pas fournie. Il faut trouver une source qui confirme la date.",Rechercher des sources historiques ou sismiques qui confirment la date du séisme de Kaboul. Consulter des bases de données de séismes historiques.
3d3ad3d2-0200-4c01-9b4c-003d5bd7849e,Création de la Marche de Bretagne,0753-01-01,REVIEW,REVIEW,,,true,C,0.5,INSUFFICIENT_EVIDENCE,annee_exacte_introuvable,La date de 753 est incertaine. Wikipedia mentionne le VIIIe siècle. Il faut une source plus précise pour valider la date exacte de création.,Rechercher des sources plus précises sur la date de création de la Marche de Bretagne. Vérifier si Pépin le Bref est bien à l'origine de cette création.
278280ff-6394-4f3e-a96e-8ef6ff2323ce,Premier jardin zoologique public de Paris,1794-01-01,UPDATE_BOTH,REVIEW,Ouverture de la ménagerie du Jardin des Plantes,1794-01-01,true,B,0.7,INSUFFICIENT_EVIDENCE,annee_exacte_introuvable,"La description mentionne l'ouverture d'un jardin zoologique public. Le Jardin des Plantes est un lieu pertinent. La date de 1794 est conservée car elle est présente dans la fiche initiale et semble correspondre à un développement de la ménagerie, bien que cela nécessite une vérification plus approfondie.","Conserver la date de 1794, car elle est déjà présente et potentiellement pertinente. Le titre est modifié pour refléter l'ouverture de la ménagerie du Jardin des Plantes."
3a01856a-6a7f-4904-b973-cf381525a87e,Invention du pantalon de travail.,1860-01-01,UPDATE_BOTH,REVIEW,Invention du pantalon,1850-01-01,true,B,0.8,INSUFFICIENT_EVIDENCE,annee_exacte_introuvable,"Le terme ""pantalon de travail"" est trop spécifique. Le titre ""Invention du pantalon"" est plus général. L'article Wikipedia indique que le pantalon moderne a été adopté vers 1850.","Update the title to ""Invention du pantalon"" and the date to 1850-01-01."
4fa9a577-1625-435d-b054-a32f2b2e381c,Création de la Bourse de commerce d'Anvers,1486-01-01,UPDATE_DATE,REVIEW,Création de la Bourse de commerce d'Anvers,1515-01-01,true,B,0.9,INSUFFICIENT_EVIDENCE,annee_exacte_introuvable,L'audit précédent a identifié une source (Wikipedia) suggérant 1515 comme date de création. La description reste cohérente avec cette date.,Mettre à jour la date de création de la Bourse de commerce d'Anvers à 1515.
9509f70e-ca34-4149-a079-4afa90891b92,Publication de la Vulgate,0405-01-01,UPDATE_DATE,REVIEW,Publication de la Vulgate,0400-01-01,true,B,0.8,INSUFFICIENT_EVIDENCE,annee_exacte_introuvable,Wikidata donne 400 comme date de publication. Les articles Wikipedia mentionnent la fin du IVe siècle. La description est cohérente avec une date approximative de 400.,Mettre à jour la date avec 0400-01-01.
6805987b-8fdb-4246-b1bc-360e44b01e2c,Premier télescope réflecteur,1668-12-23,UPDATE_BOTH,UPDATE_BOTH,Construction du premier télescope réflecteur de Newton,1668-12-23,true,A,0.9,INSUFFICIENT_EVIDENCE,annee_exacte_introuvable,La date du 23 décembre est confirmée par la description. Le titre est précisé pour plus d'exactitude et de clarté.,Mettre à jour le titre et conserver la date précise.
2fc90d5d-5235-429c-a349-f7f413a62409,Première mention de l'utilisation de la poudre à canon,1044-01-01,REVIEW,REVIEW,,,true,C,0.5,INSUFFICIENT_EVIDENCE,annee_exacte_introuvable,The provided source does not confirm the exact date of the first use of gunpowder. Further research is needed to verify the date and the context of this event.,Consult specialized historical sources on Chinese military history and the invention of gunpowder to confirm the date and details of its first documented use.
56cb959c-80f1-4221-ae7b-e13234fdb540,Création de la Nouvelle-France comme province,1663-01-01,UPDATE_TITLE,REVIEW,Établissement de la Nouvelle-France comme province royale,1663-01-01,true,B,0.9,INSUFFICIENT_EVIDENCE,retrieval_insuffisant,"Le titre actuel est correct, mais ""Établissement de la Nouvelle-France comme province royale"" est plus précis et formel. La date est cohérente avec la description. L'expression ""établissement comme province royale"" semble plus appropriée.",Vérifier si des sources plus officielles confirment l'appellation exacte et la date.
3879062c-9aa7-4d3e-8be5-27b3dcbd4cd4,Modernisation de la Constitution française,2008-01-01,KEEP,KEEP_ACCEPTABLE,Modernisation de la Constitution française,2008-01-01,false,B,0.9,INSUFFICIENT_EVIDENCE,preuve_insuffisante,La description mentionne clairement l'année 2008 comme date de la modernisation. Le titre est clair et sans ambiguïté.,Conserver le titre et la date de 2008-01-01 car la description de l'événement la supporte. Ajouter une source secondaire confirmant la réforme constitutionnelle de 2008.
4b5c7ed5-5025-4592-a4f8-d9f9aadee093,Traité de Redon - Intervention anglaise en Bretagne,1489-01-01,KEEP_ACCEPTABLE,KEEP_ACCEPTABLE,,,false,B,0.9,INSUFFICIENT_EVIDENCE,annee_exacte_introuvable,"Le titre ""Traité de Redon"" est clair et concis. La date du 1489-01-01 est cohérente avec la description. L'audit précédent a déjà proposé et justifié ce titre.",Aucune vérification supplémentaire nécessaire.
edfdfd98-dc1a-47df-9182-342be8cb293e,Tentative d'assassinat d'Henri IV par Pierre Barrière,1594-01-01,UPDATE_DATE,REVIEW,Tentative d'assassinat d'Henri IV par Pierre Barrière,1593-12-27,true,B,0.9,INSUFFICIENT_EVIDENCE,annee_exacte_introuvable,La description indique 1593. Des sources concordantes (bien qu'imprécises sur le jour) situent la tentative fin décembre 1593. La date du 27 décembre est la plus fréquente.,"Conserver la date du 27 décembre 1593, faute de mieux. Vérifier si des sources primaires confirment cette date."
1b83c653-6194-4d64-a195-c5ad1a700fb4,Nomination du cardinal de Richelieu au Conseil du roi,1623-01-01,UPDATE_BOTH,REVIEW,Entrée de Richelieu au Conseil du roi,1624-04-29,true,B,0.8,INSUFFICIENT_EVIDENCE,annee_exacte_introuvable,"Richelieu entre au Conseil du roi en 1624. Plusieurs sources mentionnent le 29 avril, mais une source primaire serait idéale. Le titre est reformulé pour plus de précision et de neutralité.",Vérifier la date exacte de l'entrée au conseil avec des sources primaires.
a367ea98-d03d-4fc8-8a74-dc9d7186c4e4,Création de l'Université nationale de Somalie,1977-01-01,REVIEW,REVIEW,,,true,C,0,INSUFFICIENT_EVIDENCE,annee_exacte_introuvable,La date de création de l'université n'est pas confirmée par des sources fiables. L'audit précédent n'a pas trouvé de sources confirmant la date de 1977. Il faut vérifier si le nom actuel est bien le nom officiel.,"Rechercher des sources fiables (archives universitaires, articles de presse, publications académiques) qui confirment la date de création de l'Université nationale de Somalie. Vérifier si le nom actuel est bien le nom officiel."
7de334ce-9ab4-4587-9d18-db185f604944,Construction de la première horloge mécanique à Salisbury,1386-01-01,KEEP_ACCEPTABLE,KEEP_ACCEPTABLE,,,false,B,0.9,INSUFFICIENT_EVIDENCE,annee_exacte_introuvable,"Le titre ""Construction de la première horloge mécanique à Salisbury"" est acceptable car il décrit l'événement de manière concise et précise. La description confirme la construction et l'importance de cette horloge. Le titre proposé précédemment ""Installation de l'horloge de la cathédrale de Salisbury"" est également ac…",Keep the current title as it accurately describes the event.
902b1fa6-8261-4aee-bfc9-d5fac840e288,Pseudo-Denys rédige « La Hiérarchie céleste »,0500-01-01,KEEP_ACCEPTABLE,KEEP_ACCEPTABLE,Rédaction de la Hiérarchie céleste,0500-01-01,false,B,0.8,INSUFFICIENT_EVIDENCE,preuve_insuffisante,"La description indique une date approximative ""Vers 500"". Le titre est acceptable et la date est cohérente avec la description.","Conserver la date approximative de 500, car elle est cohérente avec les informations disponibles sur le Pseudo-Denys l'Aréopagite. Le titre est simplifié."
0f878f16-4c15-447f-924e-9519644da8cc,Publication du rapport 'Restoring the Quality of Our Environment' par le comité scientifique présidentiel américain,1965-01-01,KEEP_ACCEPTABLE,KEEP_ACCEPTABLE,,,false,B,0.9,INSUFFICIENT_EVIDENCE,retrieval_insuffisant,"Le titre proposé lors de la revue précédente est acceptable, mais le titre actuel est également compréhensible et précis. Pas de raison impérative de modifier.",Conserver l'événement tel quel.
2a94e6ec-135a-42cd-b30b-ddf2f8d260f5,Victoire des Francs sur les Alamans dans la région du Neckar,0496-01-01,KEEP,KEEP_ACCEPTABLE,,,false,A,1,INSUFFICIENT_EVIDENCE,annee_exacte_introuvable,"L'audit précédent a proposé de renommer l'événement en ""Bataille de Tolbiac"", ce qui est correct. La description correspond bien à cet événement. La date est également correcte.",Aucune modification nécessaire.
2cbf1dbe-2ce3-459e-8287-984345d3611d,Brevet du vélocipède à pédales (Lallement),1866-01-01,REVIEW,REVIEW,,,true,C,0,INSUFFICIENT_EVIDENCE,annee_exacte_introuvable,La date de 1866 pour le brevet Lallement reste non confirmée par des sources solides. L'absence de description rend la vérification difficile.,"Rechercher des sources primaires ou des publications spécialisées (ex: archives de l'INPI, revues d'histoire des techniques) qui confirment la date exacte du brevet Lallement. Enrichir la description."
e443ec4f-bb6f-4c72-bfc4-141971256a25,Installation première horloge publique (Paris),1370-01-01,UPDATE_DATE,UPDATE_DATE,,1330-01-01,false,A,1,INSUFFICIENT_EVIDENCE,annee_exacte_introuvable,La description indique clairement 1330 comme date de l'installation de la première horloge publique à Paris. L'année 1370 est incorrecte. Plusieurs sources confirment cette date.,"Mettre à jour la date avec 1330, comme indiqué dans la description."
658be692-c637-4807-a70c-729b720b94c3,Ouverture du métro de Paris,1900-01-01,REVIEW,REVIEW,,,true,C,0,INSUFFICIENT_EVIDENCE,annee_exacte_introuvable,L'audit précédent n'a pas trouvé de date fiable. Les sources actuelles sont hors sujet. Il faut une source fiable pour la date d'ouverture.,"Rechercher des sources fiables (archives, journaux de l'époque, sites spécialisés en histoire des transports) pour confirmer la date exacte de l'ouverture du métro de Paris."
943879fa-8c79-4ed3-b154-0af0576327ca,Première Bible imprimée en français,1488-01-01,KEEP_ACCEPTABLE,REVIEW,,,true,B,0.6,INSUFFICIENT_EVIDENCE,annee_exacte_introuvable,The previous audit found the title and description acceptable but lacked definitive proof for the exact date. No new sources have been provided to change this assessment.,"Keep the entry as is, but continue to search for more definitive sources to confirm the exact date."
711af4b9-7c8f-41ea-875c-a829b410df37,Utilisation documentée de la poudre à canon en Chine,1232-01-01,REVIEW,REVIEW,,,true,C,0.5,INSUFFICIENT_EVIDENCE,annee_exacte_introuvable,La date de 1232 pour la première utilisation militaire documentée de la poudre à canon en Chine nécessite une vérification plus approfondie. La source actuelle est trop générale.,Rechercher des sources plus spécifiques (idéalement des sources primaires ou des études historiques détaillées) qui confirment l'année 1232. Examiner des sources chinoises pour plus de précision.
394454cf-1e84-490e-83e1-cb2833a5f57d,Loi des 35 heures : adoption d'une durée hebdomadaire maximale du travail salarié,1997-01-01,UPDATE_BOTH,UPDATE_BOTH,Adoption de la loi relative à la réduction du temps de travail (loi Aubry I),1998-06-13,true,A,0.9,INSUFFICIENT_EVIDENCE,annee_exacte_introuvable,"La loi Aubry I a été promulguée le 13 juin 1998 (source: Journal Officiel). Le titre est modifié pour plus de précision et pour correspondre à l'appellation courante. Il est important de préciser qu'il s'agit de la loi Aubry I, car il y a eu une loi Aubry II.",Aucune.
45762cb2-ca04-4d94-b240-ea01de3751c0,Première émission d'obligations vertes,2007-01-01,REVIEW,REVIEW,,,true,C,0.3,INSUFFICIENT_EVIDENCE,retrieval_insuffisant,Les sources actuelles sont hors sujet. Il faut trouver une source fiable qui confirme la date et le titre de l'événement.,"Rechercher des sources fiables pour valider la date et le titre de l'événement. Sans sources pertinentes, l'événement devrait être supprimé."
8400c533-39f0-49bb-b83b-62a8bb51907f,Pierre le Grand impose la taxe sur la barbe,1696-01-01,REVIEW,REVIEW,,,true,C,0,INSUFFICIENT_EVIDENCE,annee_exacte_introuvable,L'année exacte de l'imposition de la taxe sur la barbe par Pierre le Grand est incertaine. La source actuelle ne confirme pas la date.,Rechercher des sources historiques fiables confirmant la date exacte de l'imposition de la taxe sur la barbe par Pierre le Grand.
0dbe7256-8749-47e4-b5cd-ff833d7e9f03,Inauguration de la ligne Maginot,1930-01-01,REVIEW,REVIEW,,,true,C,0,INSUFFICIENT_EVIDENCE,annee_exacte_introuvable,La date de 1930 est incertaine et contredit la description qui mentionne 1929. L'audit précédent n'a pas permis de la confirmer. Il faut une recherche plus approfondie pour déterminer la date exacte de l'inauguration de la ligne Maginot.,Rechercher des sources fiables pour confirmer la date exacte de l'inauguration de la ligne Maginot et vérifier si l'inauguration a eu lieu en plusieurs étapes ou dates.
24b90e04-3ef5-45e2-8498-f8d19b50db79,Al-Farabi rédige « La Cité idéale »,0942-01-01,KEEP_ACCEPTABLE,KEEP_ACCEPTABLE,,,false,B,0.7,INSUFFICIENT_EVIDENCE,retrieval_insuffisant,"L'événement semble plausible et la description correspond à la date. Pas de sources externes directes, mais cohérence interne.",Conserver l'événement avec un niveau de confiance modéré. Une recherche de sources plus solides pourrait augmenter la confiance.
0addef27-733b-4412-837a-d1ac0f14b0d4,Fondation de l'école de médecine de Salerne,1050-01-01,UPDATE_DATE,REVIEW,Fondation de l'école de médecine de Salerne,0900-01-01,true,B,0.9,INSUFFICIENT_EVIDENCE,annee_exacte_introuvable,"Wikidata indique 900 comme date de fondation (précision année). La description mentionne le IXe siècle, ce qui est cohérent avec 900. Mise à jour de la date pour plus de précision.","Mettre à jour la date à 0900-01-01, en accord avec Wikidata et la description qui mentionne le IXe siècle."