id,titre,description,year,type,region,status,created_at
233,"Assassinat de Jean-Paul Marat par Charlotte Corday","Le 13 juillet 1793, Charlotte Corday poignarde le journaliste révolutionnaire Jean-Paul Marat dans sa baignoire médicinale à Paris.",1793,"null","null","pending","2026-03-04T07:23:29.975576+00:00"
234,"Adoption de la Constitution de l'An I","Le 24 juin 1793, la Convention nationale adopte la Constitution montagnarde, la plus démocratique de l'histoire française, bien qu'elle ne soit jamais appliquée en raison de la guerre.",1793,"null","null","pending","2026-03-04T07:23:29.993574+00:00"
235,"Instauration de la Terreur par décret","Le 5 septembre 1793, la Convention nationale décrète que 'la terreur est à l'ordre du jour', légitimant les exécutions massives d'opposants à la République.",1793,"null","null","pending","2026-03-04T07:23:30.003352+00:00"
236,"Victoire de Marengo","Le 14 juin 1800, Bonaparte remporte une victoire décisive contre les Autrichiens en Italie du Nord. Cette bataille renforce considérablement sa légitimité politique en France.",1800,"null","null","pending","2026-03-04T07:23:30.013846+00:00"
237,"Prise de la Bastille par les Parisiens","Le 14 juillet 1789, des émeutiers parisiens s'emparent de la forteresse royale de la Bastille, symbole de l'absolutisme royal. Cet événement marque le début de la Révolution française.",1789,"null","null","pending","2026-03-04T07:23:30.022465+00:00"
238,"Déclaration des Droits de l'Homme et du Citoyen","Le 26 août 1789, l'Assemblée nationale constituante adopte la Déclaration des Droits de l'Homme et du Citoyen. Ce texte fondamental proclame liberté, égalité et souveraineté nationale.",1789,"null","null","pending","2026-03-04T07:23:30.033373+00:00"
239,"Fondation de l'Estado da India par le Portugal","Le Portugal établit officiellement l'Estado da India le 27 mars 1505, un empire commercial maritime administrant ses comptoirs en Afrique orientale et en Asie. Francisco de Almeida en devient le premier vice-roi.",1505,"null","null","pending","2026-03-04T07:23:30.042255+00:00"
240,"Conquête de Goa par Afonso de Albuquerque","Le 25 novembre 1510, Afonso de Albuquerque s'empare de Goa sur la côte ouest de l'Inde, en faisant la capitale de l'empire portugais en Orient. Cette ville restera possession portugaise jusqu'en 1961.",1510,"null","null","pending","2026-03-04T07:23:30.050838+00:00"
241,"Prise de Malacca par les Portugais","Le 24 juillet 1511, Afonso de Albuquerque conquiert Malacca, verrou stratégique du commerce des épices en Asie du Sud-Est. Cette victoire donne au Portugal le contrôle du passage vers les îles aux épices.",1511,"null","null","pending","2026-03-04T07:23:30.061076+00:00"
242,"Mort de Vasco de Gama à Cochin","Le 24 décembre 1524, Vasco de Gama meurt à Cochin (Inde) lors de son troisième voyage, alors qu'il venait d'être nommé vice-roi des Indes. Il est enterré en Inde avant que sa dépouille ne soit rapatriée au Portugal.",1524,"null","null","pending","2026-03-04T07:23:30.07015+00:00"
283,"Assemblage du module Unity de l'ISS par la navette Endeavour","Le 6 décembre 1998, la navette Endeavour emporte le module américain Unity et l'assemble à Zarya, formant le premier nœud habitable de l'ISS.",1998,"L'Ère Spatiale et la Conquête de l'Espace","","READY_FOR_IMAGE","2026-03-04T07:23:47.114109+00:00"
284,"Arrivée du premier équipage permanent à bord de l'ISS","Le 2 novembre 2000, l'équipage Expedition 1 composé de Bill Shepherd et des cosmonautes Gidzenko et Krikalev s'installe à bord de l'ISS, inaugurant une présence humaine continue en orbite.",2000,"L'Ère Spatiale et la Conquête de l'Espace","","READY_FOR_IMAGE","2026-03-04T07:23:47.114109+00:00"
302,"Départ de la 8e croisade depuis Aigues-Mortes","Le 1er juillet 1270, Louis IX appareille une nouvelle fois d'Aigues-Mortes, lançant la huitième croisade avec pour destination la Tunisie.",1270,"Les Croisades en Terre Sainte","","VALIDATED_HISTORY","2026-03-04T07:23:47.114109+00:00"
285,"Désorbitage et chute de la station Mir","Le 23 mars 2001, la station spatiale russe Mir est volontairement désorbité après 15 ans de service, ses débris se dispersant dans l'océan Pacifique Sud.",2001,"L'Ère Spatiale et la Conquête de l'Espace","","READY_FOR_IMAGE","2026-03-04T07:23:47.114109+00:00"
286,"Lancement de Sergei Krikalev pour son premier séjour sur Mir","Le 18 mai 1991, Sergei Krikalev part pour Mir et se retrouvera bloqué en orbite lors de la dissolution de l'URSS, passant 311 jours dans l'espace, symbole de la transition spatiale post-soviétique.",1991,"L'Ère Spatiale et la Conquête de l'Espace","","READY_FOR_IMAGE","2026-03-04T07:23:47.114109+00:00"
287,"Première sortie extravéhiculaire conjointe américano-russe","Le 9 juillet 1992, des astronautes américains et russes effectuent ensemble une sortie extravéhiculaire lors de la mission STS-49, préfigurant la coopération future sur l'ISS.",1992,"L'Ère Spatiale et la Conquête de l'Espace","","VALIDATED_HISTORY","2026-03-04T07:23:47.114109+00:00"
288,"Prise de Jérusalem par Saladin","Le 2 octobre 1187, Saladin, sultan ayyoubide, reprend Jérusalem aux croisés après 88 ans de domination chrétienne. La ville tombe après un siège de deux semaines, bouleversant l'Occident chrétien.",1187,"Les Croisades en Terre Sainte","","VALIDATED_HISTORY","2026-03-04T07:23:47.114109+00:00"
289,"Bataille de Hattin","Le 4 juillet 1187, Saladin écrase l'armée des croisés près du lac de Tibériade. Cette défaite décisive ouvre la voie à la reconquête musulmane de la Terre Sainte.",1187,"Les Croisades en Terre Sainte","","VALIDATED_HISTORY","2026-03-04T07:23:47.114109+00:00"
291,"Noyade de Frédéric Barberousse","Le 10 juin 1190, l'empereur germanique Frédéric Ier Barberousse se noie dans le fleuve Saleph en Anatolie. Sa mort provoque la désintégration de la puissante armée allemande de la croisade.",1190,"Les Croisades en Terre Sainte","","VALIDATED_HISTORY","2026-03-04T07:23:47.114109+00:00"
292,"Massacre des prisonniers musulmans d'Acre par Richard Cœur de Lion","Le 20 août 1191, Richard Ier d'Angleterre fait exécuter environ 2 700 prisonniers musulmans devant Acre. Cet acte brutal est justifié par l'échec des négociations avec Saladin.",1191,"Les Croisades en Terre Sainte","","VALIDATED_HISTORY","2026-03-04T07:23:47.114109+00:00"
293,"Capture de Richard Cœur de Lion par le duc d'Autriche","Le 21 décembre 1192, Richard Ier d'Angleterre est capturé près de Vienne par le duc Léopold V d'Autriche lors de son retour de croisade. Il sera emprisonné et libéré contre une rançon colossale.",1192,"Les Croisades en Terre Sainte","","VALIDATED_HISTORY","2026-03-04T07:23:47.114109+00:00"
294,"Mort de Saladin à Damas","Le 4 mars 1193, Saladin, sultan d'Égypte et de Syrie, meurt à Damas d'une fièvre typhoïde à l'âge de 55 ans. Sa mort fragilise l'empire ayyoubide qu'il avait unifié.",1193,"Les Croisades en Terre Sainte","","VALIDATED_HISTORY","2026-03-04T07:23:47.114109+00:00"
295,"Lancement officiel de la Quatrième Croisade par le pape Innocent III","En août 1202, les croisés se rassemblent à Venise pour embarquer vers la Terre Sainte, marquant le début de la Quatrième Croisade.",1202,"Les Croisades en Terre Sainte","","VALIDATED_HISTORY","2026-03-04T07:23:47.114109+00:00"
296,"Signature du traité entre les croisés et Venise pour le transport maritime","En avril 1201, les envoyés des croisés signent avec le doge Enrico Dandolo un accord prévoyant le transport de 33 500 hommes vers l'Égypte.",1201,"Les Croisades en Terre Sainte","","VALIDATED_HISTORY","2026-03-04T07:23:47.114109+00:00"
297,"Prise de Zara par les croisés au profit de Venise","Le 24 novembre 1202, les croisés s'emparent de la ville chrétienne de Zara (Dalmatie) pour rembourser leur dette envers Venise, provoquant leur excommunication.",1202,"Les Croisades en Terre Sainte","","VALIDATED_HISTORY","2026-03-04T07:23:47.114109+00:00"
298,"Fuite de l'empereur byzantin Alexis III d'Ange de Constantinople","Le 17 juillet 1203, l'empereur Alexis III abandonne le trône et fuit Constantinople face à la pression des croisés, laissant la ville sans défense.",1203,"Les Croisades en Terre Sainte","","READY_FOR_IMAGE","2026-03-04T07:23:47.114109+00:00"
299,"Couronnement d'Alexis IV comme co-empereur de Byzance","Le 1er août 1203, Alexis IV est couronné co-empereur byzantin aux côtés de son père Isaac II, grâce au soutien militaire des croisés.",1203,"Les Croisades en Terre Sainte","","VALIDATED_HISTORY","2026-03-04T07:23:47.114109+00:00"
300,"Assassinat d'Alexis IV par Alexis Doukas Murzuphle","Le 8 février 1204, Alexis IV est étranglé par Alexis Doukas, dit Murzuphle, qui s'empare du trône byzantin et rompt les accords avec les croisés.",1204,"Les Croisades en Terre Sainte","","VALIDATED_HISTORY","2026-03-04T07:23:47.114109+00:00"
301,"Défaite des croisés à la bataille de La Mansourah","Le 8 février 1250, l'armée de Louis IX subit une lourde défaite à La Mansourah ; le frère du roi, Robert d'Artois, y trouve la mort.",1250,"Les Croisades en Terre Sainte","","VALIDATED_HISTORY","2026-03-04T07:23:47.114109+00:00"
303,"Débarquement des croisés devant Carthage","Le 18 juillet 1270, l'armée de Louis IX débarque sur les ruines de Carthage, près de Tunis, pour tenter de convertir ou soumettre le sultan hafside.",1270,"Les Croisades en Terre Sainte","","VALIDATED_HISTORY","2026-03-04T07:23:47.114109+00:00"
304,"Premier service postal aérien régulier aux États-Unis","Le 15 mai 1918, les États-Unis inaugurent leur premier service de courrier aérien régulier entre Washington et New York. Ce service préfigure le développement de l'aviation commerciale.",1918,"L'Aube de l'Aviation et la Conquête des Airs","","READY_FOR_IMAGE","2026-03-04T07:23:47.114109+00:00"
305,"Première traversée de l'Atlantique Nord sans escale","Le 14 juin 1919, John Alcock et Arthur Brown relient Terre-Neuve à l'Irlande en 16 heures à bord d'un Vickers Vimy. Cet exploit ouvre la voie aux liaisons transatlantiques aériennes.",1919,"L'Aube de l'Aviation et la Conquête des Airs","","VALIDATED_HISTORY","2026-03-04T07:23:47.114109+00:00"
306,"Premier vol solo sans escale de New York à Paris (Lindbergh)","Le 21 mai 1927, Charles Lindbergh atterrit au Bourget après 33 heures de vol à bord du Spirit of St. Louis. Il devient le premier pilote à relier seul New York à Paris sans escale.",1927,"L'Aube de l'Aviation et la Conquête des Airs","","VALIDATED_HISTORY","2026-03-04T07:23:47.114109+00:00"
307,"Inauguration de la première ligne commerciale transatlantique par dirigeable (Hindenburg)","Le 31 mars 1936, le dirigeable Hindenburg effectue son premier vol officiel, inaugurant une liaison régulière entre l'Allemagne et les États-Unis. Il symbolise l'apogée de l'ère des zeppelins.",1936,"L'Aube de l'Aviation et la Conquête des Airs","","VALIDATED_HISTORY","2026-03-04T07:23:47.114109+00:00"
308,"Premier vol d'un avion à réaction (Heinkel He 178)","Le 27 août 1939, le Heinkel He 178 effectue le premier vol propulsé uniquement par un moteur à réaction. Cet essai en Allemagne marque le début de l'ère des avions à réaction.",1939,"L'Aube de l'Aviation et la Conquête des Airs","","VALIDATED_HISTORY","2026-03-04T07:23:47.114109+00:00"
309,"Franchissement du mur du son par Chuck Yeager","Le 14 octobre 1947, le pilote américain Chuck Yeager dépasse la vitesse du son à bord du Bell X-1 au-dessus du désert de Mojave. Cet exploit ouvre l'ère de l'aviation supersonique.",1947,"L'Aube de l'Aviation et la Conquête des Airs","","VALIDATED_HISTORY","2026-03-04T07:23:47.114109+00:00"
310,"Premier vol commercial du Comet, premier avion de ligne à réaction","Le 2 mai 1952, le De Havilland Comet effectue son premier vol commercial entre Londres et Johannesburg. Il devient le premier avion de ligne à réaction en service régulier dans le monde.",1952,"L'Aube de l'Aviation et la Conquête des Airs","","VALIDATED_HISTORY","2026-03-04T07:23:47.114109+00:00"
311,"Premier vol du Boeing 747, premier avion gros porteur","Le 9 février 1969, le Boeing 747 effectue son vol inaugural depuis Everett, dans l'État de Washington. Surnommé 'Jumbo Jet', il révolutionne le transport aérien de masse.",1969,"L'Aube de l'Aviation et la Conquête des Airs","","VALIDATED_HISTORY","2026-03-04T07:23:47.114109+00:00"
312,"Premier bombardement aérien de l'histoire en temps de guerre","Le 1er novembre 1911, le lieutenant italien Giulio Gavotti lâche à la main quatre grenades depuis son avion sur des troupes ottomanes en Libye. C'est le premier bombardement aérien militaire de l'histoire.",1911,"L'Aube de l'Aviation et la Conquête des Airs","","VALIDATED_HISTORY","2026-03-04T07:23:47.114109+00:00"
313,"Premier engagement de chars blindés au combat (Somme)","Le 15 septembre 1916, les Britanniques déploient pour la première fois des chars Mark I lors de la bataille de la Somme. Cette innovation tactique annonce la fin de la guerre de tranchées statique.",1916,"L'Aube de l'Aviation et la Conquête des Airs","","VALIDATED_HISTORY","2026-03-04T07:23:47.114109+00:00"
314,"Premier tir de la fusée V2, première arme balistique","Le 3 octobre 1942, l'Allemagne nazie réussit le premier tir opérationnel de la fusée V2 à Peenemünde. Conçue par Wernher von Braun, elle est le premier engin à atteindre l'espace et préfigure les fusées spatiales.",1942,"L'Aube de l'Aviation et la Conquête des Airs","","VALIDATED_HISTORY","2026-03-04T07:23:47.114109+00:00"
315,"Lancement du premier sous-marin militaire diesel-électrique allemand (U-1)","Le 14 décembre 1906, l'Allemagne met en service l'U-1, son premier sous-marin à propulsion diesel-électrique. Ce type de bâtiment deviendra une arme redoutable lors de la guerre sous-marine de 1914-1918.",1906,"L'Aube de l'Aviation et la Conquête des Airs","","VALIDATED_HISTORY","2026-03-04T07:23:47.114109+00:00"
316,"Première utilisation opérationnelle du sonar anti-sous-marin","En avril 1918, la Marine britannique déploie pour la première fois l'ASDIC (sonar) pour détecter les sous-marins allemands. Cette technologie, née de l'urgence du conflit, restera fondamentale tout au long du XXe siècle.",1918,"L'Aube de l'Aviation et la Conquête des Airs","","VALIDATED_HISTORY","2026-03-04T07:23:47.114109+00:00"
317,"Premier bombardement stratégique d'une capitale européenne (Londres)","Le 19 janvier 1915, des zeppelins allemands larguent des bombes sur la côte anglaise, puis sur Londres le 31 mai. C'est la première fois qu'une capitale est bombardée depuis les airs, inaugurant la guerre aérienne totale.",1915,"L'Aube de l'Aviation et la Conquête des Airs","","VALIDATED_HISTORY","2026-03-04T07:23:47.114109+00:00"
318,"Première transfusion sanguine conservée avec anticoagulant","Le 27 novembre 1914, le médecin canadien Lawrence Bruce Robertson réalise la première transfusion utilisant du sang conservé avec du citrate de sodium. Cette avancée, née des besoins du front, sauvera des millions de vies.",1914,"L'Aube de l'Aviation et la Conquête des Airs","","VALIDATED_HISTORY","2026-03-04T07:23:47.114109+00:00"
336,"Record de vitesse absolu en avion établi par le Lockheed SR-71 Blackbird","Le 28 juillet 1976, le SR-71 Blackbird établit un record mondial de vitesse à 3 529,6 km/h, soit plus de Mach 3, un record pour un avion à réaction habité qui tient encore aujourd'hui.",1976,"L'Aube de l'Aviation et la Conquête des Airs","","VALIDATED_HISTORY","2026-03-04T07:23:47.142815+00:00"
337,"Premier vol du Caravelle, premier avion de ligne à réaction européen","Le 27 mai 1955, la Caravelle de Sud Aviation effectue son vol inaugural à Toulouse. Premier avion de ligne à réaction conçu en Europe, il sera adopté par de nombreuses compagnies mondiales.",1955,"L'Aube de l'Aviation et la Conquête des Airs","","VALIDATED_HISTORY","2026-03-04T07:23:47.142815+00:00"
319,"Mise au point du procédé Haber-Bosch pour la synthèse de l'ammoniac","Le 9 septembre 1913, la première usine industrielle utilisant le procédé Haber-Bosch entre en production à Oppau en Allemagne. Ce procédé permettra à l'Allemagne de fabriquer des explosifs malgré le blocus allié.",1913,"L'Aube de l'Aviation et la Conquête des Airs","","READY_FOR_IMAGE","2026-03-04T07:23:47.114109+00:00"
320,"Premier vol d'un avion de chasse équipé d'un tir synchronisé à travers l'hélice","En juillet 1915, le Fokker Eindecker allemand entre en service avec un dispositif synchronisant le tir de la mitrailleuse avec la rotation de l'hélice. Cette invention d'Anthony Fokker révolutionne le combat aérien.",1915,"L'Aube de l'Aviation et la Conquête des Airs","","VALIDATED_HISTORY","2026-03-04T07:23:47.114109+00:00"
321,"Premier lancement d'une torpille aérienne depuis un avion","Le 12 août 1915, un hydravion britannique Short Type 184 lance avec succès la première torpille aérienne contre un navire ottoman dans les Dardanelles. Cette innovation redéfinit la guerre navale pour les décennies suivantes.",1915,"L'Aube de l'Aviation et la Conquête des Airs","","VALIDATED_HISTORY","2026-03-04T07:23:47.114109+00:00"
322,"Premier vol du chasseur à réaction britannique Gloster E.28/39","Le 15 mai 1941, le Gloster E.28/39 décolle pour la première fois à Cranwell, propulsé par le turboréacteur W.1 de Frank Whittle. Il marque l'entrée de la Grande-Bretagne dans l'ère des avions à réaction.",1941,"L'Aube de l'Aviation et la Conquête des Airs","","VALIDATED_HISTORY","2026-03-04T07:23:47.114109+00:00"
323,"Mise en service opérationnel du Messerschmitt Me 262, premier chasseur à réaction en combat","En juillet 1944, la Luftwaffe déploie le Messerschmitt Me 262 dans des missions de combat, faisant de lui le premier avion à réaction utilisé militairement. Sa vitesse de 870 km/h surpassait tous les chasseurs alliés.",1944,"L'Aube de l'Aviation et la Conquête des Airs","","VALIDATED_HISTORY","2026-03-04T07:23:47.114109+00:00"
324,"Premier vol du bombardier à réaction Arado Ar 234","Le 15 juin 1943, l'Arado Ar 234 effectue son premier vol en Allemagne, devenant le premier bombardier à réaction de l'histoire. Il sera utilisé pour des missions de reconnaissance et de bombardement à haute altitude.",1943,"L'Aube de l'Aviation et la Conquête des Airs","","VALIDATED_HISTORY","2026-03-04T07:23:47.114109+00:00"
325,"Premier vol du Gloster Meteor, premier chasseur à réaction allié opérationnel","Le 5 mars 1943, le Gloster Meteor prend l'air pour la première fois en Grande-Bretagne. Il entre en service actif en 1944 et devient le seul avion à réaction allié à participer aux combats de la Seconde Guerre mondiale.",1943,"L'Aube de l'Aviation et la Conquête des Airs","","VALIDATED_HISTORY","2026-03-04T07:23:47.114109+00:00"
326,"Premier vol du Lockheed P-80 Shooting Star, premier chasseur à réaction américain","Le 8 janvier 1944, le Lockheed P-80 Shooting Star effectue son premier vol aux États-Unis. Conçu en seulement 143 jours par l'équipe Skunk Works, il devient le premier chasseur à réaction opérationnel de l'US Air Force.",1944,"L'Aube de l'Aviation et la Conquête des Airs","","VALIDATED_HISTORY","2026-03-04T07:23:47.114109+00:00"
327,"Premier vol du De Havilland Vampire, chasseur à réaction monoréacteur britannique","Le 20 septembre 1943, le De Havilland Vampire effectue son premier vol en Grande-Bretagne. Avec sa conception innovante à double poutre, il devient l'un des premiers chasseurs à réaction produits en série après la guerre.",1943,"L'Aube de l'Aviation et la Conquête des Airs","","VALIDATED_HISTORY","2026-03-04T07:23:47.114109+00:00"
328,"Premier vol du Boeing B-47 Stratojet, bombardier stratégique à réaction","Le 17 décembre 1947, le Boeing B-47 Stratojet effectue son premier vol aux États-Unis. Avec ses ailes en flèche et ses six turboréacteurs, il révolutionne la conception des bombardiers stratégiques de l'après-guerre.",1947,"L'Aube de l'Aviation et la Conquête des Airs","","VALIDATED_HISTORY","2026-03-04T07:23:47.114109+00:00"
329,"Premier vol du North American F-86 Sabre, chasseur à réaction américain de la guerre de Corée","Le 1er octobre 1947, le North American F-86 Sabre effectue son premier vol. Doté d'ailes en flèche, il s'illustre pendant la guerre de Corée face aux MiG-15 soviétiques dans les premiers combats aériens entre jets.",1947,"L'Aube de l'Aviation et la Conquête des Airs","","VALIDATED_HISTORY","2026-03-04T07:23:47.114109+00:00"
330,"Premier vol du Mikoyan-Gourevitch MiG-15, chasseur à réaction soviétique","Le 30 décembre 1947, le MiG-15 soviétique effectue son premier vol. Propulsé par une copie du réacteur britannique Rolls-Royce Nene, il surprend les Alliés par ses performances lors de la guerre de Corée en 1950.",1947,"L'Aube de l'Aviation et la Conquête des Airs","","VALIDATED_HISTORY","2026-03-04T07:23:47.114109+00:00"
331,"Premier vol du Heinkel He 176, premier avion à propulsion fusée","Le 20 juin 1939, le Heinkel He 176 effectue son premier vol en Allemagne, propulsé uniquement par un moteur-fusée à carburant liquide. C'est le premier avion de l'histoire à voler exclusivement grâce à la propulsion par réaction.",1939,"L'Aube de l'Aviation et la Conquête des Airs","","VALIDATED_HISTORY","2026-03-04T07:23:47.114109+00:00"
332,"Premier vol commercial transatlantique sans escale (Pan Am)","Le 26 octobre 1958, Pan American World Airways inaugure le premier service commercial régulier transatlantique sans escale entre New York et Paris, à bord d'un Boeing 707.",1958,"L'Aube de l'Aviation et la Conquête des Airs","","VALIDATED_HISTORY","2026-03-04T07:23:47.114109+00:00"
333,"Inauguration de l'aéroport international d'Orly","Le 24 février 1961, l'aéroport d'Orly ouvre officiellement ses portes au trafic commercial, devenant le principal hub aérien de France et symbole de la modernité aéronautique.",1961,"L'Aube de l'Aviation et la Conquête des Airs","","VALIDATED_HISTORY","2026-03-04T07:23:47.114109+00:00"
334,"Premier vol du Tupolev Tu-104, premier jet soviétique commercial","Le 15 septembre 1956, l'URSS met en service le Tupolev Tu-104 sur la ligne Moscou-Irkoutsk, faisant de l'Union soviétique la seule nation opérant des avions de ligne à réaction après les accidents du Comet.",1956,"L'Aube de l'Aviation et la Conquête des Airs","","VALIDATED_HISTORY","2026-03-04T07:23:47.142815+00:00"
335,"Ouverture de la première ligne commerciale régulière transcontinentale américaine à réaction","Le 25 janvier 1959, American Airlines inaugure le premier vol commercial à réaction transcontinental aux États-Unis entre New York et Los Angeles, à bord d'un Boeing 707.",1959,"L'Aube de l'Aviation et la Conquête des Airs","","VALIDATED_HISTORY","2026-03-04T07:23:47.142815+00:00"
338,"Soulèvement ouvrier de Berlin-Est","Le 17 juin 1953, des ouvriers est-allemands se révoltent contre les normes de travail imposées par le régime communiste. L'insurrection est écrasée par les chars soviétiques, faisant plusieurs dizaines de morts.",1953,"La Guerre Froide : Crises, Conflits et Chute des Blocs","","VALIDATED_HISTORY","2026-03-04T07:23:47.142815+00:00"
339,"Massacre de Tlatelolco au Mexique","Le 2 octobre 1968, l'armée mexicaine ouvre le feu sur des étudiants manifestant place des Trois-Cultures à Mexico, dix jours avant les Jeux olympiques. Le nombre de victimes reste controversé, estimé entre des dizaines et plusieurs centaines de morts.",1968,"La Guerre Froide : Crises, Conflits et Chute des Blocs","","VALIDATED_HISTORY","2026-03-04T07:23:47.142815+00:00"
340,"Fondation du syndicat Solidarność en Pologne","Le 31 août 1980, les accords de Gdańsk sont signés, permettant la création du syndicat indépendant Solidarność dirigé par Lech Wałęsa. C'est la première organisation syndicale autonome dans un pays du bloc soviétique.",1980,"La Guerre Froide : Crises, Conflits et Chute des Blocs","","VALIDATED_HISTORY","2026-03-04T07:23:47.142815+00:00"
341,"Assassinat d'Aldo Moro par les Brigades Rouges","Le 9 mai 1978, le corps de l'ancien Premier ministre italien Aldo Moro est retrouvé à Rome après 55 jours de séquestration par les Brigades Rouges. Cet assassinat marque le point culminant des années de plomb en Italie.",1978,"La Guerre Froide : Crises, Conflits et Chute des Blocs","","VALIDATED_HISTORY","2026-03-04T07:23:47.142815+00:00"
342,"Répression du Mouvement du 5 avril en Chine","Le 5 avril 1976, des milliers de Chinois se rassemblent place Tiananmen pour rendre hommage à Zhou Enlai et contester la Bande des Quatre. Le mouvement est violemment réprimé par les autorités maoïstes.",1976,"La Guerre Froide : Crises, Conflits et Chute des Blocs","","VALIDATED_HISTORY","2026-03-04T07:23:47.142815+00:00"
343,"Proclamation de la loi martiale en Pologne","Le 13 décembre 1981, le général Wojciech Jaruzelski proclame la loi martiale en Pologne pour briser le mouvement Solidarność. Des milliers de militants syndicaux et d'opposants sont internés.",1981,"La Guerre Froide : Crises, Conflits et Chute des Blocs","","VALIDATED_HISTORY","2026-03-04T07:23:47.142815+00:00"
344,"Révolte du ghetto de Varsovie","Le 19 avril 1943, les Juifs du ghetto de Varsovie se soulèvent contre les nazis lors de la dernière grande déportation vers Treblinka. Cette insurrection héroïque dure près d'un mois avant d'être écrasée.",1943,"La Guerre Froide : Crises, Conflits et Chute des Blocs","","VALIDATED_HISTORY","2026-03-04T07:23:47.142815+00:00"
345,"Arrivée au pouvoir de Mikhaïl Gorbatchev","Le 11 mars 1985, Mikhaïl Gorbatchev devient Secrétaire général du Parti communiste soviétique. Il lancera les réformes de la glasnost et de la perestroïka, amorçant la fin de l'URSS.",1985,"La Guerre Froide : Crises, Conflits et Chute des Blocs","","VALIDATED_HISTORY","2026-03-04T07:23:47.142815+00:00"
346,"Premier sommet Reagan-Gorbatchev à Genève","Le 19 novembre 1985, Ronald Reagan et Mikhaïl Gorbatchev se rencontrent pour la première fois à Genève. Ce sommet marque le début d'un dialogue inédit entre les deux superpuissances.",1985,"La Guerre Froide : Crises, Conflits et Chute des Blocs","","READY_FOR_IMAGE","2026-03-04T07:23:47.142815+00:00"
347,"Signature du traité sur les forces nucléaires à portée intermédiaire (FNI)","Le 8 décembre 1987, Reagan et Gorbatchev signent à Washington le traité FNI, éliminant toute une catégorie de missiles nucléaires. C'est un tournant majeur dans le désarmement de la Guerre Froide.",1987,"La Guerre Froide : Crises, Conflits et Chute des Blocs","","VALIDATED_HISTORY","2026-03-04T07:23:47.142815+00:00"
348,"Discours de Gorbatchev à l'ONU annonçant des réductions militaires","Le 7 décembre 1988, Gorbatchev annonce devant l'Assemblée générale de l'ONU le retrait unilatéral de 500 000 soldats soviétiques d'Europe de l'Est. Ce discours signale la fin de la doctrine Brejnev.",1988,"La Guerre Froide : Crises, Conflits et Chute des Blocs","","VALIDATED_HISTORY","2026-03-04T07:23:47.142815+00:00"
349,"Début du retrait soviétique d'Afghanistan","Le 15 février 1989, le dernier soldat soviétique quitte l'Afghanistan, mettant fin à neuf ans d'occupation. Ce retrait est perçu comme un aveu de faiblesse de l'URSS sur la scène internationale.",1989,"La Guerre Froide : Crises, Conflits et Chute des Blocs","","VALIDATED_HISTORY","2026-03-04T07:23:47.142815+00:00"
350,"Premières élections libres en Pologne depuis 1945","Le 4 juin 1989, la Pologne organise des élections semi-libres remportées massivement par le syndicat Solidarność. C'est la première brèche électorale dans le bloc de l'Est.",1989,"La Guerre Froide : Crises, Conflits et Chute des Blocs","","VALIDATED_HISTORY","2026-03-04T07:23:47.142815+00:00"
351,"Ouverture de la frontière entre la Hongrie et l'Autriche","Le 2 mai 1989, la Hongrie commence à démanteler ses barbelés à la frontière autrichienne, ouvrant un passage vers l'Ouest. Des milliers de citoyens est-allemands fuient par cette brèche dans le Rideau de fer.",1989,"La Guerre Froide : Crises, Conflits et Chute des Blocs","","VALIDATED_HISTORY","2026-03-04T07:23:47.142815+00:00"
352,"Exécution de Nicolae Ceaușescu en Roumanie","Le 25 décembre 1989, le dictateur roumain Nicolae Ceaușescu et son épouse Elena sont fusillés après un procès expéditif. C'est la seule révolution violente du bloc de l'Est en 1989.",1989,"La Guerre Froide : Crises, Conflits et Chute des Blocs","","VALIDATED_HISTORY","2026-03-04T07:23:47.142815+00:00"
353,"Déclaration d'indépendance de la Lituanie","Le 11 mars 1990, la Lituanie devient la première république soviétique à déclarer son indépendance. Cet acte ouvre une crise majeure entre Vilnius et Moscou.",1990,"La Guerre Froide : Crises, Conflits et Chute des Blocs","","VALIDATED_HISTORY","2026-03-04T07:23:47.142815+00:00"
354,"Élection de Boris Eltsine à la présidence de la Russie","Le 12 juin 1991, Boris Eltsine est élu au suffrage universel direct président de la République de Russie. Sa victoire affaiblit l'autorité de Gorbatchev et de l'Union soviétique.",1991,"La Guerre Froide : Crises, Conflits et Chute des Blocs","","VALIDATED_HISTORY","2026-03-04T07:23:47.142815+00:00"
355,"Tentative de coup d'État contre Gorbatchev à Moscou","Le 19 août 1991, des membres conservateurs du gouvernement soviétique tentent de renverser Gorbatchev. Le putsch échoue en trois jours, mais il précipite la dissolution de l'URSS.",1991,"La Guerre Froide : Crises, Conflits et Chute des Blocs","","VALIDATED_HISTORY","2026-03-04T07:23:47.142815+00:00"
356,"Publication de la traduction allemande du Nouveau Testament par Luther","En septembre 1522, Luther publie sa traduction du Nouveau Testament en allemand, rendant la Bible accessible au peuple et unifiant la langue allemande écrite.",1522,"La Réforme Protestante et les Guerres de Religion","","VALIDATED_HISTORY","2026-03-04T07:23:47.142815+00:00"
357,"Mariage de Martin Luther avec Katharina von Bora","Le 13 juin 1525, Martin Luther épouse Katharina von Bora, une ancienne religieuse, rompant symboliquement avec le célibat ecclésiastique et fondant le modèle du pasteur marié.",1525,"La Réforme Protestante et les Guerres de Religion","","VALIDATED_HISTORY","2026-03-04T07:23:47.142815+00:00"
358,"Première Diète de Spire : suspension de l'Édit de Worms","Le 27 août 1526, la Diète de Spire suspend l'Édit de Worms, permettant à chaque prince allemand de choisir librement entre catholicisme et luthéranisme dans ses territoires.",1526,"La Réforme Protestante et les Guerres de Religion","","VALIDATED_HISTORY","2026-03-04T07:23:47.142815+00:00"
359,"Présentation de la Confession d'Augsbourg","Le 25 juin 1530, Melanchthon présente la Confession d'Augsbourg à l'empereur Charles Quint, définissant officiellement les fondements doctrinaux du luthéranisme.",1530,"La Réforme Protestante et les Guerres de Religion","","VALIDATED_HISTORY","2026-03-04T07:23:47.142815+00:00"
360,"Publication de l'Institution de la religion chrétienne par Calvin","En mars 1536, Jean Calvin publie à Bâle l'Institution de la religion chrétienne, ouvrage fondateur qui systématise la théologie réformée calviniste.",1536,"La Réforme Protestante et les Guerres de Religion","","VALIDATED_HISTORY","2026-03-04T07:23:47.142815+00:00"
361,"Première installation de Calvin à Genève","En juillet 1536, Jean Calvin s'installe pour la première fois à Genève, invité par Guillaume Farel à y organiser la Réforme protestante.",1536,"La Réforme Protestante et les Guerres de Religion","","VALIDATED_HISTORY","2026-03-04T07:23:47.142815+00:00"
362,"Exécution de Michel Servet à Genève","Le 27 octobre 1553, Michel Servet, théologien antitrinitaire, est brûlé vif à Genève sur décision du Conseil, avec l'approbation de Calvin, pour hérésie.",1553,"La Réforme Protestante et les Guerres de Religion","","VALIDATED_HISTORY","2026-03-04T07:23:47.142815+00:00"
363,"Fondation de l'Académie de Genève par Calvin","Le 5 juin 1559, Jean Calvin fonde l'Académie de Genève, institution destinée à former les futurs pasteurs réformés et à diffuser le calvinisme en Europe.",1559,"La Réforme Protestante et les Guerres de Religion","","VALIDATED_HISTORY","2026-03-04T07:23:47.142815+00:00"
364,"Mort de Jean Calvin à Genève","Le 27 mai 1564, Jean Calvin meurt à Genève à l'âge de 54 ans, laissant derrière lui une Église réformée structurée et influente dans toute l'Europe.",1564,"La Réforme Protestante et les Guerres de Religion","","VALIDATED_HISTORY","2026-03-04T07:23:47.142815+00:00"
365,"Tenue du Synode de Dordrecht","Du 13 novembre 1618 au 9 mai 1619, le Synode de Dordrecht réunit les Églises réformées pour condamner l'arminianisme et fixer les cinq points du calvinisme orthodoxe.",1618,"La Réforme Protestante et les Guerres de Religion","","VALIDATED_HISTORY","2026-03-04T07:23:47.142815+00:00"
366,"Mort d'Ignace de Loyola, fondateur des Jésuites","Le 31 juillet 1556, Ignace de Loyola meurt à Rome. Fondateur de la Compagnie de Jésus, il avait fait de cet ordre un instrument majeur de la Contre-Réforme catholique.",1556,"La Réforme Protestante et les Guerres de Religion","","VALIDATED_HISTORY","2026-03-04T07:23:47.142815+00:00"
367,"Clôture du Concile de Trente","Le 4 décembre 1563, le Concile de Trente se clôt après 18 ans de travaux, définissant les dogmes catholiques, réformant la discipline ecclésiastique et rejetant les thèses protestantes.",1563,"La Réforme Protestante et les Guerres de Religion","","VALIDATED_HISTORY","2026-03-04T07:23:47.142815+00:00"
368,"Publication de l'Index librorum prohibitorum tridentine","Le 24 mars 1564, le pape Pie IV publie l'Index des livres interdits issu du Concile de Trente, établissant une liste officielle des ouvrages jugés hérétiques ou dangereux pour la foi catholique.",1564,"La Réforme Protestante et les Guerres de Religion","","READY_FOR_IMAGE","2026-03-04T07:23:47.142815+00:00"
369,"Premier vol opérationnel du Supermarine Spitfire","Le 4 août 1938, le Spitfire entre en service opérationnel au sein du No. 19 Squadron de la RAF. Cet avion de chasse britannique deviendra l'un des symboles de la résistance aérienne britannique durant la Seconde Guerre mondiale.",1938,"La Seconde Guerre Mondiale : Les Moments Clés du Conflit Mondial","","VALIDATED_HISTORY","2026-03-04T07:23:47.142815+00:00"
370,"Mise en service du radar Chain Home","En 1937, le réseau de détection radar Chain Home est mis en service opérationnel sur les côtes britanniques. Ce système permettra à la RAF de détecter les attaques aériennes allemandes à distance, jouant un rôle crucial durant la bataille d'Angleterre.",1937,"La Seconde Guerre Mondiale : Les Moments Clés du Conflit Mondial","","VALIDATED_HISTORY","2026-03-04T07:23:47.142815+00:00"
371,"Discours de Churchill sur 'les quelques'","Le 20 août 1940, Winston Churchill prononce son célèbre discours au Parlement rendant hommage aux pilotes de la RAF : 'Jamais dans l'histoire des conflits humains, autant de gens n'ont dû autant à si peu.' Ce discours immortalise les pilotes de la bataille d'Angleterre.",1940,"La Seconde Guerre Mondiale : Les Moments Clés du Conflit Mondial","","VALIDATED_HISTORY","2026-03-04T07:23:47.142815+00:00"
372,"Annulation de l'opération Otarie (invasion de la Grande-Bretagne)","Le 17 septembre 1940, Hitler reporte indéfiniment l'opération Seelöwe (Otarie), le plan d'invasion de la Grande-Bretagne. L'échec de la Luftwaffe à obtenir la supériorité aérienne face à la RAF rend l'opération impossible.",1940,"La Seconde Guerre Mondiale : Les Moments Clés du Conflit Mondial","","VALIDATED_HISTORY","2026-03-04T07:23:47.142815+00:00"
373,"Entrée en service du Hawker Hurricane dans la RAF","Le 25 décembre 1937, le Hawker Hurricane entre officiellement en service dans la RAF. Cet avion de chasse robuste constituera la majorité des forces de chasse britanniques durant la bataille d'Angleterre, abattant plus d'appareils ennemis que le Spitfire.",1937,"La Seconde Guerre Mondiale : Les Moments Clés du Conflit Mondial","","VALIDATED_HISTORY","2026-03-04T07:23:47.142815+00:00"
467,"Reprise de Rouen par les Français","Le 10 novembre 1449, Charles VII entre triomphalement dans Rouen, capitale de la Normandie, mettant fin à 30 ans d'occupation anglaise dans la région.",1449,"La Guerre de Cent Ans : Batailles, Héroïnes et Monarchies","","VALIDATED_HISTORY","2026-03-04T07:23:47.172377+00:00"
374,"Création du Fighter Command de la RAF","Le 14 juillet 1936, le Fighter Command est créé au sein de la Royal Air Force sous le commandement du Air Chief Marshal Hugh Dowding. Cette structure de commandement centralisée sera déterminante dans l'organisation de la défense aérienne britannique.",1936,"La Seconde Guerre Mondiale : Les Moments Clés du Conflit Mondial","","VALIDATED_HISTORY","2026-03-04T07:23:47.142815+00:00"
375,"Premier raid de la RAF sur Berlin","Dans la nuit du 25 au 26 août 1940, la RAF effectue son premier bombardement sur Berlin en représailles aux bombes allemandes tombées sur Londres. Ce raid pousse Hitler à ordonner le bombardement massif des villes britanniques, soulageant indirectement les aérodromes de la RAF.",1940,"La Seconde Guerre Mondiale : Les Moments Clés du Conflit Mondial","","VALIDATED_HISTORY","2026-03-04T07:23:47.142815+00:00"
376,"Lancement de l'opération Barbarossa par l'Allemagne nazie","Le 22 juin 1941, Hitler lance l'invasion de l'Union soviétique avec plus de 3 millions de soldats. C'est la plus grande offensive militaire terrestre de l'histoire.",1941,"La Seconde Guerre Mondiale : Les Moments Clés du Conflit Mondial","","VALIDATED_HISTORY","2026-03-04T07:23:47.142815+00:00"
377,"Début de la bataille de Moscou sur le front de l'Est","Le 2 octobre 1941, l'Allemagne lance l'opération Typhon visant à capturer Moscou. Les forces soviétiques résistent et repoussent l'offensive en décembre 1941.",1941,"La Seconde Guerre Mondiale : Les Moments Clés du Conflit Mondial","","VALIDATED_HISTORY","2026-03-04T07:23:47.142815+00:00"
378,"Déclaration de guerre de l'Allemagne et de l'Italie aux États-Unis","Le 11 décembre 1941, Hitler et Mussolini déclarent la guerre aux États-Unis, quatre jours après Pearl Harbor. Cette décision élargit considérablement le conflit mondial.",1941,"La Seconde Guerre Mondiale : Les Moments Clés du Conflit Mondial","","VALIDATED_HISTORY","2026-03-04T07:23:47.142815+00:00"
379,"Première contre-offensive soviétique devant Moscou","Le 5 décembre 1941, l'Armée rouge lance une contre-offensive massive sur le front de Moscou. C'est le premier recul significatif de la Wehrmacht depuis le début de la guerre.",1941,"La Seconde Guerre Mondiale : Les Moments Clés du Conflit Mondial","","VALIDATED_HISTORY","2026-03-04T07:23:47.142815+00:00"
380,"Lancement de l'opération Uranus","Le 19 novembre 1942, l'Armée rouge lance une contre-offensive massive visant à encercler la 6e armée allemande du général Paulus autour de Stalingrad. L'étau soviétique se referme en quelques jours.",1942,"La Seconde Guerre Mondiale : Les Moments Clés du Conflit Mondial","","VALIDATED_HISTORY","2026-03-04T07:23:47.142815+00:00"
381,"Libération de Kharkov par l'Armée rouge","Le 23 août 1943, les forces soviétiques reprennent définitivement Kharkov, grande ville industrielle d'Ukraine. Cette victoire confirme le renversement du rapport de force sur le front de l'Est.",1943,"La Seconde Guerre Mondiale : Les Moments Clés du Conflit Mondial","","VALIDATED_HISTORY","2026-03-04T07:23:47.142815+00:00"
382,"Signature de l'armistice franco-allemand à Rethondes","Le 22 juin 1940, la France signe l'armistice avec l'Allemagne nazie dans la forêt de Compiègne, dans le même wagon que celui de 1918. La France est divisée en zone occupée et zone libre.",1940,"La Seconde Guerre Mondiale : Les Moments Clés du Conflit Mondial","","VALIDATED_HISTORY","2026-03-04T07:23:47.142815+00:00"
383,"Conférence de Téhéran entre Churchill, Roosevelt et Staline","Du 28 novembre au 1er décembre 1943, les trois grands alliés se réunissent à Téhéran pour coordonner leur stratégie. L'ouverture d'un second front en Europe occidentale y est officiellement décidée.",1943,"La Seconde Guerre Mondiale : Les Moments Clés du Conflit Mondial","","VALIDATED_HISTORY","2026-03-04T07:23:47.142815+00:00"
384,"Débarquement allié en Sicile (Opération Husky)","Le 9 juillet 1943, les forces alliées débarquent en Sicile, amorçant la remontée de la péninsule italienne. Cette opération préfigure les grandes opérations amphibies qui culmineront en Normandie.",1943,"La Seconde Guerre Mondiale : Les Moments Clés du Conflit Mondial","","VALIDATED_HISTORY","2026-03-04T07:23:47.158516+00:00"
385,"Nomination d'Eisenhower comme commandant suprême des forces alliées","Le 24 décembre 1943, le général américain Dwight D. Eisenhower est nommé commandant suprême des forces expéditionnaires alliées (SHAEF). Il sera chargé de planifier et diriger le débarquement en Normandie.",1943,"La Seconde Guerre Mondiale : Les Moments Clés du Conflit Mondial","","VALIDATED_HISTORY","2026-03-04T07:23:47.158516+00:00"
386,"Prise de Cherbourg par les forces américaines","Le 26 juin 1944, les troupes américaines s'emparent du port stratégique de Cherbourg après plusieurs semaines de combats acharnés. Ce port devient un point d'approvisionnement crucial pour les Alliés.",1944,"La Seconde Guerre Mondiale : Les Moments Clés du Conflit Mondial","","VALIDATED_HISTORY","2026-03-04T07:23:47.158516+00:00"
387,"Lancement de l'Opération Cobra par les forces américaines","Le 25 juillet 1944, les Américains lancent l'opération Cobra pour percer le front allemand en Normandie près de Saint-Lô. Cette percée permet la libération rapide de la Bretagne et du nord de la France.",1944,"La Seconde Guerre Mondiale : Les Moments Clés du Conflit Mondial","","VALIDATED_HISTORY","2026-03-04T07:23:47.158516+00:00"
388,"Débarquement allié en Provence (Opération Dragoon)","Le 15 août 1944, les forces alliées débarquent sur les côtes de Provence entre Toulon et Cannes. Cette opération complémentaire du débarquement en Normandie accélère la libération du sud de la France.",1944,"La Seconde Guerre Mondiale : Les Moments Clés du Conflit Mondial","","READY_FOR_IMAGE","2026-03-04T07:23:47.158516+00:00"
389,"Franchissement du Rhin par les forces alliées à Remagen","Le 7 mars 1945, les soldats américains s'emparent intact du pont de Remagen sur le Rhin, permettant une traversée rapide vers l'Allemagne. Cet événement ouvre la voie à l'invasion du cœur du Reich.",1945,"La Seconde Guerre Mondiale : Les Moments Clés du Conflit Mondial","","VALIDATED_HISTORY","2026-03-04T07:23:47.158516+00:00"
390,"Débarquement de la Grande Armée païenne en Angleterre","Une immense armée viking, dirigée par Ivar le Désossé et Halfdan Ragnarsson, débarque en East Anglia. Contrairement aux raids précédents, elle vient conquérir et s'installer durablement.",865,"L'Épopée Viking : Raids, Conquêtes et Explorations","","VALIDATED_HISTORY","2026-03-04T07:23:47.158516+00:00"
392,"Prise de York par les Vikings","En novembre 866, la Grande Armée viking s'empare de York (Jorvik), capitale du royaume de Northumbrie. La ville devient un centre majeur de la puissance scandinave en Angleterre.",866,"L'Épopée Viking : Raids, Conquêtes et Explorations","","VALIDATED_HISTORY","2026-03-04T07:23:47.158516+00:00"
393,"Victoire d'Alfred le Grand à la bataille d'Ashdown","En janvier 871, le prince Alfred de Wessex remporte une victoire décisive contre les Vikings à la bataille d'Ashdown. C'est l'une des rares victoires saxonnes face à la Grande Armée pendant cette période.",871,"L'Épopée Viking : Raids, Conquêtes et Explorations","","VALIDATED_HISTORY","2026-03-04T07:23:47.158516+00:00"
394,"Colonisation viking de la Mercie orientale","En 877, les Vikings partagent et colonisent une grande partie de la Mercie, s'y installant comme agriculteurs et colons. Cet événement marque une étape clé dans l'établissement du Danelaw.",877,"L'Épopée Viking : Raids, Conquêtes et Explorations","","VALIDATED_HISTORY","2026-03-04T07:23:47.158516+00:00"
395,"Surprise d'Alfred le Grand à Chippenham par les Vikings","En janvier 878, le roi viking Guthrum lance une attaque surprise sur la résidence royale de Chippenham, forçant Alfred le Grand à fuir dans les marais du Somerset. C'est le point le plus bas du règne d'Alfred.",878,"L'Épopée Viking : Raids, Conquêtes et Explorations","","READY_FOR_IMAGE","2026-03-04T07:23:47.158516+00:00"
396,"Victoire d'Alfred le Grand à la bataille d'Edington","En mai 878, Alfred le Grand écrase l'armée viking de Guthrum à la bataille d'Edington. Cette victoire décisive ouvre la voie à la négociation du traité délimitant le Danelaw.",878,"L'Épopée Viking : Raids, Conquêtes et Explorations","","VALIDATED_HISTORY","2026-03-04T07:23:47.158516+00:00"
397,"Signature du traité d'Alfred et Guthrum","En 878, Alfred le Grand et le chef viking Guthrum signent un traité fixant la frontière entre le Wessex et les territoires vikings. Ce traité officialise l'existence du Danelaw en Angleterre.",878,"L'Épopée Viking : Raids, Conquêtes et Explorations","","VALIDATED_HISTORY","2026-03-04T07:23:47.158516+00:00"
398,"Baptême du chef viking Guthrum","Après sa défaite à Edington, le chef viking Guthrum accepte le baptême chrétien, prenant le nom d'Æthelstan. Alfred le Grand est son parrain, scellant symboliquement la paix entre les deux peuples.",878,"L'Épopée Viking : Raids, Conquêtes et Explorations","","VALIDATED_HISTORY","2026-03-04T07:23:47.158516+00:00"
399,"Établissement de l'Althing, premier parlement islandais","Les colons islandais fondent l'Althing à Þingvellir, l'une des plus anciennes assemblées parlementaires du monde. Cette institution régit les affaires politiques et juridiques de la colonie viking.",930,"L'Épopée Viking : Raids, Conquêtes et Explorations","","VALIDATED_HISTORY","2026-03-04T07:23:47.158516+00:00"
400,"Exil d'Eirik le Rouge d'Islande","Eirik le Rouge est banni d'Islande pour trois ans après avoir commis plusieurs meurtres. Il profite de cet exil pour explorer les terres à l'ouest, découvrant ce qu'il nommera le Groenland.",982,"L'Épopée Viking : Raids, Conquêtes et Explorations","","VALIDATED_HISTORY","2026-03-04T07:23:47.158516+00:00"
401,"Adoption du christianisme en Islande par l'Althing","L'Althing islandais vote officiellement l'adoption du christianisme comme religion de l'île, sous pression du roi de Norvège Olaf Tryggvason. Les pratiques païennes sont toutefois tolérées en privé.",1000,"L'Épopée Viking : Raids, Conquêtes et Explorations","","IMAGE_DONE","2026-03-04T07:23:47.158516+00:00"
402,"Première tentative d'exploration du Vinland par Bjarne Herjolfsson","Le navigateur viking Bjarne Herjolfsson aperçoit des terres inconnues à l'ouest du Groenland sans y débarquer. Son récit inspirera Leif Erikson à organiser une expédition.",986,"L'Épopée Viking : Raids, Conquêtes et Explorations","","VALIDATED_HISTORY","2026-03-04T07:23:47.158516+00:00"
403,"Tentative de colonisation du Vinland par Thorfinn Karlsefni","Le marchand islandais Thorfinn Karlsefni tente d'établir une colonie permanente au Vinland avec environ 160 personnes. Les conflits répétés avec les Skrælings forcent l'abandon du projet.",1010,"L'Épopée Viking : Raids, Conquêtes et Explorations","","VALIDATED_HISTORY","2026-03-04T07:23:47.158516+00:00"
405,"Bataille de Stamford Bridge, fin de l'ère viking en Angleterre","Le roi Harald III de Norvège est vaincu et tué par Harold II d'Angleterre à Stamford Bridge. Cette bataille marque la fin des grandes invasions vikings en Angleterre.",1066,"L'Épopée Viking : Raids, Conquêtes et Explorations","","VALIDATED_HISTORY","2026-03-04T07:23:47.158516+00:00"
406,"Siège et sac de Paris par les Vikings","En novembre 885, une flotte viking d'environ 700 navires remonte la Seine et assiège Paris pendant près d'un an. Le comte Eudes défend la ville jusqu'à l'intervention du roi Charles le Gros.",885,"L'Épopée Viking : Raids, Conquêtes et Explorations","","VALIDATED_HISTORY","2026-03-04T07:23:47.158516+00:00"
407,"Fondation de la Normandie par Rollon","Le traité de Saint-Clair-sur-Epte est signé en 911 entre le roi franc Charles III et le chef viking Rollon. Ce dernier reçoit un territoire qui deviendra la Normandie en échange de sa conversion au christianisme.",911,"L'Épopée Viking : Raids, Conquêtes et Explorations","","VALIDATED_HISTORY","2026-03-04T07:23:47.158516+00:00"
408,"Mort de Knut le Grand, fin de l'empire nordique","Le 12 novembre 1035, Knut le Grand meurt à Shaftesbury, en Angleterre. Son empire nordique se disloque rapidement, marquant le déclin de la puissance viking en Europe occidentale.",1035,"L'Épopée Viking : Raids, Conquêtes et Explorations","","VALIDATED_HISTORY","2026-03-04T07:23:47.158516+00:00"
409,"Déclaration de guerre de l'Autriche-Hongrie à la Serbie","Le 28 juillet 1914, l'Autriche-Hongrie déclare officiellement la guerre à la Serbie, un mois après l'assassinat de François-Ferdinand. C'est le premier acte de guerre formel du conflit mondial.",1914,"La Première Guerre Mondiale : Les Moments Clés du Conflit Mondial","","READY_FOR_IMAGE","2026-03-04T07:23:47.158516+00:00"
410,"Déclaration de guerre de l'Allemagne à la Russie","Le 1er août 1914, l'Allemagne déclare la guerre à la Russie après que celle-ci a refusé de stopper sa mobilisation. L'engrenage des alliances entraîne désormais toute l'Europe dans le conflit.",1914,"La Première Guerre Mondiale : Les Moments Clés du Conflit Mondial","","VALIDATED_HISTORY","2026-03-04T07:23:47.158516+00:00"
411,"Déclaration de guerre de l'Allemagne à la France","Le 3 août 1914, l'Allemagne déclare la guerre à la France, alliée de la Russie. Le plan Schlieffen prévoit une attaque rapide à l'ouest avant de se retourner contre l'est.",1914,"La Première Guerre Mondiale : Les Moments Clés du Conflit Mondial","","VALIDATED_HISTORY","2026-03-04T07:23:47.158516+00:00"
412,"Proclamation de l'Union sacrée en France","Le 4 août 1914, le président Raymond Poincaré proclame l'Union sacrée, appelant tous les partis politiques français à suspendre leurs divisions pour défendre la patrie. Socialistes et conservateurs s'unissent.",1914,"La Première Guerre Mondiale : Les Moments Clés du Conflit Mondial","","VALIDATED_HISTORY","2026-03-04T07:23:47.158516+00:00"
413,"Déclaration de guerre de l'Autriche-Hongrie à la Russie","Le 6 août 1914, l'Autriche-Hongrie déclare la guerre à la Russie, élargissant officiellement le conflit au front oriental. L'alliance des puissances centrales se consolide face à la Triple-Entente.",1914,"La Première Guerre Mondiale : Les Moments Clés du Conflit Mondial","","VALIDATED_HISTORY","2026-03-04T07:23:47.158516+00:00"
414,"Entrée en guerre du Japon aux côtés des Alliés","Le 23 août 1914, le Japon déclare la guerre à l'Allemagne, invoquant son alliance avec le Royaume-Uni. Tokyo vise notamment les possessions coloniales allemandes en Asie et dans le Pacifique.",1914,"La Première Guerre Mondiale : Les Moments Clés du Conflit Mondial","","VALIDATED_HISTORY","2026-03-04T07:23:47.158516+00:00"
415,"Début de la course à la mer sur le front occidental","À partir de septembre 1914, Français et Allemands tentent mutuellement de déborder le flanc adverse vers le nord. Cette série de manœuvres s'achève en novembre avec la stabilisation du front jusqu'à la mer du Nord.",1914,"La Première Guerre Mondiale : Les Moments Clés du Conflit Mondial","","VALIDATED_HISTORY","2026-03-04T07:23:47.158516+00:00"
416,"Bataille de Liège","Du 5 au 16 août 1914, les forts belges de Liège résistent aux assauts allemands, retardant l'avance ennemie de plusieurs jours.",1914,"La Première Guerre Mondiale : Les Moments Clés du Conflit Mondial","","VALIDATED_HISTORY","2026-03-04T07:23:47.158516+00:00"
417,"Bataille des Frontières","Du 14 au 24 août 1914, les armées françaises subissent de lourdes défaites en Alsace-Lorraine et dans les Ardennes face à l'offensive allemande.",1914,"La Première Guerre Mondiale : Les Moments Clés du Conflit Mondial","","VALIDATED_HISTORY","2026-03-04T07:23:47.158516+00:00"
418,"Retraite de Mons des troupes britanniques","Le 24 août 1914, le Corps expéditionnaire britannique amorce sa retraite depuis Mons sous la pression des forces allemandes supérieures en nombre.",1914,"La Première Guerre Mondiale : Les Moments Clés du Conflit Mondial","","VALIDATED_HISTORY","2026-03-04T07:23:47.158516+00:00"
419,"Chute de Namur","Le 25 août 1914, la ville fortifiée de Namur tombe aux mains des Allemands après un bombardement intense, ouvrant la route vers la France.",1914,"La Première Guerre Mondiale : Les Moments Clés du Conflit Mondial","","VALIDATED_HISTORY","2026-03-04T07:23:47.158516+00:00"
420,"Massacre de Leuven par les troupes allemandes","Du 25 au 30 août 1914, les soldats allemands incendient la ville belge de Leuven et massacrent des civils, suscitant une indignation internationale.",1914,"La Première Guerre Mondiale : Les Moments Clés du Conflit Mondial","","VALIDATED_HISTORY","2026-03-04T07:23:47.158516+00:00"
421,"Les taxis de la Marne transportent des renforts","Dans la nuit du 6 au 7 septembre 1914, environ 600 taxis parisiens acheminent des soldats français vers le front de la Marne, épisode emblématique de la bataille.",1914,"La Première Guerre Mondiale : Les Moments Clés du Conflit Mondial","","VALIDATED_HISTORY","2026-03-04T07:23:47.158516+00:00"
422,"Retraite allemande vers l'Aisne","Le 9 septembre 1914, le général von Moltke ordonne le repli des armées allemandes vers la rivière Aisne, marquant l'échec du plan Schlieffen.",1914,"La Première Guerre Mondiale : Les Moments Clés du Conflit Mondial","","VALIDATED_HISTORY","2026-03-04T07:23:47.158516+00:00"
423,"Début de la bataille de l'Aisne","Le 13 septembre 1914, les Alliés tentent de percer les lignes allemandes retranchées sur l'Aisne, inaugurant les premières tranchées du front occidental.",1914,"La Première Guerre Mondiale : Les Moments Clés du Conflit Mondial","","VALIDATED_HISTORY","2026-03-04T07:23:47.158516+00:00"
424,"Chute d'Anvers","Le 10 octobre 1914, la ville fortifiée d'Anvers capitule devant les forces allemandes après un siège, libérant des troupes pour le front principal.",1914,"La Première Guerre Mondiale : Les Moments Clés du Conflit Mondial","","VALIDATED_HISTORY","2026-03-04T07:23:47.158516+00:00"
425,"Première bataille d'Ypres","Du 19 octobre au 22 novembre 1914, Alliés et Allemands se battent pour le contrôle d'Ypres en Belgique, soldant la Course à la mer par un front stabilisé.",1914,"La Première Guerre Mondiale : Les Moments Clés du Conflit Mondial","","VALIDATED_HISTORY","2026-03-04T07:23:47.158516+00:00"
426,"Massacre des Innocents à Langemarck","Le 22 octobre 1914, de jeunes volontaires allemands lancent des assauts frontaux près de Langemarck et subissent des pertes catastrophiques face aux Britanniques.",1914,"La Première Guerre Mondiale : Les Moments Clés du Conflit Mondial","","VALIDATED_HISTORY","2026-03-04T07:23:47.158516+00:00"
427,"Trêve de Noël sur le front occidental","Le 25 décembre 1914, des soldats allemands et britanniques fraternisent spontanément dans le no man's land, certains jouant même au football entre les tranchées.",1914,"La Première Guerre Mondiale : Les Moments Clés du Conflit Mondial","","VALIDATED_HISTORY","2026-03-04T07:23:47.158516+00:00"
428,"Première utilisation de gaz lacrymogène par l'Allemagne","Le 27 octobre 1914, l'armée allemande utilise pour la première fois des obus chargés de xylylbromure contre les troupes russes à Neuve-Chapelle, amorçant la guerre chimique.",1914,"La Première Guerre Mondiale : Les Moments Clés du Conflit Mondial","","VALIDATED_HISTORY","2026-03-04T07:23:47.158516+00:00"
429,"Prise du fort de Douaumont par les Allemands","Le 25 février 1916, les troupes allemandes s'emparent du fort de Douaumont, ouvrage clé du dispositif défensif français à Verdun. Sa chute provoque un choc immense en France.",1916,"La Première Guerre Mondiale : Les Moments Clés du Conflit Mondial","","VALIDATED_HISTORY","2026-03-04T07:23:47.158516+00:00"
430,"Nomination de Pétain à la tête de la défense de Verdun","Le 26 février 1916, le général Philippe Pétain est nommé commandant de la IIe armée chargée de défendre Verdun. Il organise la résistance et la fameuse 'Voie Sacrée' pour ravitailler le front.",1916,"La Première Guerre Mondiale : Les Moments Clés du Conflit Mondial","","VALIDATED_HISTORY","2026-03-04T07:23:47.158516+00:00"
431,"Ouverture de la Voie Sacrée pour ravitailler Verdun","Le 27 février 1916, la route reliant Bar-le-Duc à Verdun est organisée en flux continu de camions militaires. Surnommée 'Voie Sacrée', elle permettra d'acheminer hommes et matériel tout au long de la bataille.",1916,"La Première Guerre Mondiale : Les Moments Clés du Conflit Mondial","","READY_FOR_IMAGE","2026-03-04T07:23:47.158516+00:00"
432,"Reprise du fort de Douaumont par les Français","Le 24 octobre 1916, les troupes françaises reprennent le fort de Douaumont aux Allemands lors d'une contre-offensive menée sous le commandement du général Mangin. C'est un tournant symbolique majeur à Verdun.",1916,"La Première Guerre Mondiale : Les Moments Clés du Conflit Mondial","","VALIDATED_HISTORY","2026-03-04T07:23:47.158516+00:00"
433,"Mort du maréchal Kitchener en mer du Nord","Le 5 juin 1916, le secrétaire d'État britannique à la Guerre Lord Kitchener périt lorsque le croiseur HMS Hampshire heurte une mine allemande. Sa mort prive l'Angleterre de l'un de ses principaux organisateurs militaires.",1916,"La Première Guerre Mondiale : Les Moments Clés du Conflit Mondial","","VALIDATED_HISTORY","2026-03-04T07:23:47.158516+00:00"
434,"Début de l'offensive Broussilov sur le front de l'Est","Le 4 juin 1916, le général russe Alexeï Broussilov lance une vaste offensive contre les armées austro-hongroises en Galicie. Considérée comme l'offensive la plus réussie de la guerre, elle inflige plus d'un million de pertes à l'ennemi.",1916,"La Première Guerre Mondiale : Les Moments Clés du Conflit Mondial","","VALIDATED_HISTORY","2026-03-04T07:23:47.158516+00:00"
436,"Mort de l'empereur François-Joseph d'Autriche","Le 21 novembre 1916, l'empereur François-Joseph Ier d'Autriche-Hongrie décède à Vienne à l'âge de 86 ans après 68 ans de règne. Son successeur Charles Ier hérite d'un empire épuisé par deux ans de guerre.",1916,"La Première Guerre Mondiale : Les Moments Clés du Conflit Mondial","","VALIDATED_HISTORY","2026-03-04T07:23:47.158516+00:00"
437,"Abdication du tsar Nicolas II de Russie","Le 15 mars 1917, sous la pression de la révolution de Février, Nicolas II abdique, ouvrant la voie au retrait progressif de la Russie du conflit.",1917,"La Première Guerre Mondiale : Les Moments Clés du Conflit Mondial","","VALIDATED_HISTORY","2026-03-04T07:23:47.172377+00:00"
438,"Discours des Quatorze Points du président Wilson","Le 8 janvier 1918, Woodrow Wilson présente au Congrès son programme de paix en quatorze points, définissant les objectifs de guerre américains et un nouvel ordre mondial.",1918,"La Première Guerre Mondiale : Les Moments Clés du Conflit Mondial","","VALIDATED_HISTORY","2026-03-04T07:23:47.172377+00:00"
439,"Reprise de la guerre sous-marine à outrance par l'Allemagne","Le 1er février 1917, l'Allemagne annonce la reprise de la guerre sous-marine totale, coulant tout navire approchant les côtes alliées, acte déclencheur de l'entrée en guerre américaine.",1917,"La Première Guerre Mondiale : Les Moments Clés du Conflit Mondial","","VALIDATED_HISTORY","2026-03-04T07:23:47.172377+00:00"
440,"Publication du télégramme Zimmermann","Le 1er mars 1917, le gouvernement américain rend public le télégramme secret du ministre allemand Zimmermann proposant une alliance militaire au Mexique contre les États-Unis.",1917,"La Première Guerre Mondiale : Les Moments Clés du Conflit Mondial","","VALIDATED_HISTORY","2026-03-04T07:23:47.172377+00:00"
441,"Abdication du Kaiser Guillaume II d'Allemagne","Le 9 novembre 1918, deux jours avant l'armistice, le Kaiser Guillaume II abdique sous la pression des révolutions internes et des défaites militaires. Il s'exile aux Pays-Bas.",1918,"La Première Guerre Mondiale : Les Moments Clés du Conflit Mondial","","VALIDATED_HISTORY","2026-03-04T07:23:47.172377+00:00"
442,"Proclamation de la République de Weimar en Allemagne","Le 9 novembre 1918, Philipp Scheidemann proclame la République depuis une fenêtre du Reichstag à Berlin, mettant fin à l'Empire allemand né en 1871.",1918,"La Première Guerre Mondiale : Les Moments Clés du Conflit Mondial","","VALIDATED_HISTORY","2026-03-04T07:23:47.172377+00:00"
443,"Retour triomphal du maréchal Foch à Paris après l'armistice","Le 11 novembre 1918, Ferdinand Foch, commandant suprême des forces alliées, est acclamé à Paris après avoir conduit les négociations de l'armistice dans son wagon à Compiègne.",1918,"La Première Guerre Mondiale : Les Moments Clés du Conflit Mondial","","VALIDATED_HISTORY","2026-03-04T07:23:47.172377+00:00"
444,"Entrée des troupes françaises à Strasbourg après l'armistice","Le 22 novembre 1918, le général Gouraud entre à Strasbourg, marquant le retour de l'Alsace à la France après 47 ans d'occupation allemande depuis 1871.",1918,"La Première Guerre Mondiale : Les Moments Clés du Conflit Mondial","","VALIDATED_HISTORY","2026-03-04T07:23:47.172377+00:00"
445,"Débarquement anglais en Normandie","Le 12 juillet 1346, Édouard III débarque à Saint-Vaast-la-Hougue avec son armée, lançant une chevauchée dévastatrice à travers la Normandie vers le nord de la France.",1346,"La Guerre de Cent Ans : Batailles, Héroïnes et Monarchies","","VALIDATED_HISTORY","2026-03-04T07:23:47.172377+00:00"
446,"Prise de Calais par Édouard III","Le 4 août 1347, après onze mois de siège, Calais capitule devant les Anglais. La ville devient une tête de pont anglaise sur le continent pour plus de deux siècles.",1347,"La Guerre de Cent Ans : Batailles, Héroïnes et Monarchies","","VALIDATED_HISTORY","2026-03-04T07:23:47.172377+00:00"
447,"Trêve de Calais entre la France et l'Angleterre","Le 28 septembre 1347, une trêve est signée à Calais entre Édouard III et Philippe VI, suspendant temporairement les hostilités de la Guerre de Cent Ans.",1347,"La Guerre de Cent Ans : Batailles, Héroïnes et Monarchies","","VALIDATED_HISTORY","2026-03-04T07:23:47.172377+00:00"
448,"Signature du traité de Brétigny","Le 8 mai 1360, le traité de Brétigny est signé entre la France et l'Angleterre. Jean II est libéré contre une rançon colossale et la cession de vastes territoires français à Édouard III.",1360,"La Guerre de Cent Ans : Batailles, Héroïnes et Monarchies","","VALIDATED_HISTORY","2026-03-04T07:23:47.172377+00:00"
449,"Reprise de Pontvalain par Du Guesclin","Le 4 décembre 1370, Bertrand Du Guesclin écrase les forces anglaises à Pontvalain, ouvrant la reconquête du Maine et de l'Anjou pour Charles V.",1370,"La Guerre de Cent Ans : Batailles, Héroïnes et Monarchies","","VALIDATED_HISTORY","2026-03-04T07:23:47.172377+00:00"
451,"Reprise de Limoges par Charles V","En 1370, après le sac brutal de Limoges par le Prince Noir, Charles V reprend progressivement le contrôle de la ville et de la région.",1370,"La Guerre de Cent Ans : Batailles, Héroïnes et Monarchies","","VALIDATED_HISTORY","2026-03-04T07:23:47.172377+00:00"
452,"Traité d'alliance franco-castillan de Tolède","Le 18 mars 1368, Charles V signe un traité avec Henri de Trastamare, roi de Castille, assurant un soutien naval castillan contre l'Angleterre.",1368,"La Guerre de Cent Ans : Batailles, Héroïnes et Monarchies","","VALIDATED_HISTORY","2026-03-04T07:23:47.172377+00:00"
453,"Victoire navale franco-castillane à La Rochelle","Le 22 juin 1372, la flotte franco-castillane détruit la flotte anglaise au large de La Rochelle, coupant l'Angleterre de ses possessions françaises.",1372,"La Guerre de Cent Ans : Batailles, Héroïnes et Monarchies","","VALIDATED_HISTORY","2026-03-04T07:23:47.172377+00:00"
454,"Reprise de Poitiers par les Français","En août 1372, Du Guesclin reprend Poitiers aux Anglais, marquant la reconquête quasi totale du Poitou par Charles V.",1372,"La Guerre de Cent Ans : Batailles, Héroïnes et Monarchies","","VALIDATED_HISTORY","2026-03-04T07:23:47.172377+00:00"
455,"Mort de Bertrand Du Guesclin au siège de Châteauneuf-de-Randon","Le 13 juillet 1380, Bertrand Du Guesclin meurt devant Châteauneuf-de-Randon, mettant fin à la carrière du principal artisan de la reconquête française.",1380,"La Guerre de Cent Ans : Batailles, Héroïnes et Monarchies","","VALIDATED_HISTORY","2026-03-04T07:23:47.172377+00:00"
456,"Mort de Charles V le Sage","Le 16 septembre 1380, Charles V meurt à Beauté-sur-Marne, laissant un royaume largement reconquis sur les Anglais après une décennie de succès militaires.",1380,"La Guerre de Cent Ans : Batailles, Héroïnes et Monarchies","","VALIDATED_HISTORY","2026-03-04T07:23:47.172377+00:00"
457,"Reprise de Bergerac par Du Guesclin","En 1377, Du Guesclin reprend Bergerac en Périgord, poursuivant la reconquête systématique des territoires aquitains tenus par les Anglais.",1377,"La Guerre de Cent Ans : Batailles, Héroïnes et Monarchies","","VALIDATED_HISTORY","2026-03-04T07:23:47.172377+00:00"
458,"Débarquement de Henri V en Normandie","Le 14 août 1415, Henri V débarque à l'embouchure de la Seine avec une armée d'environ 12 000 hommes. Il entame ainsi sa campagne de conquête du royaume de France.",1415,"La Guerre de Cent Ans : Batailles, Héroïnes et Monarchies","","VALIDATED_HISTORY","2026-03-04T07:23:47.172377+00:00"
459,"Prise de Harfleur par les Anglais","Le 22 septembre 1415, Henri V s'empare de la ville portuaire de Harfleur en Normandie après un siège de cinq semaines. Cette conquête lui offre une tête de pont stratégique sur le continent.",1415,"La Guerre de Cent Ans : Batailles, Héroïnes et Monarchies","","VALIDATED_HISTORY","2026-03-04T07:23:47.172377+00:00"
460,"Assassinat de Jean sans Peur à Montereau","Le 10 septembre 1419, Jean sans Peur, duc de Bourgogne, est assassiné sur le pont de Montereau lors d'une entrevue avec le dauphin Charles. Cet événement pousse les Bourguignons à s'allier avec les Anglais.",1419,"La Guerre de Cent Ans : Batailles, Héroïnes et Monarchies","","VALIDATED_HISTORY","2026-03-04T07:23:47.172377+00:00"
461,"Mariage de Henri V et Catherine de Valois","Le 2 juin 1420, Henri V d'Angleterre épouse Catherine de Valois, fille de Charles VI, à Troyes. Cette union scelle l'alliance franco-anglaise prévue par le traité de Troyes.",1420,"La Guerre de Cent Ans : Batailles, Héroïnes et Monarchies","","VALIDATED_HISTORY","2026-03-04T07:23:47.172377+00:00"
462,"Entrée triomphale de Henri V dans Paris","Le 1er décembre 1420, Henri V entre solennellement dans Paris aux côtés de Charles VI. Il est acclamé comme futur roi de France en vertu du traité de Troyes.",1420,"La Guerre de Cent Ans : Batailles, Héroïnes et Monarchies","","VALIDATED_HISTORY","2026-03-04T07:23:47.172377+00:00"
463,"Prise de Rouen par Henri V","Le 19 janvier 1419, Henri V s'empare de Rouen, capitale de la Normandie, après un siège de six mois. Cette conquête majeure consolide la domination anglaise sur la Normandie.",1419,"La Guerre de Cent Ans : Batailles, Héroïnes et Monarchies","","VALIDATED_HISTORY","2026-03-04T07:23:47.172377+00:00"
464,"Début du siège d'Orléans par les Anglais","Le 12 octobre 1428, les forces anglaises commencent le siège d'Orléans, ville stratégique dont la chute aurait scellé la défaite française dans la guerre de Cent Ans.",1428,"La Guerre de Cent Ans : Batailles, Héroïnes et Monarchies","","IMAGE_DONE","2026-03-04T07:23:47.172377+00:00"
465,"Première rencontre de Jeanne d'Arc avec le dauphin Charles","Le 9 mars 1429, Jeanne d'Arc rencontre le dauphin Charles VII à Chinon, le convainquant de lui confier une armée pour lever le siège d'Orléans.",1429,"La Guerre de Cent Ans : Batailles, Héroïnes et Monarchies","","VALIDATED_HISTORY","2026-03-04T07:23:47.172377+00:00"
466,"Victoire française à la bataille de Patay","Le 18 juin 1429, les Français écrasent l'armée anglaise à Patay, capturant le général Talbot et ouvrant la route vers Reims pour le sacre du dauphin.",1429,"La Guerre de Cent Ans : Batailles, Héroïnes et Monarchies","","VALIDATED_HISTORY","2026-03-04T07:23:47.172377+00:00"
468,"Bataille de Formigny : victoire décisive française","Le 15 avril 1450, l'armée française écrase les forces anglaises à Formigny, en Normandie, scellant définitivement la reconquête de la province.",1450,"La Guerre de Cent Ans : Batailles, Héroïnes et Monarchies","","VALIDATED_HISTORY","2026-03-04T07:23:47.172377+00:00"
469,"Reddition de Caen aux troupes de Charles VII","Le 24 juin 1450, la ville de Caen capitule devant les armées françaises, achevant la libération totale de la Normandie après des décennies d'occupation.",1450,"La Guerre de Cent Ans : Batailles, Héroïnes et Monarchies","","VALIDATED_HISTORY","2026-03-04T07:23:47.172377+00:00"
470,"Capitulation de Cherbourg, dernier bastion anglais en Normandie","Le 12 août 1450, Cherbourg tombe aux mains des Français, marquant la fin complète de la présence anglaise en Normandie.",1450,"La Guerre de Cent Ans : Batailles, Héroïnes et Monarchies","","VALIDATED_HISTORY","2026-03-04T07:23:47.172377+00:00"
471,"Création des préfectures départementales","Le 17 février 1800, la loi du 28 pluviôse An VIII institue les préfets à la tête de chaque département. Cette réforme centralise l'administration territoriale française sous l'autorité de l'État.",1800,"Les Guerres Napoléoniennes : De l'Ascension à la Chute de l'Empire","","VALIDATED_HISTORY","2026-03-04T07:23:47.172377+00:00"
472,"Création de la Légion d'honneur","Le 19 mai 1802, Napoléon Bonaparte institue la Légion d'honneur pour récompenser les mérites civils et militaires. Cet ordre national existe toujours et demeure la plus haute distinction française.",1802,"Les Guerres Napoléoniennes : De l'Ascension à la Chute de l'Empire","","VALIDATED_HISTORY","2026-03-04T07:23:47.172377+00:00"
473,"Création des lycées napoléoniens","Le 1er mai 1802, la loi Fourcroy crée les lycées en France, remplaçant les écoles centrales révolutionnaires. Ces établissements d'enseignement secondaire forment les futures élites administratives et militaires.",1802,"Les Guerres Napoléoniennes : De l'Ascension à la Chute de l'Empire","","VALIDATED_HISTORY","2026-03-04T07:23:47.172377+00:00"
474,"Signature du traité de Presbourg","Le 26 décembre 1805, l'Autriche signe ce traité humiliant après Austerlitz. Elle cède la Vénétie au royaume d'Italie et le Tyrol à la Bavière, alliée de Napoléon.",1805,"Les Guerres Napoléoniennes : De l'Ascension à la Chute de l'Empire","","VALIDATED_HISTORY","2026-03-04T07:23:47.172377+00:00"
475,"Proclamation du blocus continental","Le 21 novembre 1806, depuis Berlin, Napoléon décrète le blocus continental interdisant tout commerce entre l'Europe et la Grande-Bretagne. Cette mesure vise à asphyxier économiquement l'ennemi britannique.",1806,"Les Guerres Napoléoniennes : De l'Ascension à la Chute de l'Empire","","VALIDATED_HISTORY","2026-03-04T07:23:47.172377+00:00"
476,"Victoire française à la bataille d'Iéna","Le 14 octobre 1806, Napoléon écrase l'armée prussienne à Iéna tandis que Davout triomphe à Auerstedt le même jour. La Prusse s'effondre en quelques semaines.",1806,"Les Guerres Napoléoniennes : De l'Ascension à la Chute de l'Empire","","VALIDATED_HISTORY","2026-03-04T07:23:47.172377+00:00"
477,"Création de la Confédération du Rhin","Le 12 juillet 1806, seize États allemands signent l'acte fondateur de la Confédération du Rhin sous protectorat français. Cela entraîne la dissolution du Saint-Empire romain germanique.",1806,"Les Guerres Napoléoniennes : De l'Ascension à la Chute de l'Empire","","VALIDATED_HISTORY","2026-03-04T07:23:47.172377+00:00"
478,"Dissolution du Saint-Empire romain germanique","Le 6 août 1806, l'empereur François II abdique et renonce au titre d'empereur romain germanique. Une institution millénaire prend fin sous la pression de la domination napoléonienne.",1806,"Les Guerres Napoléoniennes : De l'Ascension à la Chute de l'Empire","","VALIDATED_HISTORY","2026-03-04T07:23:47.172377+00:00"
479,"Victoire française à la bataille d'Eylau","Le 8 février 1807, Napoléon affronte les Russes et Prussiens en Prusse-Orientale dans une bataille sanglante et indécise. Ce combat difficile révèle la résistance de l'armée russe.",1807,"Les Guerres Napoléoniennes : De l'Ascension à la Chute de l'Empire","","VALIDATED_HISTORY","2026-03-04T07:23:47.172377+00:00"
480,"Victoire décisive française à la bataille de Friedland","Le 14 juin 1807, Napoléon écrase l'armée russe du général Bennigsen en Prusse-Orientale. Cette victoire contraint le tsar Alexandre Ier à négocier la paix.",1807,"Les Guerres Napoléoniennes : De l'Ascension à la Chute de l'Empire","","VALIDATED_HISTORY","2026-03-04T07:23:47.172377+00:00"
481,"Signature des traités de Tilsit","Les 7 et 9 juillet 1807, Napoléon signe des traités avec la Russie puis la Prusse sur un radeau au milieu du Niémen. L'Europe est redessinée : création du grand-duché de Varsovie et du royaume de Westphalie.",1807,"Les Guerres Napoléoniennes : De l'Ascension à la Chute de l'Empire","","VALIDATED_HISTORY","2026-03-04T07:23:47.172377+00:00"
482,"Couronnement de Joseph Bonaparte roi de Naples","Le 30 mars 1806, Napoléon place son frère Joseph sur le trône du royaume de Naples. Cette décision illustre la politique napoléonienne de contrôle de l'Europe par des souverains familiaux.",1806,"Les Guerres Napoléoniennes : De l'Ascension à la Chute de l'Empire","","VALIDATED_HISTORY","2026-03-04T07:23:47.172377+00:00"
483,"Adoption de la Constitution française de 1791","Le 3 septembre 1791, l'Assemblée constituante adopte la première constitution écrite de France, instaurant une monarchie constitutionnelle et limitant officiellement les pouvoirs du roi.",1791,"La Révolution Française : De la Bastille à la Chute de Robespierre","","VALIDATED_HISTORY","2026-03-04T07:23:47.172377+00:00"
484,"Acceptation de la Constitution par Louis XVI","Le 14 septembre 1791, Louis XVI prête serment devant l'Assemblée nationale et accepte formellement la Constitution, devenant roi des Français sous un régime constitutionnel.",1791,"La Révolution Française : De la Bastille à la Chute de Robespierre","","VALIDATED_HISTORY","2026-03-04T07:23:47.172377+00:00"
485,"Première réunion de l'Assemblée législative","Le 1er octobre 1791, l'Assemblée législative tient sa première séance, succédant à l'Assemblée constituante pour gouverner la France sous le nouveau régime constitutionnel.",1791,"La Révolution Française : De la Bastille à la Chute de Robespierre","","VALIDATED_HISTORY","2026-03-04T07:23:47.172377+00:00"
486,"Déclaration de guerre à l'Autriche","Le 20 avril 1792, la France révolutionnaire déclare la guerre au roi de Bohême et de Hongrie, lançant les guerres de la Révolution française qui vont bouleverser l'Europe.",1792,"La Révolution Française : De la Bastille à la Chute de Robespierre","","VALIDATED_HISTORY","2026-03-04T07:23:47.172377+00:00"
487,"Première utilisation de la guillotine en France","Le 25 avril 1792, la guillotine est utilisée pour la première fois pour exécuter le brigand Nicolas Jacques Pelletier, devenant bientôt le symbole de la Terreur révolutionnaire.",1792,"La Révolution Française : De la Bastille à la Chute de Robespierre","","VALIDATED_HISTORY","2026-03-04T07:23:47.172377+00:00"
895,"Naissance de Maria Teresa Agnesi Pinottini","Compositrice, claveciniste et chanteuse italienne. Elle composa des opéras, des œuvres pour clavier et de la musique vocale.",1720,"L'Âge d'Or de la Piraterie","","PENDING","2026-03-04T07:23:47.283022+00:00"
488,"Création du Tribunal révolutionnaire","Le 10 mars 1793, la Convention nationale institue le Tribunal révolutionnaire chargé de juger les ennemis de la République. Il deviendra l'instrument principal de la Terreur.",1793,"La Révolution Française : De la Bastille à la Chute de Robespierre","","VALIDATED_HISTORY","2026-03-04T07:23:47.187938+00:00"
489,"Proclamation de la loi des suspects","Le 17 septembre 1793, la Convention vote la loi des suspects permettant l'arrestation de toute personne jugée hostile à la Révolution. Elle ouvre officiellement la période de la Grande Terreur.",1793,"La Révolution Française : De la Bastille à la Chute de Robespierre","","VALIDATED_HISTORY","2026-03-04T07:23:47.187938+00:00"
490,"Exécution de Georges Danton","Le 5 avril 1794, Georges Danton et ses partisans indulgents sont guillotinés sur ordre de Robespierre. La mort de cet ancien pilier de la Révolution illustre la radicalisation extrême du régime.",1794,"La Révolution Française : De la Bastille à la Chute de Robespierre","","READY_FOR_IMAGE","2026-03-04T07:23:47.187938+00:00"
491,"Adoption de la loi du 22 prairial","Le 10 juin 1794, la loi du 22 prairial an II supprime les droits de la défense devant le Tribunal révolutionnaire. Elle déclenche la Grande Terreur, période d'exécutions massives en quelques semaines.",1794,"La Révolution Française : De la Bastille à la Chute de Robespierre","","VALIDATED_HISTORY","2026-03-04T07:23:47.187938+00:00"
492,"Premier survol de la Lune par une sonde spatiale (Luna 1)","Le 2 janvier 1959, la sonde soviétique Luna 1 devient le premier engin à s'échapper de l'attraction terrestre et à survoler la Lune.",1959,"L'Aventure Spatiale : Des Premiers Satellites à l'Exploration Interplanétaire","","VALIDATED_HISTORY","2026-03-04T07:23:47.187938+00:00"
493,"Première photographie de la face cachée de la Lune (Luna 3)","Le 7 octobre 1959, la sonde soviétique Luna 3 transmet les premières images de la face cachée de la Lune, jusque-là totalement inconnue.",1959,"L'Aventure Spatiale : Des Premiers Satellites à l'Exploration Interplanétaire","","VALIDATED_HISTORY","2026-03-04T07:23:47.187938+00:00"
494,"Catastrophe de la mission Apollo 1","Le 27 janvier 1967, un incendie éclate dans la capsule Apollo 1 lors d'un test au sol, tuant les trois astronautes Gus Grissom, Ed White et Roger Chaffee.",1967,"L'Aventure Spatiale : Des Premiers Satellites à l'Exploration Interplanétaire","","VALIDATED_HISTORY","2026-03-04T07:23:47.187938+00:00"
495,"Lancement de l'observatoire spatial Compton","Le 5 avril 1991, la NASA met en orbite le Compton Gamma Ray Observatory depuis la navette Atlantis. Il permettra d'étudier les sources de rayons gamma les plus énergétiques de l'univers.",1991,"L'Aventure Spatiale : Des Premiers Satellites à l'Exploration Interplanétaire","","VALIDATED_HISTORY","2026-03-04T07:23:47.187938+00:00"
496,"Lancement de l'observatoire infrarouge ISO","Le 17 novembre 1995, l'Agence Spatiale Européenne lance l'Infrared Space Observatory (ISO). Cet observatoire spatial étudiera l'univers dans le domaine infrarouge jusqu'en 1998.",1995,"L'Aventure Spatiale : Des Premiers Satellites à l'Exploration Interplanétaire","","VALIDATED_HISTORY","2026-03-04T07:23:47.187938+00:00"
497,"Lancement de l'observatoire spatial Chandra","Le 23 juillet 1999, la NASA lance l'observatoire à rayons X Chandra depuis la navette Columbia. Il devient l'un des quatre grands observatoires spatiaux de la NASA, scrutant les phénomènes les plus violents de l'univers.",1999,"L'Aventure Spatiale : Des Premiers Satellites à l'Exploration Interplanétaire","","VALIDATED_HISTORY","2026-03-04T07:23:47.187938+00:00"
498,"Lancement du télescope spatial Hipparcos","Le 8 août 1989, l'ESA lance le satellite Hipparcos depuis Kourou. Premier observatoire spatial dédié à l'astrométrie, il mesurera avec précision la position et la distance de plus de 100 000 étoiles.",1989,"L'Aventure Spatiale : Des Premiers Satellites à l'Exploration Interplanétaire","","VALIDATED_HISTORY","2026-03-04T07:23:47.187938+00:00"
499,"Lancement de la sonde Mars Climate Orbiter","La NASA lance Mars Climate Orbiter le 11 décembre 1998 pour étudier le climat martien. La sonde sera perdue en septembre 1999 à cause d'une erreur de conversion d'unités métriques/impériales.",1998,"L'Aventure Spatiale : Des Premiers Satellites à l'Exploration Interplanétaire","","VALIDATED_HISTORY","2026-03-04T07:23:47.187938+00:00"
500,"Perte de Mars Climate Orbiter lors de son insertion orbitale","Le 23 septembre 1999, Mars Climate Orbiter est détruite en entrant dans l'atmosphère martienne à cause d'une confusion entre unités métriques et impériales, causant une perte de 327 millions de dollars.",1999,"L'Aventure Spatiale : Des Premiers Satellites à l'Exploration Interplanétaire","","VALIDATED_HISTORY","2026-03-04T07:23:47.187938+00:00"
501,"Lancement de Mars Polar Lander","La NASA lance Mars Polar Lander le 3 janvier 1999, destiné à se poser près du pôle sud de Mars. La sonde disparaît sans laisser de traces lors de sa tentative d'atterrissage en décembre 1999.",1999,"L'Aventure Spatiale : Des Premiers Satellites à l'Exploration Interplanétaire","","VALIDATED_HISTORY","2026-03-04T07:23:47.187938+00:00"
502,"Lancement de la sonde Mars Odyssey","La NASA lance Mars Odyssey le 7 avril 2001. La sonde entre en orbite martienne en octobre 2001 et détecte des indices de glace d'eau sous la surface, révolutionnant notre compréhension de Mars.",2001,"L'Aventure Spatiale : Des Premiers Satellites à l'Exploration Interplanétaire","","VALIDATED_HISTORY","2026-03-04T07:23:47.187938+00:00"
503,"Détection de glace d'eau sous la surface de Mars par Mars Odyssey","Le 28 mai 2002, la NASA annonce que la sonde Mars Odyssey a détecté d'importantes quantités de glace d'eau sous la surface martienne, notamment dans les régions polaires.",2002,"L'Aventure Spatiale : Des Premiers Satellites à l'Exploration Interplanétaire","","VALIDATED_HISTORY","2026-03-04T07:23:47.187938+00:00"
504,"Lancement de la sonde Mars Express de l'ESA","L'Agence Spatiale Européenne lance Mars Express le 2 juin 2003, première mission européenne vers Mars. Elle emporte le petit atterrisseur Beagle 2 et entre en orbite martienne en décembre 2003.",2003,"L'Aventure Spatiale : Des Premiers Satellites à l'Exploration Interplanétaire","","VALIDATED_HISTORY","2026-03-04T07:23:47.187938+00:00"
896,"Début du règne de Jean V du Portugal","Jean V accède au trône portugais. Son règne est marqué par le faste et le mécénat artistique, grâce aux richesses provenant du Brésil.",1706,"L'Âge d'Or de la Piraterie","","PENDING","2026-03-04T07:23:47.283022+00:00"
505,"Lancement du rover Spirit vers Mars","La NASA lance le rover Spirit le 10 juin 2003 dans le cadre du programme Mars Exploration Rover. Spirit atterrira sur Mars le 4 janvier 2004 et explorera le cratère Gusev.",2003,"L'Aventure Spatiale : Des Premiers Satellites à l'Exploration Interplanétaire","","VALIDATED_HISTORY","2026-03-04T07:23:47.187938+00:00"
506,"Lancement du rover Opportunity vers Mars","La NASA lance le rover Opportunity le 7 juillet 2003, jumeau de Spirit. Il atterrit le 25 janvier 2004 dans Meridiani Planum et découvrira des preuves d'eau liquide ancienne sur Mars.",2003,"L'Aventure Spatiale : Des Premiers Satellites à l'Exploration Interplanétaire","","VALIDATED_HISTORY","2026-03-04T07:23:47.187938+00:00"
507,"Atterrissage du rover Spirit sur Mars","Le 4 janvier 2004, le rover Spirit de la NASA atterrit avec succès dans le cratère Gusev sur Mars, commençant une mission d'exploration géologique qui durera bien au-delà de sa durée prévue de 90 jours.",2004,"L'Aventure Spatiale : Des Premiers Satellites à l'Exploration Interplanétaire","","VALIDATED_HISTORY","2026-03-04T07:23:47.187938+00:00"
508,"Atterrissage du rover Opportunity sur Mars","Le 25 janvier 2004, le rover Opportunity atterrit dans Meridiani Planum sur Mars. Il découvre rapidement des sphérules d'hématite surnommées 'myrtilles', preuve d'une présence passée d'eau liquide.",2004,"L'Aventure Spatiale : Des Premiers Satellites à l'Exploration Interplanétaire","","VALIDATED_HISTORY","2026-03-04T07:23:47.187938+00:00"
509,"Annonce de la découverte de méthane dans l'atmosphère de Mars","Le 30 mars 2004, des scientifiques annoncent la détection de méthane dans l'atmosphère martienne grâce à Mars Express et des télescopes terrestres, soulevant des questions sur une possible activité biologique ou géologique.",2004,"L'Aventure Spatiale : Des Premiers Satellites à l'Exploration Interplanétaire","","READY_FOR_IMAGE","2026-03-04T07:23:47.187938+00:00"
510,"Première sortie extravéhiculaire depuis l'ISS sans navette amarrée","Le 26 février 2004, les astronautes de l'ISS effectuent une sortie extravéhiculaire sans navette spatiale amarrée, une première dans l'histoire de la station, dans le contexte post-Columbia.",2004,"L'Aventure Spatiale : Des Premiers Satellites à l'Exploration Interplanétaire","","VALIDATED_HISTORY","2026-03-04T07:23:47.187938+00:00"
511,"Lancement de la sonde Mars Reconnaissance Orbiter","La NASA lance Mars Reconnaissance Orbiter le 12 août 2005. Équipée de la caméra HiRISE la plus puissante jamais envoyée vers Mars, elle entre en orbite en mars 2006 pour cartographier la planète en haute résolution.",2005,"L'Aventure Spatiale : Des Premiers Satellites à l'Exploration Interplanétaire","","VALIDATED_HISTORY","2026-03-04T07:23:47.187938+00:00"
512,"Mise en service du télescope spatial COROT dédié aux exoplanètes","Le 27 décembre 2006, le CNES lance le satellite COROT, premier télescope spatial conçu pour détecter des exoplanètes par la méthode des transits.",2006,"L'Aventure Spatiale : Des Premiers Satellites à l'Exploration Interplanétaire","","VALIDATED_HISTORY","2026-03-04T07:23:47.187938+00:00"
513,"Lancement du télescope spatial Kepler pour la chasse aux exoplanètes","Le 6 mars 2009, la NASA lance le télescope Kepler, dédié à la recherche de planètes de type terrestre autour d'autres étoiles grâce à la méthode des transits.",2009,"L'Aventure Spatiale : Des Premiers Satellites à l'Exploration Interplanétaire","","VALIDATED_HISTORY","2026-03-04T07:23:47.187938+00:00"
514,"Publication des premiers résultats scientifiques du télescope Kepler","En janvier 2010, la NASA publie les premières données de Kepler révélant des centaines de candidats exoplanètes, marquant un tournant dans la recherche de mondes extrasolaires.",2010,"L'Aventure Spatiale : Des Premiers Satellites à l'Exploration Interplanétaire","","VALIDATED_HISTORY","2026-03-04T07:23:47.187938+00:00"
516,"Fondation de Macao comme comptoir portugais en Chine","En 1557, le Portugal obtient l'autorisation d'établir un comptoir permanent à Macao, sur la côte sud de la Chine. Ce port devient la porte d'entrée du commerce européen avec la Chine et le Japon.",1557,"L'Âge des Grandes Découvertes : Explorations, Conquêtes et Nouvelles Routes","","VALIDATED_HISTORY","2026-03-04T07:23:47.187938+00:00"
517,"Fondation de Batavia par la VOC en Indonésie","Le 30 mai 1619, Jan Pieterszoon Coen fonde Batavia (actuelle Jakarta) sur l'île de Java. La ville devient le quartier général de la VOC en Asie et le centre névralgique du commerce des épices.",1619,"L'Âge des Grandes Découvertes : Explorations, Conquêtes et Nouvelles Routes","","VALIDATED_HISTORY","2026-03-04T07:23:47.187938+00:00"
518,"Fondation du comptoir français de Pondichéry en Inde","Le 4 février 1674, François Martin fonde le comptoir de Pondichéry sur la côte de Coromandel en Inde. Il deviendra la capitale des établissements français en Inde et un centre commercial majeur.",1674,"L'Âge des Grandes Découvertes : Explorations, Conquêtes et Nouvelles Routes","","VALIDATED_HISTORY","2026-03-04T07:23:47.187938+00:00"
519,"Charte royale accordée à la Compagnie anglaise des Indes pour Bombay","En 1668, Charles II cède Bombay à la East India Company pour une location symbolique. La ville devient rapidement le principal port anglais en Inde, supplantant Surat dans le commerce asiatique.",1668,"L'Âge des Grandes Découvertes : Explorations, Conquêtes et Nouvelles Routes","","VALIDATED_HISTORY","2026-03-04T07:23:47.187938+00:00"
520,"Fondation de la Compagnie danoise des Indes orientales","Le 17 mars 1616, le roi Christian IV du Danemark fonde la Dansk Ostindisk Kompagni. Elle établit des comptoirs en Inde, notamment à Tranquebar en 1620, participant à la course aux routes commerciales asiatiques.",1616,"L'Âge des Grandes Découvertes : Explorations, Conquêtes et Nouvelles Routes","","VALIDATED_HISTORY","2026-03-04T07:23:47.187938+00:00"
521,"Massacre d'Amboine : éviction des Anglais des Moluques par la VOC","Le 27 février 1623, la VOC exécute dix marchands anglais de la East India Company à Amboine (Moluques). Cet événement force les Anglais à se concentrer sur l'Inde, redéfinissant les zones d'influence commerciales en Asie.",1623,"L'Âge des Grandes Découvertes : Explorations, Conquêtes et Nouvelles Routes","","VALIDATED_HISTORY","2026-03-04T07:23:47.187938+00:00"
522,"Départ de la Croisade des Pauvres menée par Pierre l'Ermite","En avril 1096, des milliers de pèlerins non armés, conduits par Pierre l'Ermite, quittent la France vers Constantinople avant l'armée officielle. Cette croisade populaire se solde par un désastre face aux Turcs en Anatolie.",1096,"Les Croisades : Conflits, Pèlerinages et États Latins d'Orient","","VALIDATED_HISTORY","2026-03-04T07:23:47.187938+00:00"
523,"Massacre des Juifs de Mayence par des croisés","Le 27 mai 1096, des bandes de croisés rhénans massacrent la communauté juive de Mayence, l'une des plus importantes d'Europe. Cet épisode marque le début de violentes persécutions antijuives liées aux croisades.",1096,"Les Croisades : Conflits, Pèlerinages et États Latins d'Orient","","VALIDATED_HISTORY","2026-03-04T07:23:47.187938+00:00"
524,"Prise d'Antioche par les croisés","Le 3 juin 1098, après un siège de huit mois, les armées de la Première Croisade s'emparent d'Antioche en Syrie. La ville devient un enjeu stratégique majeur sur la route vers Jérusalem.",1098,"Les Croisades : Conflits, Pèlerinages et États Latins d'Orient","","VALIDATED_HISTORY","2026-03-04T07:23:47.187938+00:00"
525,"Fondation de l'ordre des Hospitaliers de Saint-Jean","Le 15 février 1113, le pape Pascal II reconnaît officiellement l'ordre des Hospitaliers de Saint-Jean de Jérusalem par une bulle pontificale. Cet ordre militaire et hospitalier jouera un rôle central dans les croisades.",1113,"Les Croisades : Conflits, Pèlerinages et États Latins d'Orient","","VALIDATED_HISTORY","2026-03-04T07:23:47.187938+00:00"
526,"Départ de la Croisade des Enfants","En 1212, des milliers d'enfants et de jeunes gens, menés par Étienne de Cloyes en France et Nicolas de Cologne en Allemagne, partent en croisade vers Jérusalem. La plupart ne reviendront jamais, vendus comme esclaves ou morts en chemin.",1212,"Les Croisades : Conflits, Pèlerinages et États Latins d'Orient","","VALIDATED_HISTORY","2026-03-04T07:23:47.187938+00:00"
527,"Création du Comté d'Édesse","Le 10 mars 1098, Baudouin de Boulogne prend le contrôle d'Édesse et fonde le Comté d'Édesse, premier État croisé établi en Terre sainte.",1098,"Les Croisades : Conflits, Pèlerinages et États Latins d'Orient","","VALIDATED_HISTORY","2026-03-04T07:23:47.187938+00:00"
528,"Couronnement de Baudouin Ier comme roi de Jérusalem","Le 25 décembre 1100, Baudouin Ier est couronné roi de Jérusalem en la basilique de Bethléem, premier à porter officiellement le titre royal du Royaume latin.",1100,"Les Croisades : Conflits, Pèlerinages et États Latins d'Orient","","IMAGE_DONE","2026-03-04T07:23:47.187938+00:00"
529,"Fondation du Comté de Tripoli","Le 12 juillet 1109, Bertrand de Saint-Gilles s'empare de Tripoli et fonde le Comté de Tripoli, dernier des quatre grands États latins d'Orient à être établi.",1109,"Les Croisades : Conflits, Pèlerinages et États Latins d'Orient","","VALIDATED_HISTORY","2026-03-04T07:23:47.187938+00:00"
530,"Victoire croisée à la bataille d'Ascalon","Le 12 août 1099, les croisés remportent la bataille d'Ascalon face aux Fatimides égyptiens, consolidant leur emprise sur la région de Jérusalem nouvellement conquise.",1099,"Les Croisades : Conflits, Pèlerinages et États Latins d'Orient","","VALIDATED_HISTORY","2026-03-04T07:23:47.187938+00:00"
531,"Prise de Haïfa par les croisés","En juillet 1100, les croisés s'emparent de la ville portuaire de Haïfa, étendant le contrôle du Royaume de Jérusalem sur la côte méditerranéenne.",1100,"Les Croisades : Conflits, Pèlerinages et États Latins d'Orient","","VALIDATED_HISTORY","2026-03-04T07:23:47.187938+00:00"
532,"Signature du Traité de Bruxelles fondant l'Union occidentale","Le 17 mars 1948, la France, le Royaume-Uni et les pays du Benelux signent le Traité de Bruxelles, créant une alliance militaire collective. Ce pacte préfigure directement la création de l'OTAN.",1948,"Les Temps Forts de la Guerre Froide : Crises, Tensions et Dégel","","VALIDATED_HISTORY","2026-03-04T07:23:47.187938+00:00"
533,"Proclamation de la République fédérale d'Allemagne (RFA)","Le 23 mai 1949, la Loi fondamentale entre en vigueur et la RFA est officiellement créée dans les zones d'occupation occidentales. Konrad Adenauer en devient le premier chancelier en septembre.",1949,"Les Temps Forts de la Guerre Froide : Crises, Tensions et Dégel","","VALIDATED_HISTORY","2026-03-04T07:23:47.187938+00:00"
534,"Proclamation de la République démocratique allemande (RDA)","Le 7 octobre 1949, l'URSS proclame la création de la République démocratique allemande dans sa zone d'occupation. L'Allemagne se retrouve officiellement divisée en deux États antagonistes.",1949,"Les Temps Forts de la Guerre Froide : Crises, Tensions et Dégel","","VALIDATED_HISTORY","2026-03-04T07:23:47.187938+00:00"
535,"Début de la construction du mur de Berlin","Dans la nuit du 12 au 13 août 1961, la RDA commence à ériger des barbelés puis un mur de béton divisant Berlin en deux. Cette barrière symbolise le rideau de fer séparant l'Est et l'Ouest.",1961,"Les Temps Forts de la Guerre Froide : Crises, Tensions et Dégel","","VALIDATED_HISTORY","2026-03-04T07:23:47.187938+00:00"
536,"Mort du premier fugitif au mur de Berlin (Peter Fechter)","Le 17 août 1962, Peter Fechter, 18 ans, est abattu par des gardes-frontières est-allemands en tentant de franchir le mur. Il agonise pendant une heure sous les yeux des passants, devenant un symbole tragique de la division.",1962,"Les Temps Forts de la Guerre Froide : Crises, Tensions et Dégel","","VALIDATED_HISTORY","2026-03-04T07:23:47.187938+00:00"
537,"Installation du téléphone rouge entre Washington et Moscou","Le 30 août 1963, une ligne de communication directe est établie entre la Maison-Blanche et le Kremlin, suite à la crise des missiles de Cuba. Ce 'téléphone rouge' vise à prévenir tout malentendu pouvant déclencher un conflit nucléaire.",1963,"Les Temps Forts de la Guerre Froide : Crises, Tensions et Dégel","","IMAGE_DONE","2026-03-04T07:23:47.187938+00:00"
538,"Discours 'Ich bin ein Berliner' de Kennedy","Le 26 juin 1963, le président américain John F. Kennedy prononce son célèbre discours devant 450 000 Berlinois de l'Ouest, affirmant sa solidarité avec la ville divisée face à la menace soviétique.",1963,"Les Temps Forts de la Guerre Froide : Crises, Tensions et Dégel","","VALIDATED_HISTORY","2026-03-04T07:23:47.187938+00:00"
539,"Première traversée du mur de Berlin par un tunnel (Tunnel 57)","En octobre 1964, 57 personnes s'évadent de Berlin-Est via un tunnel de 145 mètres creusé sous le mur, baptisé 'Tunnel 57'. C'est l'une des évasions collectives les plus importantes de l'histoire du mur.",1964,"Les Temps Forts de la Guerre Froide : Crises, Tensions et Dégel","","VALIDATED_HISTORY","2026-03-04T07:23:47.202153+00:00"
540,"Ouverture de la Conférence sur la Sécurité et la Coopération en Europe (CSCE)","Le 3 juillet 1973, 35 nations se réunissent à Helsinki pour ouvrir la CSCE, processus diplomatique visant à réduire les tensions entre l'Est et l'Ouest en Europe.",1973,"Les Temps Forts de la Guerre Froide : Crises, Tensions et Dégel","","VALIDATED_HISTORY","2026-03-04T07:23:47.202153+00:00"
541,"Signature du traité SALT II entre Carter et Brejnev","Le 18 juin 1979 à Vienne, Jimmy Carter et Léonid Brejnev signent SALT II, limitant à 2 400 le nombre de vecteurs nucléaires stratégiques de chaque superpuissance.",1979,"Les Temps Forts de la Guerre Froide : Crises, Tensions et Dégel","","VALIDATED_HISTORY","2026-03-04T07:23:47.202153+00:00"
542,"Retrait du traité SALT II par le Sénat américain","En janvier 1980, Carter retire le traité SALT II du Sénat américain après l'invasion soviétique de l'Afghanistan en décembre 1979, mettant fin à la ratification du texte.",1980,"Les Temps Forts de la Guerre Froide : Crises, Tensions et Dégel","","VALIDATED_HISTORY","2026-03-04T07:23:47.202153+00:00"
543,"Première réunion de suivi des Accords d'Helsinki à Belgrade","Le 4 octobre 1977, s'ouvre à Belgrade la première conférence de suivi des Accords d'Helsinki, où les pays occidentaux dénoncent les violations soviétiques des droits de l'homme.",1977,"Les Temps Forts de la Guerre Froide : Crises, Tensions et Dégel","","VALIDATED_HISTORY","2026-03-04T07:23:47.202153+00:00"
544,"Création du Groupe Helsinki de Moscou pour les droits de l'homme","Le 12 mai 1976, Youri Orlov fonde à Moscou le Groupe Helsinki, première organisation soviétique de surveillance du respect des droits de l'homme issus des Accords d'Helsinki.",1976,"Les Temps Forts de la Guerre Froide : Crises, Tensions et Dégel","","VALIDATED_HISTORY","2026-03-04T07:23:47.202153+00:00"
545,"Invasion soviétique de l'Afghanistan","Le 24 décembre 1979, l'armée soviétique envahit l'Afghanistan, déclenchant une guerre qui durera dix ans. Cette intervention marque un tournant majeur de la Guerre froide.",1979,"Les Temps Forts de la Guerre Froide : Crises, Tensions et Dégel","","IMAGE_DONE","2026-03-04T07:23:47.202153+00:00"
546,"Assassinat du président afghan Hafizullah Amin","Le 27 décembre 1979, les forces spéciales soviétiques prennent d'assaut le palais de Tajbeg à Kaboul et tuent le président Amin, le remplaçant par Babrak Karmal.",1979,"Les Temps Forts de la Guerre Froide : Crises, Tensions et Dégel","","VALIDATED_HISTORY","2026-03-04T07:23:47.202153+00:00"
547,"Boycott américain des Jeux olympiques de Moscou","Le 20 janvier 1980, le président Carter annonce le boycott des Jeux olympiques de Moscou en réponse à l'invasion soviétique de l'Afghanistan. 65 pays suivront cet appel.",1980,"Les Temps Forts de la Guerre Froide : Crises, Tensions et Dégel","","VALIDATED_HISTORY","2026-03-04T07:23:47.202153+00:00"
548,"Début du financement américain des moudjahidines afghans","En janvier 1980, la CIA lance l'opération Cyclone, fournissant armes et financement aux résistants afghans combattant l'occupation soviétique, avec le soutien du Pakistan et de l'Arabie Saoudite.",1980,"Les Temps Forts de la Guerre Froide : Crises, Tensions et Dégel","","VALIDATED_HISTORY","2026-03-04T07:23:47.202153+00:00"
549,"Élection de Ronald Reagan à la présidence américaine","Le 4 novembre 1980, Ronald Reagan remporte l'élection présidentielle américaine face à Jimmy Carter, inaugurant une politique étrangère nettement plus agressive envers l'URSS.",1980,"Les Temps Forts de la Guerre Froide : Crises, Tensions et Dégel","","VALIDATED_HISTORY","2026-03-04T07:23:47.202153+00:00"
551,"Discours de Reagan qualifiant l'URSS d'Empire du Mal","Le 8 mars 1983, Ronald Reagan prononce devant l'Association nationale des évangéliques son célèbre discours qualifiant l'Union soviétique d'« Empire du Mal », radicalisant le discours de la Guerre froide.",1983,"Les Temps Forts de la Guerre Froide : Crises, Tensions et Dégel","","VALIDATED_HISTORY","2026-03-04T07:23:47.202153+00:00"
552,"Annonce de l'Initiative de Défense Stratégique (IDS)","Le 23 mars 1983, le président Reagan annonce l'Initiative de Défense Stratégique, surnommée « Guerre des étoiles », un programme visant à développer un bouclier antimissile spatial pour protéger les États-Unis.",1983,"Les Temps Forts de la Guerre Froide : Crises, Tensions et Dégel","","VALIDATED_HISTORY","2026-03-04T07:23:47.202153+00:00"
553,"Destruction du vol Korean Air Lines 007 par l'URSS","Le 1er septembre 1983, un chasseur soviétique abat le Boeing 747 de la Korean Air Lines au-dessus de la mer du Japon, tuant 269 personnes, aggravant gravement les tensions entre les superpuissances.",1983,"Les Temps Forts de la Guerre Froide : Crises, Tensions et Dégel","","IMAGE_DONE","2026-03-04T07:23:47.202153+00:00"
554,"Déploiement des missiles Pershing II en Europe occidentale","En novembre 1983, les États-Unis commencent le déploiement de missiles balistiques Pershing II en Allemagne de l'Ouest, en réponse aux SS-20 soviétiques, provoquant de vives protestations en Europe.",1983,"Les Temps Forts de la Guerre Froide : Crises, Tensions et Dégel","","VALIDATED_HISTORY","2026-03-04T07:23:47.202153+00:00"
555,"Retrait soviétique des négociations de Genève","Le 23 novembre 1983, l'URSS suspend les négociations sur le contrôle des armements à Genève en réponse au déploiement des missiles Pershing II par l'OTAN en Europe occidentale.",1983,"Les Temps Forts de la Guerre Froide : Crises, Tensions et Dégel","","VALIDATED_HISTORY","2026-03-04T07:23:47.202153+00:00"
556,"Fondation de l'Église réformée de Zurich par Zwingli","Le 13 avril 1525, Ulrich Zwingli célèbre la première Cène réformée à Zurich, marquant la fondation officielle de l'Église réformée suisse. Une branche distincte du luthéranisme naît.",1525,"La Réforme Protestante et les Guerres de Religion","","VALIDATED_HISTORY","2026-03-04T07:23:47.202153+00:00"
557,"Publication de la Bible de Genève en anglais","En avril 1560, la Bible de Genève est publiée en anglais, devenant la première Bible protestante largement diffusée en Angleterre et influençant profondément la Réforme anglaise.",1560,"La Réforme Protestante et les Guerres de Religion","","VALIDATED_HISTORY","2026-03-04T07:23:47.202153+00:00"
558,"Excommunication d'Élisabeth I par le pape","Le 25 février 1570, le pape Pie V excommunie la reine Élisabeth I par la bulle Regnans in Excelsis, déclarant ses sujets catholiques déliés de toute obéissance envers elle.",1570,"La Réforme Protestante et les Guerres de Religion","","VALIDATED_HISTORY","2026-03-04T07:23:47.202153+00:00"
559,"Publication de la Bible en allemand par Luther","En septembre 1534, Martin Luther achève la traduction complète de la Bible en allemand. Cette œuvre unifie la langue allemande et diffuse massivement les idées protestantes.",1534,"La Réforme Protestante et les Guerres de Religion","","VALIDATED_HISTORY","2026-03-04T07:23:47.202153+00:00"
560,"Bataille de la Montagne Blanche","Le 8 novembre 1620, les forces catholiques de la Ligue battent les protestants bohémiens près de Prague, mettant fin à la révolte bohémienne et renforçant la domination des Habsbourg.",1620,"La Réforme Protestante et les Guerres de Religion","","VALIDATED_HISTORY","2026-03-04T07:23:47.202153+00:00"
561,"Édit de Restitution de Ferdinand II","Le 6 mars 1629, l'empereur Ferdinand II promulgue l'Édit de Restitution, ordonnant la restitution aux catholiques des biens ecclésiastiques sécularisés depuis 1552, exacerbant les tensions religieuses.",1629,"La Réforme Protestante et les Guerres de Religion","","VALIDATED_HISTORY","2026-03-04T07:23:47.202153+00:00"
562,"Entrée en guerre de la Suède dans la guerre de Trente Ans","En juillet 1630, le roi Gustave II Adolphe de Suède débarque en Poméranie avec son armée, changeant le cours de la guerre de Trente Ans en faveur des protestants.",1630,"La Réforme Protestante et les Guerres de Religion","","VALIDATED_HISTORY","2026-03-04T07:23:47.202153+00:00"
563,"Paix de Prague mettant fin à la phase allemande","Le 30 mai 1635, la paix de Prague est signée entre l'empereur Ferdinand II et la plupart des princes protestants allemands, tentant de mettre fin aux conflits internes de l'Empire.",1635,"La Réforme Protestante et les Guerres de Religion","","VALIDATED_HISTORY","2026-03-04T07:23:47.202153+00:00"
564,"Ouverture des négociations de paix à Münster et Osnabrück","En décembre 1644, s'ouvrent officiellement les congrès de paix dans les villes westphaliennes de Münster et Osnabrück, réunissant pour la première fois une grande conférence diplomatique européenne.",1644,"La Réforme Protestante et les Guerres de Religion","","VALIDATED_HISTORY","2026-03-04T07:23:47.202153+00:00"
565,"Première démonstration publique du télégraphe électrique (Morse)","Le 24 mai 1844, Samuel Morse envoie le premier message télégraphique officiel 'What hath God wrought' entre Washington et Baltimore, inaugurant l'ère des communications électriques.",1844,"L'Ère de la Communication de Masse : Du Télégraphe à l'Avènement d'Internet","","VALIDATED_HISTORY","2026-03-04T07:23:47.202153+00:00"
566,"Mise en service du câble télégraphique transatlantique permanent","Le 27 juillet 1866, le Great Eastern pose avec succès un câble télégraphique durable entre l'Irlande et Terre-Neuve, établissant une liaison permanente entre les deux continents.",1866,"L'Ère de la Communication de Masse : Du Télégraphe à l'Avènement d'Internet","","VALIDATED_HISTORY","2026-03-04T07:23:47.202153+00:00"
567,"Première liaison téléphonique entre Paris et Bruxelles","En mars 1887, une ligne téléphonique internationale est établie entre Paris et Bruxelles, marquant le début des communications téléphoniques transfrontalières en Europe.",1887,"L'Ère de la Communication de Masse : Du Télégraphe à l'Avènement d'Internet","","VALIDATED_HISTORY","2026-03-04T07:23:47.202153+00:00"
568,"Inauguration du réseau téléphonique de Paris","En 1879, la Société Générale des Téléphones installe le premier réseau téléphonique parisien, connectant les premiers abonnés français à ce nouveau moyen de communication.",1879,"L'Ère de la Communication de Masse : Du Télégraphe à l'Avènement d'Internet","","VALIDATED_HISTORY","2026-03-04T07:23:47.202153+00:00"
569,"Première liaison télégraphique entre l'Europe et l'Inde","En 1865, le câble télégraphique reliant l'Europe à l'Inde via la Perse est achevé, réduisant le délai de transmission des messages de plusieurs semaines à quelques heures.",1865,"L'Ère de la Communication de Masse : Du Télégraphe à l'Avènement d'Internet","","VALIDATED_HISTORY","2026-03-04T07:23:47.202153+00:00"
570,"Première émission de voix humaine par radio","Le 24 décembre 1906, Reginald Fessenden diffuse depuis Brant Rock (Massachusetts) la première émission radiophonique incluant de la voix et de la musique. Des opérateurs radio en mer captent ce signal historique.",1906,"L'Ère de la Communication de Masse : Du Télégraphe à l'Avènement d'Internet","","VALIDATED_HISTORY","2026-03-04T07:23:47.202153+00:00"
571,"Création de la BBC Radio","Le 1er janvier 1927, la British Broadcasting Corporation (BBC) reçoit sa charte royale et devient une société publique indépendante. Elle s'impose rapidement comme un modèle mondial de radiodiffusion de service public.",1927,"L'Ère de la Communication de Masse : Du Télégraphe à l'Avènement d'Internet","","VALIDATED_HISTORY","2026-03-04T07:23:47.202153+00:00"
572,"Diffusion radiophonique de 'La Guerre des Mondes' (Orson Welles)","Le 30 octobre 1938, Orson Welles diffuse sur CBS une adaptation radiophonique de 'La Guerre des Mondes' présentée comme un bulletin d'information réel. L'émission provoque une panique collective aux États-Unis.",1938,"L'Ère de la Communication de Masse : Du Télégraphe à l'Avènement d'Internet","","VALIDATED_HISTORY","2026-03-04T07:23:47.202153+00:00"
588,"Création du langage de programmation C++ par Bjarne Stroustrup","En 1983, Bjarne Stroustrup finalise et nomme officiellement le langage C++, une évolution orientée objet du langage C. Ce langage deviendra l'un des plus utilisés dans le développement de logiciels professionnels.",1983,"L'Ère de la Communication de Masse : Du Télégraphe à l'Avènement d'Internet","","VALIDATED_HISTORY","2026-03-04T07:23:47.202153+00:00"
589,"Lancement du premier navigateur commercial Netscape Navigator","Le 13 octobre 1994, Netscape Communications lance Netscape Navigator, qui devient rapidement le navigateur web dominant avec plus de 90% de parts de marché. Il popularise massivement l'usage d'Internet auprès du grand public.",1994,"L'Ère de la Communication de Masse : Du Télégraphe à l'Avènement d'Internet","","VALIDATED_HISTORY","2026-03-04T07:23:47.202153+00:00"
897,"Naissance de Carl Philipp Emanuel Bach","Compositeur et claveciniste allemand, fils de Johann Sebastian Bach. Il fut une figure importante de la période de transition entre le baroque et le classicisme.",1714,"L'Âge d'Or de la Piraterie","","PENDING","2026-03-04T07:23:47.283022+00:00"
573,"Première émission de télévision aux États-Unis lors de l'Exposition universelle","Le 30 avril 1939, le président Franklin D. Roosevelt est le premier chef d'État américain filmé à la télévision lors de l'ouverture de l'Exposition universelle de New York. NBC inaugure ainsi son service télévisé régulier.",1939,"L'Ère de la Communication de Masse : Du Télégraphe à l'Avènement d'Internet","","IMAGE_DONE","2026-03-04T07:23:47.202153+00:00"
574,"Reprise des émissions télévisées de la BBC après la guerre","Le 7 juin 1946, la BBC reprend ses émissions télévisées interrompues depuis 1939, avec la rediffusion symbolique du programme exact qui avait été coupé. C'est le signal de la renaissance de la télévision en Europe.",1946,"L'Ère de la Communication de Masse : Du Télégraphe à l'Avènement d'Internet","","VALIDATED_HISTORY","2026-03-04T07:23:47.202153+00:00"
575,"Première retransmission télévisée d'un match de football en France","Le 19 décembre 1948, la RTF retransmet en direct le premier match de football télévisé en France depuis le Parc des Princes. Cet événement annonce l'avènement du sport spectacle à la télévision.",1948,"L'Ère de la Communication de Masse : Du Télégraphe à l'Avènement d'Internet","","VALIDATED_HISTORY","2026-03-04T07:23:47.202153+00:00"
576,"Première émission de télévision en couleur expérimentale (CBS)","Le 25 juin 1950, CBS diffuse la première émission de télévision en couleur aux États-Unis, approuvée par la FCC. Ce système mécanique sera rapidement supplanté par la technologie électronique RCA.",1950,"L'Ère de la Communication de Masse : Du Télégraphe à l'Avènement d'Internet","","VALIDATED_HISTORY","2026-03-04T07:23:47.202153+00:00"
577,"Lancement du premier ordinateur personnel grand public (IBM PC)","Le 12 août 1981, IBM lance son Personal Computer (PC), propulsant l'informatique personnelle dans les foyers et les entreprises du monde entier. Ce modèle devient rapidement la référence mondiale du secteur.",1981,"L'Ère de la Communication de Masse : Du Télégraphe à l'Avènement d'Internet","","VALIDATED_HISTORY","2026-03-04T07:23:47.202153+00:00"
578,"Commercialisation du premier Macintosh d'Apple","Le 24 janvier 1984, Apple présente et commercialise le Macintosh, premier ordinateur grand public doté d'une interface graphique et d'une souris. Il révolutionne l'expérience utilisateur en informatique.",1984,"L'Ère de la Communication de Masse : Du Télégraphe à l'Avènement d'Internet","","VALIDATED_HISTORY","2026-03-04T07:23:47.202153+00:00"
579,"Lancement du premier navigateur web grand public (Mosaic)","En avril 1993, le navigateur Mosaic est rendu disponible gratuitement, permettant pour la première fois de naviguer sur le web avec des images intégrées au texte. Il démocratise massivement l'accès à Internet.",1993,"L'Ère de la Communication de Masse : Du Télégraphe à l'Avènement d'Internet","","VALIDATED_HISTORY","2026-03-04T07:23:47.202153+00:00"
580,"Création du système d'exploitation MS-DOS par Microsoft","En août 1981, Microsoft fournit le système d'exploitation MS-DOS à IBM pour équiper ses PC, s'imposant comme le logiciel de référence de l'informatique personnelle. Cette décision propulse Microsoft au sommet de l'industrie.",1981,"L'Ère de la Communication de Masse : Du Télégraphe à l'Avènement d'Internet","","VALIDATED_HISTORY","2026-03-04T07:23:47.202153+00:00"
581,"Lancement du premier moteur de recherche web (WebCrawler)","Le 20 avril 1994, WebCrawler est lancé, devenant le premier moteur de recherche capable d'indexer le contenu complet des pages web. Il ouvre la voie à une nouvelle façon de trouver l'information en ligne.",1994,"L'Ère de la Communication de Masse : Du Télégraphe à l'Avènement d'Internet","","VALIDATED_HISTORY","2026-03-04T07:23:47.202153+00:00"
582,"Mise en service du réseau ARPANET, ancêtre d'Internet","Le 1er janvier 1983, ARPANET adopte officiellement le protocole TCP/IP, acte fondateur de l'Internet moderne. Cette transition unifie les réseaux informatiques et pose les bases de la communication numérique mondiale.",1983,"L'Ère de la Communication de Masse : Du Télégraphe à l'Avènement d'Internet","","VALIDATED_HISTORY","2026-03-04T07:23:47.202153+00:00"
583,"Lancement du premier assistant personnel numérique grand public (Apple Newton)","Le 3 août 1993, Apple commercialise le Newton MessagePad, premier assistant numérique personnel (PDA) grand public. Bien qu'imparfait, il préfigure l'ère des appareils mobiles intelligents.",1993,"L'Ère de la Communication de Masse : Du Télégraphe à l'Avènement d'Internet","","VALIDATED_HISTORY","2026-03-04T07:23:47.202153+00:00"
584,"Publication du premier virus informatique mondial (Brain)","En janvier 1986, le virus Brain est créé au Pakistan et se propage via des disquettes, devenant le premier virus informatique à toucher les PC à grande échelle. Il marque le début de la cybersécurité comme enjeu mondial.",1986,"L'Ère de la Communication de Masse : Du Télégraphe à l'Avènement d'Internet","","VALIDATED_HISTORY","2026-03-04T07:23:47.202153+00:00"
585,"Lancement du premier service commercial d'accès à Internet (CompuServe)","En 1989, CompuServe ouvre son service d'accès en ligne au grand public américain, permettant pour la première fois à des particuliers de se connecter à des réseaux informatiques. Il préfigure les fournisseurs d'accès à Internet modernes.",1989,"L'Ère de la Communication de Masse : Du Télégraphe à l'Avènement d'Internet","","VALIDATED_HISTORY","2026-03-04T07:23:47.202153+00:00"
586,"Sortie du système d'exploitation Windows 1.0 de Microsoft","Le 20 novembre 1985, Microsoft lance Windows 1.0, sa première interface graphique pour PC compatible IBM. Bien que rudimentaire, il pose les fondations de l'écosystème Windows qui dominera l'informatique mondiale.",1985,"L'Ère de la Communication de Masse : Du Télégraphe à l'Avènement d'Internet","","VALIDATED_HISTORY","2026-03-04T07:23:47.202153+00:00"
587,"Lancement du premier CD-ROM grand public","En 1985, les premiers lecteurs et disques CD-ROM sont commercialisés pour le grand public, révolutionnant le stockage et la distribution de données numériques. Ce support remplacera progressivement la disquette dans l'informatique personnelle.",1985,"L'Ère de la Communication de Masse : Du Télégraphe à l'Avènement d'Internet","","VALIDATED_HISTORY","2026-03-04T07:23:47.202153+00:00"
590,"Lancement de la première encyclopédie collaborative en ligne (Wikipédia)","Wikipédia est lancée officiellement le 15 janvier 2001 par Jimmy Wales et Larry Sanger. Ce projet collaboratif ouvert à tous transforme la diffusion du savoir.",2001,"L'Ère de la Communication de Masse : Du Télégraphe à l'Avènement d'Internet","","VALIDATED_HISTORY","2026-03-04T07:23:47.213501+00:00"
591,"Ouverture du premier réseau social grand public (MySpace)","MySpace est lancé en août 2003 par Tom Anderson et Chris DeWolfe. Il devient le premier réseau social à atteindre une audience mondiale massive.",2003,"L'Ère de la Communication de Masse : Du Télégraphe à l'Avènement d'Internet","","VALIDATED_HISTORY","2026-03-04T07:23:47.213501+00:00"
592,"Mise en ligne de la première plateforme de partage de vidéos (YouTube)","YouTube est fondé le 14 février 2005 par Chad Hurley, Steve Chen et Jawed Karim. La première vidéo y est mise en ligne le 23 avril 2005, marquant une révolution du contenu en ligne.",2005,"L'Ère de la Communication de Masse : Du Télégraphe à l'Avènement d'Internet","","VALIDATED_HISTORY","2026-03-04T07:23:47.213501+00:00"
593,"Lancement du premier réseau social à identité réelle (Facebook)","Mark Zuckerberg lance TheFacebook.com le 4 février 2004 depuis l'université Harvard. La plateforme s'ouvre progressivement au grand public, redéfinissant les interactions sociales numériques.",2004,"L'Ère de la Communication de Masse : Du Télégraphe à l'Avènement d'Internet","","VALIDATED_HISTORY","2026-03-04T07:23:47.213501+00:00"
594,"Commercialisation du premier smartphone grand public (iPhone)","Apple commercialise son premier téléphone tactile le 29 juin 2007 aux États-Unis. Cet appareil fusionne téléphone, iPod et navigateur web, inaugurant l'ère des smartphones modernes.",2007,"L'Ère de la Communication de Masse : Du Télégraphe à l'Avènement d'Internet","","IMAGE_DONE","2026-03-04T07:23:47.213501+00:00"
595,"Lancement de la première boutique d'applications mobiles (App Store)","Apple ouvre l'App Store le 10 juillet 2008, permettant aux développeurs de distribuer leurs applications directement aux utilisateurs. Ce modèle transforme l'économie numérique mobile.",2008,"L'Ère de la Communication de Masse : Du Télégraphe à l'Avènement d'Internet","","VALIDATED_HISTORY","2026-03-04T07:23:47.213501+00:00"
596,"Création du premier service de microblogging mondial (Twitter)","Twitter est lancé publiquement le 15 juillet 2006 par Jack Dorsey, Biz Stone et Evan Williams. Le format des messages de 140 caractères crée un nouveau mode de communication instantanée.",2006,"L'Ère de la Communication de Masse : Du Télégraphe à l'Avènement d'Internet","","VALIDATED_HISTORY","2026-03-04T07:23:47.213501+00:00"
597,"Lancement du premier service de stockage en nuage grand public (Dropbox)","Dropbox est lancé publiquement en septembre 2008 par Drew Houston et Arash Ferdowsi. Ce service inaugure l'ère du stockage et du partage de fichiers dans le cloud pour le grand public.",2008,"L'Ère de la Communication de Masse : Du Télégraphe à l'Avènement d'Internet","","VALIDATED_HISTORY","2026-03-04T07:23:47.213501+00:00"
598,"Ouverture de la première plateforme de vente aux enchères en ligne (eBay)","Pierre Omidyar lance AuctionWeb, futur eBay, le 3 septembre 1995. La première vente est une imprimante laser défectueuse, marquant le début du commerce entre particuliers sur Internet.",1995,"L'Ère de la Communication de Masse : Du Télégraphe à l'Avènement d'Internet","","VALIDATED_HISTORY","2026-03-04T07:23:47.213501+00:00"
599,"Lancement du premier service de streaming musical légal (Spotify)","Spotify est lancé en Europe le 7 octobre 2008 par Daniel Ek et Martin Lorentzon. Ce service de streaming musical légal propose un accès illimité à des millions de titres.",2008,"L'Ère de la Communication de Masse : Du Télégraphe à l'Avènement d'Internet","","VALIDATED_HISTORY","2026-03-04T07:23:47.213501+00:00"
600,"Création du premier système d'exploitation mobile open source (Android)","Le premier téléphone sous Android, le HTC Dream, est commercialisé le 22 octobre 2008. Ce système d'exploitation open source de Google démocratise les smartphones à l'échelle mondiale.",2008,"L'Ère de la Communication de Masse : Du Télégraphe à l'Avènement d'Internet","","VALIDATED_HISTORY","2026-03-04T07:23:47.213501+00:00"
601,"Lancement du premier service de vente en ligne à grande échelle (Amazon)","Amazon.com ouvre ses portes au public le 16 juillet 1995, fondé par Jeff Bezos. Initialement libraire en ligne, il pose les bases du commerce électronique moderne.",1995,"L'Ère de la Communication de Masse : Du Télégraphe à l'Avènement d'Internet","","VALIDATED_HISTORY","2026-03-04T07:23:47.213501+00:00"
603,"Naissance de Tycho Brahe","L'astronome danois Tycho Brahe naît le 14 décembre 1546 à Knudstrup. Il deviendra le plus grand observateur du ciel à l'œil nu de l'histoire.",1546,"La Révolution Scientifique : Des Observations Célestes aux Lois de la Physique","","VALIDATED_HISTORY","2026-03-04T07:23:47.213501+00:00"
604,"Construction de l'observatoire d'Uraniborg","Le roi Frédéric II de Danemark finance la construction d'Uraniborg sur l'île de Hven pour Tycho Brahe. Cet observatoire devient le plus avancé d'Europe avant l'invention du télescope.",1576,"La Révolution Scientifique : Des Observations Célestes aux Lois de la Physique","","VALIDATED_HISTORY","2026-03-04T07:23:47.213501+00:00"
605,"Observation de la comète de 1577 par Tycho Brahe","Tycho Brahe observe minutieusement la grande comète de 1577 et démontre qu'elle se déplace au-delà de la Lune. Cela contredit la théorie des sphères cristallines d'Aristote.",1577,"La Révolution Scientifique : Des Observations Célestes aux Lois de la Physique","","VALIDATED_HISTORY","2026-03-04T07:23:47.213501+00:00"
606,"Publication du catalogue stellaire de Tycho Brahe","Tycho Brahe achève son catalogue de 1 000 étoiles avec une précision sans précédent. Ce travail servira de base aux calculs de Kepler sur les orbites planétaires.",1598,"La Révolution Scientifique : Des Observations Célestes aux Lois de la Physique","","VALIDATED_HISTORY","2026-03-04T07:23:47.213501+00:00"
607,"Mort de Tycho Brahe","Tycho Brahe meurt le 24 octobre 1601 à Prague, laissant ses précieuses données à Johannes Kepler. Ces observations permettront à Kepler de formuler ses lois du mouvement planétaire.",1601,"La Révolution Scientifique : Des Observations Célestes aux Lois de la Physique","","VALIDATED_HISTORY","2026-03-04T07:23:47.213501+00:00"
608,"Retrait de l'œuvre de Copernic de l'Index des livres interdits","L'Église catholique retire 'De revolutionibus' de Copernic de l'Index des livres interdits en 1758. Cette décision marque une reconnaissance progressive du modèle héliocentrique par les autorités religieuses.",1758,"La Révolution Scientifique : Des Observations Célestes aux Lois de la Physique","","VALIDATED_HISTORY","2026-03-04T07:23:47.213501+00:00"
609,"Publication de l'Harmonices Mundi par Kepler","Kepler publie l'Harmonices Mundi, où il énonce sa troisième loi reliant la période orbitale d'une planète au cube de sa distance au Soleil. Cette loi complète le système des trois lois du mouvement planétaire.",1619,"La Révolution Scientifique : Des Observations Célestes aux Lois de la Physique","","VALIDATED_HISTORY","2026-03-04T07:23:47.213501+00:00"
610,"Naissance de Johannes Kepler","Johannes Kepler naît le 27 décembre 1571 à Weil der Stadt, dans le Saint-Empire romain germanique. Il deviendra l'un des plus grands astronomes de l'histoire, fondateur de l'astronomie moderne.",1571,"La Révolution Scientifique : Des Observations Célestes aux Lois de la Physique","","VALIDATED_HISTORY","2026-03-04T07:23:47.213501+00:00"
611,"Kepler nommé mathématicien impérial de Rodolphe II","Après la mort de Tycho Brahe, Johannes Kepler est nommé mathématicien impérial à la cour de l'empereur Rodolphe II à Prague. Ce poste lui offre les ressources nécessaires pour poursuivre ses recherches astronomiques.",1601,"La Révolution Scientifique : Des Observations Célestes aux Lois de la Physique","","VALIDATED_HISTORY","2026-03-04T07:23:47.213501+00:00"
612,"Publication du Mysterium Cosmographicum par Kepler","Kepler publie son premier grand ouvrage astronomique, le Mysterium Cosmographicum, le 9 juillet 1596. Il y propose un modèle géométrique du système solaire basé sur les cinq solides platoniciens.",1596,"La Révolution Scientifique : Des Observations Célestes aux Lois de la Physique","","VALIDATED_HISTORY","2026-03-04T07:23:47.213501+00:00"
613,"Mort de Johannes Kepler","Johannes Kepler meurt le 15 novembre 1630 à Ratisbonne, en Bavière. Il laisse derrière lui une œuvre fondamentale qui révolutionna la compréhension du mouvement des planètes et prépara le terrain pour Newton.",1630,"La Révolution Scientifique : Des Observations Célestes aux Lois de la Physique","","IMAGE_DONE","2026-03-04T07:23:47.213501+00:00"
614,"Publication des Tables Rudolphines par Kepler","Kepler publie les Tables Rudolphines le 23 septembre 1627, des tables astronomiques d'une précision inégalée basées sur ses lois et les observations de Tycho Brahe. Elles permettent de prédire les positions planétaires avec une grande exactitude.",1627,"La Révolution Scientifique : Des Observations Célestes aux Lois de la Physique","","VALIDATED_HISTORY","2026-03-04T07:23:47.213501+00:00"
615,"Publication des 'Lettres sur les taches solaires' de Galilée","En 1613, Galilée publie ses observations sur les taches solaires, affirmant publiquement que le Soleil tourne sur lui-même et soutenant implicitement le modèle héliocentrique.",1613,"La Révolution Scientifique : Des Observations Célestes aux Lois de la Physique","","VALIDATED_HISTORY","2026-03-04T07:23:47.213501+00:00"
616,"Première lettre copernicienne de Galilée à Benedetto Castelli","En décembre 1613, Galilée rédige une lettre défendant la compatibilité entre le modèle de Copernic et les Écritures, document qui sera utilisé contre lui par l'Inquisition.",1613,"La Révolution Scientifique : Des Observations Célestes aux Lois de la Physique","","VALIDATED_HISTORY","2026-03-04T07:23:47.213501+00:00"
617,"Avertissement de l'Inquisition à Galilée","En février 1616, le cardinal Bellarmin avertit officiellement Galilée de ne plus défendre le système héliocentrique de Copernic, sous peine de poursuites ecclésiastiques.",1616,"La Révolution Scientifique : Des Observations Célestes aux Lois de la Physique","","VALIDATED_HISTORY","2026-03-04T07:23:47.213501+00:00"
618,"Mise à l'Index de l'œuvre de Copernic par l'Église","En mars 1616, le 'De Revolutionibus' de Copernic est placé à l'Index des livres interdits, marquant la condamnation officielle de l'héliocentrisme par l'Église catholique.",1616,"La Révolution Scientifique : Des Observations Célestes aux Lois de la Physique","","VALIDATED_HISTORY","2026-03-04T07:23:47.213501+00:00"
619,"Publication de 'L'Essayeur' de Galilée","En octobre 1623, Galilée publie 'Il Saggiatore', manifeste de la méthode expérimentale affirmant que la nature est écrite en langage mathématique.",1623,"La Révolution Scientifique : Des Observations Célestes aux Lois de la Physique","","VALIDATED_HISTORY","2026-03-04T07:23:47.213501+00:00"
620,"Naissance d'Isaac Newton","Isaac Newton naît le 4 janvier 1643 à Woolsthorpe, en Angleterre. Il deviendra l'un des plus grands scientifiques de l'histoire.",1643,"La Révolution Scientifique : Des Observations Célestes aux Lois de la Physique","","VALIDATED_HISTORY","2026-03-04T07:23:47.213501+00:00"
621,"Observation de la comète de Halley par Edmond Halley","Edmond Halley observe la comète qui portera son nom et utilise plus tard les lois de Newton pour prédire son retour. Cette découverte valide la théorie gravitationnelle newtonienne.",1682,"La Révolution Scientifique : Des Observations Célestes aux Lois de la Physique","","VALIDATED_HISTORY","2026-03-04T07:23:47.213501+00:00"
622,"Mort de Galilée","Galilée meurt le 8 janvier 1642 à Arcetri, en Italie. Ses travaux sur le mouvement des corps paveront la voie aux recherches de Newton sur la gravitation.",1642,"La Révolution Scientifique : Des Observations Célestes aux Lois de la Physique","","VALIDATED_HISTORY","2026-03-04T07:23:47.213501+00:00"
623,"Mort de René Descartes","René Descartes meurt le 11 février 1650 à Stockholm. Sa philosophie mécaniste du cosmos influencera profondément les débats scientifiques auxquels Newton répondra avec sa gravitation.",1650,"La Révolution Scientifique : Des Observations Célestes aux Lois de la Physique","","VALIDATED_HISTORY","2026-03-04T07:23:47.213501+00:00"
624,"Élection de Newton à la Royal Society","Isaac Newton est élu membre de la Royal Society le 11 janvier 1672, après avoir présenté son télescope à réflexion. Cette reconnaissance marque le début de sa carrière scientifique publique.",1672,"La Révolution Scientifique : Des Observations Célestes aux Lois de la Physique","","VALIDATED_HISTORY","2026-03-04T07:23:47.213501+00:00"
625,"Mort d'Isaac Newton","Isaac Newton meurt le 31 mars 1727 à Kensington, en Angleterre. Il laisse un héritage scientifique immense, notamment sa loi de la gravitation universelle.",1727,"La Révolution Scientifique : Des Observations Célestes aux Lois de la Physique","","VALIDATED_HISTORY","2026-03-04T07:23:47.213501+00:00"
626,"Naissance de Gottfried Wilhelm Leibniz","Gottfried Wilhelm Leibniz naît le 1er juillet 1646 à Leipzig. Il développera indépendamment le calcul infinitésimal, outil mathématique fondamental pour la mécanique newtonienne.",1646,"La Révolution Scientifique : Des Observations Célestes aux Lois de la Physique","","VALIDATED_HISTORY","2026-03-04T07:23:47.213501+00:00"
627,"Publication de 'l'Opticks' de Newton","Newton publie 'Opticks' en 1704, exposant ses théories sur la lumière et les couleurs. Cet ouvrage complète son œuvre scientifique majeure initiée avec les Principia.",1704,"La Révolution Scientifique : Des Observations Célestes aux Lois de la Physique","","VALIDATED_HISTORY","2026-03-04T07:23:47.213501+00:00"
628,"Naissance d'Edmond Halley","Edmond Halley naît le 8 novembre 1656 à Haggerston, en Angleterre. Il sera l'ami et le mécène de Newton, finançant la publication des Principia Mathematica.",1656,"La Révolution Scientifique : Des Observations Célestes aux Lois de la Physique","","VALIDATED_HISTORY","2026-03-04T07:23:47.213501+00:00"
629,"Mobilisation générale de la Russie","Le 30 juillet 1914, le tsar Nicolas II ordonne la mobilisation générale de l'armée russe en soutien à la Serbie. Cette décision précipite l'entrée en guerre des grandes puissances européennes.",1914,"La Première Guerre Mondiale : Des Tensions Européennes à la Fin des Empires","","VALIDATED_HISTORY","2026-03-04T07:23:47.213501+00:00"
630,"Signature de l'armistice de Compiègne","Le 11 novembre 1918 à 11h, l'armistice est signé dans un wagon à Compiègne, mettant fin aux combats de la Première Guerre mondiale. Après plus de quatre ans de guerre, le silence s'installe sur les fronts européens.",1918,"La Première Guerre Mondiale : Des Tensions Européennes à la Fin des Empires","","VALIDATED_HISTORY","2026-03-04T07:23:47.213501+00:00"
631,"Assassinat de Raspoutine à Petrograd","Dans la nuit du 29 au 30 décembre 1916, le moine Grigori Raspoutine, figure controversée influençant la tsarine Alexandra, est assassiné par des nobles russes.",1916,"La Première Guerre Mondiale : Des Tensions Européennes à la Fin des Empires","","VALIDATED_HISTORY","2026-03-04T07:23:47.213501+00:00"
632,"Début de la Révolution de Février à Petrograd","Le 23 février 1917 (calendrier julien), des grèves massives et des manifestations populaires éclatent à Petrograd, marquant le début de la révolution qui renversera le tsar.",1917,"La Première Guerre Mondiale : Des Tensions Européennes à la Fin des Empires","","VALIDATED_HISTORY","2026-03-04T07:23:47.213501+00:00"
633,"Création du gouvernement provisoire russe","Le 2 mars 1917, un gouvernement provisoire dirigé par le prince Lvov est formé après l'abdication du tsar, tentant de maintenir l'ordre et de poursuivre la guerre.",1917,"La Première Guerre Mondiale : Des Tensions Européennes à la Fin des Empires","","VALIDATED_HISTORY","2026-03-04T07:23:47.213501+00:00"
634,"Retour de Lénine en Russie via le train plombé","Le 3 avril 1917, Vladimir Lénine arrive à la gare de Finlande à Petrograd après un voyage en train traversant l'Allemagne, financé par Berlin pour déstabiliser la Russie.",1917,"La Première Guerre Mondiale : Des Tensions Européennes à la Fin des Empires","","VALIDATED_HISTORY","2026-03-04T07:23:47.213501+00:00"
635,"Publication des Thèses d'Avril par Lénine","Le 4 avril 1917, Lénine publie ses Thèses d'Avril, appelant à la fin de la guerre et au transfert du pouvoir aux soviets, radicalisant le programme bolchevique.",1917,"La Première Guerre Mondiale : Des Tensions Européennes à la Fin des Empires","","VALIDATED_HISTORY","2026-03-04T07:23:47.213501+00:00"
636,"Dissolution de l'Assemblée constituante russe par les bolcheviques","Le 6 janvier 1918, les bolcheviques dissolvent l'Assemblée constituante après une seule journée de session, car les socialistes-révolutionnaires y étaient majoritaires.",1918,"La Première Guerre Mondiale : Des Tensions Européennes à la Fin des Empires","","VALIDATED_HISTORY","2026-03-04T07:23:47.213501+00:00"
637,"Transfert de la capitale russe de Petrograd à Moscou","Le 12 mars 1918, le gouvernement bolchevique déplace la capitale de Petrograd à Moscou, jugée plus sûre face à la menace allemande et aux armées blanches.",1918,"La Première Guerre Mondiale : Des Tensions Européennes à la Fin des Empires","","VALIDATED_HISTORY","2026-03-04T07:23:47.213501+00:00"
638,"Attentat contre Lénine par Fanny Kaplan","Le 30 août 1918, la socialiste-révolutionnaire Fanny Kaplan tire sur Lénine à Moscou, le blessant grièvement et déclenchant la Terreur rouge bolchevique.",1918,"La Première Guerre Mondiale : Des Tensions Européennes à la Fin des Empires","","VALIDATED_HISTORY","2026-03-04T07:23:47.213501+00:00"
639,"Proclamation de la Terreur rouge par le gouvernement soviétique","Le 5 septembre 1918, le Sovnarkom officialise la Terreur rouge, autorisant la Tchéka à exécuter massivement les opposants au régime bolchevique.",1918,"La Première Guerre Mondiale : Des Tensions Européennes à la Fin des Empires","","VALIDATED_HISTORY","2026-03-04T07:23:47.213501+00:00"
640,"Fondation de l'Internationale communiste (Komintern) à Moscou","Le 2 mars 1919, Lénine fonde le Komintern à Moscou, une organisation internationale visant à coordonner les partis communistes du monde entier pour propager la révolution.",1919,"La Première Guerre Mondiale : Des Tensions Européennes à la Fin des Empires","","VALIDATED_HISTORY","2026-03-04T07:23:47.213501+00:00"
641,"Raid viking sur le monastère de Jarrow","Un an après Lindisfarne, les Vikings pillent le monastère de Jarrow en Northumbrie, célèbre pour avoir abrité le Vénérable Bède. Ce second raid confirme la menace nordique sur les côtes britanniques.",794,"L'Épopée Viking : Des Raids en Mer du Nord aux Royaumes Scandes","","IMAGE_DONE","2026-03-04T07:23:47.22465+00:00"
642,"Fondation de la ville de Hedeby par les Danois","Le roi danois Gudfred fonde Hedeby (actuelle Allemagne du Nord), qui devient l'un des plus importants centres commerciaux vikings de la mer Baltique.",808,"L'Épopée Viking : Des Raids en Mer du Nord aux Royaumes Scandes","","VALIDATED_HISTORY","2026-03-04T07:23:47.22465+00:00"
643,"Baptême du roi danois Harald Klak","Le roi danois Harald Klak est baptisé à Ingelheim am Rhein en présence de Louis le Pieux, premier baptême d'un souverain scandinave, ouvrant la christianisation du Nord.",826,"L'Épopée Viking : Des Raids en Mer du Nord aux Royaumes Scandes","","VALIDATED_HISTORY","2026-03-04T07:23:47.22465+00:00"
644,"Mort du roi Olaf II de Norvège à la bataille de Stiklestad","Le 29 juillet 1030, le roi Olaf II est tué à la bataille de Stiklestad en tentant de reconquérir son trône. Canonisé peu après, il devient le saint patron de la Norvège.",1030,"L'Épopée Viking : Des Raids en Mer du Nord aux Royaumes Scandes","","VALIDATED_HISTORY","2026-03-04T07:23:47.22465+00:00"
646,"Rédaction du Livre de la Colonisation (Landnámabók)","Le Landnámabók, manuscrit islandais recensant les premiers colons de l'île, est rédigé vers cette date. Il constitue une source historique majeure sur la colonisation de l'Islande.",1100,"L'Épopée Viking : Des Raids en Mer du Nord aux Royaumes Scandes","","VALIDATED_HISTORY","2026-03-04T07:23:47.22465+00:00"
647,"Découverte de l'Islande par le Viking Naddoðr","Le Viking norvégien Naddoðr est l'un des premiers explorateurs scandinaves à atteindre l'Islande par accident, la nommant 'Snæland' (Pays des neiges).",861,"L'Épopée Viking : Des Raids en Mer du Nord aux Royaumes Scandes","","VALIDATED_HISTORY","2026-03-04T07:23:47.22465+00:00"
648,"Exploration de l'Islande par le Viking Flóki Vilgerðarson","Flóki Vilgerðarson est le premier Viking à naviguer délibérément vers l'Islande. Il lui donne son nom actuel 'Ísland' (Pays des glaces) après un hiver particulièrement rigoureux.",868,"L'Épopée Viking : Des Raids en Mer du Nord aux Royaumes Scandes","","VALIDATED_HISTORY","2026-03-04T07:23:47.22465+00:00"
649,"Baptême du roi Harald à la Dent Bleue","Le roi danois Harald Ier, dit 'Bluetooth', est baptisé par le moine Poppo, marquant la conversion officielle du Danemark au christianisme. Cet événement est commémoré sur la pierre runique de Jelling.",960,"L'Épopée Viking : Des Raids en Mer du Nord aux Royaumes Scandes","","VALIDATED_HISTORY","2026-03-04T07:23:47.22465+00:00"
650,"Érection de la grande pierre runique de Jelling","Harald à la Dent Bleue fait ériger la grande pierre runique de Jelling en l'honneur de ses parents et pour célébrer la christianisation du Danemark. Elle est surnommée le 'certificat de baptême du Danemark'.",965,"L'Épopée Viking : Des Raids en Mer du Nord aux Royaumes Scandes","","VALIDATED_HISTORY","2026-03-04T07:23:47.22465+00:00"
651,"Fondation de l'évêché de Schleswig","L'évêché de Schleswig est fondé sous l'impulsion du roi Gorm l'Ancien et de l'Église franque, posant les premières bases institutionnelles du christianisme en territoire danois.",948,"L'Épopée Viking : Des Raids en Mer du Nord aux Royaumes Scandes","","VALIDATED_HISTORY","2026-03-04T07:23:47.22465+00:00"
652,"Mort du roi Harald à la Dent Bleue","Harald Ier du Danemark, dit 'Bluetooth', est tué lors d'une révolte menée par son propre fils Sven à la Barbe Fourchue. Il meurt en exil en Poméranie, mettant fin à son règne christianisateur.",987,"L'Épopée Viking : Des Raids en Mer du Nord aux Royaumes Scandes","","VALIDATED_HISTORY","2026-03-04T07:23:47.22465+00:00"
653,"Fondation de l'archevêché de Hambourg-Brême","L'archevêché de Hambourg-Brême est fondé par Louis le Pieux pour évangéliser les peuples du Nord. Il devient le principal centre missionnaire vers la Scandinavie pendant deux siècles.",831,"L'Épopée Viking : Des Raids en Mer du Nord aux Royaumes Scandes","","VALIDATED_HISTORY","2026-03-04T07:23:47.22465+00:00"
654,"Première mission d'Ansgar en Scandinavie","Le moine franc Ansgar, futur 'Apôtre du Nord', effectue sa première mission en Suède à Birka. Il tente d'implanter le christianisme en Scandinavie avec un succès limité mais durable.",829,"L'Épopée Viking : Des Raids en Mer du Nord aux Royaumes Scandes","","VALIDATED_HISTORY","2026-03-04T07:23:47.22465+00:00"
655,"Conversion du roi Håkon le Bon de Norvège","Håkon Ier de Norvège, élevé à la cour chrétienne d'Angleterre, tente d'introduire le christianisme en Norvège après son accession au trône. Sa tentative échoue face à la résistance des chefs vikings.",934,"L'Épopée Viking : Des Raids en Mer du Nord aux Royaumes Scandes","","VALIDATED_HISTORY","2026-03-04T07:23:47.22465+00:00"
656,"Début de la campagne d'Italie de Bonaparte","Le 27 mars 1796, Napoléon Bonaparte prend le commandement de l'armée d'Italie et lance une offensive fulgurante contre les forces austro-sardes.",1796,"L'Ère Napoléonienne : Des Campagnes d'Italie à Waterloo","","VALIDATED_HISTORY","2026-03-04T07:23:47.22465+00:00"
657,"Victoire française à la bataille de Montenotte","Le 12 avril 1796, Bonaparte remporte sa première grande victoire en Italie à Montenotte, séparant les armées autrichienne et piémontaise.",1796,"L'Ère Napoléonienne : Des Campagnes d'Italie à Waterloo","","VALIDATED_HISTORY","2026-03-04T07:23:47.22465+00:00"
658,"Signature de l'armistice de Cherasco","Le 28 avril 1796, le roi de Sardaigne signe l'armistice de Cherasco avec Bonaparte, cédant Nice et la Savoie à la France.",1796,"L'Ère Napoléonienne : Des Campagnes d'Italie à Waterloo","","VALIDATED_HISTORY","2026-03-04T07:23:47.22465+00:00"
659,"Victoire française à la bataille de Lodi","Le 10 mai 1796, Bonaparte franchit le pont de Lodi sous un feu nourri autrichien, consolidant la conquête de la Lombardie et forgeant sa légende.",1796,"L'Ère Napoléonienne : Des Campagnes d'Italie à Waterloo","","VALIDATED_HISTORY","2026-03-04T07:23:47.22465+00:00"
660,"Entrée de Bonaparte à Milan","Le 15 mai 1796, les troupes françaises entrent triomphalement à Milan, capitale de la Lombardie, ouvrant la voie à la domination française en Italie du Nord.",1796,"L'Ère Napoléonienne : Des Campagnes d'Italie à Waterloo","","VALIDATED_HISTORY","2026-03-04T07:23:47.22465+00:00"
661,"Création de la République Transpadane","Le 15 octobre 1796, Bonaparte proclame la République Transpadane à Milan, première république sœur fondée par la France révolutionnaire en Italie.",1796,"L'Ère Napoléonienne : Des Campagnes d'Italie à Waterloo","","VALIDATED_HISTORY","2026-03-04T07:23:47.22465+00:00"
662,"Victoire française à la bataille d'Arcole","Le 17 novembre 1796, après trois jours de combats acharnés sur le pont d'Arcole, Bonaparte repousse définitivement l'armée autrichienne de Davidovich.",1796,"L'Ère Napoléonienne : Des Campagnes d'Italie à Waterloo","","VALIDATED_HISTORY","2026-03-04T07:23:47.22465+00:00"
663,"Victoire décisive à la bataille de Rivoli","Le 14 janvier 1797, Bonaparte écrase l'armée autrichienne d'Alvinczy à Rivoli, mettant fin aux tentatives autrichiennes de secourir Mantoue.",1797,"L'Ère Napoléonienne : Des Campagnes d'Italie à Waterloo","","VALIDATED_HISTORY","2026-03-04T07:23:47.22465+00:00"
664,"Capitulation de Mantoue","Le 2 février 1797, la garnison autrichienne de Mantoue capitule après un long siège, ouvrant la route de Vienne aux armées françaises.",1797,"L'Ère Napoléonienne : Des Campagnes d'Italie à Waterloo","","VALIDATED_HISTORY","2026-03-04T07:23:47.22465+00:00"
681,"Débarquement allié à Anzio (Opération Shingle)","Le 22 janvier 1944, les Alliés débarquent à Anzio et Nettuno, au sud de Rome, pour contourner la ligne Gustav. L'opération tourne rapidement à l'enlisement face à la résistance allemande.",1944,"La Seconde Guerre Mondiale : Des Invasions Initiales aux Capitulations Finales","","VALIDATED_HISTORY","2026-03-04T07:23:47.22465+00:00"
665,"Signature du traité de Tolentino avec le pape","Le 19 février 1797, le pape Pie VI signe le traité de Tolentino, cédant Avignon, Bologne et la Romagne à la France sous la pression de Bonaparte.",1797,"L'Ère Napoléonienne : Des Campagnes d'Italie à Waterloo","","IMAGE_DONE","2026-03-04T07:23:47.22465+00:00"
666,"Signature des préliminaires de paix de Leoben","Le 18 avril 1797, Bonaparte signe avec l'Autriche les préliminaires de paix de Leoben, première étape vers la fin de la guerre en Italie.",1797,"L'Ère Napoléonienne : Des Campagnes d'Italie à Waterloo","","VALIDATED_HISTORY","2026-03-04T07:23:47.22465+00:00"
667,"Proclamation de la République Cisalpine","Le 29 juin 1797, Bonaparte fusionne les républiques Cispadane et Transpadane pour créer la République Cisalpine, État satellite français en Italie du Nord.",1797,"L'Ère Napoléonienne : Des Campagnes d'Italie à Waterloo","","VALIDATED_HISTORY","2026-03-04T07:23:47.22465+00:00"
668,"Signature du traité de Campoformio","Le 17 octobre 1797, Bonaparte signe le traité de Campoformio avec l'Autriche, mettant fin à la première coalition et cédant Venise à l'Autriche en échange de la Belgique.",1797,"L'Ère Napoléonienne : Des Campagnes d'Italie à Waterloo","","VALIDATED_HISTORY","2026-03-04T07:23:47.22465+00:00"
669,"Fin de la République de Venise","Le 12 mai 1797, le Grand Conseil de Venise vote sa propre dissolution sous la pression de Bonaparte, mettant fin à plus de mille ans d'indépendance de la Sérénissime.",1797,"L'Ère Napoléonienne : Des Campagnes d'Italie à Waterloo","","VALIDATED_HISTORY","2026-03-04T07:23:47.22465+00:00"
670,"Retour triomphal de Bonaparte à Paris","Le 5 décembre 1797, Bonaparte rentre à Paris acclamé en héros après la campagne d'Italie, auréolé d'une gloire qui lui ouvre la voie vers le pouvoir.",1797,"L'Ère Napoléonienne : Des Campagnes d'Italie à Waterloo","","VALIDATED_HISTORY","2026-03-04T07:23:47.22465+00:00"
671,"Couronnement de Napoléon roi d'Italie","Le 26 mai 1805, Napoléon se couronne roi d'Italie à Milan avec la couronne de fer des Lombards. Il prononce la célèbre formule : 'Dieu me l'a donnée, gare à qui la touche.'",1805,"L'Ère Napoléonienne : Des Campagnes d'Italie à Waterloo","","VALIDATED_HISTORY","2026-03-04T07:23:47.22465+00:00"
672,"Déclaration de guerre de la France et du Royaume-Uni à l'Allemagne","Le 3 septembre 1939, la France et le Royaume-Uni déclarent la guerre à l'Allemagne en réponse à l'invasion de la Pologne. C'est le début officiel du conflit européen.",1939,"La Seconde Guerre Mondiale : Des Invasions Initiales aux Capitulations Finales","","IMAGE_DONE","2026-03-04T07:23:47.22465+00:00"
673,"Offensive allemande à l'ouest (opération Fall Gelb)","Le 10 mai 1940, l'Allemagne lance une offensive massive contre la France, la Belgique, les Pays-Bas et le Luxembourg. Les Ardennes sont traversées par les blindés allemands.",1940,"La Seconde Guerre Mondiale : Des Invasions Initiales aux Capitulations Finales","","VALIDATED_HISTORY","2026-03-04T07:23:47.22465+00:00"
674,"Évacuation de Dunkerque (opération Dynamo)","Du 26 mai au 4 juin 1940, plus de 338 000 soldats alliés sont évacués depuis les plages de Dunkerque vers l'Angleterre. Cette opération sauve le gros des forces britanniques.",1940,"La Seconde Guerre Mondiale : Des Invasions Initiales aux Capitulations Finales","","VALIDATED_HISTORY","2026-03-04T07:23:47.22465+00:00"
675,"Invasion de la Yougoslavie et de la Grèce par l'Allemagne","Le 6 avril 1941, l'Allemagne lance l'opération Marita et envahit simultanément la Yougoslavie et la Grèce. Les deux pays sont rapidement submergés par les forces de l'Axe.",1941,"La Seconde Guerre Mondiale : Des Invasions Initiales aux Capitulations Finales","","VALIDATED_HISTORY","2026-03-04T07:23:47.22465+00:00"
676,"Capitulation des forces britanniques à Singapour","Le 15 février 1942, le général britannique Arthur Percival se rend aux forces japonaises à Singapour. Environ 80 000 soldats alliés sont faits prisonniers dans ce que Churchill appelle 'la pire catastrophe de l'histoire militaire britannique'.",1942,"La Seconde Guerre Mondiale : Des Invasions Initiales aux Capitulations Finales","","VALIDATED_HISTORY","2026-03-04T07:23:47.22465+00:00"
677,"Bataille de la mer de Corail","Du 4 au 8 mai 1942, la première bataille navale de l'histoire menée exclusivement par des porte-avions oppose les États-Unis au Japon dans le Pacifique. Elle stoppe l'avancée japonaise vers l'Australie.",1942,"La Seconde Guerre Mondiale : Des Invasions Initiales aux Capitulations Finales","","VALIDATED_HISTORY","2026-03-04T07:23:47.22465+00:00"
678,"Conférence de Casablanca entre Roosevelt et Churchill","Du 14 au 24 janvier 1943, Franklin D. Roosevelt et Winston Churchill se réunissent à Casablanca pour planifier la stratégie alliée. Ils y proclament l'exigence d'une reddition inconditionnelle des puissances de l'Axe.",1943,"La Seconde Guerre Mondiale : Des Invasions Initiales aux Capitulations Finales","","VALIDATED_HISTORY","2026-03-04T07:23:47.22465+00:00"
679,"Arrestation et destitution de Benito Mussolini","Le 25 juillet 1943, le Grand Conseil du fascisme vote la destitution de Benito Mussolini, qui est arrêté sur ordre du roi Victor-Emmanuel III. La chute du Duce marque le début de la fin du régime fasciste en Italie.",1943,"La Seconde Guerre Mondiale : Des Invasions Initiales aux Capitulations Finales","","VALIDATED_HISTORY","2026-03-04T07:23:47.22465+00:00"
680,"Capitulation de l'Italie face aux Alliés","Le 8 septembre 1943, l'armistice entre l'Italie et les Alliés est rendu public. L'Allemagne nazie réagit immédiatement en occupant militairement la péninsule italienne.",1943,"La Seconde Guerre Mondiale : Des Invasions Initiales aux Capitulations Finales","","VALIDATED_HISTORY","2026-03-04T07:23:47.22465+00:00"
682,"Libération de Rome par les forces alliées","Le 4 juin 1944, les troupes américaines du général Clark entrent dans Rome, première capitale de l'Axe libérée. L'événement est éclipsé deux jours plus tard par le débarquement en Normandie.",1944,"La Seconde Guerre Mondiale : Des Invasions Initiales aux Capitulations Finales","","VALIDATED_HISTORY","2026-03-04T07:23:47.22465+00:00"
683,"Attentat manqué contre Hitler (opération Walkyrie)","Le 20 juillet 1944, le colonel Claus von Stauffenberg place une bombe dans le quartier général d'Hitler à Rastenburg. L'attentat échoue, Hitler survit et les conjurés sont exécutés.",1944,"La Seconde Guerre Mondiale : Des Invasions Initiales aux Capitulations Finales","","VALIDATED_HISTORY","2026-03-04T07:23:47.22465+00:00"
684,"Chute de Berlin aux mains de l'Armée rouge","Le 2 mai 1945, la garnison allemande de Berlin se rend aux forces soviétiques après des combats acharnés. La prise de la capitale du Reich symbolise l'effondrement définitif du régime nazi.",1945,"La Seconde Guerre Mondiale : Des Invasions Initiales aux Capitulations Finales","","VALIDATED_HISTORY","2026-03-04T07:23:47.22465+00:00"
685,"Bombardement atomique de Nagasaki","Le 9 août 1945, une seconde bombe atomique 'Fat Man' est larguée sur Nagasaki, causant la mort de 40 000 à 80 000 personnes et dévastant la ville.",1945,"La Seconde Guerre Mondiale : Des Invasions Initiales aux Capitulations Finales","","VALIDATED_HISTORY","2026-03-04T07:23:47.22465+00:00"
686,"Déclaration de guerre soviétique au Japon","Le 8 août 1945, l'URSS déclare la guerre au Japon et envahit la Mandchourie, respectant l'accord de Yalta et précipitant la capitulation japonaise.",1945,"La Seconde Guerre Mondiale : Des Invasions Initiales aux Capitulations Finales","","VALIDATED_HISTORY","2026-03-04T07:23:47.22465+00:00"
687,"Annonce de la capitulation du Japon par l'Empereur Hirohito","Le 15 août 1945, l'Empereur Hirohito annonce à la radio la capitulation inconditionnelle du Japon, mettant fin aux combats dans le Pacifique.",1945,"La Seconde Guerre Mondiale : Des Invasions Initiales aux Capitulations Finales","","VALIDATED_HISTORY","2026-03-04T07:23:47.22465+00:00"
688,"Mort du président Franklin D. Roosevelt","Le 12 avril 1945, le président américain Franklin D. Roosevelt décède d'une hémorragie cérébrale à Warm Springs, en Géorgie, laissant Harry Truman lui succéder.",1945,"La Seconde Guerre Mondiale : Des Invasions Initiales aux Capitulations Finales","","VALIDATED_HISTORY","2026-03-04T07:23:47.22465+00:00"
689,"Coulage du cuirassé Yamato par l'aviation américaine","Le 7 avril 1945, le cuirassé japonais Yamato, le plus grand du monde, est coulé par des avions américains lors d'une mission suicide vers Okinawa.",1945,"La Seconde Guerre Mondiale : Des Invasions Initiales aux Capitulations Finales","","VALIDATED_HISTORY","2026-03-04T07:23:47.22465+00:00"
690,"Première réunion du Comité intérimaire sur la bombe atomique","Le 9 mai 1945, le Comité intérimaire américain se réunit pour la première fois afin de décider de l'utilisation de la bombe atomique contre le Japon.",1945,"La Seconde Guerre Mondiale : Des Invasions Initiales aux Capitulations Finales","","VALIDATED_HISTORY","2026-03-04T07:23:47.22465+00:00"
691,"Première diffusion de La Marseillaise","Le 25 avril 1792, Rouget de Lisle chante pour la première fois son Chant de guerre pour l'armée du Rhin à Strasbourg. Ce chant deviendra l'hymne national français sous le nom de La Marseillaise.",1792,"La Révolution Française : De la Monarchie à la République, Crises et Transformations","","VALIDATED_HISTORY","2026-03-04T07:23:47.22465+00:00"
692,"Massacre des prisonniers dans les prisons parisiennes","Du 2 au 6 septembre 1792, des foules révolutionnaires envahissent les prisons parisiennes et massacrent plus de 1 000 détenus, craignant une trahison intérieure face à l'avancée des armées étrangères. Ces événements sont connus sous le nom de Massacres de Septembre.",1792,"La Révolution Française : De la Monarchie à la République, Crises et Transformations","","IMAGE_DONE","2026-03-04T07:23:47.236422+00:00"
693,"Fermeture du Club des Jacobins par la Convention","Le 12 novembre 1794, la Convention thermidorienne ordonne la fermeture du Club des Jacobins à Paris. Ce haut lieu du radicalisme révolutionnaire est définitivement dissous.",1794,"La Révolution Française : De la Monarchie à la République, Crises et Transformations","","VALIDATED_HISTORY","2026-03-04T07:23:47.236422+00:00"
694,"Entrée en fonction du Directoire","Le 2 novembre 1795 (11 Brumaire an IV), le Directoire entre officiellement en fonction, remplaçant la Convention nationale. Les cinq directeurs prennent le pouvoir exécutif de la République française.",1795,"La Révolution Française : De la Monarchie à la République, Crises et Transformations","","VALIDATED_HISTORY","2026-03-04T07:23:47.236422+00:00"
695,"Répression de l'insurrection royaliste du 13 Vendémiaire","Le 5 octobre 1795, le général Bonaparte réprime une insurrection royaliste à Paris avec une célèbre 'mitraillade'. Cet épisode propulse Bonaparte sur le devant de la scène politique.",1795,"La Révolution Française : De la Monarchie à la République, Crises et Transformations","","VALIDATED_HISTORY","2026-03-04T07:23:47.236422+00:00"
696,"Soulèvement populaire du 1er Prairial an III","Le 20 mai 1795, des sans-culottes affamés envahissent la Convention en réclamant du pain et la Constitution de 1793. La révolte est écrasée et marque la fin de l'influence populaire sur la Révolution.",1795,"La Révolution Française : De la Monarchie à la République, Crises et Transformations","","VALIDATED_HISTORY","2026-03-04T07:23:47.236422+00:00"
697,"Premier survol réussi de la Lune par une sonde américaine (Ranger 7)","Le 31 juillet 1964, la sonde Ranger 7 transmet 4 308 photos de la surface lunaire avant de s'y écraser. C'est la première mission américaine à fournir des images rapprochées de la Lune.",1964,"La Conquête Spatiale : Des Premiers Satellites aux Missions Lunaires","","VALIDATED_HISTORY","2026-03-04T07:23:47.236422+00:00"
698,"Premier atterrissage en douceur d'une sonde soviétique sur la Lune (Luna 9)","Le 3 février 1966, la sonde soviétique Luna 9 se pose sans se détruire sur la Lune et transmet les premières photos depuis la surface. Elle prouve que le sol lunaire peut supporter le poids d'un engin.",1966,"La Conquête Spatiale : Des Premiers Satellites aux Missions Lunaires","","VALIDATED_HISTORY","2026-03-04T07:23:47.236422+00:00"
722,"Abandon de Tortose par les Templiers","Le 3 août 1291, les Templiers quittent définitivement Tortose, leur dernière place forte sur le continent syrien, se repliant sur l'île de Ruad au large des côtes.",1291,"Les Croisades : De la Terre Sainte à la Reconquista","","VALIDATED_HISTORY","2026-03-04T07:23:47.236422+00:00"
699,"Première mise en orbite lunaire d'une sonde américaine (Lunar Orbiter 1)","Le 14 août 1966, Lunar Orbiter 1 entre en orbite autour de la Lune pour cartographier sa surface. La mission prépare le choix des sites d'atterrissage pour le programme Apollo.",1966,"La Conquête Spatiale : Des Premiers Satellites aux Missions Lunaires","","VALIDATED_HISTORY","2026-03-04T07:23:47.236422+00:00"
700,"Lancement de la première sonde soviétique en orbite lunaire habitée (Zond 5)","Le 15 septembre 1968, la sonde soviétique Zond 5 contourne la Lune et revient sur Terre, transportant des tortues et des organismes vivants. C'est la première mission à ramener des êtres vivants depuis la Lune.",1968,"La Conquête Spatiale : Des Premiers Satellites aux Missions Lunaires","","VALIDATED_HISTORY","2026-03-04T07:23:47.236422+00:00"
701,"Premier rendez-vous orbital entre deux vaisseaux soviétiques habités (Soyouz 4 et 5)","Le 16 janvier 1969, Soyouz 4 et Soyouz 5 s'arrimèrent en orbite et deux cosmonautes effectuèrent un transfert par sortie extravéhiculaire. L'URSS présente cette manœuvre comme une répétition pour un futur vol lunaire habité.",1969,"La Conquête Spatiale : Des Premiers Satellites aux Missions Lunaires","","VALIDATED_HISTORY","2026-03-04T07:23:47.236422+00:00"
702,"Lancement de la station soviétique Saliout 4","Le 26 décembre 1974, l'URSS lance Saliout 4, une station spatiale dédiée à la recherche astrophysique. Elle accueillera deux équipages en 1975.",1974,"La Conquête Spatiale : Des Premiers Satellites aux Missions Lunaires","","VALIDATED_HISTORY","2026-03-04T07:23:47.236422+00:00"
703,"Mort des cosmonautes de Soyouz 11 lors du retour sur Terre","Le 30 juin 1971, les trois cosmonautes de Soyouz 11 (Dobrovolski, Volkov, Patsaïev) sont retrouvés morts dans leur capsule, victimes d'une dépressurisation lors de la séparation des modules.",1971,"La Conquête Spatiale : Des Premiers Satellites aux Missions Lunaires","","VALIDATED_HISTORY","2026-03-04T07:23:47.236422+00:00"
704,"Prise de Nicée par les croisés","Le 19 juin 1097, les croisés s'emparent de Nicée, capitale du sultanat seldjoukide de Roum, avec l'aide de l'armée byzantine de l'empereur Alexis Ier Comnène.",1097,"Les Croisades : De la Terre Sainte à la Reconquista","","VALIDATED_HISTORY","2026-03-04T07:23:47.236422+00:00"
705,"Victoire des croisés à la bataille de Dorylée","Le 1er juillet 1097, les armées croisées écrasent les forces du sultan Kilij Arslan à Dorylée en Anatolie, ouvrant la route vers la Syrie et la Palestine.",1097,"Les Croisades : De la Terre Sainte à la Reconquista","","VALIDATED_HISTORY","2026-03-04T07:23:47.236422+00:00"
706,"Fondation de l'Empire de Nicée par les Byzantins en exil","En 1204, Théodore Ier Lascaris fonde l'Empire de Nicée, principal État successeur byzantin en Asie Mineure, depuis lequel les empereurs grecs en exil prépareront la reconquête de Constantinople.",1204,"Les Croisades : De la Terre Sainte à la Reconquista","","VALIDATED_HISTORY","2026-03-04T07:23:47.236422+00:00"
707,"Reconquête de Constantinople par Michel VIII Paléologue","Le 25 juillet 1261, les troupes de Michel VIII Paléologue reprennent Constantinople aux Latins sans combat majeur. L'Empire latin s'effondre et l'Empire byzantin est restauré, bien qu'affaibli.",1261,"Les Croisades : De la Terre Sainte à la Reconquista","","VALIDATED_HISTORY","2026-03-04T07:23:47.236422+00:00"
708,"Chute de Césarée aux mains des Mamelouks","Le sultan Baybars s'empare de Césarée le 27 février 1265, rasant la ville et ses fortifications, privant les Francs d'un port stratégique en Terre Sainte.",1265,"Les Croisades : De la Terre Sainte à la Reconquista","","VALIDATED_HISTORY","2026-03-04T07:23:47.236422+00:00"
709,"Prise d'Arsuf par Baybars","Le sultan mamelouk Baybars capture la forteresse d'Arsuf le 29 avril 1265 après un siège de quarante jours, réduisant encore les possessions franques.",1265,"Les Croisades : De la Terre Sainte à la Reconquista","","VALIDATED_HISTORY","2026-03-04T07:23:47.236422+00:00"
710,"Chute de Safed aux mains des Mamelouks","Baybars s'empare du château de Safed le 23 juillet 1266, massacrant la garnison des Templiers et consolidant le contrôle mamelouk sur la Galilée.",1266,"Les Croisades : De la Terre Sainte à la Reconquista","","VALIDATED_HISTORY","2026-03-04T07:23:47.236422+00:00"
711,"Prise de Jaffa par les Mamelouks","Le sultan Baybars s'empare de Jaffa le 7 mars 1268, éliminant l'un des derniers ports francs au sud de la côte palestinienne.",1268,"Les Croisades : De la Terre Sainte à la Reconquista","","VALIDATED_HISTORY","2026-03-04T07:23:47.236422+00:00"
712,"Chute d'Antioche aux mains de Baybars","Le 18 mai 1268, Baybars prend et détruit Antioche, mettant fin à la principauté franque d'Antioche fondée lors de la première croisade en 1098.",1268,"Les Croisades : De la Terre Sainte à la Reconquista","","VALIDATED_HISTORY","2026-03-04T07:23:47.236422+00:00"
713,"Chute du Krak des Chevaliers","Le sultan Baybars s'empare du Krak des Chevaliers le 8 avril 1271 après un siège, privant les Hospitaliers de leur forteresse la plus puissante en Syrie.",1271,"Les Croisades : De la Terre Sainte à la Reconquista","","VALIDATED_HISTORY","2026-03-04T07:23:47.236422+00:00"
714,"Prise du château de Montfort par Baybars","Baybars capture le château de Montfort, siège des Chevaliers Teutoniques, le 12 juin 1271, après un bref siège en Galilée occidentale.",1271,"Les Croisades : De la Terre Sainte à la Reconquista","","VALIDATED_HISTORY","2026-03-04T07:23:47.236422+00:00"
715,"Signature de la trêve de Césarée entre Francs et Mamelouks","Le 22 mai 1272, une trêve de dix ans est conclue entre les Francs d'Acre et le sultan Baybars, offrant un répit temporaire aux dernières possessions latines.",1272,"Les Croisades : De la Terre Sainte à la Reconquista","","VALIDATED_HISTORY","2026-03-04T07:23:47.236422+00:00"
716,"Mort du sultan Baybars","Le sultan mamelouk Baybars meurt le 1er juillet 1277, laissant un empire consolidé et les Francs réduits à quelques villes côtières en Terre Sainte.",1277,"Les Croisades : De la Terre Sainte à la Reconquista","","VALIDATED_HISTORY","2026-03-04T07:23:47.236422+00:00"
717,"Chute de Lattaquié aux mains des Mamelouks","Le sultan Qalawun s'empare de Lattaquié en avril 1287, éliminant l'un des derniers avant-postes francs sur la côte syrienne.",1287,"Les Croisades : De la Terre Sainte à la Reconquista","","VALIDATED_HISTORY","2026-03-04T07:23:47.236422+00:00"
719,"Début du siège d'Acre par les Mamelouks","Le sultan Al-Ashraf Khalil lance le siège d'Acre le 5 avril 1291 avec une armée considérable, engageant l'assaut final contre la dernière grande cité franque.",1291,"Les Croisades : De la Terre Sainte à la Reconquista","","VALIDATED_HISTORY","2026-03-04T07:23:47.236422+00:00"
720,"Abandon de Sidon par les Templiers","Le 14 juillet 1291, les Templiers évacuent et abandonnent Sidon sans combattre, l'une des dernières villes franques encore tenues après la chute d'Acre.",1291,"Les Croisades : De la Terre Sainte à la Reconquista","","VALIDATED_HISTORY","2026-03-04T07:23:47.236422+00:00"
721,"Évacuation de Beyrouth par les Francs","En juillet 1291, les derniers défenseurs francs abandonnent Beyrouth, qui tombe sans résistance aux mains des Mamelouks, parachevant la reconquête musulmane du littoral.",1291,"Les Croisades : De la Terre Sainte à la Reconquista","","VALIDATED_HISTORY","2026-03-04T07:23:47.236422+00:00"
723,"Évacuation du château Pèlerin par les Templiers","Le 14 août 1291, les Templiers abandonnent le château Pèlerin (Atlit), la dernière forteresse franque sur le continent, mettant un terme définitif à la présence latine en Terre Sainte.",1291,"Les Croisades : De la Terre Sainte à la Reconquista","","VALIDATED_HISTORY","2026-03-04T07:23:47.236422+00:00"
724,"Victoire chrétienne à la bataille de Las Navas de Tolosa","Le 16 juillet 1212, les rois de Castille, d'Aragon et de Navarre écrasent les Almohades en Andalousie. Cette bataille marque un tournant décisif dans la Reconquista ibérique.",1212,"Les Croisades : De la Terre Sainte à la Reconquista","","VALIDATED_HISTORY","2026-03-04T07:23:47.236422+00:00"
725,"Conquête de Cordoue par Ferdinand III de Castille","Le 29 juin 1236, Ferdinand III de Castille s'empare de Cordoue, ancienne capitale du califat omeyyade. La Grande Mosquée est convertie en cathédrale catholique.",1236,"Les Croisades : De la Terre Sainte à la Reconquista","","VALIDATED_HISTORY","2026-03-04T07:23:47.236422+00:00"
726,"Prise de Séville par Ferdinand III de Castille","Le 23 novembre 1248, Ferdinand III conquiert Séville après un long siège. La ville devient la capitale du royaume de Castille et León.",1248,"Les Croisades : De la Terre Sainte à la Reconquista","","VALIDATED_HISTORY","2026-03-04T07:23:47.236422+00:00"
727,"Signature du traité d'Alcañices entre Castille et Portugal","Le 12 septembre 1297, le traité d'Alcañices fixe définitivement la frontière entre le Portugal et la Castille. Il consolide les acquis territoriaux de la Reconquista portugaise.",1297,"Les Croisades : De la Terre Sainte à la Reconquista","","VALIDATED_HISTORY","2026-03-04T07:23:47.236422+00:00"
728,"Victoire chrétienne à la bataille du Río Salado","Le 30 octobre 1340, Alphonse XI de Castille et Alphonse IV du Portugal repoussent une invasion mérinide au bord du Río Salado. C'est la dernière grande tentative d'invasion musulmane depuis l'Afrique.",1340,"Les Croisades : De la Terre Sainte à la Reconquista","","VALIDATED_HISTORY","2026-03-04T07:23:47.236422+00:00"
729,"Prise d'Algésiras par Alphonse XI de Castille","Le 26 mars 1344, Alphonse XI s'empare d'Algésiras après un siège de deux ans. Cette victoire coupe les liaisons entre le Maroc et le royaume de Grenade.",1344,"Les Croisades : De la Terre Sainte à la Reconquista","","VALIDATED_HISTORY","2026-03-04T07:23:47.236422+00:00"
730,"Début de la construction de l'Alhambra de Grenade","En 1238, Muhammad I ibn Nasr, fondateur de la dynastie nasride, pose les premières pierres de l'Alhambra à Grenade. Ce palais-forteresse deviendra le symbole du dernier royaume musulman d'Espagne.",1238,"Les Croisades : De la Terre Sainte à la Reconquista","","VALIDATED_HISTORY","2026-03-04T07:23:47.236422+00:00"
731,"Bataille de la Higueruela contre le royaume de Grenade","Le 1er juillet 1431, Jean II de Castille remporte une victoire éclatante sur les Nasrides près de Grenade. Cet événement est immortalisé dans une fresque commandée plus tard par Philippe II à l'Escurial.",1431,"Les Croisades : De la Terre Sainte à la Reconquista","","VALIDATED_HISTORY","2026-03-04T07:23:47.236422+00:00"
732,"Début de la guerre de Grenade par les Rois Catholiques","En février 1482, Isabelle et Ferdinand lancent la campagne militaire finale contre le royaume nasride de Grenade. Cette guerre durera dix ans et aboutira à la chute du dernier État musulman d'Ibérie.",1482,"Les Croisades : De la Terre Sainte à la Reconquista","","VALIDATED_HISTORY","2026-03-04T07:23:47.236422+00:00"
733,"Capitulation de Málaga devant les Rois Catholiques","Le 18 août 1487, Málaga tombe aux mains des Rois Catholiques après un siège de plusieurs mois. Sa population musulmane est réduite en esclavage ou contrainte à l'exil.",1487,"Les Croisades : De la Terre Sainte à la Reconquista","","VALIDATED_HISTORY","2026-03-04T07:23:47.236422+00:00"
734,"Lancement du programme militaire soviétique SS-20","En 1980, l'URSS achève le déploiement massif de ses missiles balistiques SS-20 en Europe, capables de frapper l'ensemble du continent en quelques minutes, relançant la course aux armements nucléaires.",1980,"La Guerre Froide : Des Blocs à la Chute du Mur","","VALIDATED_HISTORY","2026-03-04T07:23:47.236422+00:00"
735,"Boycott des Jeux olympiques de Los Angeles par le bloc soviétique","Le 8 mai 1984, l'URSS annonce son boycott des Jeux olympiques d'été de Los Angeles, entraînant 14 pays du bloc de l'Est dans sa décision, en représailles au boycott américain de Moscou en 1980.",1984,"La Guerre Froide : Des Blocs à la Chute du Mur","","VALIDATED_HISTORY","2026-03-04T07:23:47.236422+00:00"
736,"Réélection de Ronald Reagan avec une majorité écrasante","Le 6 novembre 1984, Ronald Reagan est réélu président des États-Unis avec 49 États sur 50, confirmant la poursuite de sa politique de fermeté face à l'Union soviétique.",1984,"La Guerre Froide : Des Blocs à la Chute du Mur","","VALIDATED_HISTORY","2026-03-04T07:23:47.236422+00:00"
737,"Sommet de Reykjavik entre Reagan et Gorbatchev","Les 11 et 12 octobre 1986, Reagan et Gorbatchev se retrouvent en Islande pour négocier une réduction radicale des armements nucléaires ; les discussions échouent sur la question de l'IDS mais ouvrent la voie à de futurs accords.",1986,"La Guerre Froide : Des Blocs à la Chute du Mur","","VALIDATED_HISTORY","2026-03-04T07:23:47.236422+00:00"
738,"Révolution de Velours en Tchécoslovaquie","Le 17 novembre 1989, une manifestation étudiante à Prague est violemment réprimée, déclenchant une révolution pacifique qui aboutit à la chute du régime communiste tchécoslovaque.",1989,"La Guerre Froide : Des Blocs à la Chute du Mur","","VALIDATED_HISTORY","2026-03-04T07:23:47.236422+00:00"
739,"Dissolution du Pacte de Varsovie","Le 1er juillet 1991, le Pacte de Varsovie, alliance militaire des pays communistes créée en 1955 en réponse à l'OTAN, est officiellement dissous à Prague.",1991,"La Guerre Froide : Des Blocs à la Chute du Mur","","VALIDATED_HISTORY","2026-03-04T07:23:47.236422+00:00"
740,"Proclamation de la doctrine Truman","Le 12 mars 1947, le président américain Harry Truman demande au Congrès une aide pour la Grèce et la Turquie, posant la doctrine d'endiguement du communisme qui structurera la Guerre Froide.",1947,"La Guerre Froide : Des Blocs à la Chute du Mur","","VALIDATED_HISTORY","2026-03-04T07:23:47.236422+00:00"
741,"Premier voyage d'Amerigo Vespucci vers le Nouveau Monde","Amerigo Vespucci part explorer les côtes de l'Amérique du Sud pour le compte du Portugal. Ses observations confirment qu'il s'agit d'un continent inconnu, distinct de l'Asie.",1501,"Les Grandes Découvertes Maritimes : De Colomb à Magellan, l'Exploration du Monde","","VALIDATED_HISTORY","2026-03-04T07:23:47.236422+00:00"
742,"Publication de la lettre 'Mundus Novus' d'Amerigo Vespucci","Vespucci publie sa lettre décrivant les terres découvertes comme un 'Nouveau Monde'. Ce texte diffusé en Europe bouleverse la conception géographique du globe.",1503,"Les Grandes Découvertes Maritimes : De Colomb à Magellan, l'Exploration du Monde","","VALIDATED_HISTORY","2026-03-04T07:23:47.236422+00:00"
743,"Christophe Colomb effectue son quatrième et dernier voyage","Colomb part le 11 mai 1502 pour son ultime expédition, explorant les côtes de l'Amérique centrale. Il meurt en 1506 sans jamais reconnaître avoir atteint un nouveau continent.",1502,"Les Grandes Découvertes Maritimes : De Colomb à Magellan, l'Exploration du Monde","","VALIDATED_HISTORY","2026-03-04T07:23:47.247406+00:00"
744,"Fondation de la première ville européenne permanente en Amérique continentale","Santa María la Antigua del Darién est fondée le 1er janvier 1510 sur les côtes de l'actuel Panama, devenant le premier établissement européen permanent sur le continent américain.",1510,"Les Grandes Découvertes Maritimes : De Colomb à Magellan, l'Exploration du Monde","","VALIDATED_HISTORY","2026-03-04T07:23:47.247406+00:00"
745,"Ouverture de la première route commerciale régulière entre l'Espagne et les Philippines","En 1565, Andrés de Urdaneta découvre le courant du Pacifique Nord permettant le retour vers l'Amérique. Cette route, dite du 'galion de Manille', relie l'Asie à l'Amérique pendant 250 ans.",1565,"Les Grandes Découvertes Maritimes : De Colomb à Magellan, l'Exploration du Monde","","VALIDATED_HISTORY","2026-03-04T07:23:47.247406+00:00"
746,"Fondation de la ville de Manille aux Philippines","Le 24 juin 1571, Miguel López de Legazpi fonde officiellement Manille, qui devient le principal port espagnol en Asie. La ville devient le nœud central du commerce transpacifique.",1571,"Les Grandes Découvertes Maritimes : De Colomb à Magellan, l'Exploration du Monde","","VALIDATED_HISTORY","2026-03-04T07:23:47.247406+00:00"
747,"Ouverture de la première route commerciale directe entre l'Europe et la Chine par les Portugais","En 1513, Jorge Álvares devient le premier Européen à atteindre la côte de Chine continentale par voie maritime. Cet événement ouvre la voie aux échanges commerciaux directs entre l'Europe et l'Empire du Milieu.",1513,"Les Grandes Découvertes Maritimes : De Colomb à Magellan, l'Exploration du Monde","","VALIDATED_HISTORY","2026-03-04T07:23:47.247406+00:00"
748,"Adoption des Townshend Acts par le Parlement britannique","Le 29 juin 1767, le Parlement britannique adopte les Townshend Acts, imposant de nouvelles taxes sur le verre, le papier, la peinture et le thé importés dans les colonies. Ces lois relancent la résistance coloniale.",1767,"La Révolution Américaine et la Naissance des États-Unis","","VALIDATED_HISTORY","2026-03-04T07:23:47.247406+00:00"
749,"Abrogation partielle des Townshend Acts","Le 12 avril 1770, le Parlement britannique abroge la plupart des taxes Townshend, mais maintient celle sur le thé pour affirmer son droit de taxation. Cette décision partielle ne satisfait pas les colons les plus radicaux.",1770,"La Révolution Américaine et la Naissance des États-Unis","","VALIDATED_HISTORY","2026-03-04T07:23:47.247406+00:00"
750,"Incendie du navire britannique Gaspée par des colons","Le 9 juin 1772, des colons de Rhode Island attaquent et incendient le Gaspée, un navire de la marine royale britannique chargé de faire respecter les lois douanières. C'est l'un des premiers actes de violence ouverte contre la Couronne.",1772,"La Révolution Américaine et la Naissance des États-Unis","","VALIDATED_HISTORY","2026-03-04T07:23:47.247406+00:00"
751,"Création des Comités de correspondance par Samuel Adams","Le 2 novembre 1772, Samuel Adams fonde le premier Comité de correspondance à Boston pour coordonner la résistance entre les colonies. Ce réseau devient un outil politique majeur dans l'organisation de la rébellion.",1772,"La Révolution Américaine et la Naissance des États-Unis","","VALIDATED_HISTORY","2026-03-04T07:23:47.247406+00:00"
752,"Adoption du Tea Act par le Parlement britannique","Le 10 mai 1773, le Parlement britannique adopte le Tea Act, accordant à la Compagnie des Indes orientales le monopole de la vente du thé dans les colonies. Cette loi provoque une vive indignation chez les marchands coloniaux.",1773,"La Révolution Américaine et la Naissance des États-Unis","","VALIDATED_HISTORY","2026-03-04T07:23:47.247406+00:00"
753,"Adoption des Coercive Acts (Lois intolérables) par le Parlement britannique","Entre mars et juin 1774, le Parlement britannique adopte les Coercive Acts pour punir Boston après la Tea Party. Ces lois ferment le port de Boston et restreignent l'autonomie du Massachusetts, unissant les colonies dans leur opposition.",1774,"La Révolution Américaine et la Naissance des États-Unis","","VALIDATED_HISTORY","2026-03-04T07:23:47.247406+00:00"
754,"Réunion du Premier Congrès continental à Philadelphie","Le 5 septembre 1774, des délégués de douze colonies se réunissent à Philadelphie pour coordonner leur réponse aux Coercive Acts. Le Congrès adopte une déclaration des droits et organise un boycott des marchandises britanniques.",1774,"La Révolution Américaine et la Naissance des États-Unis","","VALIDATED_HISTORY","2026-03-04T07:23:47.247406+00:00"
755,"Prise du fort Ticonderoga par Ethan Allen et les Green Mountain Boys","Le 10 mai 1775, Ethan Allen et ses Green Mountain Boys s'emparent du fort Ticonderoga, tenu par les Britanniques, sans tirer un seul coup de feu. Cette victoire fournit aux colons une précieuse artillerie pour le siège de Boston.",1775,"La Révolution Américaine et la Naissance des États-Unis","","VALIDATED_HISTORY","2026-03-04T07:23:47.247406+00:00"
756,"Ouverture du Deuxième Congrès continental à Philadelphie","Le 10 mai 1775, le Deuxième Congrès continental se réunit à Philadelphie et assume le rôle de gouvernement de facto des colonies en rébellion. Il nomme George Washington commandant en chef de l'armée continentale le 15 juin.",1775,"La Révolution Américaine et la Naissance des États-Unis","","VALIDATED_HISTORY","2026-03-04T07:23:47.247406+00:00"
757,"Publication de 'Common Sense' par Thomas Paine","Le 10 janvier 1776, Thomas Paine publie son pamphlet 'Common Sense', plaidant avec force pour l'indépendance des colonies américaines. Ce texte, vendu à des centaines de milliers d'exemplaires, galvanise l'opinion publique en faveur de la rupture avec la Grande-Bretagne.",1776,"La Révolution Américaine et la Naissance des États-Unis","","VALIDATED_HISTORY","2026-03-04T07:23:47.247406+00:00"
758,"Traversée du Delaware par Washington","Dans la nuit du 25 au 26 décembre 1776, George Washington traverse le fleuve Delaware avec ses troupes pour surprendre les forces hessoise à Trenton. Cette opération audacieuse redonne un élan décisif à la cause américaine après plusieurs défaites.",1776,"La Révolution Américaine et la Naissance des États-Unis","","VALIDATED_HISTORY","2026-03-04T07:23:47.247406+00:00"
759,"Adoption des Articles de la Confédération","Le 15 novembre 1777, le Congrès continental adopte les Articles de la Confédération, premier texte constitutionnel des États-Unis. Ce document établit un gouvernement fédéral provisoire pour les treize États nouvellement indépendants.",1777,"La Révolution Américaine et la Naissance des États-Unis","","VALIDATED_HISTORY","2026-03-04T07:23:47.247406+00:00"
760,"Bataille navale d'Ouessant","Le 27 juillet 1778, la flotte française de l'amiral d'Orvilliers affronte la flotte britannique au large d'Ouessant, première grande bataille navale de la guerre d'indépendance américaine.",1778,"La Révolution Américaine et la Naissance des États-Unis","","VALIDATED_HISTORY","2026-03-04T07:23:47.247406+00:00"
761,"Déclaration de guerre de l'Espagne à la Grande-Bretagne","Le 21 juin 1779, l'Espagne entre en guerre contre la Grande-Bretagne via la Convention d'Aranjuez, renforçant considérablement la coalition contre les Britanniques.",1779,"La Révolution Américaine et la Naissance des États-Unis","","VALIDATED_HISTORY","2026-03-04T07:23:47.247406+00:00"
762,"Victoire américaine à la bataille de Cowpens","Le 17 janvier 1781, le général Daniel Morgan écrase les forces britanniques du lieutenant-colonel Tarleton en Caroline du Sud, tournant décisif de la campagne du Sud.",1781,"La Révolution Américaine et la Naissance des États-Unis","","VALIDATED_HISTORY","2026-03-04T07:23:47.247406+00:00"
763,"Arrivée de l'escadre de de Grasse aux Antilles","Le 28 avril 1781, l'amiral de Grasse quitte Brest avec une puissante escadre de 26 vaisseaux, dont la mission sera décisive pour le dénouement de la guerre en Amérique.",1781,"La Révolution Américaine et la Naissance des États-Unis","","VALIDATED_HISTORY","2026-03-04T07:23:47.247406+00:00"
764,"Adoption des Articles de la Confédération comme première constitution américaine","Le 1er mars 1781, les Articles de la Confédération entrent officiellement en vigueur, créant un gouvernement central faible pour les treize États. Ce texte révèle rapidement ses limites face aux défis économiques et politiques.",1781,"La Révolution Américaine et la Naissance des États-Unis","","VALIDATED_HISTORY","2026-03-04T07:23:47.247406+00:00"
765,"Adoption de l'Ordonnance du Nord-Ouest organisant les territoires américains","Le 13 juillet 1787, le Congrès de la Confédération adopte l'Ordonnance du Nord-Ouest, réglementant la colonisation des territoires au nord de l'Ohio. Elle interdit l'esclavage dans ces nouveaux territoires.",1787,"La Révolution Américaine et la Naissance des États-Unis","","VALIDATED_HISTORY","2026-03-04T07:23:47.247406+00:00"
766,"Début de la rébellion de Shays dans le Massachusetts","Le 29 août 1786, Daniel Shays mène une insurrection d'agriculteurs endettés dans le Massachusetts contre les saisies judiciaires. Cette révolte révèle la faiblesse du gouvernement confédéral et accélère la réforme constitutionnelle.",1786,"La Révolution Américaine et la Naissance des États-Unis","","VALIDATED_HISTORY","2026-03-04T07:23:47.247406+00:00"
767,"Adoption de l'Ordonnance de 1785 sur le cadastre des terres fédérales","Le 20 mai 1785, le Congrès de la Confédération adopte une ordonnance établissant un système de découpage en townships pour les terres de l'Ouest. Ce système cadastral quadrillé structure encore aujourd'hui le paysage américain.",1785,"La Révolution Américaine et la Naissance des États-Unis","","VALIDATED_HISTORY","2026-03-04T07:23:47.247406+00:00"
768,"Publication des Federalist Papers par Hamilton, Madison et Jay","À partir du 27 octobre 1787, Alexander Hamilton, James Madison et John Jay publient une série de 85 articles sous le pseudonyme Publius. Ces textes défendent la ratification de la Constitution et restent une référence du droit constitutionnel.",1787,"La Révolution Américaine et la Naissance des États-Unis","","VALIDATED_HISTORY","2026-03-04T07:23:47.247406+00:00"
769,"Ouverture de la Convention de Philadelphie","Le 25 mai 1787, 55 délégués des États américains se réunissent à Philadelphie pour réviser les Articles de la Confédération. La convention aboutira à la rédaction d'une toute nouvelle Constitution fédérale.",1787,"La Révolution Américaine et la Naissance des États-Unis","","VALIDATED_HISTORY","2026-03-04T07:23:47.247406+00:00"
770,"Élection de George Washington comme premier président","Le 4 février 1789, les grands électeurs américains votent à l'unanimité pour George Washington comme premier président des États-Unis. C'est la seule élection présidentielle américaine remportée à l'unanimité du collège électoral.",1789,"La Révolution Américaine et la Naissance des États-Unis","","VALIDATED_HISTORY","2026-03-04T07:23:47.247406+00:00"
771,"Création du Département d'État américain","Le 27 juillet 1789, le Congrès américain crée le Département des Affaires étrangères, rebaptisé Département d'État peu après. Thomas Jefferson en sera le premier secrétaire d'État.",1789,"La Révolution Américaine et la Naissance des États-Unis","","VALIDATED_HISTORY","2026-03-04T07:23:47.247406+00:00"
772,"Adoption du Bill of Rights par le Congrès américain","Le 25 septembre 1789, le Congrès américain adopte les dix premiers amendements à la Constitution, connus sous le nom de Bill of Rights. Ces textes garantissent les libertés fondamentales des citoyens américains.",1789,"La Révolution Américaine et la Naissance des États-Unis","","VALIDATED_HISTORY","2026-03-04T07:23:47.247406+00:00"
773,"Création de la Cour suprême des États-Unis","Le 24 septembre 1789, le Judiciary Act est signé par Washington, établissant officiellement la Cour suprême des États-Unis. John Jay en devient le premier président, ou Chief Justice.",1789,"La Révolution Américaine et la Naissance des États-Unis","","VALIDATED_HISTORY","2026-03-04T07:23:47.247406+00:00"
774,"Première course automobile de l'histoire (Paris-Rouen)","Le 22 juillet 1894, la course Paris-Rouen est organisée, considérée comme la première compétition automobile officielle. Elle couvre 126 km et voit la victoire d'une voiture à vapeur De Dion-Bouton.",1894,"L'Ère des Transports et des Communications : De l'Automobile à l'Internet","","VALIDATED_HISTORY","2026-03-04T07:23:47.247406+00:00"
775,"Inauguration du premier salon de l'automobile à Paris","Le 15 juin 1898, le premier Salon du cycle et de l'automobile ouvre ses portes au Jardin des Tuileries à Paris. Cet événement fondateur deviendra le plus ancien salon automobile du monde.",1898,"L'Ère des Transports et des Communications : De l'Automobile à l'Internet","","VALIDATED_HISTORY","2026-03-04T07:23:47.247406+00:00"
776,"Lancement de la première voiture entièrement électrique commercialisée (Columbia Electric)","En 1897, la Pope Manufacturing Company commercialise la Columbia Electric, l'une des premières automobiles électriques vendues au grand public aux États-Unis. Elle préfigure un débat énergétique qui durera plus d'un siècle.",1897,"L'Ère des Transports et des Communications : De l'Automobile à l'Internet","","VALIDATED_HISTORY","2026-03-04T07:23:47.247406+00:00"
778,"Lancement de la Ford Model T, première voiture de masse","Le 1er octobre 1908, Ford présente la Model T, conçue pour être abordable et fiable. Elle deviendra le symbole de la démocratisation de l'automobile grâce à sa production à grande échelle.",1908,"L'Ère des Transports et des Communications : De l'Automobile à l'Internet","","VALIDATED_HISTORY","2026-03-04T07:23:47.247406+00:00"
811,"Tentative de colonisation du Vinland par Thorfinn Karlsefni","Le marchand islandais Thorfinn Karlsefni tente d'établir une colonie permanente au Vinland avec environ 160 personnes. Les conflits avec les populations locales (Skrælings) forcent l'abandon du projet.",1004,"L'Ère Viking : Des Raids aux Royaumes","","VALIDATED_HISTORY","2026-03-04T07:23:47.259306+00:00"
812,"Bataille de Hafrsfjord et unification de la Norvège","Harald à la Belle Chevelure remporte la bataille de Hafrsfjord contre une coalition de rois régionaux. Cette victoire lui permet de s'imposer comme premier roi unifié de Norvège.",872,"L'Ère Viking : Des Raids aux Royaumes","","VALIDATED_HISTORY","2026-03-04T07:23:47.259306+00:00"
813,"Mort du roi Harald à la Belle Chevelure","Harald Ier de Norvège, unificateur du royaume, meurt après un règne de plus de soixante ans. Son décès ouvre une longue période de luttes dynastiques entre ses nombreux fils.",933,"L'Ère Viking : Des Raids aux Royaumes","","VALIDATED_HISTORY","2026-03-04T07:23:47.259306+00:00"
779,"Inauguration de la première autoroute du monde (AVUS, Berlin)","Le 24 septembre 1921, l'AVUS (Automobil-Verkehrs- und Übungsstraße) est inaugurée à Berlin, première route réservée aux automobiles. Longue de 9,8 km, elle servira aussi de circuit de course.",1921,"L'Ère des Transports et des Communications : De l'Automobile à l'Internet","","IMAGE_DONE","2026-03-04T07:23:47.247406+00:00"
780,"Fondation de General Motors par William Durant","Le 16 septembre 1908, William C. Durant fonde General Motors à Flint, Michigan. Le groupe absorbera rapidement plusieurs marques automobiles pour devenir le plus grand constructeur mondial pendant des décennies.",1908,"L'Ère des Transports et des Communications : De l'Automobile à l'Internet","","VALIDATED_HISTORY","2026-03-04T07:23:47.247406+00:00"
781,"Première traversée des États-Unis en automobile","Le 1er août 1903, Horatio Nelson Jackson achève la première traversée des États-Unis en automobile, parti de San Francisco le 23 mai. Ce périple de 63 jours démontre les capacités de l'automobile sur de longues distances.",1903,"L'Ère des Transports et des Communications : De l'Automobile à l'Internet","","VALIDATED_HISTORY","2026-03-04T07:23:47.247406+00:00"
782,"Lancement de la Citroën Type A, première voiture européenne de grande série","Le 4 juin 1919, André Citroën lance la Type A, première automobile européenne produite en grande série selon les méthodes tayloristes. Elle marque l'entrée de l'Europe dans l'ère de la production automobile de masse.",1919,"L'Ère des Transports et des Communications : De l'Automobile à l'Internet","","VALIDATED_HISTORY","2026-03-04T07:23:47.247406+00:00"
783,"Inauguration de l'autoroute Milan-Varèse, première autoroute moderne","Le 21 septembre 1924, l'autoroute Milan-Varèse est inaugurée en Italie, première infrastructure routière moderne dédiée exclusivement aux automobiles. Elle est considérée comme le modèle fondateur du réseau autoroutier mondial.",1924,"L'Ère des Transports et des Communications : De l'Automobile à l'Internet","","VALIDATED_HISTORY","2026-03-04T07:23:47.247406+00:00"
784,"Production de la 15 millionième Ford Model T","Le 26 mai 1927, Ford produit sa 15 millionième Model T avant d'arrêter sa fabrication. Ce chiffre record illustre l'ampleur de la révolution industrielle accomplie par Henry Ford en moins de 20 ans.",1927,"L'Ère des Transports et des Communications : De l'Automobile à l'Internet","","VALIDATED_HISTORY","2026-03-04T07:23:47.247406+00:00"
785,"Lancement de la Volkswagen Beetle, voiture du peuple commandée par Hitler","Le 26 mai 1938, Adolf Hitler pose la première pierre de l'usine Volkswagen à Wolfsburg, destinée à produire une voiture accessible à tous les Allemands. La Coccinelle deviendra l'une des voitures les plus vendues de l'histoire.",1938,"L'Ère des Transports et des Communications : De l'Automobile à l'Internet","","VALIDATED_HISTORY","2026-03-04T07:23:47.247406+00:00"
786,"Première liaison téléphonique transatlantique sans fil","Le 25 octobre 1915, la première communication téléphonique sans fil entre New York et Paris est établie, franchissant l'Atlantique grâce aux ondes radio.",1915,"L'Ère des Transports et des Communications : De l'Automobile à l'Internet","","VALIDATED_HISTORY","2026-03-04T07:23:47.247406+00:00"
787,"Inauguration du service téléphonique transatlantique commercial","Le 7 janvier 1927, le premier service téléphonique commercial transatlantique est ouvert entre New York et Londres, à raison de 75 dollars pour trois minutes de communication.",1927,"L'Ère des Transports et des Communications : De l'Automobile à l'Internet","","VALIDATED_HISTORY","2026-03-04T07:23:47.247406+00:00"
788,"Premier câble téléphonique transatlantique sous-marin","Le 25 septembre 1956, le câble TAT-1 est mis en service entre l'Écosse et Terre-Neuve, permettant 36 communications téléphoniques simultanées entre l'Europe et l'Amérique du Nord.",1956,"L'Ère des Transports et des Communications : De l'Automobile à l'Internet","","VALIDATED_HISTORY","2026-03-04T07:23:47.247406+00:00"
789,"Lancement du premier satellite de télécommunications actif (Telstar 1)","Le 10 juillet 1962, la NASA lance Telstar 1, premier satellite capable de relayer en temps réel des signaux téléphoniques et télévisés entre l'Europe et les États-Unis. La première image télévisée transatlantique est transmise quelques heures après le lancement.",1962,"L'Ère des Transports et des Communications : De l'Automobile à l'Internet","","VALIDATED_HISTORY","2026-03-04T07:23:47.247406+00:00"
790,"Première émission de télévision en couleur en France","Le 1er octobre 1967, l'ORTF inaugure les émissions régulières en couleur sur la deuxième chaîne française. La France adopte le standard SECAM, développé par Henri de France, en opposition au PAL allemand.",1967,"L'Ère des Transports et des Communications : De l'Automobile à l'Internet","","VALIDATED_HISTORY","2026-03-04T07:23:47.247406+00:00"
791,"Mise en orbite du premier satellite géostationnaire de télécommunications (Early Bird)","Le 6 avril 1965, Intelsat I, surnommé Early Bird, est placé en orbite géostationnaire. Il devient le premier satellite commercial à assurer une liaison permanente de télécommunications entre l'Europe et l'Amérique du Nord.",1965,"L'Ère des Transports et des Communications : De l'Automobile à l'Internet","","VALIDATED_HISTORY","2026-03-04T07:23:47.247406+00:00"
792,"Lancement de la première chaîne de télévision par câble d'information continue (CNN)","Le 1er juin 1980, Ted Turner lance CNN (Cable News Network), première chaîne américaine diffusant des informations 24 heures sur 24. Ce modèle révolutionne la façon dont le monde consomme l'actualité télévisée.",1980,"L'Ère des Transports et des Communications : De l'Automobile à l'Internet","","VALIDATED_HISTORY","2026-03-04T07:23:47.247406+00:00"
814,"Mort d'Éric à la Hache Sanglante, roi de Norvège","Éric Ier, fils de Harald à la Belle Chevelure et ancien roi de Norvège puis de Northumbrie, est tué à la bataille de Stainmore en Angleterre. Sa mort met fin aux ambitions scandinaves sur la Northumbrie.",954,"L'Ère Viking : Des Raids aux Royaumes","","VALIDATED_HISTORY","2026-03-04T07:23:47.259306+00:00"
815,"Bataille de Fitjar et mort du roi Haakon le Bon","Haakon Ier de Norvège, premier roi chrétien du pays, est mortellement blessé lors de la bataille de Fitjar face aux fils d'Éric. Sa mort marque la fin d'une période de relative stabilité en Norvège.",961,"L'Ère Viking : Des Raids aux Royaumes","","VALIDATED_HISTORY","2026-03-04T07:23:47.259306+00:00"
793,"Lancement du premier satellite météorologique (TIROS-1)","Le 1er avril 1960, la NASA lance TIROS-1, premier satellite météorologique opérationnel. Il transmet les premières photographies de la couverture nuageuse terrestre, révolutionnant la prévision météorologique mondiale.",1960,"L'Ère des Transports et des Communications : De l'Automobile à l'Internet","","IMAGE_DONE","2026-03-04T07:23:47.247406+00:00"
794,"Première émission de télévision en direct par satellite entre continents","Le 25 juin 1967, l'émission 'Our World' est diffusée simultanément dans 31 pays via satellite, réunissant 400 millions de téléspectateurs. Les Beatles y interprètent 'All You Need Is Love' en direct depuis Londres.",1967,"L'Ère des Transports et des Communications : De l'Automobile à l'Internet","","VALIDATED_HISTORY","2026-03-04T07:23:47.259306+00:00"
795,"Commercialisation du premier magnétoscope grand public (Betamax)","En mai 1975, Sony commercialise le Betamax, premier magnétoscope destiné au grand public. Cet appareil permet pour la première fois aux téléspectateurs d'enregistrer et de visionner des émissions à leur convenance.",1975,"L'Ère des Transports et des Communications : De l'Automobile à l'Internet","","VALIDATED_HISTORY","2026-03-04T07:23:47.259306+00:00"
796,"Lancement du système de navigation par satellite GPS","Le 22 février 1978, le premier satellite du système GPS (Global Positioning System) est mis en orbite par l'armée américaine. Ce réseau de satellites permettra à terme une localisation précise à l'échelle mondiale.",1978,"L'Ère des Transports et des Communications : De l'Automobile à l'Internet","","VALIDATED_HISTORY","2026-03-04T07:23:47.259306+00:00"
797,"Publication du premier langage de programmation FORTRAN","IBM publie le langage FORTRAN (Formula Translation) en avril 1957. C'est le premier langage de programmation de haut niveau largement adopté, destiné aux calculs scientifiques.",1957,"L'Ère des Transports et des Communications : De l'Automobile à l'Internet","","VALIDATED_HISTORY","2026-03-04T07:23:47.259306+00:00"
798,"Commercialisation du premier ordinateur personnel grand public (Altair 8800)","L'Altair 8800 est mis en vente en janvier 1975 par MITS pour 439 dollars en kit. Il déclenche la révolution des micro-ordinateurs et inspire les fondateurs de Microsoft.",1975,"L'Ère des Transports et des Communications : De l'Automobile à l'Internet","","VALIDATED_HISTORY","2026-03-04T07:23:47.259306+00:00"
799,"Création du premier réseau social grand public (SixDegrees)","SixDegrees.com est lancé en 1997 par Andrew Weinreich. Considéré comme le premier réseau social moderne, il permet aux utilisateurs de créer un profil et de se connecter entre eux.",1997,"L'Ère des Transports et des Communications : De l'Automobile à l'Internet","","VALIDATED_HISTORY","2026-03-04T07:23:47.259306+00:00"
800,"Mise en service du premier disque dur commercial (IBM 350)","IBM commercialise le disque dur 350 RAMAC le 13 septembre 1956. Pesant une tonne et stockant 5 mégaoctets, il est le premier système de stockage magnétique à accès aléatoire de l'histoire.",1956,"L'Ère des Transports et des Communications : De l'Automobile à l'Internet","","VALIDATED_HISTORY","2026-03-04T07:23:47.259306+00:00"
801,"Mise à l'abri de Luther au château de la Wartburg","Le 4 mai 1521, Frédéric III de Saxe fait enlever secrètement Martin Luther pour le protéger et le cache au château de la Wartburg, où Luther traduit le Nouveau Testament en allemand.",1521,"La Réforme Protestante et les Guerres de Religion en Europe","","VALIDATED_HISTORY","2026-03-04T07:23:47.259306+00:00"
802,"Publication du Livre de la Concorde luthérien","Le 25 juin 1580, cinquante ans après la Confession d'Augsbourg, le Livre de la Concorde est publié, rassemblant les textes fondateurs de la doctrine luthérienne orthodoxe.",1580,"La Réforme Protestante et les Guerres de Religion en Europe","","VALIDATED_HISTORY","2026-03-04T07:23:47.259306+00:00"
803,"Signature de la Trêve de Douze Ans","Le 9 avril 1609, l'Espagne et les Provinces-Unies signent une trêve de douze ans, reconnaissant de facto l'indépendance néerlandaise et suspendant la guerre de Quatre-Vingts Ans.",1609,"La Réforme Protestante et les Guerres de Religion en Europe","","VALIDATED_HISTORY","2026-03-04T07:23:47.259306+00:00"
804,"Bataille de Nördlingen et victoire des Habsbourg","Le 6 septembre 1634, les armées impériales et espagnoles écrasent les forces suédo-protestantes à Nördlingen, renversant temporairement l'équilibre de la guerre de Trente Ans.",1634,"La Réforme Protestante et les Guerres de Religion en Europe","","VALIDATED_HISTORY","2026-03-04T07:23:47.259306+00:00"
805,"Entrée en guerre de la France contre l'Espagne","Le 19 mai 1635, le cardinal de Richelieu déclare officiellement la guerre à l'Espagne, engageant la France catholique aux côtés des protestants contre les Habsbourg pour des raisons géopolitiques.",1635,"La Réforme Protestante et les Guerres de Religion en Europe","","VALIDATED_HISTORY","2026-03-04T07:23:47.259306+00:00"
806,"Raid viking sur l'abbaye de Noirmoutier","Des navires nordiques attaquent l'abbaye de Noirmoutier, sur la côte atlantique franque. C'est l'une des premières incursions vikings documentées sur le territoire de l'empire carolingien.",799,"L'Ère Viking : Des Raids aux Royaumes","","VALIDATED_HISTORY","2026-03-04T07:23:47.259306+00:00"
807,"Premier raid viking sur l'Irlande","Des Vikings attaquent l'île de Rathlin et les monastères côtiers irlandais, dont celui d'Iona. Ces raids inaugurent des décennies de pillages et d'implantations nordiques en Irlande.",795,"L'Ère Viking : Des Raids aux Royaumes","","VALIDATED_HISTORY","2026-03-04T07:23:47.259306+00:00"
808,"Fondation de la ville de Dublin par les Vikings","Les Vikings établissent un campement fortifié permanent à l'embouchure de la Liffey, donnant naissance à Dubh Linn (Dublin). Ce comptoir devient rapidement un centre commercial et militaire majeur.",841,"L'Ère Viking : Des Raids aux Royaumes","","VALIDATED_HISTORY","2026-03-04T07:23:47.259306+00:00"
809,"Expulsion des Vikings de Dublin","Les rois irlandais d'alliance chassent les Vikings de Dublin, mettant fin temporairement à leur domination sur la ville. Les Norsemen ne retrouveront leur emprise sur Dublin qu'en 917.",902,"L'Ère Viking : Des Raids aux Royaumes","","VALIDATED_HISTORY","2026-03-04T07:23:47.259306+00:00"
810,"Retour des Vikings et refondation de Dublin","Les Vikings, menés par Sitric Cáech, reprennent le contrôle de Dublin après quinze ans d'absence. La ville est refondée et se développe en un royaume viking prospère.",917,"L'Ère Viking : Des Raids aux Royaumes","","VALIDATED_HISTORY","2026-03-04T07:23:47.259306+00:00"
816,"Baptême du roi Harald Ier de Danemark (Harald à la Dent Bleue)","Harald Bluetooth, roi du Danemark, se convertit officiellement au christianisme, probablement sous l'influence du moine Poppon. Cet événement marque le début de la christianisation officielle du Danemark.",965,"L'Ère Viking : Des Raids aux Royaumes","","VALIDATED_HISTORY","2026-03-04T07:23:47.259306+00:00"
817,"Bataille de Hjörungavágr contre les Jomsvikings","Le jarl Haakon Sigurdsson de Norvège remporte une victoire décisive contre la confrérie de guerriers vikings des Jomsvikings au large des côtes norvégiennes. Cette bataille consolide son pouvoir sur la Norvège.",986,"L'Ère Viking : Des Raids aux Royaumes","","VALIDATED_HISTORY","2026-03-04T07:23:47.259306+00:00"
818,"Assassinat du jarl Haakon Sigurdsson de Norvège","Le jarl Haakon, maître de facto de la Norvège, est assassiné par son propre serf Kark alors qu'il se cachait. Olaf Tryggvason profite de l'événement pour s'emparer du trône de Norvège.",995,"L'Ère Viking : Des Raids aux Royaumes","","VALIDATED_HISTORY","2026-03-04T07:23:47.259306+00:00"
819,"Mort du roi Sweyn à la Barbe Fourchue, conquérant de l'Angleterre","Sweyn Forkbeard, roi du Danemark et premier roi viking d'Angleterre, meurt subitement à Gainsborough le 3 février 1014. Sa mort précipite le retour d'Æthelred II sur le trône anglais.",1014,"L'Ère Viking : Des Raids aux Royaumes","","VALIDATED_HISTORY","2026-03-04T07:23:47.259306+00:00"
820,"Bataille de Nesjar et prise de pouvoir d'Olaf Haraldsson en Norvège","Olaf Haraldsson remporte la bataille navale de Nesjar contre le jarl Sweyn Haakonsson, dernier rival pour le contrôle de la Norvège. Il s'impose dès lors comme roi unique de Norvège sous le nom d'Olaf II.",1016,"L'Ère Viking : Des Raids aux Royaumes","","VALIDATED_HISTORY","2026-03-04T07:23:47.259306+00:00"
821,"Fondation de l'abbaye du Mont-Saint-Michel","Le duc de Normandie Richard Ier installe des moines bénédictins au Mont-Saint-Michel, transformant ce site en l'un des grands centres religieux de la chrétienté occidentale.",966,"L'Ère Viking : Des Raids aux Royaumes","","VALIDATED_HISTORY","2026-03-04T07:23:47.259306+00:00"
822,"Réhabilitation officielle de Galilée par le pape Jean-Paul II","Le 31 octobre 1992, le Vatican reconnaît officiellement l'erreur de la condamnation de Galilée en 1633, clôturant 359 ans de controverse autour de l'héliocentrisme.",1992,"La Révolution Scientifique et les Lumières : De la Renaissance à l'Encyclopédie","","VALIDATED_HISTORY","2026-03-04T07:23:47.259306+00:00"
823,"Mort de Michel-Ange à Rome","Le peintre, sculpteur et architecte Michel-Ange s'éteint le 18 février 1564 à Rome, à l'âge de 88 ans. Il laisse derrière lui des œuvres majeures comme la chapelle Sixtine et la Pietà.",1564,"La Révolution Scientifique et les Lumières : De la Renaissance à l'Encyclopédie","","VALIDATED_HISTORY","2026-03-04T07:23:47.259306+00:00"
824,"Publication des 'Essais' de Montaigne","Michel de Montaigne publie les deux premiers livres de ses Essais le 1er mars 1580. Cette œuvre introspective fonde un nouveau genre littéraire et philosophique centré sur l'examen de soi.",1580,"La Révolution Scientifique et les Lumières : De la Renaissance à l'Encyclopédie","","VALIDATED_HISTORY","2026-03-04T07:23:47.259306+00:00"
825,"Signature du traité de Lunéville","Le 9 février 1801, la France et l'Autriche signent le traité de Lunéville, confirmant la domination française sur l'Italie et la rive gauche du Rhin. Ce traité consolide les conquêtes révolutionnaires et renforce le prestige de Bonaparte.",1801,"L'Épopée Napoléonienne : Des Guerres de la Révolution à l'Empire et sa Chute","","VALIDATED_HISTORY","2026-03-04T07:23:47.259306+00:00"
826,"Signature du traité d'Amiens avec la Grande-Bretagne","Le 25 mars 1802, la France et la Grande-Bretagne signent le traité d'Amiens, instaurant une paix générale en Europe. C'est la seule période de paix entre les deux nations durant toute l'ère napoléonienne.",1802,"L'Épopée Napoléonienne : Des Guerres de la Révolution à l'Empire et sa Chute","","VALIDATED_HISTORY","2026-03-04T07:23:47.259306+00:00"
827,"Promulgation de la Constitution de l'an X","Le 4 août 1802, une nouvelle Constitution renforce encore les pouvoirs de Napoléon Bonaparte, désormais Consul à vie. Elle lui accorde notamment le droit de désigner son successeur et de dissoudre les assemblées.",1802,"L'Épopée Napoléonienne : Des Guerres de la Révolution à l'Empire et sa Chute","","VALIDATED_HISTORY","2026-03-04T07:23:47.259306+00:00"
828,"Armistice de Pläswitz","Le 4 juin 1813, Napoléon et les coalisés signent l'armistice de Pläswitz, suspendant les combats. Cette trêve permettra à l'Autriche de rejoindre la coalition contre la France.",1813,"L'Épopée Napoléonienne : Des Guerres de la Révolution à l'Empire et sa Chute","","VALIDATED_HISTORY","2026-03-04T07:23:47.259306+00:00"
829,"Prise de Paris par les coalisés","Le 31 mars 1814, les armées de la Sixième Coalition entrent dans Paris après la capitulation de la ville. C'est la première fois depuis 1418 que la capitale française tombe aux mains d'un ennemi étranger.",1814,"L'Épopée Napoléonienne : Des Guerres de la Révolution à l'Empire et sa Chute","","VALIDATED_HISTORY","2026-03-04T07:23:47.259306+00:00"
830,"Signature du premier traité de Paris","Le 30 mai 1814, la France et les puissances de la Sixième Coalition signent le premier traité de Paris. La France retrouve ses frontières de 1792 et la monarchie des Bourbons est restaurée avec Louis XVIII.",1814,"L'Épopée Napoléonienne : Des Guerres de la Révolution à l'Empire et sa Chute","","VALIDATED_HISTORY","2026-03-04T07:23:47.259306+00:00"
831,"Traité de La Haye avec les Provinces-Unies","Le 16 mai 1795, la France impose le traité de La Haye aux Provinces-Unies, transformant les Pays-Bas en République batave, État satellite de la France révolutionnaire.",1795,"La Révolution Française : De la Bastille au Consulat","","VALIDATED_HISTORY","2026-03-04T07:23:47.259306+00:00"
832,"Coup d'État du 18 Fructidor An V","Le 4 septembre 1797, trois directeurs républicains, appuyés par l'armée de Bonaparte, annulent les élections favorables aux royalistes et déportent leurs adversaires politiques en Guyane.",1797,"La Révolution Française : De la Bastille au Consulat","","VALIDATED_HISTORY","2026-03-04T07:23:47.259306+00:00"
833,"Rencontre Hitler-Franco à Hendaye","Le 23 octobre 1940, Adolf Hitler rencontre Francisco Franco à Hendaye pour tenter de convaincre l'Espagne d'entrer en guerre. Franco refuse de s'engager, maintenant l'Espagne dans une neutralité bienveillante.",1940,"Les Guerres Mondiales : De Sarajevo à la Victoire des Alliés","","VALIDATED_HISTORY","2026-03-04T07:23:47.259306+00:00"
834,"Débarquement allié en Italie continentale (Opération Baytown)","Le 3 septembre 1943, les forces britanniques traversent le détroit de Messine et débarquent en Calabre, amorçant la campagne sur le continent italien.",1943,"Les Guerres Mondiales : De Sarajevo à la Victoire des Alliés","","VALIDATED_HISTORY","2026-03-04T07:23:47.259306+00:00"
835,"Premier satellite de navigation militaire opérationnel (Transit 1B)","Le 13 avril 1960, les États-Unis lancent Transit 1B, premier satellite de navigation fonctionnel, ancêtre direct du GPS moderne.",1960,"La Conquête Spatiale : De Spoutnik aux Premiers Pas sur la Lune","","VALIDATED_HISTORY","2026-03-04T07:23:47.259306+00:00"
836,"Lancement du premier satellite chinois (Dong Fang Hong 1)","Le 24 avril 1970, la Chine place en orbite son premier satellite, diffusant depuis l'espace la chanson révolutionnaire 'L'Orient est rouge'.",1970,"La Conquête Spatiale : De Spoutnik aux Premiers Pas sur la Lune","","VALIDATED_HISTORY","2026-03-04T07:23:47.259306+00:00"
837,"Lancement du premier satellite britannique (Prospero)","Le 28 octobre 1971, le Royaume-Uni lance Prospero depuis l'Australie, devenant la sixième nation à placer un satellite en orbite avec son propre lanceur.",1971,"La Conquête Spatiale : De Spoutnik aux Premiers Pas sur la Lune","","VALIDATED_HISTORY","2026-03-04T07:23:47.259306+00:00"
838,"Premier vol en tandem de vaisseaux soviétiques (Vostok 3 et 4)","Les 11 et 12 août 1962, les cosmonautes Andreï Nikolaïev et Pavel Popovitch sont lancés à bord de Vostok 3 et 4, réalisant le premier vol spatial en tandem de l'histoire.",1962,"La Conquête Spatiale : De Spoutnik aux Premiers Pas sur la Lune","","VALIDATED_HISTORY","2026-03-04T07:23:47.259306+00:00"
839,"Premier amarrage spatial de l'histoire (Gemini 8)","Le 16 mars 1966, Neil Armstrong et David Scott réalisent le premier amarrage entre deux engins spatiaux, Gemini 8 s'arrimant à une fusée-cible Agena.",1966,"La Conquête Spatiale : De Spoutnik aux Premiers Pas sur la Lune","","VALIDATED_HISTORY","2026-03-04T07:23:47.259306+00:00"
840,"Première utilisation d'un scaphandre autonome dans l'espace (Gemini 11)","Le 13 septembre 1966, Richard Gordon effectue une sortie extravéhiculaire depuis Gemini 11 et attache un câble de remorquage à la fusée Agena, testant de nouvelles techniques de travail spatial.",1966,"La Conquête Spatiale : De Spoutnik aux Premiers Pas sur la Lune","","VALIDATED_HISTORY","2026-03-04T07:23:47.259306+00:00"
841,"Premier vol sans équipage de la fusée Saturn V","Le 9 novembre 1967, la fusée Saturn V effectue son premier vol d'essai non habité (mission Apollo 4). Ce test valide la puissance du lanceur destiné à envoyer des hommes vers la Lune.",1967,"La Conquête Spatiale : De Spoutnik aux Premiers Pas sur la Lune","","VALIDATED_HISTORY","2026-03-04T07:23:47.259306+00:00"
842,"Deuxième vol d'essai non habité de Saturn V (Apollo 6)","Le 4 avril 1968, la fusée Saturn V effectue son second vol sans équipage (Apollo 6). Malgré des anomalies moteur, le vol fournit des données cruciales pour la qualification du lanceur.",1968,"La Conquête Spatiale : De Spoutnik aux Premiers Pas sur la Lune","","VALIDATED_HISTORY","2026-03-04T07:23:47.259306+00:00"
843,"Création du Centre de contrôle de mission de Houston pour Apollo","Le 1er juin 1965, le Mission Control Center de Houston (Texas) devient officiellement opérationnel pour les missions spatiales habitées. Il prendra en charge toutes les missions Apollo depuis le décollage.",1965,"La Conquête Spatiale : De Spoutnik aux Premiers Pas sur la Lune","","VALIDATED_HISTORY","2026-03-04T07:23:47.259306+00:00"
844,"Sélection du site d'alunissage pour Apollo par la NASA","En juillet 1968, la NASA sélectionne officiellement la mer de la Tranquillité comme site d'alunissage prioritaire pour la mission Apollo 11. Ce choix repose sur les données des sondes Surveyor et Lunar Orbiter.",1968,"La Conquête Spatiale : De Spoutnik aux Premiers Pas sur la Lune","","VALIDATED_HISTORY","2026-03-04T07:23:47.271676+00:00"
845,"Fondation du comté de Tripoli","Raymond IV de Saint-Gilles entreprend la conquête de Tripoli en 1102 et pose les bases du comté de Tripoli. Ce dernier État latin d'Orient est officiellement constitué après la prise de la ville en 1109.",1102,"Les Croisades : De la Reconquête à la Défense de la Terre Sainte","","VALIDATED_HISTORY","2026-03-04T07:23:47.271676+00:00"
846,"Bataille de Harran, défaite croisée","Le 7 mai 1104, les forces croisées de Bohémond d'Antioche et de Baudouin du Bourg sont écrasées à Harran par les Seldjoukides. Cette défaite stoppe l'expansion des États latins vers l'est et marque un tournant défensif.",1104,"Les Croisades : De la Reconquête à la Défense de la Terre Sainte","","VALIDATED_HISTORY","2026-03-04T07:23:47.271676+00:00"
847,"Mort de Godefroy de Bouillon","Godefroy de Bouillon, premier souverain du royaume de Jérusalem, meurt le 18 juillet 1100. Son frère Baudouin Ier lui succède et prend officiellement le titre de roi de Jérusalem.",1100,"Les Croisades : De la Reconquête à la Défense de la Terre Sainte","","VALIDATED_HISTORY","2026-03-04T07:23:47.271676+00:00"
848,"Prise de Tripoli par les croisés","Les croisés s'emparent de la ville de Tripoli le 12 juillet 1109, achevant la fondation du comté de Tripoli. Cette conquête complète le dispositif des quatre États latins d'Orient en Terre sainte.",1109,"Les Croisades : De la Reconquête à la Défense de la Terre Sainte","","VALIDATED_HISTORY","2026-03-04T07:23:47.271676+00:00"
849,"Bataille de Sarmada, mort de Roger d'Antioche","Le 28 juin 1119, l'armée d'Antioche est anéantie par l'Ortoqide Ilghazi à la bataille de Sarmada, dite 'Champ de Sang'. Le prince Roger d'Antioche périt dans la bataille, laissant la principauté sans défense.",1119,"Les Croisades : De la Reconquête à la Défense de la Terre Sainte","","VALIDATED_HISTORY","2026-03-04T07:23:47.271676+00:00"
850,"Mort de Baudouin II de Jérusalem","Baudouin II, roi de Jérusalem, meurt le 21 août 1131 après un règne marqué par la consolidation des États latins. Sa fille Mélisende lui succède, régnant conjointement avec son époux Foulques d'Anjou.",1131,"Les Croisades : De la Reconquête à la Défense de la Terre Sainte","","VALIDATED_HISTORY","2026-03-04T07:23:47.271676+00:00"
851,"Prise d'Édesse par Zengui","Le 24 décembre 1144, l'atabeg de Mossoul Imad ad-Din Zengui s'empare d'Édesse, capitale du premier comté latin d'Orient. Cette chute provoque un choc en Occident et déclenche la deuxième croisade.",1144,"Les Croisades : De la Reconquête à la Défense de la Terre Sainte","","VALIDATED_HISTORY","2026-03-04T07:23:47.271676+00:00"
852,"Mort du doge Enrico Dandolo à Constantinople","En juin 1205, Enrico Dandolo, architecte vénitien de la déviation de la quatrième croisade, meurt à Constantinople à plus de 90 ans. Il est enterré dans la basilique Sainte-Sophie.",1205,"Les Croisades : De la Reconquête à la Défense de la Terre Sainte","","VALIDATED_HISTORY","2026-03-04T07:23:47.271676+00:00"
853,"Débarquement des croisés de la cinquième croisade en Égypte","En mai 1218, les croisés de la cinquième croisade débarquent près de Damiette en Égypte. Leur objectif est de s'emparer de l'Égypte pour l'échanger contre Jérusalem.",1218,"Les Croisades : De la Reconquête à la Défense de la Terre Sainte","","VALIDATED_HISTORY","2026-03-04T07:23:47.271676+00:00"
854,"Prise de Damiette par les croisés","Le 5 novembre 1219, les croisés s'emparent de la ville de Damiette en Égypte après un long siège. Cette victoire ouvre la voie vers Le Caire mais sera mal exploitée.",1219,"Les Croisades : De la Reconquête à la Défense de la Terre Sainte","","VALIDATED_HISTORY","2026-03-04T07:23:47.271676+00:00"
855,"Rencontre de François d'Assise et du sultan al-Kamil","En septembre 1219, François d'Assise traverse les lignes ennemies pour rencontrer le sultan ayyoubide al-Kamil d'Égypte. Cet épisode pacifiste unique reste célèbre dans l'histoire des croisades.",1219,"Les Croisades : De la Reconquête à la Défense de la Terre Sainte","","VALIDATED_HISTORY","2026-03-04T07:23:47.271676+00:00"
856,"Défaite des croisés à la bataille de Mansourah","Le 26 août 1221, l'armée croisée est encerclée et écrasée par les forces ayyoubides à Mansourah. Les croisés doivent rendre Damiette et quitter l'Égypte, mettant fin à la cinquième croisade.",1221,"Les Croisades : De la Reconquête à la Défense de la Terre Sainte","","VALIDATED_HISTORY","2026-03-04T07:23:47.271676+00:00"
857,"Abel Tasman découvre la Nouvelle-Zélande","Le 13 décembre 1642, le navigateur néerlandais Abel Tasman aperçoit pour la première fois les côtes de la Nouvelle-Zélande, qu'il nomme Staaten Landt, étendant la connaissance européenne du Pacifique.",1642,"L'Ère des Grandes Découvertes et l'Établissement des Empires Coloniaux","","VALIDATED_HISTORY","2026-03-04T07:23:47.271676+00:00"
858,"Première expédition française en Antarctique (Bouvet de Lozier)","Le 1er janvier 1739, Jean-Baptiste Charles Bouvet de Lozier découvre l'île qui portera son nom dans l'Atlantique Sud, lors d'une expédition française cherchant un continent austral.",1738,"L'Ère des Grandes Découvertes et l'Établissement des Empires Coloniaux","","VALIDATED_HISTORY","2026-03-04T07:23:47.271676+00:00"
859,"Débarquement de la première flotte britannique en Australie","Le 26 janvier 1788, la First Fleet commandée par Arthur Phillip accoste à Sydney Cove, fondant la première colonie pénitentiaire britannique en Australie, date célébrée comme fête nationale australienne.",1788,"L'Ère des Grandes Découvertes et l'Établissement des Empires Coloniaux","","VALIDATED_HISTORY","2026-03-04T07:23:47.271676+00:00"
860,"Première expédition négrière portugaise vers les Amériques","Le premier navire négrier documenté transporte des esclaves africains directement vers le Brésil, inaugurant la traite transatlantique organisée. Ce voyage marque le début d'un commerce qui durera trois siècles.",1526,"L'Ère des Grandes Découvertes et l'Établissement des Empires Coloniaux","","VALIDATED_HISTORY","2026-03-04T07:23:47.271676+00:00"
861,"Fondation de la première plantation sucrière de la Barbade","Les colons anglais établissent les premières plantations à la Barbade, île qui deviendra le modèle du système de plantation esclavagiste dans les Caraïbes britanniques.",1627,"L'Ère des Grandes Découvertes et l'Établissement des Empires Coloniaux","","VALIDATED_HISTORY","2026-03-04T07:23:47.271676+00:00"
862,"Révolte des esclaves de la Barbade","Une rébellion d'esclaves éclate à la Barbade, l'une des premières révoltes organisées dans les colonies anglaises des Caraïbes. Elle est violemment réprimée par les planteurs.",1649,"L'Ère des Grandes Découvertes et l'Établissement des Empires Coloniaux","","VALIDATED_HISTORY","2026-03-04T07:23:47.271676+00:00"
863,"Fondation de la Royal African Company","Charles II d'Angleterre accorde une charte royale à la Royal African Company, lui conférant le monopole du commerce des esclaves africains vers les colonies anglaises d'Amérique.",1672,"L'Ère des Grandes Découvertes et l'Établissement des Empires Coloniaux","","VALIDATED_HISTORY","2026-03-04T07:23:47.271676+00:00"
864,"Révolte de Stono en Caroline du Sud","Le 9 septembre 1739, une centaine d'esclaves menés par Jemmy se soulèvent près de Charleston, tuant une vingtaine de colons avant d'être écrasés. C'est la plus grande révolte d'esclaves dans les colonies britanniques d'Amérique.",1739,"L'Ère des Grandes Découvertes et l'Établissement des Empires Coloniaux","","VALIDATED_HISTORY","2026-03-04T07:23:47.271676+00:00"
865,"Publication de 'Description de la Nigritie' par Labat","Le père Jean-Baptiste Labat publie un ouvrage décrivant les pratiques esclavagistes en Afrique de l'Ouest et dans les Caraïbes, contribuant à la documentation du commerce triangulaire.",1728,"L'Ère des Grandes Découvertes et l'Établissement des Empires Coloniaux","","VALIDATED_HISTORY","2026-03-04T07:23:47.271676+00:00"
866,"Ouverture du port de Nantes au commerce négrier","Richelieu autorise officiellement les armateurs français, notamment nantais, à participer à la traite négrière transatlantique. Nantes deviendra le premier port négrier français.",1642,"L'Ère des Grandes Découvertes et l'Établissement des Empires Coloniaux","","VALIDATED_HISTORY","2026-03-04T07:23:47.271676+00:00"
867,"Abolition du monopole de la Royal African Company","Le Parlement britannique met fin au monopole de la Royal African Company sur la traite négrière, ouvrant le commerce des esclaves à tous les marchands anglais. Le trafic s'intensifie immédiatement.",1698,"L'Ère des Grandes Découvertes et l'Établissement des Empires Coloniaux","","VALIDATED_HISTORY","2026-03-04T07:23:47.271676+00:00"
868,"Première loi anti-esclavagiste du Parlement britannique","Le Parlement britannique adopte le Slave Trade Act (loi Dolben) le 11 juillet 1788, limitant le nombre d'esclaves transportés par navire selon son tonnage. C'est la première restriction légale de la traite en Grande-Bretagne.",1788,"L'Ère des Grandes Découvertes et l'Établissement des Empires Coloniaux","","VALIDATED_HISTORY","2026-03-04T07:23:47.271676+00:00"
869,"Début de la révolution haïtienne","Dans la nuit du 22 au 23 août 1791, des milliers d'esclaves de Saint-Domingue se soulèvent lors de la cérémonie du Bois Caïman. Cette révolte marque le début de la révolution qui aboutira à l'indépendance d'Haïti.",1791,"L'Ère des Grandes Découvertes et l'Établissement des Empires Coloniaux","","VALIDATED_HISTORY","2026-03-04T07:23:47.271676+00:00"
870,"Fondation de la Compagnie française des Indes occidentales","Colbert fonde la Compagnie des Indes occidentales le 28 mai 1664, lui accordant le monopole du commerce avec les Antilles françaises, incluant la traite des esclaves africains.",1664,"L'Ère des Grandes Découvertes et l'Établissement des Empires Coloniaux","","VALIDATED_HISTORY","2026-03-04T07:23:47.271676+00:00"
871,"Publication de 'The Interesting Narrative' d'Olaudah Equiano","L'ancien esclave Olaudah Equiano publie le 1er mars 1789 à Londres son autobiographie, témoignage poignant de la traite négrière. L'ouvrage devient un outil majeur du mouvement abolitionniste britannique.",1789,"L'Ère des Grandes Découvertes et l'Établissement des Empires Coloniaux","","VALIDATED_HISTORY","2026-03-04T07:23:47.271676+00:00"
872,"Fondation de la Society for Effecting the Abolition of the Slave Trade","Le 22 mai 1787 à Londres, douze militants dont Thomas Clarkson et Granville Sharp fondent la première société abolitionniste britannique organisée, lançant une campagne publique sans précédent contre la traite.",1787,"L'Ère des Grandes Découvertes et l'Établissement des Empires Coloniaux","","VALIDATED_HISTORY","2026-03-04T07:23:47.271676+00:00"
873,"Fondation de la colonie du Cap par la VOC","Le 6 avril 1652, Jan van Riebeeck débarque à la pointe sud de l'Afrique au nom de la Compagnie néerlandaise des Indes orientales (VOC). Il y établit un comptoir de ravitaillement, fondant ce qui deviendra la colonie du Cap.",1652,"L'Ère des Grandes Découvertes et l'Établissement des Empires Coloniaux","","VALIDATED_HISTORY","2026-03-04T07:23:47.271676+00:00"
874,"Fondation de la Nouvelle-Orléans","Le 7 mai 1718, Jean-Baptiste Le Moyne de Bienville fonde la ville de La Nouvelle-Orléans en Louisiane française. La ville devient rapidement la capitale de la colonie et un carrefour commercial majeur.",1718,"L'Ère des Grandes Découvertes et l'Établissement des Empires Coloniaux","","VALIDATED_HISTORY","2026-03-04T07:23:47.271676+00:00"
875,"Prise de Louisbourg par les Britanniques","Le 17 juin 1745, la forteresse française de Louisbourg, sur l'île du Cap-Breton, capitule face aux forces britanniques et coloniales américaines. Cette victoire ouvre la voie au contrôle britannique du golfe du Saint-Laurent.",1745,"L'Ère des Grandes Découvertes et l'Établissement des Empires Coloniaux","","VALIDATED_HISTORY","2026-03-04T07:23:47.271676+00:00"
876,"Signature du Traité de Rio (Pacte interaméricain d'assistance mutuelle)","Le 2 septembre 1947, les États américains signent à Rio de Janeiro le premier traité de défense collective de l'après-guerre. Il pose les bases d'un dialogue régional pour la sécurité collective.",1947,"La Guerre Froide : De la Division de l'Europe à la Chute du Mur de Berlin","","VALIDATED_HISTORY","2026-03-04T07:23:47.271676+00:00"
877,"Création de la Commission de désarmement de l'ONU","Le 11 janvier 1952, l'Assemblée générale de l'ONU établit une commission unique chargée de superviser les négociations mondiales sur le désarmement. Elle remplace les organes précédents issus de 1945.",1952,"La Guerre Froide : De la Division de l'Europe à la Chute du Mur de Berlin","","VALIDATED_HISTORY","2026-03-04T07:23:47.271676+00:00"
878,"Ouverture de la première conférence de Genève au sommet (Eisenhower-Khrouchtchev)","Le 18 juillet 1955, les dirigeants des quatre grandes puissances se réunissent à Genève pour la première fois depuis 1945. Cette rencontre marque un dégel symbolique de la Guerre froide.",1955,"La Guerre Froide : De la Division de l'Europe à la Chute du Mur de Berlin","","VALIDATED_HISTORY","2026-03-04T07:23:47.271676+00:00"
879,"Signature du Traité sur l'Antarctique","Le 1er décembre 1959, douze nations signent à Washington un traité faisant de l'Antarctique une zone démilitarisée et dédiée à la science. C'est l'un des premiers accords de désarmement territorial de la Guerre froide.",1959,"La Guerre Froide : De la Division de l'Europe à la Chute du Mur de Berlin","","VALIDATED_HISTORY","2026-03-04T07:23:47.271676+00:00"
880,"Ouverture des négociations START à Genève","Le 29 juin 1982, les États-Unis et l'URSS entament à Genève les négociations sur la réduction des armements stratégiques (START). Elles visent pour la première fois une réduction réelle, et non une simple limitation.",1982,"La Guerre Froide : De la Division de l'Europe à la Chute du Mur de Berlin","","VALIDATED_HISTORY","2026-03-04T07:23:47.271676+00:00"
881,"Signature du Traité sur les forces armées conventionnelles en Europe (FCE)","Le 19 novembre 1990, 22 nations de l'OTAN et du Pacte de Varsovie signent à Paris le Traité FCE. Il fixe des plafonds stricts sur les armements conventionnels de l'Atlantique à l'Oural.",1990,"La Guerre Froide : De la Division de l'Europe à la Chute du Mur de Berlin","","VALIDATED_HISTORY","2026-03-04T07:23:47.271676+00:00"
882,"Signature du Traité START I entre les États-Unis et l'URSS","Le 31 juillet 1991, Bush et Gorbatchev signent à Moscou le premier traité de réduction effective des armements stratégiques. Il prévoit une diminution d'environ 30 % des ogives nucléaires de chaque côté.",1991,"La Guerre Froide : De la Division de l'Europe à la Chute du Mur de Berlin","","VALIDATED_HISTORY","2026-03-04T07:23:47.271676+00:00"
883,"Capture de la Jamaïque par les Anglais","L'Angleterre prend le contrôle de la Jamaïque, ouvrant la voie à l'établissement de Port Royal comme base navale et plaque tournante du commerce, y compris pour les activités de flibuste et de piraterie. Cette prise marque un tournant dans l'histoire de la région.",1655,"L'Âge d'Or de la Piraterie","","PENDING","2026-03-04T07:23:47.271676+00:00"
884,"Henry Morgan devient lieutenant-gouverneur de Jamaïque","L'ancien flibustier Henry Morgan, connu pour ses raids audacieux, est nommé lieutenant-gouverneur de la Jamaïque. Cette nomination symbolise l'intégration progressive des pirates dans le système colonial anglais.",1674,"L'Âge d'Or de la Piraterie","","PENDING","2026-03-04T07:23:47.271676+00:00"
885,"Tremblement de terre de Jamaïque","Un puissant tremblement de terre frappe Port Royal, détruisant une grande partie de la ville et entraînant un tsunami. Cet événement marque le déclin de Port Royal comme principal centre de piraterie.",1692,"L'Âge d'Or de la Piraterie","","PENDING","2026-03-04T07:23:47.271676+00:00"
886,"Fondation de Kingston","Kingston est fondée après le tremblement de terre qui a détruit Port Royal. Elle devient rapidement le nouveau centre économique et administratif de la Jamaïque, éclipsant Port Royal.",1693,"L'Âge d'Or de la Piraterie","","PENDING","2026-03-04T07:23:47.271676+00:00"
887,"Exécution de Calico Jack et de son équipage","Le pirate John Rackham, plus connu sous le nom de Calico Jack, et plusieurs membres de son équipage, dont les femmes pirates Anne Bonny et Mary Read, sont exécutés à Port Royal. Cet événement marque une étape dans la répression de la piraterie dans les Caraïbes.",1720,"L'Âge d'Or de la Piraterie","","PENDING","2026-03-04T07:23:47.271676+00:00"
888,"Henry Every capture le navire Mughal Ganj-i-Sawai","Le pirate anglais Henry Every et son équipage capturent le Ganj-i-Sawai, un navire de la flotte Mughal, provoquant une crise diplomatique entre l'Angleterre et l'Inde. Cet événement illustre l'audace croissante des pirates dans l'océan Indien après la Guerre de la Ligue d'Augsbourg.",1695,"L'Âge d'Or de la Piraterie","","PENDING","2026-03-04T07:23:47.271676+00:00"
889,"William Kidd reçoit une lettre de marque","Le capitaine William Kidd reçoit une lettre de marque du roi Guillaume III d'Angleterre pour chasser les pirates et les navires ennemis. Ironiquement, Kidd deviendra lui-même l'un des pirates les plus recherchés quelques années plus tard.",1696,"L'Âge d'Or de la Piraterie","","PENDING","2026-03-04T07:23:47.271676+00:00"
890,"Le Parlement anglais adopte l'Acte contre la piraterie (Act for the More Effectual Suppression of Piracy)","L'Acte contre la piraterie renforce les lois existantes et permet de juger les pirates devant des cours d'amirauté spéciales, sans jury. Cette loi visait à réprimer la piraterie croissante dans les colonies.",1700,"L'Âge d'Or de la Piraterie","","PENDING","2026-03-04T07:23:47.271676+00:00"
891,"Blackbeard (Edward Teach) capture le navire français La Concorde","Le pirate anglais Edward Teach, plus connu sous le nom de Barbe Noire, capture le navire négrier français La Concorde et le renomme Queen Anne's Revenge. Il l'arme de 40 canons et en fait son navire amiral.",1717,"L'Âge d'Or de la Piraterie","","PENDING","2026-03-04T07:23:47.271676+00:00"
892,"Blocus de Charleston par Barbe Noire","Barbe Noire bloque le port de Charleston, en Caroline du Sud, pillant des navires et rançonnant la ville pour obtenir des médicaments.",1718,"L'Âge d'Or de la Piraterie","","PENDING","2026-03-04T07:23:47.271676+00:00"
893,"Bataille d'Ocracoke Island","Le lieutenant Robert Maynard attaque Barbe Noire et son équipage à Ocracoke Island. Barbe Noire est tué au cours de la bataille.",1718,"L'Âge d'Or de la Piraterie","","PENDING","2026-03-04T07:23:47.271676+00:00"
894,"Exécution de Stede Bonnet","Stede Bonnet, surnommé le « gentleman pirate », est pendu à White Point, Charleston, pour piraterie.",1718,"L'Âge d'Or de la Piraterie","","PENDING","2026-03-04T07:23:47.283022+00:00"
898,"Début du règne de Louis XV","Louis XV devient roi de France à l'âge de cinq ans, après la mort de Louis XIV. Une régence est mise en place jusqu'à sa majorité.",1715,"L'Âge d'Or de la Piraterie","","PENDING","2026-03-04T07:23:47.283022+00:00"
899,"Exécution de 26 pirates à Newport, Rhode Island","Vingt-six membres de l'équipage du pirate John Brown sont pendus à Newport, Rhode Island. Il s'agit d'une des plus grandes exécutions massives de pirates en Amérique du Nord.",1723,"L'Âge d'Or de la Piraterie","","PENDING","2026-03-04T07:23:47.283022+00:00"
900,"Début du procès de Charles Vane","Le pirate Charles Vane, capturé en février, est jugé à Spanish Town, Jamaïque. Il est reconnu coupable de piraterie et condamné à mort.",1721,"L'Âge d'Or de la Piraterie","","PENDING","2026-03-04T07:23:47.283022+00:00"
901,"Exécution de William Fly","Le pirate William Fly est pendu à Boston. Son corps est exposé en public comme avertissement aux autres marins tentés par la piraterie.",1726,"L'Âge d'Or de la Piraterie","","PENDING","2026-03-04T07:23:47.283022+00:00"
902,"Construction du Fort Navidad","Le Fort Navidad est construit sur l'île d'Hispaniola (actuelle Haïti et République dominicaine) à partir des restes de la Santa Maria, qui a fait naufrage. Il devient le premier établissement européen dans le Nouveau Monde.",1492,"Les Grandes Découvertes : Exploration du Monde et Colonisation Européenne","","PENDING","2026-03-04T07:23:47.283022+00:00"
903,"Amerigo Vespucci aperçoit la baie de Rio de Janeiro","L'explorateur Amerigo Vespucci, lors d'une expédition portugaise, aperçoit la baie de Rio de Janeiro, qu'il nomme ainsi car il pense l'avoir découverte en janvier. Ses voyages contribuent à la cartographie et à la compréhension du continent américain.",1502,"Les Grandes Découvertes : Exploration du Monde et Colonisation Européenne","","PENDING","2026-03-04T07:23:47.283022+00:00"
904,"Fondation de la ville de Panama","La ville de Panama est fondée par les conquistadors espagnols sur la côte Pacifique de l'isthme de Panama. Elle devient rapidement un point de transit crucial pour l'or et l'argent pillés aux Incas.",1519,"Les Grandes Découvertes : Exploration du Monde et Colonisation Européenne","","PENDING","2026-03-04T07:23:47.283022+00:00"
905,"Début du règne de Charles III d'Espagne","Charles III accède au trône d'Espagne. Son règne est marqué par des réformes importantes visant à moderniser l'empire espagnol, y compris ses colonies en Amérique.",1759,"Les Grandes Découvertes : Exploration du Monde et Colonisation Européenne","","PENDING","2026-03-04T07:23:47.283022+00:00"
906,"Arrivée des premiers navires de la Compagnie anglaise des Indes orientales à Surat","Les premiers navires de la Compagnie anglaise des Indes orientales arrivent à Surat, en Inde, marquant le début de ses opérations commerciales sur le sous-continent indien. William Hawkins, capitaine du navire 'Hector', cherche à obtenir des droits commerciaux auprès de l'empereur moghol Jahangir.",1608,"Les Grandes Découvertes : Exploration du Monde et Colonisation Européenne","","PENDING","2026-03-04T07:23:47.283022+00:00"
907,"Adoption du Regulating Act","Le Parlement britannique adopte le Regulating Act de 1773, la première tentative significative du gouvernement britannique de contrôler les affaires de la Compagnie anglaise des Indes orientales. Il établit un gouverneur général du Bengale et une Cour suprême à Calcutta.",1773,"Les Grandes Découvertes : Exploration du Monde et Colonisation Européenne","","PENDING","2026-03-04T07:23:47.283022+00:00"
908,"Adoption du Pitt's India Act","Le Parlement britannique adopte le Pitt's India Act, qui établit un double système de contrôle de la Compagnie anglaise des Indes orientales, partageant le pouvoir entre la Compagnie et un Board of Control nommé par le gouvernement britannique. Ceci renforce le contrôle de l'État britannique sur les affaires de la Compagnie.",1784,"Les Grandes Découvertes : Exploration du Monde et Colonisation Européenne","","PENDING","2026-03-04T07:23:47.283022+00:00"
909,"Premier vol public des frères Wright en France","Wilbur Wright effectue une série de démonstrations de vol au Mans, en France. Ces vols impressionnent le public européen et stimulent l'intérêt pour l'aviation.",1908,"La Conquête de l'Air : Des premiers vols aux Jets Commerciaux","","PENDING","2026-03-04T07:23:47.283022+00:00"
910,"Création de la Wright Company","Les frères Wright fondent la Wright Company pour produire et commercialiser leurs avions. C'est l'une des premières entreprises aéronautiques au monde.",1909,"La Conquête de l'Air : Des premiers vols aux Jets Commerciaux","","PENDING","2026-03-04T07:23:47.283022+00:00"
911,"Décès d'Orville Wright","Orville Wright, le cadet des frères Wright, décède à Dayton, Ohio. Son décès marque la fin d'une époque pour l'aviation.",1948,"La Conquête de l'Air : Des premiers vols aux Jets Commerciaux","","PENDING","2026-03-04T07:23:47.283022+00:00"
912,"Création de la Royal Air Force (RAF)","Le 1er avril, le Royal Flying Corps et le Royal Naval Air Service sont fusionnés pour former la Royal Air Force, la première force aérienne indépendante au monde.",1918,"La Conquête de l'Air : Des premiers vols aux Jets Commerciaux","","IMAGE_DONE","2026-03-04T07:23:47.283022+00:00"
913,"Fondation de la compagnie aérienne KLM (Koninklijke Luchtvaart Maatschappij)","La KLM, la plus ancienne compagnie aérienne encore en activité sous son nom d'origine, est fondée aux Pays-Bas. Elle joue un rôle majeur dans le développement du transport aérien commercial.",1919,"La Conquête de l'Air : Des premiers vols aux Jets Commerciaux","","PENDING","2026-03-04T07:23:47.283022+00:00"
914,"Premier vol commercial régulier aux États-Unis","La St. Petersburg-Tampa Airboat Line effectue le premier vol commercial régulier aux États-Unis, reliant St. Petersburg et Tampa en Floride avec un hydravion Benoist XIV.",1914,"La Conquête de l'Air : Des premiers vols aux Jets Commerciaux","","PENDING","2026-03-04T07:23:47.283022+00:00"
915,"Premier vol transcontinental de nuit aux États-Unis (US Air Mail)","Le service postal aérien américain (US Air Mail) réalise le premier vol transcontinental de nuit, reliant New York à San Francisco, marquant une étape importante pour le transport aérien.",1921,"La Conquête de l'Air : Des premiers vols aux Jets Commerciaux","","PENDING","2026-03-04T07:23:47.283022+00:00"
916,"Premier vol de l'avion de ligne Ford Trimotor","Le Ford Trimotor, un avion de ligne trimoteur en métal, effectue son premier vol. Il devient un symbole de l'aviation commerciale des années 1920 et 1930.",1926,"La Conquête de l'Air : Des premiers vols aux Jets Commerciaux","","PENDING","2026-03-04T07:23:47.283022+00:00"
917,"Premier vol du Lockheed P-38 Lightning","Le Lockheed P-38 Lightning, un avion de chasse américain distinctif à double fuselage, effectue son premier vol. Il deviendra un avion polyvalent important pendant la guerre.",1939,"La Conquête de l'Air : Des premiers vols aux Jets Commerciaux","","PENDING","2026-03-04T07:23:47.283022+00:00"
918,"Début de la production du bombardier Avro Lancaster","Lancement de la production du bombardier lourd Avro Lancaster, un avion britannique qui jouera un rôle crucial dans les bombardements stratégiques alliés contre l'Allemagne.",1941,"La Conquête de l'Air : Des premiers vols aux Jets Commerciaux","","PENDING","2026-03-04T07:23:47.283022+00:00"
919,"Début de la production du Boeing B-29 Superfortress","Début de la production du Boeing B-29 Superfortress, un bombardier lourd américain à long rayon d'action utilisé pour bombarder le Japon pendant la Seconde Guerre mondiale.",1943,"La Conquête de l'Air : Des premiers vols aux Jets Commerciaux","","PENDING","2026-03-04T07:23:47.283022+00:00"
920,"Premier vol du Boeing 707","Le Boeing 707, un avion de ligne à réaction américain, effectue son premier vol. Il devient rapidement un symbole de l'aviation commerciale moderne.",1957,"La Conquête de l'Air : Des premiers vols aux Jets Commerciaux","","PENDING","2026-03-04T07:23:47.283022+00:00"
921,"Premier vol commercial du Boeing 707","Pan American World Airways (Pan Am) effectue le premier vol commercial du Boeing 707. Il relie New York à Paris.",1958,"La Conquête de l'Air : Des premiers vols aux Jets Commerciaux","","PENDING","2026-03-04T07:23:47.283022+00:00"
922,"Saccage de Noirmoutier (raid viking)","Les Vikings pillent l'île de Noirmoutier, un important centre monastique et commercial sur la côte atlantique de la France. Cet événement marque le début des raids vikings réguliers en France.",848,"L'essor et le déclin des Vikings : pillages, explorations et christianisation","","PENDING","2026-03-04T07:23:47.283022+00:00"
923,"Raid sur Hambourg","Une flotte viking remonte l'Elbe et pille Hambourg. La ville est incendiée et une grande partie de sa population est tuée ou capturée.",845,"L'essor et le déclin des Vikings : pillages, explorations et christianisation","","PENDING","2026-03-04T07:23:47.283022+00:00"
924,"Bataille de Brunanburh","Le roi anglais Æthelstan défait une coalition de Vikings et d'Écossais à Brunanburh. Cette victoire consolide le pouvoir anglais et marque un coup d'arrêt à l'expansion viking en Angleterre.",937,"L'essor et le déclin des Vikings : pillages, explorations et christianisation","","PENDING","2026-03-04T07:23:47.283022+00:00"
925,"Première messe de Noël au Vinland","Selon les sagas nordiques, Leif Erikson et son équipage passent l'hiver au Vinland et y célèbrent la messe de Noël, marquant potentiellement la première célébration chrétienne en Amérique du Nord.",1000,"L'essor et le déclin des Vikings : pillages, explorations et christianisation","","PENDING","2026-03-04T07:23:47.283022+00:00"
926,"Fondation de l'évêché de Skara","L'évêché de Skara est fondé en Suède, marquant une étape importante dans l'organisation de l'Église en Scandinavie.",1014,"L'essor et le déclin des Vikings : pillages, explorations et christianisation","","PENDING","2026-03-04T07:23:47.283022+00:00"
927,"Destruction du temple d'Uppsala (présumée)","Selon Adam de Brême, le temple païen d'Uppsala est détruit par le roi Inge l'Ancien. Cet événement symbolise la victoire du christianisme sur les anciennes croyances en Suède.",1087,"L'essor et le déclin des Vikings : pillages, explorations et christianisation","","PENDING","2026-03-04T07:23:47.283022+00:00"
928,"Bataille de Helgeå","Le roi Canut le Grand d'Angleterre et de Danemark, avec l'aide de troupes anglaises, affronte une armée suédoise et norvégienne à Helgeå (la localisation exacte est incertaine). Canut remporte une victoire décisive.",1026,"L'essor et le déclin des Vikings : pillages, explorations et christianisation","","PENDING","2026-03-04T07:23:47.283022+00:00"
929,"Traité de Madrid","L'Angleterre et l'Espagne signent le Traité de Madrid, visant à établir la paix et à définir les possessions coloniales dans les Caraïbes. Ce traité a indirectement affecté la piraterie en modifiant les relations entre les puissances européennes.",1670,"L'Âge d'Or de la Piraterie : Des Caraïbes aux Océans du Monde","","PENDING","2026-03-04T07:23:47.283022+00:00"
930,"Mort d'Henry Morgan","Henry Morgan, ancien pirate et lieutenant-gouverneur de Jamaïque, décède. Sa mort marque la fin d'une époque où la piraterie était tolérée, voire encouragée, par les autorités anglaises.",1688,"L'Âge d'Or de la Piraterie : Des Caraïbes aux Océans du Monde","","PENDING","2026-03-04T07:23:47.283022+00:00"
931,"Bataille de l'île de Crabe","Une force combinée espagnole et française attaque et détruit un campement de pirates anglais et hollandais sur l'île de Crabe (Vieques), marquant une tentative de répression de la piraterie dans les Caraïbes.",1703,"L'Âge d'Or de la Piraterie : Des Caraïbes aux Océans du Monde","","PENDING","2026-03-04T07:23:47.283022+00:00"
932,"Adoption de l'Acte contre la piraterie (Piracy Act 1717)","Le Parlement britannique adopte une loi renforçant les mesures contre la piraterie, offrant des récompenses pour la capture des pirates et établissant des tribunaux spéciaux pour les juger.",1717,"L'Âge d'Or de la Piraterie : Des Caraïbes aux Océans du Monde","","PENDING","2026-03-04T07:23:47.283022+00:00"
933,"Début du règne de George Ier de Grande-Bretagne","George Ier monte sur le trône de Grande-Bretagne après la mort de la reine Anne. Cet événement marque un changement dynastique important et une nouvelle ère politique.",1714,"L'Âge d'Or de la Piraterie : Des Caraïbes aux Océans du Monde","","PENDING","2026-03-04T07:23:47.283022+00:00"
934,"Bataille de l'île de la Providence","Le 17 avril, les forces espagnoles attaquent et reprennent l'île de la Providence, mettant fin à la tentative de colonie pirate et marquant un tournant dans la répression de la piraterie dans les Caraïbes.",1722,"L'Âge d'Or de la Piraterie : Des Caraïbes aux Océans du Monde","","PENDING","2026-03-04T07:23:47.283022+00:00"
936,"Fondation de la Compagnie d'Ostende","Le 19 décembre, l'empereur Charles VI fonde officiellement la Compagnie d'Ostende, une compagnie commerciale visant à concurrencer les puissances maritimes européennes en Asie.",1723,"L'Âge d'Or de la Piraterie : Des Caraïbes aux Océans du Monde","","PENDING","2026-03-04T07:23:47.283022+00:00"
937,"Lancement du HMS Royal George (1730)","Le 20 février, lancement du HMS Royal George, un navire de ligne de premier rang de 100 canons de la Royal Navy, reflétant l'évolution et le renforcement des marines royales européennes.",1730,"L'Âge d'Or de la Piraterie : Des Caraïbes aux Océans du Monde","","PENDING","2026-03-04T07:23:47.283022+00:00"
938,"Installation du module Columbus de l'ESA sur la Station Spatiale Internationale","La navette spatiale Atlantis livre et installe le module Columbus, le principal laboratoire de recherche européen de l'ISS. Il permet de mener des expériences scientifiques dans un environnement en microgravité.",2008,"La Conquête Spatiale : De Spoutnik à la Station Spatiale Internationale","","PENDING","2026-03-04T07:23:47.283022+00:00"
939,"Couronnement de Kanishka Ier, empereur Kushan","Kanishka Ier monte sur le trône, marquant le début d'une période d'expansion et d'influence majeure de l'Empire Kushan sur la Route de la Soie. Son règne est crucial pour le contrôle commercial et culturel de la région.",127,"La Route de la Soie : Échanges Commerciaux, Culturels et Militaires entre l'Orient et l'Occident","","PENDING","2026-03-04T07:23:47.283022+00:00"
940,"Construction du monastère de Hadda sous le règne de Kanishka Ier","Début de la construction du monastère bouddhiste de Hadda, près de Jalalabad (Afghanistan actuel). Il devient un centre important de diffusion du bouddhisme et un point clé sur la Route de la Soie.",130,"La Route de la Soie : Échanges Commerciaux, Culturels et Militaires entre l'Orient et l'Occident","","PENDING","2026-03-04T07:23:47.283022+00:00"
941,"Début du règne d'Huvishka, empereur Kushan","Huvishka succède à Kanishka Ier, poursuivant l'expansion et la consolidation de l'Empire Kushan. Son règne est marqué par une prospérité économique et un soutien continu au bouddhisme.",155,"La Route de la Soie : Échanges Commerciaux, Culturels et Militaires entre l'Orient et l'Occident","","PENDING","2026-03-04T07:23:47.283022+00:00"
942,"Début du règne de Vasudeva Ier, empereur Kushan","Vasudeva Ier monte sur le trône, marquant le début d'une période de déclin progressif de l'Empire Kushan. Son règne est le dernier dont on ait des preuves substantielles de la puissance Kushan.",225,"La Route de la Soie : Échanges Commerciaux, Culturels et Militaires entre l'Orient et l'Occident","","PENDING","2026-03-04T07:23:47.283022+00:00"
943,"Invasion de Shapur Ier et défaite de l'Empire Kushan","Shapur Ier, empereur sassanide, envahit les territoires Kushans et inflige une défaite significative à l'empire. Cet événement marque le début du démembrement de l'Empire Kushan et la perte de son contrôle sur certaines portions de la Route de la Soie.",241,"La Route de la Soie : Échanges Commerciaux, Culturels et Militaires entre l'Orient et l'Occident","","PENDING","2026-03-04T07:23:47.283022+00:00"
944,"Introduction de la sériciculture à Byzance par des moines (soie)","Des moines rapportent clandestinement des œufs de vers à soie de Chine à Constantinople, marquant le début de la production byzantine de soie. Cet événement met fin au monopole perse sur la soie en Occident.",552,"La Route de la Soie : Échanges Commerciaux, Culturels et Militaires entre l'Orient et l'Occident","","PENDING","2026-03-04T07:23:47.283022+00:00"
945,"Traité de Venise accordant des privilèges commerciaux à Venise (Byzance)","L'empereur Alexis Ier Comnène accorde d'importants privilèges commerciaux à Venise en échange d'une aide navale contre les Normands. Cela renforce la présence vénitienne dans le commerce byzantin, y compris celui de la soie.",1082,"La Route de la Soie : Échanges Commerciaux, Culturels et Militaires entre l'Orient et l'Occident","","PENDING","2026-03-04T07:23:47.294816+00:00"
946,"Interdiction de l'exportation de soie brute de Byzance (soie)","Une loi est promulguée interdisant l'exportation de soie brute de Byzance, dans le but de protéger l'industrie locale de transformation de la soie et de maintenir la qualité des produits finis.",1368,"La Route de la Soie : Échanges Commerciaux, Culturels et Militaires entre l'Orient et l'Occident","","PENDING","2026-03-04T07:23:47.294816+00:00"
947,"Traduction du Sūtra des Quarante-deux chapitres en chinois par Kasyapa Matanga et Dharmaratna à Luoyang","Première traduction connue d'un texte bouddhiste en chinois, marquant un point de départ significatif pour la diffusion du bouddhisme en Chine. L'événement s'est produit au Temple du Cheval Blanc à Luoyang.",67,"La Route de la Soie : Échanges Commerciaux, Culturels et Militaires entre l'Orient et l'Occident","","PENDING","2026-03-04T07:23:47.294816+00:00"
948,"Construction du Temple du Cheval Blanc (Baima Si) à Luoyang","Fondation du premier temple bouddhiste en Chine, commandée par l'empereur Ming des Han en l'honneur des moines Kasyapa Matanga et Dharmaratna. Le temple devient un centre important pour la traduction et la propagation des écritures bouddhistes.",68,"La Route de la Soie : Échanges Commerciaux, Culturels et Militaires entre l'Orient et l'Occident","","PENDING","2026-03-04T07:23:47.294816+00:00"
949,"Révolte des Turbans Rouges","Début de la Révolte des Turbans Rouges en Chine contre la dynastie Yuan mongole. Cette rébellion contribue à l'affaiblissement de la domination mongole et à la restauration de la dynastie Ming.",1351,"La Route de la Soie : Échanges Commerciaux, Culturels et Militaires entre l'Orient et l'Occident","","PENDING","2026-03-04T07:23:47.294816+00:00"
950,"Marco Polo est envoyé en mission diplomatique à Yangzhou","Kubilai Khan envoie Marco Polo en mission à Yangzhou, une ville importante de l'empire. Cette mission témoigne de la confiance accordée par le Khan au jeune Vénitien et lui permet d'approfondir sa connaissance de la Chine.",1282,"La Route de la Soie : Échanges Commerciaux, Culturels et Militaires entre l'Orient et l'Occident","","PENDING","2026-03-04T07:23:47.294816+00:00"
951,"Grève des ouvrières de Lowell (Lowell Mill Girls) contre les baisses de salaires","Cette grève est une des premières actions collectives des femmes dans l'industrie aux États-Unis. Elle témoigne de la résistance ouvrière face à la dégradation des conditions de travail.",1834,"La Révolution Industrielle : Innovations, Transformations sociales et Impérialisme (1760-1914)","","PENDING","2026-03-04T07:23:47.294816+00:00"
952,"Adoption du "Railway Regulation Act"","Le Parlement britannique adopte le "Railway Regulation Act", obligeant les compagnies ferroviaires à fournir des services de transport abordables pour les classes populaires. Cette loi a démocratisé l'accès au voyage en train et a favorisé la mobilité sociale.",1844,"La Révolution Industrielle : Innovations, Transformations sociales et Impérialisme (1760-1914)","","PENDING","2026-03-04T07:23:47.294816+00:00"
953,"Incorporation de Paramount Pictures (Famous Players-Lasky Corporation)","La Famous Players-Lasky Corporation, fondée par Adolph Zukor, fusionne avec la Jesse L. Lasky Feature Play Company pour former Paramount Pictures, consolidant ainsi sa position dans l'industrie cinématographique. Cet événement marque une étape clé dans la structuration des studios hollywoodiens.",1916,"L'Âge d'or d'Hollywood : Naissance et Apogée du Cinéma Américain","","PENDING","2026-03-04T07:23:47.294816+00:00"
954,"Première projection en couleurs par procédé Technicolor trichrome du film 'La Cucaracha'","Ce court métrage est le premier film utilisant le procédé Technicolor trichrome, une avancée significative dans la technologie de la couleur au cinéma. Il a ouvert la voie à l'utilisation plus répandue de la couleur dans les films.",1934,"L'Âge d'or d'Hollywood : Naissance et Apogée du Cinéma Américain","","PENDING","2026-03-04T07:23:47.294816+00:00"
955,"Sortie du film Le Roman de Renard","Premier long métrage d'animation français et l'un des premiers d'Europe. Réalisé par Władysław Starewicz, il est une adaptation du conte médiéval.",1930,"L'Âge d'or d'Hollywood : Naissance et Apogée du Cinéma Américain","","PENDING","2026-03-04T07:23:47.294816+00:00"
956,"Première du film 'Les Lumières de la ville' (City Lights) de Charlie Chaplin","Sortie du film muet de Charlie Chaplin, bien après l'avènement du parlant, mais contenant une bande sonore synchronisée. Il démontre la persistance et l'attrait du cinéma muet malgré la popularité croissante du cinéma sonore.",1931,"L'Âge d'or d'Hollywood : Naissance et Apogée du Cinéma Américain","","PENDING","2026-03-04T07:23:47.294816+00:00"
957,"Première diffusion du film 'Citizen Kane' à New York","La première diffusion de 'Citizen Kane' d'Orson Welles marque une étape importante dans l'histoire du cinéma. Le film explore les thèmes du pouvoir, de la richesse et de la solitude, et remet en question l'image idéalisée des personnalités publiques.",1941,"L'Âge d'or d'Hollywood : Naissance et Apogée du Cinéma Américain","","PENDING","2026-03-04T07:23:47.294816+00:00"
958,"Création du Bureau de l'information de guerre (Office of War Information - OWI)","Fondation de l'OWI par le gouvernement américain pour contrôler l'information et coordonner la propagande pendant la Seconde Guerre mondiale. L'OWI a joué un rôle crucial dans la production de films de guerre et de messages patriotiques à Hollywood.",1942,"L'Âge d'or d'Hollywood : Naissance et Apogée du Cinéma Américain","","PENDING","2026-03-04T07:23:47.294816+00:00"
959,"Paramount cède la majorité de son stock de films d'avant 1948 à MCA pour 50 millions de dollars","Cette vente massive de droits marque une étape importante dans le déclin du contrôle des studios sur leurs anciens films et ouvre la voie à la télévision et au marché de la vidéo. MCA (plus tard Universal) acquiert ainsi un catalogue précieux.",1958,"L'Âge d'or d'Hollywood : Naissance et Apogée du Cinéma Américain","","PENDING","2026-03-04T07:23:47.294816+00:00"
960,"Début du règne d'Itzcóatl, quatrième tlatoani de Tenochtitlan","Itzcóatl devient le quatrième tlatoani (roi) de Tenochtitlan. Son règne marque un tournant avec la destruction des registres historiques et la réécriture de l'histoire aztèque pour légitimer leur pouvoir.",1428,"L'Ascension et la Chute de l'Empire Aztèque : De la fondation de Tenochtitlan à la conquête espagnole","","PENDING","2026-03-04T07:23:47.294816+00:00"
961,"Formation de la Triple Alliance entre Tenochtitlan, Texcoco et Tlacopan","Tenochtitlan, Texcoco et Tlacopan s'unissent pour former la Triple Alliance, consolidant leur pouvoir militaire et politique dans la vallée de Mexico. Cette alliance marque le début de l'expansion impériale aztèque.",1428,"L'Ascension et la Chute de l'Empire Aztèque : De la fondation de Tenochtitlan à la conquête espagnole","","PENDING","2026-03-04T07:23:47.294816+00:00"
962,"Début du règne de Moctezuma I, cinquième tlatoani de Tenochtitlan","Moctezuma I (aussi appelé Moctezuma Ilhuicamina) accède au trône de Tenochtitlan. Son règne est marqué par d'importantes conquêtes militaires et des travaux d'infrastructure majeurs, comme la construction de digues.",1440,"L'Ascension et la Chute de l'Empire Aztèque : De la fondation de Tenochtitlan à la conquête espagnole","","PENDING","2026-03-04T07:23:47.294816+00:00"
963,"Conquête de Chalco par les Aztèques","Après des décennies de conflits, les forces aztèques sous Moctezuma Ier conquièrent finalement la cité-état de Chalco. Cette victoire consolide le contrôle aztèque sur la vallée de Mexico et ouvre de nouvelles routes commerciales.",1465,"L'Ascension et la Chute de l'Empire Aztèque : De la fondation de Tenochtitlan à la conquête espagnole","","PENDING","2026-03-04T07:23:47.294816+00:00"
964,"Début du règne d'Ahuitzotl en tant que huitième tlatoani de Tenochtitlan","Ahuitzotl succède à Tizoc et lance une période d'expansion militaire significative pour l'Empire Aztèque. Son règne marque l'apogée de la puissance aztèque.",1486,"L'Ascension et la Chute de l'Empire Aztèque : De la fondation de Tenochtitlan à la conquête espagnole","","PENDING","2026-03-04T07:23:47.294816+00:00"
965,"Couronnement de Moctezuma II à Tenochtitlan","Moctezuma Xocoyotzin, est intronisé empereur (Tlatoani) des Aztèques à Tenochtitlan, marquant le début de son règne caractérisé par des présages et des défis croissants.",1502,"L'Ascension et la Chute de l'Empire Aztèque : De la fondation de Tenochtitlan à la conquête espagnole","","PENDING","2026-03-04T07:23:47.294816+00:00"
984,"Présentation du prototype de la machine différentielle de Babbage à la Royal Astronomical Society","Charles Babbage présente un petit prototype fonctionnel de sa machine différentielle à la Royal Astronomical Society le 14 juin 1822. Cet événement marque la première démonstration publique du concept.",1822,"L'Histoire de l'Informatique : Des premiers calculateurs mécaniques à l'ère du smartphone","","PENDING","2026-03-04T07:23:47.294816+00:00"
985,"Publication du mémoire de Luigi Federico Menabrea sur la machine analytique de Babbage","Luigi Federico Menabrea publie en français un mémoire décrivant la machine analytique de Charles Babbage. Ada Lovelace traduit et annote ce mémoire, ajoutant des notes qui sont maintenant reconnues comme le premier algorithme destiné à être traité par une machine.",1842,"L'Histoire de l'Informatique : Des premiers calculateurs mécaniques à l'ère du smartphone","","PENDING","2026-03-04T07:23:47.294816+00:00"
986,"Achèvement de l'imprimante pour la machine différentielle n°2 de Babbage","Le Science Museum de Londres termine la construction de l'imprimante conçue par Babbage pour accompagner sa machine différentielle n°2. L'ensemble complet (machine et imprimante) fonctionne avec succès, produisant des tables mathématiques imprimées.",2000,"L'Histoire de l'Informatique : Des premiers calculateurs mécaniques à l'ère du smartphone","","PENDING","2026-03-04T07:23:47.294816+00:00"
987,"Publication de l'article de William Shockley sur la modulation d'amplitude ("A Theory of Amplitude Modulation Based on Square-Law Detection")","En 1948, William Shockley publie un article important jetant les bases théoriques du transistor à jonction, une amélioration significative par rapport au transistor à point de contact. Cet article a permis de mieux comprendre le fonctionnement des transistors.",1948,"L'Histoire de l'Informatique : Des premiers calculateurs mécaniques à l'ère du smartphone","","PENDING","2026-03-04T07:23:47.294816+00:00"
988,"Prix Nobel de physique décerné à John Bardeen, Walter Brattain et William Shockley pour l'invention du transistor","En 1956, John Bardeen, Walter Brattain et William Shockley reçoivent le prix Nobel de physique en reconnaissance de leur invention du transistor. Cette récompense souligne l'importance fondamentale de leur découverte pour la physique et l'électronique.",1956,"L'Histoire de l'Informatique : Des premiers calculateurs mécaniques à l'ère du smartphone","","PENDING","2026-03-04T07:23:47.294816+00:00"
989,"Lancement du tableur VisiCalc","Software Arts commercialise VisiCalc, le premier tableur largement diffusé. Il est considéré comme une application phare qui a contribué à la popularisation de l'ordinateur personnel dans les entreprises.",1979,"L'Histoire de l'Informatique : Des premiers calculateurs mécaniques à l'ère du smartphone","","PENDING","2026-03-04T07:23:47.294816+00:00"
1436,"Premier concert de Judas Priest","Judas Priest donne son premier concert, marquant le début de leur carrière et leur contribution significative au développement du heavy metal.",1971,"L'Histoire du Rock 'n' Roll : Des origines au phénomène mondial (1950-2010)","","PENDING","2026-03-04T07:23:47.406143+00:00"
990,"Assassinat du calife Uthman ibn Affan à Médine","Le 17 juin 656, le calife Uthman ibn Affan est assassiné par des rebelles à Médine. Cet événement déclenche la première Fitna, une guerre civile majeure au sein du califat.",656,"L'Expansion Arabe : Du Califat Omeyyade à l'Âge d'Or Islamique","","PENDING","2026-03-04T07:23:47.294816+00:00"
991,"Début du règne du calife Abd al-Malik","Abd al-Malik accède au califat omeyyade, marquant le début d'une période de consolidation et d'expansion territoriale accrue. Il met en place des réformes administratives et monétaires importantes.",685,"L'Expansion Arabe : Du Califat Omeyyade à l'Âge d'Or Islamique","","PENDING","2026-03-04T07:23:47.294816+00:00"
992,"Conquête de Carthage par les Omeyyades","Les forces omeyyades, sous le commandement d'Hassan ibn al-Nu'man, prennent Carthage, mettant fin à la présence byzantine en Afrique du Nord. Cette conquête ouvre la voie à l'expansion musulmane en Afrique du Nord.",698,"L'Expansion Arabe : Du Califat Omeyyade à l'Âge d'Or Islamique","","PENDING","2026-03-04T07:23:47.294816+00:00"
994,"Mort du dernier sultan Khwarazmien Jalal ad-Din","Jalal ad-Din, dernier sultan de l'empire Khwarazmien, meurt, marquant la fin de la résistance organisée contre l'expansion mongole en Perse. Son décès ouvre la voie à une plus grande influence mongole.",1231,"L'Expansion Arabe : Du Califat Omeyyade à l'Âge d'Or Islamique","","PENDING","2026-03-04T07:23:47.294816+00:00"
995,"Début du règne de Möngke Khan","Möngke Khan devient le quatrième Grand Khan de l'Empire mongol. Son règne est caractérisé par une expansion continue et une administration centralisée, préparant le terrain pour l'invasion de Bagdad.",1251,"L'Expansion Arabe : Du Califat Omeyyade à l'Âge d'Or Islamique","","PENDING","2026-03-04T07:23:47.294816+00:00"
1005,"Révolte des Turbans Jaunes menée par Zhang Jiao","La révolte des Turbans Jaunes, menée par Zhang Jiao, éclate en Chine. Bien que n'étant pas directement liée à la Route de la Soie, cette instabilité politique perturbe temporairement le commerce et les échanges le long de la route, affectant la sécurité des caravanes et des marchands.",184,"La Route de la Soie : Échanges, Découvertes et Guerres (IIe siècle AEC - XIVe siècle)","","PENDING","2026-03-04T07:23:47.294816+00:00"
1006,"Première traduction du Sutra des Guirlandes (Buddhavatamsaka Sutra) en chinois par Lokaksema","Lokaksema, un moine bouddhiste kushan, commence la traduction de textes bouddhistes importants, dont le Sutra des Guirlandes, marquant une étape cruciale dans la diffusion du bouddhisme Mahayana en Chine. Cette traduction a lieu à Luoyang.",179,"La Route de la Soie : Échanges, Découvertes et Guerres (IIe siècle AEC - XIVe siècle)","","PENDING","2026-03-04T07:23:47.294816+00:00"
1007,"Voyage de Faxian vers l'Inde à la recherche d'écritures bouddhistes","Le moine bouddhiste chinois Faxian entreprend un pèlerinage vers l'Inde à la recherche de textes bouddhistes. Son voyage et ses écrits contribuent à une meilleure compréhension du bouddhisme et des cultures indiennes en Chine.",399,"La Route de la Soie : Échanges, Découvertes et Guerres (IIe siècle AEC - XIVe siècle)","","PENDING","2026-03-04T07:23:47.294816+00:00"
1008,"Construction du temple de Nalanda sous le règne de Kumaragupta I","Kumaragupta I fonde le monastère de Nalanda, qui deviendra un centre majeur d'apprentissage bouddhiste et de philosophie en Inde. Il attire des érudits et des étudiants de toute l'Asie.",427,"La Route de la Soie : Échanges, Découvertes et Guerres (IIe siècle AEC - XIVe siècle)","","PENDING","2026-03-04T07:23:47.294816+00:00"
1009,"Révolte d'An Lushan, affaiblissant le contrôle Tang sur la Route de la Soie","La rébellion d'An Lushan, un général d'origine sogdienne, déstabilise la dynastie Tang et réduit son influence sur les régions occidentales. Cela perturbe temporairement le commerce sur la Route de la Soie.",755,"La Route de la Soie : Échanges, Découvertes et Guerres (IIe siècle AEC - XIVe siècle)","","PENDING","2026-03-04T07:23:47.294816+00:00"
1010,"Construction de la Grande Mosquée de Xi'an, témoignant de la présence musulmane et du commerce sur la Route de la Soie","La construction de la Grande Mosquée de Xi'an commence, reflétant l'influence croissante de l'islam en Chine et la présence de marchands musulmans le long de la Route de la Soie. Elle symbolise l'échange culturel et religieux.",742,"La Route de la Soie : Échanges, Découvertes et Guerres (IIe siècle AEC - XIVe siècle)","","PENDING","2026-03-04T07:23:47.294816+00:00"
1011,"Début du règne de Haroun al-Rachid, calife abbasside, favorisant le commerce et les échanges culturels avec la Chine via la Route de la Soie","Le règne de Haroun al-Rachid est marqué par une prospérité économique et un essor culturel. Il encourage les relations commerciales et diplomatiques avec la dynastie Tang, stimulant les échanges sur la Route de la Soie.",786,"La Route de la Soie : Échanges, Découvertes et Guerres (IIe siècle AEC - XIVe siècle)","","PENDING","2026-03-04T07:23:47.294816+00:00"
1012,"Bataille d'Aïn Djalout : les Mamelouks d'Égypte stoppent l'avancée mongole","Le 3 septembre 1260, la bataille d'Aïn Djalout voit la victoire des Mamelouks d'Égypte sur les forces mongoles. Cette bataille est cruciale car elle marque la première défaite significative des Mongols et stoppe leur expansion en Afrique du Nord et au Moyen-Orient.",1260,"La Route de la Soie : Échanges, Découvertes et Guerres (IIe siècle AEC - XIVe siècle)","","PENDING","2026-03-04T07:23:47.294816+00:00"
1013,"Marco Polo arrive à la cour de Kubilai Khan à Khanbaliq (Pékin)","En 1275, Marco Polo, accompagné de son père et de son oncle, arrive à la cour de Kubilai Khan à Khanbaliq (Pékin). Son séjour de 17 ans en Chine contribue à ouvrir la voie au commerce et aux échanges culturels entre l'Europe et l'Asie.",1275,"La Route de la Soie : Échanges, Découvertes et Guerres (IIe siècle AEC - XIVe siècle)","","PENDING","2026-03-04T07:23:47.294816+00:00"
1014,"Début du règne de Ghazan : réformes économiques et culturelles dans l'Ilkhanat","En 1295, Ghazan monte sur le trône de l'Ilkhanat et initie une série de réformes économiques et culturelles importantes. Sa conversion à l'islam et ses efforts pour stabiliser l'économie contribuent à la prospérité de la région et à la promotion des arts et des sciences.",1295,"La Route de la Soie : Échanges, Découvertes et Guerres (IIe siècle AEC - XIVe siècle)","","PENDING","2026-03-04T07:23:47.294816+00:00"
1015,"Mort d'Ibn Battuta","Le décès d'Ibn Battuta, célèbre explorateur et voyageur musulman qui a documenté ses voyages le long de la Route de la Soie, symbolise la fin d'une ère de connaissance directe et de témoignages sur cette route.",1368,"La Route de la Soie : Échanges, Découvertes et Guerres (IIe siècle AEC - XIVe siècle)","","PENDING","2026-03-04T07:23:47.294816+00:00"
1016,"Première réunion de l'Assemblée générale de Virginie à Jamestown","Cette assemblée est la première législature élue des colonies anglaises en Amérique du Nord. Elle marque un pas important vers l'autonomie gouvernementale.",1619,"La Colonisation Européenne des Amériques : De la découverte à l'Indépendance","","PENDING","2026-03-04T07:23:47.294816+00:00"
1017,"Première diffusion de l'émission "American Bandstand" à l'échelle nationale sur ABC","L'émission "American Bandstand", animée par Dick Clark, commence sa diffusion nationale sur ABC le 5 août. Elle devient une plateforme majeure pour la musique pop et rock 'n' roll, influençant les tendances musicales et vestimentaires de la jeunesse américaine.",1957,"L'Âge d'Or du Rock 'n' Roll : Naissance d'une culture mondiale (1954-1969)","","PENDING","2026-03-04T07:23:47.294816+00:00"
1018,"Inauguration du Disneyland Park à Anaheim, Californie","Le Disneyland Park ouvre ses portes le 17 juillet à Anaheim, Californie. Il devient rapidement une attraction emblématique et contribue à l'essor du tourisme et de la culture de divertissement en Californie.",1955,"L'Âge d'Or du Rock 'n' Roll : Naissance d'une culture mondiale (1954-1969)","","PENDING","2026-03-04T07:23:47.294816+00:00"
1019,"Sortie du film "Gidget"","Le film "Gidget", mettant en vedette Sandra Dee, sort en salle. Il popularise la culture surf auprès d'un public plus large et contribue à l'image de la Californie comme un paradis pour les surfeurs.",1959,"L'Âge d'Or du Rock 'n' Roll : Naissance d'une culture mondiale (1954-1969)","","PENDING","2026-03-04T07:23:47.294816+00:00"
1020,"Création du label Del-Fi Records par Bob Keane","Bob Keane fonde le label Del-Fi Records à Los Angeles. Le label joue un rôle important dans la promotion de la musique surf et des artistes rock 'n' roll émergents de la Californie.",1958,"L'Âge d'Or du Rock 'n' Roll : Naissance d'une culture mondiale (1954-1969)","","PENDING","2026-03-04T07:23:47.294816+00:00"
1021,"Ouverture du club de musique folk « Gerde's Folk City » à New York","Le club devient un lieu central pour la scène folk revival, accueillant des artistes tels que Bob Dylan et Joan Baez. Il contribue à populariser la musique folk et les messages contestataires.",1960,"L'Âge d'Or du Rock 'n' Roll : Naissance d'une culture mondiale (1954-1969)","","PENDING","2026-03-04T07:23:47.294816+00:00"
1022,"Acquisition de Motown Records par MCA Inc.","Le 28 juin 1988, Berry Gordy vend Motown Records à MCA Inc. pour 61 millions de dollars. Cette acquisition marque la fin d'une ère pour le label.",1988,"L'Âge d'Or du Rock 'n' Roll : Naissance d'une culture mondiale (1954-1969)","","PENDING","2026-03-04T07:23:47.294816+00:00"
1023,"Inauguration du Motown Museum (Hitsville U.S.A.) à Détroit","Le Motown Museum, également connu sous le nom de Hitsville U.S.A., ouvre ses portes au public le 1er août 1985 à Détroit. Il préserve l'histoire et l'héritage de Motown Records.",1985,"L'Âge d'Or du Rock 'n' Roll : Naissance d'une culture mondiale (1954-1969)","","PENDING","2026-03-04T07:23:47.307048+00:00"
1024,"Désignation de Bertrand d'Ogeron comme gouverneur de l'île de la Tortue","Bertrand d'Ogeron est nommé gouverneur de l'île de la Tortue par le roi Louis XIV, marquant une étape importante dans la colonisation française et l'organisation de la flibuste.",1665,"L'Âge d'Or de la Piraterie Caribéenne : Flibuste, Corsaires et Pirates (1650-1730)","","PENDING","2026-03-04T07:23:47.307048+00:00"
1025,"Début du mandat de Jean-Baptiste du Casse comme gouverneur de Saint-Domingue","Jean-Baptiste du Casse est nommé gouverneur de Saint-Domingue, jouant un rôle clé dans le développement de la colonie et la lutte contre les puissances européennes rivales.",1691,"L'Âge d'Or de la Piraterie Caribéenne : Flibuste, Corsaires et Pirates (1650-1730)","","PENDING","2026-03-04T07:23:47.307048+00:00"
1026,"Raid de Dieppe par la marine anglaise","La marine anglaise bombarde Dieppe, un port français important, dans le but de détruire les navires corsaires et les infrastructures navales. Cette action visait à perturber la guerre de course française.",1694,"L'Âge d'Or de la Piraterie Caribéenne : Flibuste, Corsaires et Pirates (1650-1730)","","PENDING","2026-03-04T07:23:47.307048+00:00"
1027,"Fondation de l'American Institute of Mining Engineers (AIME)","L'American Institute of Mining Engineers (AIME), ancêtre de l'actuel American Institute of Mining, Metallurgical, and Petroleum Engineers (AIME), est fondé. Il joue un rôle crucial dans la diffusion des connaissances et des meilleures pratiques en sidérurgie.",1871,"La Révolution Industrielle et ses Impacts Mondiaux : Innovations, Migrations et Transformations Sociales (1850-2010)","","PENDING","2026-03-04T07:23:47.307048+00:00"
1028,"Première production d'acier Bessemer en Australie (Lithgow)","La première coulée d'acier Bessemer en Australie a lieu à Lithgow, en Nouvelle-Galles du Sud. Cet événement marque le début de la production d'acier à grande échelle dans le pays.",1875,"La Révolution Industrielle et ses Impacts Mondiaux : Innovations, Migrations et Transformations Sociales (1850-2010)","","PENDING","2026-03-04T07:23:47.307048+00:00"
1029,"Publication de l'étude Packages of Practices (Norman Borlaug, Mexique)","L'équipe de Norman Borlaug publie un guide des pratiques agricoles optimisées, marquant une étape clé dans la diffusion des techniques de la Révolution verte. Ces pratiques incluent l'utilisation de variétés de blé à haut rendement, d'engrais et de techniques d'irrigation.",1960,"La Révolution Industrielle et ses Impacts Mondiaux : Innovations, Migrations et Transformations Sociales (1850-2010)","","PENDING","2026-03-04T07:23:47.307048+00:00"
1030,"Création de l'Institut International de Recherche sur le Riz (IRRI) aux Philippines","L'IRRI est fondé pour développer des variétés de riz à haut rendement et des techniques agricoles améliorées. Son travail a été crucial pour augmenter la production de riz en Asie et ailleurs.",1960,"La Révolution Industrielle et ses Impacts Mondiaux : Innovations, Migrations et Transformations Sociales (1850-2010)","","PENDING","2026-03-04T07:23:47.307048+00:00"
1031,"Lancement du Programme National de Démonstration (National Demonstration Programme) en Inde","Le gouvernement indien lance un programme national pour démontrer l'efficacité des nouvelles variétés de blé et de riz à haut rendement. Ce programme a joué un rôle important dans l'adoption de ces variétés par les agriculteurs indiens.",1965,"La Révolution Industrielle et ses Impacts Mondiaux : Innovations, Migrations et Transformations Sociales (1850-2010)","","PENDING","2026-03-04T07:23:47.307048+00:00"
1032,"Introduction de la variété de blé 'Sonora 64' en Inde","La variété de blé 'Sonora 64', développée au Mexique par Norman Borlaug, est introduite en Inde. Elle s'avère bien adaptée aux conditions locales et contribue à augmenter considérablement la production de blé.",1963,"La Révolution Industrielle et ses Impacts Mondiaux : Innovations, Migrations et Transformations Sociales (1850-2010)","","PENDING","2026-03-04T07:23:47.307048+00:00"
1033,"Démonstration publique de TCP/IP entre l'University College London et l'USC/ISI","Première démonstration publique réussie de la communication via TCP/IP entre deux réseaux distincts : l'University College London (Royaume-Uni) et l'USC/ISI (États-Unis). Un moment clé pour la validation du protocole.",1973,"L'essor d'Internet et des réseaux sociaux : De la Guerre Froide à la révolution numérique (1969-2010)","","PENDING","2026-03-04T07:23:47.307048+00:00"
1160,"Oda Nobunaga entre à Kyoto","Oda Nobunaga entre à Kyoto pour soutenir Ashikaga Yoshiaki et le placer comme shogun. Cet événement marque le début de l'ascension de Nobunaga et son rôle central dans la fin de l'époque Muromachi.",1568,"L'Époque des Samouraïs : Ascensions, Guerres et Déclin du Bushido","","PENDING","2026-03-04T07:23:47.332093+00:00"
1034,"Création d'Usenet par Tom Truscott et Jim Ellis","Tom Truscott et Jim Ellis, étudiants à l'Université Duke et à l'Université de Caroline du Nord à Chapel Hill, créent Usenet, un système de forums de discussion distribué sur le réseau UUCP. Il permet aux utilisateurs d'échanger des messages et des informations sur divers sujets.",1979,"L'essor d'Internet et des réseaux sociaux : De la Guerre Froide à la révolution numérique (1969-2010)","","PENDING","2026-03-04T07:23:47.307048+00:00"
1035,"Création du groupe de discussion 'net.unix-wizards'","Le groupe de discussion 'net.unix-wizards' est créé sur Usenet. Il devient un forum influent pour les discussions techniques approfondies sur les systèmes Unix et les sujets connexes.",1982,"L'essor d'Internet et des réseaux sociaux : De la Guerre Froide à la révolution numérique (1969-2010)","","PENDING","2026-03-04T07:23:47.307048+00:00"
1036,"Publication de l'historique du logiciel Usenet (Usenet Software: History and Sources)","La publication du document 'Usenet Software: History and Sources' par Geoff Collyer et Henry Spencer offre un aperçu détaillé de l'histoire et des sources des logiciels utilisés pour faire fonctionner Usenet.",1986,"L'essor d'Internet et des réseaux sociaux : De la Guerre Froide à la révolution numérique (1969-2010)","","PENDING","2026-03-04T07:23:47.307048+00:00"
1037,"Annonce de la fin du support d'Usenet par Google Groupes","Google Groupes annonce la fin du support pour la publication de nouveaux messages sur Usenet via son interface web. Cela marque un déclin significatif de l'utilisation d'Usenet via cette plateforme populaire.",2010,"L'essor d'Internet et des réseaux sociaux : De la Guerre Froide à la révolution numérique (1969-2010)","","PENDING","2026-03-04T07:23:47.307048+00:00"
1038,"Publication du rapport RAND sur les réseaux informatiques distribués","Paul Baran publie le rapport "On Distributed Communications Networks" chez RAND Corporation. Il y décrit un réseau de communication décentralisé, résistant aux attaques, qui influencera la conception d'Internet.",1964,"L'essor d'Internet et des réseaux sociaux : De la Guerre Froide à la révolution numérique (1969-2010)","","PENDING","2026-03-04T07:23:47.307048+00:00"
1039,"Gil Eanes dépasse le Cap Bojador","Le navigateur portugais Gil Eanes réussit à franchir le Cap Bojador, longtemps considéré comme une limite infranchissable pour la navigation européenne. Cet événement ouvre la voie à l'exploration de la côte africaine plus au sud.",1434,"Les Grandes Découvertes Maritimes (1415-1763)","","PENDING","2026-03-04T07:23:47.307048+00:00"
1040,"Fin du règne de Moctezuma I","Moctezuma I décède, mettant fin à un règne de près de trente ans marqué par l'expansion militaire, la consolidation du pouvoir et d'importantes constructions à Tenochtitlan. Axayacatl lui succède.",1469,"L'Ascension et la Chute de l'Empire Aztèque : De Tenochtitlan à la Conquête Espagnole","","PENDING","2026-03-04T07:23:47.307048+00:00"
1041,"Apparition d'une comète visible dans le ciel de Tenochtitlan","Une comète brillante est observée dans le ciel nocturne. Les prêtres aztèques la considèrent comme un signe annonciateur de calamités à venir.",1509,"L'Ascension et la Chute de l'Empire Aztèque : De Tenochtitlan à la Conquête Espagnole","","PENDING","2026-03-04T07:23:47.307048+00:00"
1042,"Inauguration de la Maison de la Sagesse (Bayt al-Hikma) à Bagdad","Le calife Al-Ma’mūn fonde officiellement la Maison de la Sagesse, une académie dédiée à la traduction, à la recherche et à la diffusion des connaissances scientifiques et philosophiques. Elle attire des érudits de diverses origines.",813,"L'expansion de l'Islam : Conquêtes, Dynasties et Échanges Culturels (622 - 1258)","","PENDING","2026-03-04T07:23:47.307048+00:00"
1043,"Début du règne du calife Al-Mutawakkil","Al-Mutawakkil accède au califat abbasside. Son règne est marqué par un virage conservateur et le début du déclin de l'influence des érudits et scientifiques.",847,"L'expansion de l'Islam : Conquêtes, Dynasties et Échanges Culturels (622 - 1258)","","PENDING","2026-03-04T07:23:47.307048+00:00"
1044,"Proclamation du califat fatimide par Abdallah al-Mahdi Billah à Raqqada","Abdallah al-Mahdi Billah prend le titre de calife, marquant la fondation du califat fatimide en Ifriqiya (actuelle Tunisie). Cet événement marque une rupture avec le califat abbasside de Bagdad.",909,"L'expansion de l'Islam : Conquêtes, Dynasties et Échanges Culturels (622 - 1258)","","PENDING","2026-03-04T07:23:47.307048+00:00"
1045,"Assassinat du calife fatimide al-Amir Bi-Ahkamillah","Le calife fatimide al-Amir Bi-Ahkamillah est assassiné, plongeant le califat dans une crise de succession. Cet événement contribue au déclin du pouvoir fatimide en Égypte.",1130,"L'expansion de l'Islam : Conquêtes, Dynasties et Échanges Culturels (622 - 1258)","","PENDING","2026-03-04T07:23:47.307048+00:00"
1046,"Lancement des travaux de la section orientale du premier chemin de fer transcontinental (Union Pacific Railroad à Omaha)","L'Union Pacific Railroad débute la construction de la section orientale du chemin de fer transcontinental à Omaha, Nebraska. Cet événement marque le début de la course contre la Central Pacific pour achever la plus grande portion du chemin de fer.",1865,"L'Épopée du Far West Américain : De la Ruée vers l'Or aux Guerres Indiennes (1848-1890)","","PENDING","2026-03-04T07:23:47.307048+00:00"
1048,"Ban Chao, général Han, rétablit le contrôle chinois sur les Régions de l'Ouest après une période de troubles","Ban Chao, un général de la dynastie Han, envoie son émissaire Gan Ying vers Rome. Bien que Gan Ying n'ait pas atteint Rome, son voyage témoigne de l'ambition d'étendre l'influence chinoise vers l'ouest.",97,"La Route de la Soie : Échanges Commerciaux, Culturels et Militaires (Ier siècle - XIVe siècle)","","PENDING","2026-03-04T07:23:47.307048+00:00"
1050,"Première mention écrite du clou de girofle en Chine","Le clou de girofle, originaire des Moluques (Indonésie), apparaît dans des écrits chinois, témoignant de son commerce croissant vers l'Asie de l'Est via les routes maritimes et terrestres.",200,"La Route de la Soie : Échanges Commerciaux, Culturels et Militaires (Ier siècle - XIVe siècle)","","PENDING","2026-03-04T07:23:47.307048+00:00"
1051,"Traduction du Sūtra du Lotus en chinois par Kumārajīva","Kumārajīva, un moine bouddhiste érudit, achève la traduction du Sūtra du Lotus, un texte Mahayana influent, en chinois classique. Cette traduction devient la version la plus largement diffusée et étudiée en Asie de l'Est.",406,"La Route de la Soie : Échanges Commerciaux, Culturels et Militaires (Ier siècle - XIVe siècle)","","PENDING","2026-03-04T07:23:47.307048+00:00"
1052,"Fondation du monastère de Shaolin","L'empereur Xiaowen de la dynastie Wei du Nord ordonne la construction du monastère de Shaolin au mont Song, en Chine. Ce monastère deviendra un centre important du bouddhisme Chan et des arts martiaux.",495,"La Route de la Soie : Échanges Commerciaux, Culturels et Militaires (Ier siècle - XIVe siècle)","","PENDING","2026-03-04T07:23:47.307048+00:00"
1053,"Introduction du bouddhisme au Japon (date traditionnelle)","Selon la tradition, le bouddhisme est officiellement introduit au Japon depuis le royaume de Baekje (Corée). Des statues et des textes bouddhistes sont offerts à la cour impériale.",552,"La Route de la Soie : Échanges Commerciaux, Culturels et Militaires (Ier siècle - XIVe siècle)","","PENDING","2026-03-04T07:23:47.307048+00:00"
1054,"Construction du Hōryū-ji au Japon","Le prince Shōtoku entreprend la construction du Hōryū-ji, un temple bouddhiste à Ikaruga, au Japon. Il est considéré comme l'un des plus anciens bâtiments en bois existants au monde et un exemple important de l'architecture bouddhiste.",607,"La Route de la Soie : Échanges Commerciaux, Culturels et Militaires (Ier siècle - XIVe siècle)","","PENDING","2026-03-04T07:23:47.307048+00:00"
1055,"Abolition du système de domaines féodaux (han) et établissement des préfectures (ken)","Le gouvernement Meiji abolit officiellement le système de domaines féodaux (han) et les remplace par des préfectures (ken). Cet événement centralise le pouvoir et élimine les structures féodales.",1871,"L'Ère Meiji au Japon : Modernisation, Industrialisation et Impérialisme","","PENDING","2026-03-04T07:23:47.307048+00:00"
1056,"Fondation de la Banque Nationale du Japon (Dai-ichi Kokuritsu Ginkō)","La première banque nationale du Japon, la Dai-ichi Kokuritsu Ginkō, est fondée par Shibusawa Eiichi. Elle joue un rôle crucial dans le développement économique et financier du pays.",1873,"L'Ère Meiji au Japon : Modernisation, Industrialisation et Impérialisme","","PENDING","2026-03-04T07:23:47.307048+00:00"
1057,"Pétrarque découvre les lettres de Cicéron à Atticus à Vérone","Cette découverte a ravivé l'intérêt pour la littérature classique et a influencé la pensée humaniste de Pétrarque. Elle a contribué à la redécouverte des valeurs et des idées de l'Antiquité.",1345,"La Renaissance Italienne : Art, Science et Politique (1300-1600)","","PENDING","2026-03-04T07:23:47.307048+00:00"
1058,"Ouverture du Studio de Florence par le chancelier Coluccio Salutati","Salutati, chancelier de Florence, a fondé ce centre d'études humanistes. Il a attiré des érudits et a promu l'étude des textes classiques, contribuant à l'essor de l'humanisme à Florence.",1397,"La Renaissance Italienne : Art, Science et Politique (1300-1600)","","PENDING","2026-03-04T07:23:47.307048+00:00"
1059,"Traduction du grec au latin du traité 'De la nature des choses' de Lucrèce par Poggio Bracciolini","Poggio Bracciolini redécouvre et traduit ce texte épicurien majeur. Sa diffusion a eu un impact significatif sur la pensée philosophique et scientifique de la Renaissance.",1417,"La Renaissance Italienne : Art, Science et Politique (1300-1600)","","PENDING","2026-03-04T07:23:47.307048+00:00"
1060,"Première édition imprimée complète des œuvres de Platon en grec (Opera Omnia)","Publiée à Venise par Alde Manuce, cette édition a rendu les œuvres de Platon plus accessibles aux érudits. Elle a favorisé l'étude directe des textes originaux et a contribué à la diffusion de la pensée platonicienne.",1513,"La Renaissance Italienne : Art, Science et Politique (1300-1600)","","PENDING","2026-03-04T07:23:47.307048+00:00"
1061,"Inauguration du Baptistère de Florence avec la porte nord de Ghiberti","La porte nord en bronze du Baptistère de Florence, réalisée par Lorenzo Ghiberti, est installée et inaugurée. Elle représente des scènes du Nouveau Testament.",1424,"La Renaissance Italienne : Art, Science et Politique (1300-1600)","","PENDING","2026-03-04T07:23:47.307048+00:00"
1062,"Cosme l'Ancien devient Grand Maître de la Loge de Florence","Cosme de Médicis consolide son influence politique et culturelle à Florence en prenant la tête de cette importante loge, favorisant ainsi le mécénat artistique et philosophique.",1440,"La Renaissance Italienne : Art, Science et Politique (1300-1600)","","PENDING","2026-03-04T07:23:47.307048+00:00"
1063,"Publication des « Don'ts and Be Carefuls » par Martin Quigley","Martin Quigley, éditeur de magazine catholique, publie une liste de règles de censure morale pour le cinéma, qui serviront de base au Code Hays. Cette liste marque le début de la formalisation de la censure dans l'industrie cinématographique américaine.",1927,"L'Âge d'or d'Hollywood : De l'avènement du parlant à la fin du Code Hays (1927-1968)","","PENDING","2026-03-04T07:23:47.307048+00:00"
1064,"Sortie du film « Qui a peur de Virginia Woolf ? » sans le sceau d'approbation du Code Hays","Warner Bros. sort « Qui a peur de Virginia Woolf ? » sans l'approbation de la Production Code Administration (PCA), défiant ouvertement le Code Hays en raison de son langage et de ses thèmes adultes.",1966,"L'Âge d'or d'Hollywood : De l'avènement du parlant à la fin du Code Hays (1927-1968)","","PENDING","2026-03-04T07:23:47.307048+00:00"
1065,"Lancement du Commodore PET 2001","Commodore International introduit le PET 2001 (Personal Electronic Transactor), un ordinateur personnel tout-en-un. Il est l'un des premiers ordinateurs personnels complets disponibles sur le marché.",1977,"La Révolution Informatique : Des premiers ordinateurs personnels à l'ère d'internet mobile (1970-2010)","","PENDING","2026-03-04T07:23:47.307048+00:00"
1066,"Publication des spécifications du bus ISA par IBM","IBM publie les spécifications techniques du bus ISA (Industry Standard Architecture) utilisé dans l'IBM PC. Cette ouverture favorise le développement de cartes d'extension par des tiers et contribue à l'essor de l'écosystème PC.",1981,"La Révolution Informatique : Des premiers ordinateurs personnels à l'ère d'internet mobile (1970-2010)","","PENDING","2026-03-04T07:23:47.307048+00:00"
1067,"Lancement du tableur Lotus 1-2-3","Lotus Development Corporation lance Lotus 1-2-3, un tableur qui devient rapidement un standard sur l'IBM PC. Son interface conviviale et ses fonctionnalités avancées contribuent à populariser l'informatique personnelle auprès des entreprises.",1983,"La Révolution Informatique : Des premiers ordinateurs personnels à l'ère d'internet mobile (1970-2010)","","PENDING","2026-03-04T07:23:47.307048+00:00"
1068,"Introduction du processeur Intel 80386","Intel lance le processeur 80386 (ou 386), un microprocesseur 32 bits qui améliore considérablement les performances des ordinateurs personnels. Il permet l'exécution de systèmes d'exploitation plus complexes et d'applications plus gourmandes en ressources.",1985,"La Révolution Informatique : Des premiers ordinateurs personnels à l'ère d'internet mobile (1970-2010)","","PENDING","2026-03-04T07:23:47.307048+00:00"
1069,"Mise à disposition du code source du World Wide Web par le CERN","En avril 1993, le CERN annonce que le code source du World Wide Web sera mis à disposition gratuitement pour tous. Cette décision contribue à la diffusion rapide et à l'adoption massive du Web.",1993,"La Révolution Informatique : Des premiers ordinateurs personnels à l'ère d'internet mobile (1970-2010)","","PENDING","2026-03-04T07:23:47.307048+00:00"
1070,"Publication de la RFC 1945, spécifiant HTTP/1.0","En mai 1996, la RFC 1945 est publiée, définissant officiellement le protocole HTTP/1.0. Cette spécification normalise le fonctionnement du protocole et favorise son interopérabilité.",1996,"La Révolution Informatique : Des premiers ordinateurs personnels à l'ère d'internet mobile (1970-2010)","","PENDING","2026-03-04T07:23:47.307048+00:00"
1071,"Lancement du premier téléphone portable 1G (Motorola DynaTAC 8000x)","Motorola commercialise le DynaTAC 8000x, considéré comme le premier téléphone portable commercial. Il marque le début de l'ère de la téléphonie mobile.",1983,"La Révolution Informatique : Des premiers ordinateurs personnels à l'ère d'internet mobile (1970-2010)","","PENDING","2026-03-04T07:23:47.307048+00:00"
1072,"Début de la construction de la ville de Salvador (Bahia)","Tomé de Sousa ordonne le début de la construction de Salvador, qui devient la première capitale du Brésil colonial. La ville est conçue comme un centre administratif et militaire pour consolider le pouvoir portugais.",1549,"L'Exploration du Nouveau Monde : Voyages, Conquêtes et Colonisation (1492-1700)","","PENDING","2026-03-04T07:23:47.307048+00:00"
1073,"Fondation de la Compagnie anglaise de Guinée (Company of Royal Adventurers into Africa)","Création de la Compagnie anglaise de Guinée, une société commerciale chargée de la traite négrière et du commerce avec l'Afrique de l'Ouest. Elle marque l'implication croissante de l'Angleterre dans le commerce triangulaire.",1660,"La traite négrière transatlantique : Du commerce triangulaire à l'abolition","","PENDING","2026-03-04T07:23:47.307048+00:00"
1074,"Adoption du Code Noir en Louisiane","Extension du Code Noir français à la Louisiane, réglementant l'esclavage et les relations entre maîtres et esclaves. Il institutionnalise l'esclavage dans cette colonie française.",1724,"La traite négrière transatlantique : Du commerce triangulaire à l'abolition","","PENDING","2026-03-04T07:23:47.307048+00:00"
1075,"Publication de l'essai de Thomas Jefferson Notes on the State of Virginia","Thomas Jefferson publie 'Notes on the State of Virginia', qui contient des observations sur l'esclavage et la société de plantation. Il y expose ses vues sur l'infériorité raciale et la nécessité de la colonisation.",1785,"La traite négrière transatlantique : Du commerce triangulaire à l'abolition","","PENDING","2026-03-04T07:23:47.320013+00:00"
1076,"Sortie de "Johnny B. Goode" par Chuck Berry","Chuck Berry sort "Johnny B. Goode", un des morceaux les plus emblématiques du rock 'n' roll. La chanson raconte l'histoire d'un jeune guitariste talentueux et ambitieux.",1958,"L'Histoire du Rock 'n' Roll : De ses origines à la Britpop","","PENDING","2026-03-04T07:23:47.320013+00:00"
1077,"Sortie de l'album "The Shape of Jazz to Come" d'Ornette Coleman","Ornette Coleman sort "The Shape of Jazz to Come", un album de free jazz révolutionnaire. Bien que jazz, il influence l'expérimentation et l'improvisation dans le rock.",1959,"L'Histoire du Rock 'n' Roll : De ses origines à la Britpop","","PENDING","2026-03-04T07:23:47.320013+00:00"
1078,"Arrestation de Chuck Berry pour violation du Mann Act","Chuck Berry est arrêté le 28 décembre 1959 pour avoir transporté une mineure à travers les frontières de l'État, en violation du Mann Act. Cet événement marque une interruption significative dans sa carrière.",1959,"L'Histoire du Rock 'n' Roll : De ses origines à la Britpop","","PENDING","2026-03-04T07:23:47.320013+00:00"
1079,"Sortie de l'album "Surfin' Safari" des Beach Boys","Les Beach Boys sortent leur premier album, "Surfin' Safari", en octobre 1962. Cet album marque le début de leur succès et contribue à populariser la musique surf rock, une branche du rock 'n' roll.",1962,"L'Histoire du Rock 'n' Roll : De ses origines à la Britpop","","PENDING","2026-03-04T07:23:47.320013+00:00"
1080,"Sortie de l'album 'Led Zeppelin IV'","Le quatrième album de Led Zeppelin, souvent appelé 'Led Zeppelin IV', sort le 8 novembre 1971. Il contient le titre emblématique 'Stairway to Heaven'.",1971,"L'Histoire du Rock 'n' Roll : De ses origines à la Britpop","","PENDING","2026-03-04T07:23:47.320013+00:00"
1081,"Première diffusion de l'émission de télévision "MTV" aux États-Unis","MTV (Music Television) est lancée, marquant un tournant dans la promotion de la musique et l'essor des clips vidéo. Son impact est majeur sur la New Wave et les genres musicaux suivants.",1981,"L'Histoire du Rock 'n' Roll : De ses origines à la Britpop","","PENDING","2026-03-04T07:23:47.320013+00:00"
1082,"Sortie de l'album "Thriller" de Michael Jackson","L'album "Thriller" de Michael Jackson est lancé, devenant l'album le plus vendu de tous les temps. Il influence profondément la musique pop et la culture visuelle des années 1980.",1982,"L'Histoire du Rock 'n' Roll : De ses origines à la Britpop","","PENDING","2026-03-04T07:23:47.320013+00:00"
1083,"Inauguration du Théâtre Optique d'Émile Reynaud au Musée Grévin","Le 28 octobre, Émile Reynaud présente ses Pantomimes Lumineuses, des dessins animés projetés sur grand écran, au Musée Grévin à Paris. Bien qu'antérieur au cinématographe, cet événement est une étape importante dans l'histoire du cinéma d'animation.",1892,"L'Histoire du Cinéma : Des Frères Lumière aux Blockbusters Numériques (1895-2010)","","PENDING","2026-03-04T07:23:47.320013+00:00"
1084,"Sortie du film "Les Quatre Cents Coups" de François Truffaut","Le film marque un tournant dans le cinéma français et lance officiellement la Nouvelle Vague. Il est présenté au Festival de Cannes et remporte le Prix de la mise en scène.",1959,"L'Histoire du Cinéma : Des Frères Lumière aux Blockbusters Numériques (1895-2010)","","PENDING","2026-03-04T07:23:47.320013+00:00"
1085,"Sortie du film "Persona" d'Ingmar Bergman en Suède","Ce film, considéré comme l'un des chefs-d'œuvre de Bergman, explore les thèmes de l'identité et de la communication. Il marque une étape importante dans le cinéma d'auteur européen.",1966,"L'Histoire du Cinéma : Des Frères Lumière aux Blockbusters Numériques (1895-2010)","","PENDING","2026-03-04T07:23:47.320013+00:00"
1086,"Sortie du film "Aguirre, la colère de Dieu" de Werner Herzog en Allemagne de l'Ouest","Ce film, avec Klaus Kinski dans le rôle principal, est un exemple marquant du Nouveau Cinéma Allemand. Il raconte l'expédition d'un conquistador fou à la recherche de l'Eldorado.",1972,"L'Histoire du Cinéma : Des Frères Lumière aux Blockbusters Numériques (1895-2010)","","PENDING","2026-03-04T07:23:47.320013+00:00"
1087,"Sortie du film Toy Story","Premier long métrage d'animation entièrement réalisé en images de synthèse, Toy Story révolutionne l'industrie de l'animation. Il ouvre la voie à une nouvelle ère de films d'animation.",1995,"L'Histoire du Cinéma : Des Frères Lumière aux Blockbusters Numériques (1895-2010)","","PENDING","2026-03-04T07:23:47.320013+00:00"
1088,"Établissement de la Compagnie de Saint-Domingue","Création de la Compagnie de Saint-Domingue, une compagnie commerciale française chargée de développer et d'exploiter les ressources de la colonie, notamment le sucre.",1698,"L'Ère des Pirates des Caraïbes : Du Flibuste à l'Âge d'Or (1650-1730)","","PENDING","2026-03-04T07:23:47.320013+00:00"
1090,"Construction du temple de Faxian à Dunhuang","Le moine Yue Zun initie la construction du temple de Faxian près des grottes de Mogao à Dunhuang, qui devient un important centre bouddhiste et une étape clé pour les caravanes voyageant le long de la Route de la Soie. Cela facilite les échanges culturels et religieux.",366,"La Route de la Soie : Du Commerce Caravanier aux Empires Commerciaux (100-1750)","","PENDING","2026-03-04T07:23:47.320013+00:00"
1091,"Début du règne de l'empereur Taizong, initiateur de l'âge d'or des Tang","Li Shimin accède au trône sous le nom d'empereur Taizong, inaugurant une période de stabilité politique, d'expansion territoriale et de prospérité économique qui favorise le commerce et les échanges culturels le long de la Route de la Soie.",626,"La Route de la Soie : Du Commerce Caravanier aux Empires Commerciaux (100-1750)","","PENDING","2026-03-04T07:23:47.320013+00:00"
1092,"Construction de la Grande Pagode de l'Oie Sauvage à Xi'an","Achèvement de la Grande Pagode de l'Oie Sauvage à Chang'an (Xi'an), initialement construite en 652, pour abriter les écritures bouddhistes rapportées d'Inde par le moine Xuanzang, symbolisant les échanges religieux et culturels facilités par la Route de la Soie.",704,"La Route de la Soie : Du Commerce Caravanier aux Empires Commerciaux (100-1750)","","PENDING","2026-03-04T07:23:47.320013+00:00"
1093,"Ouverture du comptoir commercial britannique à Surat","La Compagnie anglaise des Indes orientales obtient l'autorisation d'établir un comptoir commercial permanent à Surat, en Inde, en 1613. Cet événement marque une étape importante dans l'expansion de l'influence britannique en Inde.",1613,"La Route de la Soie : Du Commerce Caravanier aux Empires Commerciaux (100-1750)","","PENDING","2026-03-04T07:23:47.320013+00:00"
1094,"Brevet américain n° 1,773,980 accordé à Philo Farnsworth pour son tube dissecteur d'image","Philo Farnsworth reçoit le brevet américain n° 1,773,980 pour son tube dissecteur d'image, un composant clé de son système de télévision électronique. Ce brevet consolide sa position en tant qu'inventeur majeur dans le domaine.",1930,"L'Histoire de la télévision : Des premières émissions expérimentales à l'ère du streaming","","PENDING","2026-03-04T07:23:47.320013+00:00"
1095,"Première diffusion du "Texaco Star Theater" avec Milton Berle sur NBC","Le "Texaco Star Theater", animé par Milton Berle, est diffusé pour la première fois sur NBC. Le spectacle devient rapidement un phénomène et contribue à populariser la télévision auprès du grand public.",1948,"L'Histoire de la télévision : Des premières émissions expérimentales à l'ère du streaming","","PENDING","2026-03-04T07:23:47.320013+00:00"
1096,"Première diffusion de "The Twilight Zone" sur CBS",""The Twilight Zone", créé par Rod Serling, est diffusé pour la première fois sur CBS. La série d'anthologie de science-fiction et de fantastique devient un succès critique et commercial, explorant des thèmes sociaux et moraux complexes.",1959,"L'Histoire de la télévision : Des premières émissions expérimentales à l'ère du streaming","","PENDING","2026-03-04T07:23:47.320013+00:00"
1097,"Première diffusion de 'Snack Bar' sur TVEC","Première diffusion de l'émission 'Snack Bar' sur TVEC (Télévision éducative et communautaire) le 27 septembre 1976. Cette émission jeunesse marque les débuts de la production télévisuelle locale au Québec.",1976,"L'Histoire de la télévision : Des premières émissions expérimentales à l'ère du streaming","","PENDING","2026-03-04T07:23:47.320013+00:00"
1098,"Première démonstration du protocole TCP/IP","Une démonstration impliquant trois réseaux différents (ARPANET, Packet Radio Net, et Atlantic Packet Satellite Net) a lieu. C'est une étape cruciale vers l'internet moderne.",1977,"La Révolution Numérique : De l'Ordinateur Personnel à Internet (1971-2010)","","PENDING","2026-03-04T07:23:47.320013+00:00"
1099,"Lancement du projet GNU","Richard Stallman annonce le projet GNU (GNU's Not Unix) dans le but de créer un système d'exploitation entièrement libre. C'est un événement fondateur du mouvement du logiciel libre.",1983,"La Révolution Numérique : De l'Ordinateur Personnel à Internet (1971-2010)","","PENDING","2026-03-04T07:23:47.320013+00:00"
1100,"Invention de la Spinning Jenny par James Hargreaves","James Hargreaves invente la Spinning Jenny, une machine à filer qui permet de produire plusieurs fils simultanément. Cette invention marque une étape importante dans la mécanisation de l'industrie textile.",1764,"La Révolution Industrielle : Innovations, Inventions et Impact Social (1760-1914)","","PENDING","2026-03-04T07:23:47.320013+00:00"
1101,"Invention de la Spinning Mule par Samuel Crompton","Samuel Crompton invente la Spinning Mule, combinant les principes de la Spinning Jenny et de la Water Frame. Cette machine produit un fil plus fin et plus résistant, améliorant la qualité des textiles.",1779,"La Révolution Industrielle : Innovations, Inventions et Impact Social (1760-1914)","","PENDING","2026-03-04T07:23:47.320013+00:00"
1102,"Brevet du métier à tisser mécanique par Edmund Cartwright","Edmund Cartwright brevète le métier à tisser mécanique, une machine automatisant le processus de tissage. Cette invention accélère la production de tissus et réduit la dépendance à la main-d'œuvre.",1785,"La Révolution Industrielle : Innovations, Inventions et Impact Social (1760-1914)","","PENDING","2026-03-04T07:23:47.320013+00:00"
1103,"Établissement de la première usine textile à énergie hydraulique aux États-Unis (Slater Mill)","Samuel Slater établit la Slater Mill à Pawtucket, Rhode Island, la première usine textile américaine utilisant l'énergie hydraulique. Cet événement marque le début de l'industrialisation textile aux États-Unis.",1793,"La Révolution Industrielle : Innovations, Inventions et Impact Social (1760-1914)","","PENDING","2026-03-04T07:23:47.320013+00:00"
1104,"Construction du premier pont en fonte au monde (Iron Bridge)","L'Iron Bridge, construit sur la rivière Severn en Angleterre, est le premier pont de ce type. Il marque une étape importante dans l'utilisation du fer dans la construction.",1779,"La Révolution Industrielle : Innovations, Inventions et Impact Social (1760-1914)","","PENDING","2026-03-04T07:23:47.320013+00:00"
1105,"Invention du procédé de puddlage par Henry Cort","Henry Cort brevète le procédé de puddlage, une technique permettant de produire du fer de meilleure qualité en éliminant les impuretés. Cette invention révolutionne la production de fer.",1784,"La Révolution Industrielle : Innovations, Inventions et Impact Social (1760-1914)","","IMAGE_DONE","2026-03-04T07:23:47.320013+00:00"
1106,"Première démonstration publique de la locomotive à vapeur de Richard Trevithick à Camborne, Cornouailles","Richard Trevithick démontre publiquement sa locomotive à vapeur, surnommée "Puffing Devil", à Camborne, marquant une étape importante dans le développement du transport ferroviaire. Bien que ce ne soit pas sur des rails, cela a prouvé le concept.",1801,"La Révolution Industrielle : Innovations, Inventions et Impact Social (1760-1914)","","PENDING","2026-03-04T07:23:47.320013+00:00"
1107,"Première ascension réussie du pilier ouest du Salathé Wall par Tom Frost, Royal Robbins et Chuck Pratt","L'ascension du Salathé Wall, dans le Yosemite, marque une étape importante dans l'escalade de big wall. Elle a duré cinq jours.",1961,"La Conquête de l'Everest : Des Premières Tentatives à l'Ère des Ascensions Commerciales","","PENDING","2026-03-04T07:23:47.320013+00:00"
1108,"Ouverture du premier magasin North Face à San Francisco","Douglas Tompkins ouvre le premier magasin North Face à San Francisco, marquant le début de l'ascension de cette marque dans le monde de l'équipement d'expédition et d'alpinisme. Ce magasin devient rapidement un point de rencontre pour les passionnés d'aventure.",1966,"La Conquête de l'Everest : Des Premières Tentatives à l'Ère des Ascensions Commerciales","","PENDING","2026-03-04T07:23:47.320013+00:00"
1109,"Fondation de São Jorge da Mina (Elmina) par les Portugais","Construction du premier comptoir commercial européen permanent en Afrique subsaharienne, initialement pour le commerce de l'or, puis impliqué dans la traite des esclaves. Ce comptoir deviendra un point central de la traite atlantique.",1482,"La Colonisation de l'Afrique : Explorations, Rivalités et Indépendances (1500-1975)","","PENDING","2026-03-04T07:23:47.320013+00:00"
1110,"Adoption du "Slave Trade Act" par le Parlement britannique","Loi interdisant la traite des esclaves dans l'Empire britannique. Bien que l'esclavage lui-même ne soit pas aboli immédiatement, cette loi marque un tournant majeur dans la lutte contre la traite atlantique.",1807,"La Colonisation de l'Afrique : Explorations, Rivalités et Indépendances (1500-1975)","","PENDING","2026-03-04T07:23:47.320013+00:00"
1111,"Première ascension du Kilimandjaro par Hans Meyer et Ludwig Purtscheller","Le géographe allemand Hans Meyer et le grimpeur autrichien Ludwig Purtscheller réussissent la première ascension documentée du Kilimandjaro, le plus haut sommet d'Afrique. Cet exploit marque un tournant dans l'exploration de l'Afrique de l'Est.",1889,"La Colonisation de l'Afrique : Explorations, Rivalités et Indépendances (1500-1975)","","PENDING","2026-03-04T07:23:47.320013+00:00"
1112,"Publication de la carte de l'Afrique de l'Ouest par Jean-Baptiste Bourguignon d'Anville","Le cartographe français Jean-Baptiste Bourguignon d'Anville publie une carte détaillée de l'Afrique de l'Ouest, basée sur les informations disponibles à l'époque. Cette carte représente une avancée significative dans la cartographie du continent.",1749,"La Colonisation de l'Afrique : Explorations, Rivalités et Indépendances (1500-1975)","","PENDING","2026-03-04T07:23:47.320013+00:00"
1113,"Début du règne de Béhanzin au Dahomey","Béhanzin accède au trône du Dahomey (actuel Bénin) le 1er janvier. Il résiste à l'expansion coloniale française jusqu'en 1894.",1889,"La Colonisation de l'Afrique : Explorations, Rivalités et Indépendances (1500-1975)","","PENDING","2026-03-04T07:23:47.320013+00:00"
1114,"Indépendance de l'Angola","L'Angola proclame son indépendance du Portugal le 11 novembre 1975, après une longue guerre de libération. L'indépendance est immédiatement suivie d'une guerre civile.",1975,"La Colonisation de l'Afrique : Explorations, Rivalités et Indépendances (1500-1975)","","PENDING","2026-03-04T07:23:47.320013+00:00"
1115,"Sortie du film À nous la liberté de René Clair","Ce film français, une comédie musicale satirique, influence le cinéma parlant et inspire des œuvres comme Les Temps modernes de Charlie Chaplin.",1931,"L'Âge d'Or d'Hollywood : Des Studios aux Blockbusters (1915-1969)","","PENDING","2026-03-04T07:23:47.320013+00:00"
1116,"Ouverture du "Hollywood Canteen" pour soutenir les soldats en permission","Inauguration du Hollywood Canteen, un club géré par des stars de cinéma et destiné à offrir gratuitement divertissement et nourriture aux soldats américains en permission pendant la Seconde Guerre mondiale. Il symbolise l'engagement d'Hollywood envers les troupes.",1942,"L'Âge d'Or d'Hollywood : Des Studios aux Blockbusters (1915-1969)","","PENDING","2026-03-04T07:23:47.320013+00:00"
1117,"Première projection du Cinerama au Broadway Theatre de New York","Le Cinerama, avec son écran incurvé et ses trois projecteurs synchronisés, offre une expérience immersive. Le premier film projeté est "This is Cinerama".",1952,"L'Âge d'Or d'Hollywood : Des Studios aux Blockbusters (1915-1969)","","PENDING","2026-03-04T07:23:47.320013+00:00"
1118,"Ouverture du Sunset Cafe à Chicago","Ce club devient un lieu emblématique du jazz à Chicago, accueillant des artistes tels que Louis Armstrong et Earl Hines. Il contribue à l'essor du jazz dans la ville.",1921,"L'histoire de la Musique Populaire : Des Années Folles à l'Ère du Streaming (1920-2010)","","PENDING","2026-03-04T07:23:47.320013+00:00"
1119,"Premier enregistrement des "Louis Armstrong and His Hot Five"","Cette série d'enregistrements marque un tournant dans l'histoire du jazz, mettant en valeur le talent d'improvisation de Louis Armstrong. Ils influencent de nombreux musiciens.",1925,"L'histoire de la Musique Populaire : Des Années Folles à l'Ère du Streaming (1920-2010)","","PENDING","2026-03-04T07:23:47.320013+00:00"
1120,"Inauguration du Savoy Ballroom à Harlem, New York","Le Savoy devient un lieu de danse et de musique jazz de renommée mondiale, connu pour ses compétitions de danse et ses performances musicales. Il contribue à populariser le jazz et la culture afro-américaine.",1926,"L'histoire de la Musique Populaire : Des Années Folles à l'Ère du Streaming (1920-2010)","","PENDING","2026-03-04T07:23:47.320013+00:00"
1121,"Première du film 'Sun Valley Serenade' avec Glenn Miller et son orchestre","Le 29 août 1941, le film 'Sun Valley Serenade', mettant en vedette Glenn Miller et son orchestre, sort en salles. Le film contribue à populariser davantage le swing et la musique de Miller auprès d'un large public.",1941,"L'histoire de la Musique Populaire : Des Années Folles à l'Ère du Streaming (1920-2010)","","PENDING","2026-03-04T07:23:47.320013+00:00"
1122,"Sortie de l'album "Here's Little Richard" de Little Richard","Specialty Records sort l'album "Here's Little Richard", qui comprend des succès comme "Long Tall Sally" et "Tutti Frutti". L'album consolide la position de Little Richard comme l'une des figures les plus importantes du rock and roll.",1957,"L'histoire de la Musique Populaire : Des Années Folles à l'Ère du Streaming (1920-2010)","","PENDING","2026-03-04T07:23:47.320013+00:00"
1123,"Première du film 'A Hard Day's Night' des Beatles","Première du film 'A Hard Day's Night' des Beatles à Londres. Le film, une comédie musicale, reçoit un accueil critique et commercial très favorable.",1964,"L'histoire de la Musique Populaire : Des Années Folles à l'Ère du Streaming (1920-2010)","","PENDING","2026-03-04T07:23:47.320013+00:00"
1124,"Invention du sampler Fairlight CMI","La société australienne Fairlight lance le Fairlight CMI (Computer Musical Instrument), l'un des premiers échantillonneurs numériques. Il révolutionne la production musicale en permettant aux musiciens d'enregistrer et de manipuler des sons.",1979,"L'histoire de la Musique Populaire : Des Années Folles à l'Ère du Streaming (1920-2010)","","PENDING","2026-03-04T07:23:47.320013+00:00"
1125,"Première édition du festival Detroit Electronic Music Festival (DEMF)","La première édition du Detroit Electronic Music Festival (DEMF), plus tard connu sous le nom de Movement, a lieu à Detroit. Il célèbre la musique techno et la culture électronique de la ville.",2000,"L'histoire de la Musique Populaire : Des Années Folles à l'Ère du Streaming (1920-2010)","","PENDING","2026-03-04T07:23:47.320013+00:00"
1126,"João Gonçalves Zarco et Tristão Vaz Teixeira découvrent l'île de Madère","Les navigateurs portugais João Gonçalves Zarco et Tristão Vaz Teixeira découvrent l'île de Madère. Cette découverte ouvre la voie à la colonisation et à l'exploitation de l'île.",1419,"Les Grandes Découvertes Maritimes : Explorations et Cartographie du Monde","","PENDING","2026-03-04T07:23:47.332093+00:00"
1127,"Diogo Cão atteint l'embouchure du fleuve Congo","L'explorateur portugais Diogo Cão atteint l'embouchure du fleuve Congo. Cet événement marque une avancée significative dans l'exploration de la côte ouest de l'Afrique.",1482,"Les Grandes Découvertes Maritimes : Explorations et Cartographie du Monde","","PENDING","2026-03-04T07:23:47.332093+00:00"
1128,"Début du siège de Nassau par les forces franco-espagnoles","Les forces franco-espagnoles attaquent Nassau, marquant une période d'instabilité croissante dans la région. Cet événement contribue à l'émergence de la piraterie comme moyen de survie et de résistance.",1703,"Le Siècle d'or de la Piraterie (1650-1730)","","PENDING","2026-03-04T07:23:47.332093+00:00"
1129,"Audience de Macartney avec l'empereur Qianlong à Jehol","George Macartney rencontre l'empereur Qianlong à Jehol (actuelle Chengde), résidence d'été impériale. Le refus de Macartney de pratiquer le kowtow complet est perçu comme un affront, entravant les négociations.",1793,"L'Expansion du Commerce Mondial : Routes Maritimes et Échanges Culturels (1500-1850)","","PENDING","2026-03-04T07:23:47.332093+00:00"
1130,"Publication du livre 'Half Mile Down' de William Beebe relatant ses expériences bathysphériques","En novembre 1934, William Beebe publie 'Half Mile Down', un récit détaillé de ses aventures et observations lors des plongées bathysphériques avec Otis Barton. Le livre popularise l'exploration des profondeurs marines auprès du grand public.",1934,"L'exploration du fond des océans : Du bathyscaphe Trieste à la découverte des sources hydrothermales","","PENDING","2026-03-04T07:23:47.332093+00:00"
1131,"Début du Projet FAMOUS avec la première plongée du bathyscaphe Archimède dans le rift médio-atlantique","Le bathyscaphe Archimède effectue sa première plongée dans le rift médio-atlantique, marquant le début officiel du Projet FAMOUS. Cette plongée initiale permet une reconnaissance visuelle du terrain sous-marin et la collecte de données préliminaires.",1973,"L'exploration du fond des océans : Du bathyscaphe Trieste à la découverte des sources hydrothermales","","PENDING","2026-03-04T07:23:47.332093+00:00"
1132,"Première observation directe de cheminées hydrothermales actives lors du Projet FAMOUS","Des scientifiques du Projet FAMOUS observent pour la première fois des cheminées hydrothermales actives sur la dorsale médio-atlantique. Cette découverte confirme l'existence de processus hydrothermaux et de communautés biologiques uniques associées.",1974,"L'exploration du fond des océans : Du bathyscaphe Trieste à la découverte des sources hydrothermales","","PENDING","2026-03-04T07:23:47.332093+00:00"
1133,"Publication des premiers résultats majeurs du Projet FAMOUS dans la revue Nature","Les premiers résultats significatifs du Projet FAMOUS sont publiés dans la revue scientifique Nature. Ces publications présentent les découvertes clés concernant la géologie, l'hydrothermalisme et la biologie des dorsales médio-océaniques.",1977,"L'exploration du fond des océans : Du bathyscaphe Trieste à la découverte des sources hydrothermales","","PENDING","2026-03-04T07:23:47.332093+00:00"
1134,"Publication de l'article scientifique initial sur la découverte des sources hydrothermales des Galapagos Rift dans la revue Science","L'article détaille les observations et analyses des communautés biologiques uniques et des processus chimiques associés aux évents. Il marque une étape cruciale dans la reconnaissance de ces écosystèmes.",1979,"L'exploration du fond des océans : Du bathyscaphe Trieste à la découverte des sources hydrothermales","","PENDING","2026-03-04T07:23:47.332093+00:00"
1135,"Premier déploiement du ROV Jason lors d'une expédition de l'Institut océanographique Woods Hole dans le golfe du Mexique","Marque le début de l'utilisation opérationnelle du ROV Jason pour l'exploration scientifique des fonds marins. L'expédition a permis de tester les capacités du ROV et de collecter des données importantes sur l'environnement marin profond.",1988,"L'exploration du fond des océans : Du bathyscaphe Trieste à la découverte des sources hydrothermales","","PENDING","2026-03-04T07:23:47.332093+00:00"
1136,"Participation du ROV Jason à l'étude des sources hydrothermales de la dorsale de Juan de Fuca","Le ROV Jason a été déployé pour étudier l'activité volcanique et les communautés biologiques associées aux sources hydrothermales. Cette étude a permis de mieux comprendre les processus géochimiques et biologiques qui se produisent dans ces environnements.",1996,"L'exploration du fond des océans : Du bathyscaphe Trieste à la découverte des sources hydrothermales","","PENDING","2026-03-04T07:23:47.332093+00:00"
1137,"Utilisation du ROV Jason pour l'étude des cheminées hydrothermales 'Lost City' dans l'océan Atlantique","Le ROV Jason a exploré les cheminées hydrothermales de Lost City, un site unique caractérisé par des fluides alcalins et des communautés microbiennes particulières. Cette exploration a révélé des informations importantes sur l'origine de la vie et les processus géochimiques dans les environnements hydrothermaux.",2003,"L'exploration du fond des océans : Du bathyscaphe Trieste à la découverte des sources hydrothermales","","PENDING","2026-03-04T07:23:47.332093+00:00"
1138,"Destruction du dirigeable L 59 lors d'une mission de ravitaillement en Afrique orientale","Le dirigeable allemand L 59, en mission pour ravitailler les troupes allemandes en Afrique orientale, est détruit en vol au-dessus du détroit d'Otrante. La cause exacte de la destruction reste incertaine.",1917,"La Conquête de l'Air : Des Ballons aux Réacteurs","","PENDING","2026-03-04T07:23:47.332093+00:00"
1139,"Sortie de Space Invaders au Japon","Taito lance Space Invaders, un jeu de tir fixe qui devient un phénomène culturel au Japon et marque le début de l'âge d'or des jeux d'arcade. Son succès commercial massif contribue à populariser les salles d'arcade.",1978,"L'Âge d'Or des Jeux Vidéo : Des bornes d'arcade à la réalité virtuelle (1972-2010)","","PENDING","2026-03-04T07:23:47.332093+00:00"
1140,"Commercialisation de Ms. Pac-Man aux États-Unis","Midway Games sort Ms. Pac-Man, une version améliorée de Pac-Man avec un personnage féminin. Il devient l'un des jeux d'arcade les plus populaires et les plus vendus de tous les temps.",1982,"L'Âge d'Or des Jeux Vidéo : Des bornes d'arcade à la réalité virtuelle (1972-2010)","","PENDING","2026-03-04T07:23:47.332093+00:00"
1141,"Sortie de Dragon's Lair en Amérique du Nord","Advanced Microcomputer Systems (sous le nom Cinematronics) lance Dragon's Lair, un jeu d'arcade utilisant la technologie laserdisc pour offrir des graphismes animés de haute qualité. Il marque une avancée visuelle significative dans les jeux d'arcade.",1983,"L'Âge d'Or des Jeux Vidéo : Des bornes d'arcade à la réalité virtuelle (1972-2010)","","PENDING","2026-03-04T07:23:47.332093+00:00"
1142,"Lancement de la Nintendo Family Computer (Famicom) au Japon","Nintendo lance sa console Famicom au Japon, marquant le début de son ascension dans l'industrie du jeu vidéo. Elle deviendra plus tard la Nintendo Entertainment System (NES) à l'international.",1983,"L'Âge d'Or des Jeux Vidéo : Des bornes d'arcade à la réalité virtuelle (1972-2010)","","PENDING","2026-03-04T07:23:47.332093+00:00"
1143,"Sortie de *Super Mario Bros.* sur Famicom au Japon","Nintendo lance *Super Mario Bros.*, un jeu de plateforme révolutionnaire qui définit les standards du genre. Il contribue grandement au succès de la Famicom.",1985,"L'Âge d'Or des Jeux Vidéo : Des bornes d'arcade à la réalité virtuelle (1972-2010)","","PENDING","2026-03-04T07:23:47.332093+00:00"
1144,"Lancement de la Sega Mega Drive (Genesis) au Japon","Sega lance la Mega Drive (connue sous le nom de Genesis en Amérique du Nord) au Japon. Cette console 16-bit marque une nouvelle étape dans la guerre des consoles avec Nintendo.",1988,"L'Âge d'Or des Jeux Vidéo : Des bornes d'arcade à la réalité virtuelle (1972-2010)","","PENDING","2026-03-04T07:23:47.332093+00:00"
1145,"Sortie de *Wolfenstein 3D*","Le jeu de tir à la première personne *Wolfenstein 3D*, développé par id Software, est commercialisé le 5 mai 1992. Il est considéré comme l'un des pionniers du genre et popularise l'utilisation de graphismes 3D polygonaux dans les jeux vidéo.",1992,"L'Âge d'Or des Jeux Vidéo : Des bornes d'arcade à la réalité virtuelle (1972-2010)","","PENDING","2026-03-04T07:23:47.332093+00:00"
1146,"Ouverture du col du Khunjerab, facilitant le commerce direct entre la Chine et le nord de l'Inde","L'ouverture du col du Khunjerab permet un passage plus direct et sûr pour les caravanes commerciales. Ce passage réduit les délais et les coûts liés au commerce entre l'Empire Kushan et la Chine.",75,"L'Ascension et la Chute de la Route de la Soie : Du commerce antique à l'âge d'or mongol (Ier siècle - XIVe siècle)","","PENDING","2026-03-04T07:23:47.332093+00:00"
1147,"Construction du monastère de Taxila, un centre majeur d'apprentissage bouddhiste sur la Route de la Soie","Le monastère de Taxila devient un point de convergence pour les érudits et les moines voyageant le long de la Route de la Soie. Il facilite l'échange d'idées et de connaissances entre l'Orient et l'Occident.",50,"L'Ascension et la Chute de la Route de la Soie : Du commerce antique à l'âge d'or mongol (Ier siècle - XIVe siècle)","","PENDING","2026-03-04T07:23:47.332093+00:00"
1148,"Construction du Monastère de Nālandā sous le règne de Kumâragupta Ier","Le monastère de Nālandā, qui deviendra un centre majeur d'apprentissage bouddhiste, est fondé en Inde sous le règne de Kumâragupta Ier de la dynastie Gupta. Il attire des érudits et des moines de toute l'Asie.",415,"L'Ascension et la Chute de la Route de la Soie : Du commerce antique à l'âge d'or mongol (Ier siècle - XIVe siècle)","","PENDING","2026-03-04T07:23:47.332093+00:00"
1149,"Introduction du bouddhisme au royaume de Baekje (Corée)","Le moine indien Marananta arrive au royaume de Baekje, l'un des trois royaumes de Corée, et introduit officiellement le bouddhisme. Cela marque le début de l'influence bouddhiste sur la culture coréenne.",384,"L'Ascension et la Chute de la Route de la Soie : Du commerce antique à l'âge d'or mongol (Ier siècle - XIVe siècle)","","PENDING","2026-03-04T07:23:47.332093+00:00"
1150,"Sac de Chang'an par les rebelles tibétains","Les forces tibétaines envahissent et pillent Chang'an, la capitale des Tang, forçant l'empereur à fuir. Cet événement souligne la vulnérabilité de la dynastie et l'instabilité politique de l'époque.",763,"L'Ascension et la Chute de la Route de la Soie : Du commerce antique à l'âge d'or mongol (Ier siècle - XIVe siècle)","","PENDING","2026-03-04T07:23:47.332093+00:00"
1152,"Érection de la stèle de Bugut, témoignant de l'influence sogdienne dans l'Empire turc","La stèle de Bugut, découverte en Mongolie, est un monument funéraire bilingue (sogdien et turc) érigé en l'honneur d'un chef turc. Elle atteste de l'importance des Sogdiens dans l'administration et la culture des Göktürks.",581,"L'Ascension et la Chute de la Route de la Soie : Du commerce antique à l'âge d'or mongol (Ier siècle - XIVe siècle)","","PENDING","2026-03-04T07:23:47.332093+00:00"
1153,"Révolte sogdienne contre le califat abbasside en Transoxiane","Une révolte éclate en Transoxiane, menée par des Sogdiens et d'autres populations locales, contre la domination du califat abbasside. Cette révolte reflète le mécontentement face à la pression fiscale et à l'islamisation forcée.",806,"L'Ascension et la Chute de la Route de la Soie : Du commerce antique à l'âge d'or mongol (Ier siècle - XIVe siècle)","","PENDING","2026-03-04T07:23:47.332093+00:00"
1154,"Mention de la présence de marchands sogdiens à Guangzhou (Canton) par des sources chinoises","Des documents chinois font état de la présence active de marchands sogdiens à Guangzhou, un important port commercial du sud de la Chine. Ils y échangeaient des produits de luxe et jouaient un rôle clé dans le commerce international.",790,"L'Ascension et la Chute de la Route de la Soie : Du commerce antique à l'âge d'or mongol (Ier siècle - XIVe siècle)","","PENDING","2026-03-04T07:23:47.332093+00:00"
1155,"Adoption des Fundamental Orders of Connecticut (texte fondateur du Connecticut)","La colonie du Connecticut adopte les "Fundamental Orders of Connecticut", considérées comme l'une des premières constitutions écrites d'Amérique du Nord. Elles établissent un gouvernement représentatif et des droits pour les citoyens.",1639,"La Colonisation de l'Amérique du Nord : Conflits, Traités et Fondations (1534-1776)","","PENDING","2026-03-04T07:23:47.332093+00:00"
1156,"Promulgation du *Goseibai Shikimoku*","Le shogunat de Kamakura promulgue le *Goseibai Shikimoku*, également connu sous le nom de *Jōei Shikimoku*, un code de lois régissant la conduite des samouraïs et l'administration de la justice. Ce code marque une étape importante dans le développement du droit féodal au Japon.",1232,"L'Époque des Samouraïs : Ascensions, Guerres et Déclin du Bushido","","PENDING","2026-03-04T07:23:47.332093+00:00"
1157,"Destruction du clan Hōjō par Ashikaga Takauji","Ashikaga Takauji, initialement allié à l'empereur Go-Daigo, se retourne contre le clan Hōjō, qui contrôle le shogunat de Kamakura, et le détruit. Cet événement marque la fin du shogunat de Kamakura et le début de la période Muromachi.",1333,"L'Époque des Samouraïs : Ascensions, Guerres et Déclin du Bushido","","PENDING","2026-03-04T07:23:47.332093+00:00"
1158,"Ashikaga Takauji est nommé Sei-i Taishōgun","Ashikaga Takauji est officiellement nommé Sei-i Taishōgun, établissant le shogunat d'Ashikaga et consolidant son pouvoir. Cet événement marque le début de l'époque Muromachi.",1338,"L'Époque des Samouraïs : Ascensions, Guerres et Déclin du Bushido","","PENDING","2026-03-04T07:23:47.332093+00:00"
1159,"Construction du Pavillon d'argent (Ginkaku-ji) commence","Ashikaga Yoshimasa commence la construction du Pavillon d'argent (Ginkaku-ji) à Kyoto. Initialement prévu comme un lieu de retraite et un reflet du Pavillon d'or, il devient un symbole de l'esthétique et de la culture de l'époque Muromachi.",1482,"L'Époque des Samouraïs : Ascensions, Guerres et Déclin du Bushido","","PENDING","2026-03-04T07:23:47.332093+00:00"
1161,"Incendie de Meireki à Edo","Un grand incendie ravage Edo (Tokyo), détruisant une grande partie de la ville. La reconstruction qui suit contribue à la consolidation du pouvoir du shogunat et à l'affirmation de son autorité.",1657,"L'Époque des Samouraïs : Ascensions, Guerres et Déclin du Bushido","","PENDING","2026-03-04T07:23:47.332093+00:00"
1162,"Début du règne d'Acamapichtli, premier tlatoani de Tenochtitlan","Acamapichtli, d'ascendance tolteca, est choisi comme premier tlatoani (roi) de Tenochtitlan. Son règne marque le début de la dynastie royale aztèque et une période de consolidation du pouvoir.",1376,"L'essor et le déclin de l'Empire Aztèque : Conquête, Croyances et Chute de Tenochtitlan","","PENDING","2026-03-04T07:23:47.332093+00:00"
1163,"Alliance entre Tenochtitlan et Azcapotzalco","Tenochtitlan s'allie avec la puissante cité-état de Azcapotzalco, sous le règne de Tezozómoc. Cette alliance permet à Tenochtitlan de gagner en puissance et en influence dans la vallée de Mexico.",1378,"L'essor et le déclin de l'Empire Aztèque : Conquête, Croyances et Chute de Tenochtitlan","","PENDING","2026-03-04T07:23:47.332093+00:00"
1164,"Inondation majeure de Tenochtitlan","Une inondation dévastatrice frappe Tenochtitlan, causant des dommages importants à la ville et à son infrastructure. Cet événement conduit à des améliorations des systèmes de contrôle des eaux.",1449,"L'essor et le déclin de l'Empire Aztèque : Conquête, Croyances et Chute de Tenochtitlan","","PENDING","2026-03-04T07:23:47.332093+00:00"
1165,"Conquête de Tlatelolco par Tenochtitlan","Axayacatl mène les forces de Tenochtitlan à la conquête de Tlatelolco, une cité-état voisine et un important centre commercial. Cette conquête renforce le contrôle de Tenochtitlan sur la vallée de Mexico.",1473,"L'essor et le déclin de l'Empire Aztèque : Conquête, Croyances et Chute de Tenochtitlan","","PENDING","2026-03-04T07:23:47.332093+00:00"
1166,"Début du règne de Tizoc, septième tlatoani de Tenochtitlan","Tizoc succède à son frère Axayacatl. Son règne est marqué par des travaux de construction et d'expansion, bien que bref.",1481,"L'essor et le déclin de l'Empire Aztèque : Conquête, Croyances et Chute de Tenochtitlan","","PENDING","2026-03-04T07:23:47.332093+00:00"
1167,"Présentation du Xerox Alto au personnel de Xerox PARC","Xerox PARC présente le Xerox Alto, un ordinateur doté d'une interface utilisateur graphique (GUI) et d'une souris. Bien que non commercialisé, il influence fortement le développement des interfaces graphiques futures.",1973,"L'Ère de l'Informatique Personnelle : De l'Apple II à la Révolution Mobile (1977-2010)","","PENDING","2026-03-04T07:23:47.332093+00:00"
1168,"Publication de 'De Americaensche Zee-Roovers' relatant les exploits de Morgan","Alexandre Exquemelin publie 'De Americaensche Zee-Roovers' en 1678, un récit détaillé des aventures des flibustiers, incluant les exploits d'Henry Morgan. Ce livre contribue à la légende de Morgan.",1678,"L'Âge d'Or de la Piraterie Caribéenne : De l'essor des flibustiers au déclin des pirates (1625-1730)","","PENDING","2026-03-04T07:23:47.332093+00:00"
1169,"Début du règne de Frédéric-Guillaume Ier en Prusse","Frédéric-Guillaume Ier accède au trône de Prusse le 25 février. Son règne est marqué par la militarisation de l'État et la centralisation du pouvoir.",1713,"L'Âge d'Or de la Piraterie Caribéenne : De l'essor des flibustiers au déclin des pirates (1625-1730)","","PENDING","2026-03-04T07:23:47.332093+00:00"
1170,"Fondation de la Bibliothèque nationale d'Espagne (Biblioteca Nacional de España)","La Bibliothèque royale (future Bibliothèque nationale d'Espagne) est fondée par Philippe V. Elle a pour but de rassembler tous les écrits publiés en Espagne.",1712,"L'Âge d'Or de la Piraterie Caribéenne : De l'essor des flibustiers au déclin des pirates (1625-1730)","","PENDING","2026-03-04T07:23:47.332093+00:00"
1171,"Publication du "A General History of the Pirates" de Charles Johnson","Ce recueil de biographies romancées de pirates contribue à la légende de l'Âge d'Or de la Piraterie. Il popularise les figures de Barbe Noire, Calico Jack et Anne Bonny.",1724,"L'Âge d'Or de la Piraterie Caribéenne : De l'essor des flibustiers au déclin des pirates (1625-1730)","","PENDING","2026-03-04T07:23:47.332093+00:00"
1172,"Sortie de l'album « Pet Sounds » des Beach Boys","Sortie de l'album « Pet Sounds » des Beach Boys, considéré comme l'un des albums les plus influents de l'histoire du rock. Il marque une évolution vers des compositions plus complexes et une production sophistiquée.",1966,"L'Histoire du Rock'n'Roll : De la naissance au Grunge (1954-1994)","","PENDING","2026-03-04T07:23:47.332093+00:00"
1173,"Sortie de l'album 'The Yes Album' de Yes","L'album est sorti le 19 février 1971. Il marque un tournant dans le style du groupe, avec des compositions plus complexes et virtuoses.",1971,"L'Histoire du Rock'n'Roll : De la naissance au Grunge (1954-1994)","","PENDING","2026-03-04T07:23:47.332093+00:00"
1174,"Sortie de l'album "Zen Arcade" de Hüsker Dü","L'album double "Zen Arcade" de Hüsker Dü sort et marque une étape importante dans le développement du rock alternatif, influençant de nombreux groupes à venir. Il mélange punk hardcore et mélodies pop.",1984,"L'Histoire du Rock'n'Roll : De la naissance au Grunge (1954-1994)","","PENDING","2026-03-04T07:23:47.332093+00:00"
1175,"Sortie de l'album "Ten" de Pearl Jam","L'album "Ten" de Pearl Jam est lancé et devient un succès commercial majeur, contribuant à populariser le son grunge auprès d'un public plus large. Il est certifié 13 fois disque de platine aux États-Unis.",1991,"L'Histoire du Rock'n'Roll : De la naissance au Grunge (1954-1994)","","PENDING","2026-03-04T07:23:47.332093+00:00"
1176,"Début du règne de Sinchi Roca, deuxième Sapa Inca de Cuzco","Sinchi Roca succède à Manco Capac et continue le développement initial de Cuzco. Son règne est marqué par l'organisation sociale et militaire de la jeune civilisation Inca.",1230,"L'essor et le déclin de l'Empire Inca : Des origines mythiques à la conquête espagnole (XIIe siècle - 1572)","","PENDING","2026-03-04T07:23:47.332093+00:00"
1177,"Début du règne de Lloque Yupanqui, troisième Sapa Inca de Cuzco","Lloque Yupanqui consolide le pouvoir Inca à Cuzco et entreprend des expéditions militaires pour étendre l'influence de la ville sur les territoires environnants.",1260,"L'essor et le déclin de l'Empire Inca : Des origines mythiques à la conquête espagnole (XIIe siècle - 1572)","","PENDING","2026-03-04T07:23:47.343937+00:00"
1178,"Début du règne de Mayta Capac, quatrième Sapa Inca de Cuzco","Mayta Capac est connu pour sa force militaire et son ambition. Il mène des campagnes pour soumettre des tribus rivales et renforcer la position de Cuzco dans la région.",1290,"L'essor et le déclin de l'Empire Inca : Des origines mythiques à la conquête espagnole (XIIe siècle - 1572)","","PENDING","2026-03-04T07:23:47.343937+00:00"
1179,"Début du règne de Capac Yupanqui, cinquième Sapa Inca de Cuzco","Capac Yupanqui continue l'expansion militaire et politique de Cuzco. Son règne est marqué par des alliances et des conflits avec les peuples voisins, contribuant à l'établissement de l'influence Inca.",1320,"L'essor et le déclin de l'Empire Inca : Des origines mythiques à la conquête espagnole (XIIe siècle - 1572)","","PENDING","2026-03-04T07:23:47.343937+00:00"
1180,"Couronnement de Pachacútec Inca Yupanqui comme Sapa Inca","Pachacútec est couronné Sapa Inca après sa victoire à Yawarpampa, consolidant son pouvoir et lançant une série de réformes administratives, militaires et urbanistiques à Cuzco. Son règne marque une période de transformation et d'expansion sans précédent pour l'empire Inca.",1438,"L'essor et le déclin de l'Empire Inca : Des origines mythiques à la conquête espagnole (XIIe siècle - 1572)","","PENDING","2026-03-04T07:23:47.343937+00:00"
1181,"Campagne de consolidation du Chinchaysuyu lancée par Tupac Inca Yupanqui","Tupac Inca Yupanqui, fils de Pachacútec, lance une campagne militaire pour consolider le contrôle inca sur la région du Chinchaysuyu, étendant l'influence impériale vers le nord. Cette campagne renforce le pouvoir inca sur les territoires conquis et assure le contrôle des routes commerciales.",1470,"L'essor et le déclin de l'Empire Inca : Des origines mythiques à la conquête espagnole (XIIe siècle - 1572)","","PENDING","2026-03-04T07:23:47.343937+00:00"
1182,"Accession de Huayna Capac au pouvoir à la mort de son père Tupac Yupanqui","Huayna Capac devient le nouvel empereur Inca, marquant le début d'une période d'expansion et de consolidation de l'empire. Son règne est caractérisé par une administration complexe et des projets de construction ambitieux.",1493,"L'essor et le déclin de l'Empire Inca : Des origines mythiques à la conquête espagnole (XIIe siècle - 1572)","","PENDING","2026-03-04T07:23:47.343937+00:00"
1183,"Exécution de Túpac Amaru I à Cuzco","Túpac Amaru I, le dernier empereur Inca de Vilcabamba, est capturé et exécuté publiquement à Cuzco sur ordre du vice-roi Francisco de Toledo. Cet événement marque la fin de la résistance inca organisée.",1572,"L'essor et le déclin de l'Empire Inca : Des origines mythiques à la conquête espagnole (XIIe siècle - 1572)","","PENDING","2026-03-04T07:23:47.343937+00:00"
1184,"Première diffusion de la publicité télévisée aux États-Unis par Bulova","La marque horlogère Bulova diffuse la première publicité télévisée aux États-Unis, marquant le début de la publicité commerciale à la télévision. La publicité est diffusée avant un match de baseball.",1941,"L'Histoire de la Télévision : De la création du tube cathodique à l'ère du streaming","","PENDING","2026-03-04T07:23:47.343937+00:00"
1185,"Première diffusion de l'émission "Les Enfants du Rock"","Lancement de l'émission "Les Enfants du Rock" sur Antenne 2. L'émission contribue à populariser la culture rock et les nouvelles tendances musicales auprès d'un large public.",1981,"L'Histoire de la Télévision : De la création du tube cathodique à l'ère du streaming","","PENDING","2026-03-04T07:23:47.343937+00:00"
1186,"Lancement du service de streaming audio 'RealAudio' par Progressive Networks","RealAudio a été l'un des premiers services à permettre la diffusion audio en continu sur Internet. Il a ouvert la voie au streaming musical et à la radio en ligne.",1995,"L'Histoire de la Télévision : De la création du tube cathodique à l'ère du streaming","","PENDING","2026-03-04T07:23:47.343937+00:00"
1187,"Fondation de l'Interstate Commerce Commission (ICC) aux États-Unis","L'ICC a été créée pour réglementer les chemins de fer et assurer des tarifs équitables. Elle a été la première agence de réglementation indépendante du gouvernement fédéral américain.",1887,"L'Épopée du Far West Américain : De la Ruée vers l'Or à la Fermeture de la Frontière","","PENDING","2026-03-04T07:23:47.343937+00:00"
1188,"Kubilai Khan transfère sa capitale à Khanbaliq (Pékin)","En 1264, Kubilai Khan transfère sa capitale de Karakorum à Khanbaliq (l'actuelle Pékin). Ce transfert symbolise l'orientation chinoise de son khanat.",1264,"L'Ascension et la Chute de l'Empire Mongol : De Gengis Khan à la Dynastie Yuan (1206-1368)","","PENDING","2026-03-04T07:23:47.343937+00:00"
1189,"Destruction de la flotte Yuan par un typhon lors de la seconde invasion du Japon (Kamakaze)","Une tempête massive détruit une grande partie de la flotte Yuan lors de la seconde tentative d'invasion du Japon, mettant fin aux ambitions expansionnistes de Kubilai Khan dans cette direction. Cet événement est connu sous le nom de 'Kamikaze', ou 'vent divin'.",1281,"L'Ascension et la Chute de l'Empire Mongol : De Gengis Khan à la Dynastie Yuan (1206-1368)","","PENDING","2026-03-04T07:23:47.343937+00:00"
1190,"Proclamation de Han Lin'er comme empereur de Song","Liu Futong proclame Han Lin'er, fils de Han Shantong (mort en 1351), empereur de la dynastie Song, cherchant à restaurer la dynastie Song et à légitimer la rébellion contre les Yuan.",1355,"L'Ascension et la Chute de l'Empire Mongol : De Gengis Khan à la Dynastie Yuan (1206-1368)","","PENDING","2026-03-04T07:23:47.343937+00:00"
1191,"Bataille du lac Poyang","Zhu Yuanzhang remporte une victoire décisive contre Chen Youliang à la bataille du lac Poyang, éliminant un rival majeur dans la lutte pour le pouvoir et consolidant sa position.",1363,"L'Ascension et la Chute de l'Empire Mongol : De Gengis Khan à la Dynastie Yuan (1206-1368)","","PENDING","2026-03-04T07:23:47.343937+00:00"
1192,"Première démonstration d'un circuit intégré fonctionnel (Robert Noyce, Fairchild)","Robert Noyce de Fairchild Semiconductor démontre un circuit intégré fonctionnel en 1959, peu de temps après le dépôt de brevet de Kilby, contribuant à la course à la miniaturisation.",1959,"L'histoire du développement informatique : De l'ENIAC à l'Internet des Objets (1946-2010)","","PENDING","2026-03-04T07:23:47.343937+00:00"
1193,"Publication de l'étude sur la conception logique d'un ordinateur électronique (Burks, Goldstine, von Neumann)","Ce rapport décrit l'architecture de von Neumann, un modèle pour les ordinateurs à programme enregistré. Il influence la conception des ordinateurs pendant des décennies.",1946,"L'histoire du développement informatique : De l'ENIAC à l'Internet des Objets (1946-2010)","","PENDING","2026-03-04T07:23:47.343937+00:00"
1194,"Création du système de noms de domaine (DNS)","Introduction d'une méthode hiérarchique et distribuée pour traduire les noms de domaine en adresses IP. Cela simplifie l'accès aux ressources en ligne.",1983,"L'histoire du développement informatique : De l'ENIAC à l'Internet des Objets (1946-2010)","","PENDING","2026-03-04T07:23:47.343937+00:00"
1195,"Lancement du premier téléphone mobile avec navigateur WAP (Nokia 7110)","Nokia lance le 7110, le premier téléphone mobile doté d'un navigateur WAP (Wireless Application Protocol). Il permet d'accéder à des versions allégées de sites web sur mobile.",1999,"L'histoire du développement informatique : De l'ENIAC à l'Internet des Objets (1946-2010)","","PENDING","2026-03-04T07:23:47.343937+00:00"
1197,"Première mention écrite de la soie romaine par Pline l'Ancien","Pline l'Ancien décrit la soie provenant de Seres (Chine) dans son 'Histoire naturelle', témoignant de la présence de la soie romaine et de son importance croissante dans le commerce entre l'Orient et l'Occident. Il déplore son coût élevé.",70,"L'Histoire de la Route de la Soie : De l'Antiquité à son Déclin","","PENDING","2026-03-04T07:23:47.343937+00:00"
1253,"Publication du 'Shōbōgenzō' par Dōgen, texte fondateur de l'école Sōtō du bouddhisme Zen","Dōgen, fondateur de l'école Sōtō, commence à écrire le 'Shōbōgenzō', une œuvre philosophique majeure qui expose les principes fondamentaux du Zen Sōtō.",1231,"L'expansion du bouddhisme : De la vie de Siddhartha Gautama à sa diffusion mondiale","","PENDING","2026-03-04T07:23:47.356346+00:00"
1198,"Ban Chao, général Han, rétablit le contrôle chinois sur Kashgar","Le général Ban Chao de la dynastie Han rétablit le contrôle chinois sur Kashgar, une ville clé de la Route de la Soie, après une période de troubles. Cette action renforce la présence chinoise en Asie centrale et sécurise les routes commerciales.",91,"L'Histoire de la Route de la Soie : De l'Antiquité à son Déclin","","PENDING","2026-03-04T07:23:47.343937+00:00"
1199,"Traité de Changyuan (29 janvier 1005)","Signature du traité de Changyuan entre la dynastie Song et la dynastie Liao, stabilisant la frontière nord de la Chine et permettant une reprise du commerce via la Route de la Soie, bien que sous contrôle Liao au nord.",1005,"L'Histoire de la Route de la Soie : De l'Antiquité à son Déclin","","PENDING","2026-03-04T07:23:47.343937+00:00"
1200,"Prise de Samarcande par les Qarakhanides (1041)","La prise de Samarcande par les Qarakhanides marque un changement de pouvoir en Asie centrale, affectant le contrôle et la sécurité des routes commerciales de la Route de la Soie.",1041,"L'Histoire de la Route de la Soie : De l'Antiquité à son Déclin","","PENDING","2026-03-04T07:23:47.343937+00:00"
1201,"Début du règne de Mehmet II, le Conquérant","Le début du règne de Mehmet II, qui reprendra en 1451, marque une période d'expansion ottomane agressive. Sa politique aura un impact direct sur le contrôle des routes commerciales reliant l'Europe et l'Asie.",1444,"L'Histoire de la Route de la Soie : De l'Antiquité à son Déclin","","PENDING","2026-03-04T07:23:47.343937+00:00"
1202,"Première démonstration publique du scaphandre autonome Rouquayrol-Denayrouze à Espalion","Auguste Denayrouze présente le scaphandre de son invention, fruit de sa collaboration avec Benoît Rouquayrol. L'appareil marque une avancée significative dans la plongée autonome.",1865,"L'histoire de l'exploration du fond des océans : Des scaphandriers aux bathyscaphes (1860-2010)","","PENDING","2026-03-04T07:23:47.343937+00:00"
1203,"Invention du détendeur à la demande par Yves Le Prieur","Yves Le Prieur met au point un détendeur permettant de réguler l'arrivée d'air comprimé dans le masque du plongeur. Cette invention améliore considérablement la sécurité et le confort sous l'eau.",1926,"L'histoire de l'exploration du fond des océans : Des scaphandriers aux bathyscaphes (1860-2010)","","PENDING","2026-03-04T07:23:47.343937+00:00"
1204,"Présentation du bathysphère de Beebe et Barton à la New York Zoological Society","Le bathysphère, conçu par Otis Barton, est présenté au public pour la première fois. Il permet d'observer directement les profondeurs marines.",1930,"L'histoire de l'exploration du fond des océans : Des scaphandriers aux bathyscaphes (1860-2010)","","PENDING","2026-03-04T07:23:47.343937+00:00"
1205,"Lancement du sous-marin de recherche Alvin","Le sous-marin Alvin, conçu pour la recherche océanographique en eaux profondes, est lancé par la Woods Hole Oceanographic Institution. Il deviendra un outil essentiel pour l'exploration des fonds marins.",1964,"L'histoire de l'exploration du fond des océans : Des scaphandriers aux bathyscaphes (1860-2010)","","PENDING","2026-03-04T07:23:47.343937+00:00"
1206,"Lancement du projet NEPTUNE (North East Pacific Time-series Underwater Networked Experiments)","Début du déploiement du réseau NEPTUNE Canada, un observatoire sous-marin câblé fournissant une surveillance en temps réel et à long terme des fonds marins au large de la côte ouest du Canada.",2009,"L'histoire de l'exploration du fond des océans : Des scaphandriers aux bathyscaphes (1860-2010)","","PENDING","2026-03-04T07:23:47.343937+00:00"
1207,"Première observation directe d'un poisson vivant à plus de 8 000 mètres de profondeur (poisson-limace)","Une équipe de scientifiques filme un poisson-limace à une profondeur de 8 145 mètres dans la fosse des Mariannes. C'est la première observation directe d'un poisson vivant à une telle profondeur.",2014,"L'histoire de l'exploration du fond des océans : Des scaphandriers aux bathyscaphes (1860-2010)","","PENDING","2026-03-04T07:23:47.343937+00:00"
1219,"Construction du temple d'Aton à Karnak ordonnée par Akhenaton","Akhenaton ordonne la construction d'un temple dédié au dieu Aton à Karnak, marquant une étape importante dans sa réforme religieuse. Ce temple sera plus tard démantelé.",1352,"Les Dynasties Égyptiennes : Des Pharaons Prédynastiques à Cléopâtre","","PENDING","2026-03-04T07:23:47.343937+00:00"
1220,"Translation de la capitale à Akhetaton","Akhenaton transfère la capitale de Thèbes à Akhetaton (aujourd'hui Amarna), symbolisant sa rupture avec le clergé d'Amon et l'établissement de son nouveau culte monothéiste.",1346,"Les Dynasties Égyptiennes : Des Pharaons Prédynastiques à Cléopâtre","","PENDING","2026-03-04T07:23:47.343937+00:00"
1221,"Début du règne de Toutânkhaton","Toutânkhaton accède au trône après la mort d'Akhenaton. Il restaure rapidement le culte des anciens dieux et change son nom en Toutânkhamon.",1332,"Les Dynasties Égyptiennes : Des Pharaons Prédynastiques à Cléopâtre","","PENDING","2026-03-04T07:23:47.343937+00:00"
1222,"Début du règne de Psammétique Ier en Égypte","Psammétique Ier fonde la XXVIe dynastie et marque le début de la Basse Époque égyptienne. Il met fin à la domination assyrienne et restaure l'indépendance de l'Égypte.",664,"Les Dynasties Égyptiennes : Des Pharaons Prédynastiques à Cléopâtre","","PENDING","2026-03-04T07:23:47.343937+00:00"
1223,"Alexandre le Grand est couronné pharaon à Memphis","Après avoir conquis l'Égypte, Alexandre le Grand est couronné pharaon à Memphis, intégrant l'Égypte à son empire. Il fonde Alexandrie.",332,"Les Dynasties Égyptiennes : Des Pharaons Prédynastiques à Cléopâtre","","PENDING","2026-03-04T07:23:47.343937+00:00"
1224,"Début du règne de Ptolémée Ier Sôter en Égypte","Ptolémée Ier Sôter, un des généraux d'Alexandre le Grand, se proclame roi d'Égypte. Il fonde la dynastie ptolémaïque qui gouvernera l'Égypte pendant près de trois siècles.",305,"Les Dynasties Égyptiennes : Des Pharaons Prédynastiques à Cléopâtre","","PENDING","2026-03-04T07:23:47.343937+00:00"
1225,"Suicide de Cléopâtre VII et fin de la dynastie ptolémaïque","Après la défaite d'Antoine et Cléopâtre face à Octave (futur Auguste), Cléopâtre se suicide. L'Égypte devient une province romaine, marquant la fin de l'Égypte pharaonique.",30,"Les Dynasties Égyptiennes : Des Pharaons Prédynastiques à Cléopâtre","","PENDING","2026-03-04T07:23:47.343937+00:00"
1226,"Fujiwara no Tokihira devient Sadaijin","Fujiwara no Tokihira accède au poste de Sadaijin (Ministre de Gauche), consolidant davantage le pouvoir du clan Fujiwara au sein du gouvernement impérial. Cette nomination marque une étape importante dans la domination politique du clan.",899,"L'essor du Japon féodal : Du clan Fujiwara à l'établissement du shogunat Tokugawa (794-1603)","","PENDING","2026-03-04T07:23:47.343937+00:00"
1227,"Fujiwara no Michinaga devient régent (Sesshō)","Fujiwara no Michinaga devient Sesshō (régent) pour l'empereur Ichijō, atteignant le sommet de la puissance Fujiwara. Son règne est considéré comme l'apogée de l'influence du clan.",995,"L'essor du Japon féodal : Du clan Fujiwara à l'établissement du shogunat Tokugawa (794-1603)","","PENDING","2026-03-04T07:23:47.343937+00:00"
1228,"Début du règne de l'empereur Go-Reizei sans ascendance Fujiwara","L'empereur Go-Reizei monte sur le trône sans être né d'une mère issue du clan Fujiwara, ce qui représente un défi à la tradition et un affaiblissement potentiel de l'influence du clan. Cet événement marque un tournant dans la domination des Fujiwara.",1045,"L'essor du Japon féodal : Du clan Fujiwara à l'établissement du shogunat Tokugawa (794-1603)","","PENDING","2026-03-04T07:23:47.343937+00:00"
1229,"Retraite de Fujiwara no Yorimichi à Byōdō-in","Fujiwara no Yorimichi se retire à Byōdō-in, un temple qu'il a transformé en un symbole de la splendeur et de la piété du clan Fujiwara. Cet événement coïncide avec la fin de son rôle de Kampaku et le déclin de l'influence directe des Fujiwara.",1068,"L'essor du Japon féodal : Du clan Fujiwara à l'établissement du shogunat Tokugawa (794-1603)","","PENDING","2026-03-04T07:23:47.343937+00:00"
1230,"Publication du 'Shin Sarugaku Ki' de Fujiwara Akihira, décrivant la vie des courtisans et des guerriers","Ce texte est une source précieuse sur les coutumes et les classes sociales de l'époque, offrant un aperçu des interactions entre la noblesse et les premiers samouraïs.",1076,"L'essor du Japon féodal : Du clan Fujiwara à l'établissement du shogunat Tokugawa (794-1603)","","PENDING","2026-03-04T07:23:47.343937+00:00"
1231,"Taira no Kiyomori devient le premier guerrier à être nommé Daijo-daijin (Premier Ministre)","Cette nomination symbolise l'ascension du clan Taira et l'influence croissante des guerriers dans la politique impériale, marquant un tournant dans l'équilibre du pouvoir.",1167,"L'essor du Japon féodal : Du clan Fujiwara à l'établissement du shogunat Tokugawa (794-1603)","","PENDING","2026-03-04T07:23:47.343937+00:00"
1232,"Minamoto no Yoritomo reçoit le titre de Sei-i Taishōgun","L'empereur Go-Toba nomme Minamoto no Yoritomo Sei-i Taishōgun. Cet événement marque officiellement le début du shogunat de Kamakura.",1192,"L'essor du Japon féodal : Du clan Fujiwara à l'établissement du shogunat Tokugawa (794-1603)","","PENDING","2026-03-04T07:23:47.343937+00:00"
1233,"Début officiel du commerce de tribut avec la dynastie Ming","Le shogun Yoshimitsu reprend officiellement le commerce de tribut avec la Chine de la dynastie Ming. Ce commerce apporte prospérité et influence culturelle au Japon.",1404,"L'essor du Japon féodal : Du clan Fujiwara à l'établissement du shogunat Tokugawa (794-1603)","","PENDING","2026-03-04T07:23:47.343937+00:00"
1234,"Construction du Kinkaku-ji (Pavillon d'or) achevée","Ashikaga Yoshimitsu achève la construction du Kinkaku-ji (Pavillon d'or) à Kitayama, Kyoto. Il sert initialement de villa de retraite avant d'être transformé en temple zen après sa mort.",1397,"L'essor du Japon féodal : Du clan Fujiwara à l'établissement du shogunat Tokugawa (794-1603)","","PENDING","2026-03-04T07:23:47.343937+00:00"
1235,"Démonstration du bateau à vapeur de William Symington sur le lac Dalswinton","William Symington effectue une démonstration réussie de son bateau à vapeur sur le lac Dalswinton en Écosse. C'est l'une des premières démonstrations d'un bateau propulsé par une machine à vapeur.",1788,"La Révolution Industrielle : De la Machine à Vapeur à l'Électrification Globale (1760-1914)","","PENDING","2026-03-04T07:23:47.343937+00:00"
1236,"Fondation de la Société des Moteurs Daimler (DMG) à Cannstatt","Gottlieb Daimler fonde la Daimler-Motoren-Gesellschaft (DMG) à Cannstatt, en Allemagne. Cette société jouera un rôle majeur dans le développement et la production d'automobiles.",1890,"La Révolution Industrielle : De la Machine à Vapeur à l'Électrification Globale (1760-1914)","","PENDING","2026-03-04T07:23:47.343937+00:00"
1237,"Première démonstration publique de la lampe à arc électrique par Humphry Davy à la Royal Institution de Londres","Humphry Davy présente une lampe à arc électrique devant la Royal Institution de Londres. Cette démonstration marque une étape importante dans le développement de l'éclairage électrique.",1808,"La Révolution Industrielle : De la Machine à Vapeur à l'Électrification Globale (1760-1914)","","PENDING","2026-03-04T07:23:47.343937+00:00"
1238,"Première découverte documentée d'or en Caroline du Nord par Conrad Reed sur Little Meadow Creek","Conrad Reed, 12 ans, trouve une pépite d'or de 17 livres sur la propriété de son père, John Reed, marquant le début de la ruée vers l'or en Caroline du Nord. La découverte initiale est restée non identifiée pendant plusieurs années.",1799,"La ruée vers l'or en Amérique du Nord : De la découverte initiale aux grandes ruées (1799-1899)","","PENDING","2026-03-04T07:23:47.343937+00:00"
1239,"Découverte d'or à Dukes Creek, Géorgie","La découverte d'or à Dukes Creek marque le début de la ruée vers l'or en Géorgie. Cet événement attire rapidement des milliers de chercheurs d'or dans la région.",1828,"La ruée vers l'or en Amérique du Nord : De la découverte initiale aux grandes ruées (1799-1899)","","PENDING","2026-03-04T07:23:47.356346+00:00"
1240,"Découverte d'or à Bonanza Creek par Skookum Jim, Tagish Charlie et George Carmack","Cette découverte marque le début officiel de la ruée vers l'or du Klondike. Elle attire rapidement des milliers de prospecteurs dans la région.",1896,"La ruée vers l'or en Amérique du Nord : De la découverte initiale aux grandes ruées (1799-1899)","","PENDING","2026-03-04T07:23:47.356346+00:00"
1241,"Ouverture du saloon "The Palace Grand Theatre" (Dawson City)","Ce saloon devient un lieu de divertissement majeur pour les mineurs et les habitants de Dawson City. Il symbolise l'essor de la ville.",1899,"La ruée vers l'or en Amérique du Nord : De la découverte initiale aux grandes ruées (1799-1899)","","PENDING","2026-03-04T07:23:47.356346+00:00"
1248,"Rédaction du commentaire de Buddhaghosa sur le Vinaya Pitaka (Samantapasadika)","Buddhaghosa, un érudit bouddhiste, achève son commentaire majeur sur le Vinaya Pitaka. Ce texte devient une référence essentielle pour l'étude de la discipline monastique dans le bouddhisme Theravada.",430,"L'expansion du bouddhisme : De la vie de Siddhartha Gautama à sa diffusion mondiale","","PENDING","2026-03-04T07:23:47.356346+00:00"
1249,"Sixième concile bouddhiste (Chattha Sangayana) à Rangoon","Ce concile a réuni des moines de divers pays Theravada pour réviser et éditer le Tipitaka Pali. Il a marqué une tentative de préserver et de diffuser le canon Pali dans sa forme la plus pure.",1954,"L'expansion du bouddhisme : De la vie de Siddhartha Gautama à sa diffusion mondiale","","PENDING","2026-03-04T07:23:47.356346+00:00"
1251,"Traduction du Sutra des Guirlandes (Buddhavatamsaka Sutra) en chinois par Buddhabhadra à Nankin","Buddhabhadra, un moine bouddhiste indien, achève la traduction du Buddhavatamsaka Sutra, un texte majeur du bouddhisme Mahayana, en chinois à Nankin. Cette traduction a eu une influence profonde sur le développement du bouddhisme chinois.",420,"L'expansion du bouddhisme : De la vie de Siddhartha Gautama à sa diffusion mondiale","","PENDING","2026-03-04T07:23:47.356346+00:00"
1252,"Construction du Kennin-ji à Kyoto, premier temple Zen officiellement reconnu au Japon","Eisai fonde le Kennin-ji à Kyoto, avec le soutien du shogun Minamoto no Yoriie. Il s'agit du premier temple Zen officiellement reconnu par le gouvernement japonais.",1202,"L'expansion du bouddhisme : De la vie de Siddhartha Gautama à sa diffusion mondiale","","PENDING","2026-03-04T07:23:47.356346+00:00"
1254,"Traversée des Blue Mountains par Blaxland, Lawson et Wentworth","Gregory Blaxland, William Lawson et William Charles Wentworth réussissent la première traversée documentée des Blue Mountains à l'ouest de Sydney. Cette expédition ouvre la voie à l'expansion coloniale vers l'intérieur des terres.",1813,"La Colonisation de l'Australie : De la Première Flotte à la Fédération (1788-1901)","","PENDING","2026-03-04T07:23:47.356346+00:00"
1255,"Fondation de la colonie de Swan River (Perth)","Le capitaine James Stirling fonde officiellement la colonie de Swan River, qui deviendra plus tard Perth, en Australie-Occidentale. Cet événement marque le début de la colonisation britannique dans cette région.",1829,"La Colonisation de l'Australie : De la Première Flotte à la Fédération (1788-1901)","","PENDING","2026-03-04T07:23:47.356346+00:00"
1256,"Adoption du principe de gouvernement responsable en Nouvelle-Écosse","La Nouvelle-Écosse devient la première colonie britannique d'Amérique du Nord à obtenir un gouvernement responsable, marquant une étape importante vers l'autonomie gouvernementale. Cela signifie que le pouvoir exécutif est responsable devant une assemblée élue.",1848,"La Colonisation de l'Australie : De la Première Flotte à la Fédération (1788-1901)","","PENDING","2026-03-04T07:23:47.356346+00:00"
1257,"Acquisition de la Terre de Rupert par le Canada","Le Canada acquiert officiellement la Terre de Rupert et le Territoire du Nord-Ouest de la Compagnie de la Baie d'Hudson. Cette acquisition massive augmente considérablement le territoire du Canada et ouvre la voie à l'expansion vers l'ouest.",1869,"La Colonisation de l'Australie : De la Première Flotte à la Fédération (1788-1901)","","PENDING","2026-03-04T07:23:47.356346+00:00"
1258,"Première Convention Fédérale Nationale à Sydney","La première Convention Fédérale Nationale se réunit à Sydney pour rédiger une constitution pour le Commonwealth d'Australie. Les délégués de six colonies australiennes et de Nouvelle-Zélande participent.",1891,"La Colonisation de l'Australie : De la Première Flotte à la Fédération (1788-1901)","","PENDING","2026-03-04T07:23:47.356346+00:00"
1259,"Publication du livre "High Adventure" d'Edmund Hillary","Edmund Hillary publie son récit de l'ascension de l'Everest. Le livre devient un best-seller international et popularise l'histoire de l'expédition.",1955,"L'histoire de la conquête du mont Everest : Des premières expéditions aux ascensions modernes","","PENDING","2026-03-04T07:23:47.356346+00:00"
1260,"Création du parc national de Sagarmatha au Népal, incluant le mont Everest","Le parc national de Sagarmatha est créé pour protéger l'environnement autour du mont Everest. Cette initiative vise à préserver la biodiversité et le patrimoine culturel de la région.",1976,"L'histoire de la conquête du mont Everest : Des premières expéditions aux ascensions modernes","","PENDING","2026-03-04T07:23:47.356346+00:00"
1261,"Ouverture du téléphérique de l'Aiguille du Midi","Inauguration du téléphérique permettant un accès facilité à la haute montagne et stimulant le tourisme d'altitude dans le massif du Mont-Blanc. Il a permis de démocratiser l'accès à la haute montagne.",1955,"L'histoire de la conquête du mont Everest : Des premières expéditions aux ascensions modernes","","PENDING","2026-03-04T07:23:47.356346+00:00"
1262,"Adoption de la Convention sur la protection des Alpes (Convention Alpine)","Signature d'un traité international entre les pays alpins visant à promouvoir un développement durable et à protéger l'environnement montagnard face aux pressions du tourisme et des activités économiques. Elle a été signée à Salzbourg.",1991,"L'histoire de la conquête du mont Everest : Des premières expéditions aux ascensions modernes","","PENDING","2026-03-04T07:23:47.356346+00:00"
1263,"Publication du rapport de l'ONU sur l'impact du tourisme sur les glaciers","Un rapport de l'Organisation Mondiale du Tourisme (OMT) met en évidence l'impact négatif du tourisme de masse sur les glaciers et les écosystèmes de montagne, soulignant la nécessité d'un tourisme plus durable. Il a alerté sur la fonte des glaces.",2003,"L'histoire de la conquête du mont Everest : Des premières expéditions aux ascensions modernes","","PENDING","2026-03-04T07:23:47.356346+00:00"
1264,"Admission de la Louisiane comme 18e État des États-Unis","Le territoire de la Louisiane est admis dans l'Union en tant qu'État, marquant une étape importante dans l'intégration du territoire acquis et son développement politique.",1812,"La Conquête du Far West Américain : Pionniers, Cowboys et Natifs (1803-1912)","","PENDING","2026-03-04T07:23:47.356346+00:00"
1265,"Proclamation de la République des États-Unis du Brésil","La monarchie brésilienne est renversée par un coup d'État militaire, et la République des États-Unis du Brésil est proclamée. Cet événement met fin au règne de Pierre II et marque le début d'une nouvelle ère politique pour le pays.",1889,"Les empires coloniaux portugais et espagnol : De la découverte à l'indépendance (1415-1898)","","PENDING","2026-03-04T07:23:47.356346+00:00"
1266,"Fondation du studio Nestor Film Company (Hollywood)","Le studio Nestor Film Company, fondé par David Horsley, s'installe à Hollywood, marquant l'arrivée du premier studio de cinéma majeur dans la région. Cet événement contribue à l'essor d'Hollywood comme centre de l'industrie cinématographique.",1911,"L'Âge d'Or d'Hollywood : Des Premiers Studios aux Blockbusters Modernes (1910-2010)","","PENDING","2026-03-04T07:23:47.356346+00:00"
1267,"Création de la MPPC (Motion Picture Patents Company)","La Motion Picture Patents Company (MPPC), surnommée 'The Trust', est formée par les principaux détenteurs de brevets cinématographiques. Elle vise à contrôler l'industrie du cinéma aux États-Unis, poussant les cinéastes indépendants à s'installer à Hollywood pour échapper à son emprise.",1908,"L'Âge d'Or d'Hollywood : Des Premiers Studios aux Blockbusters Modernes (1910-2010)","","PENDING","2026-03-04T07:23:47.356346+00:00"
1268,"Première diffusion du "Ed Sullivan Show" sur CBS","Lancement du "Ed Sullivan Show" (initialement "Toast of the Town") sur CBS. Cette émission de variétés devient l'une des plus populaires de l'histoire de la télévision américaine, contribuant à populariser de nombreux artistes.",1948,"L'Âge d'Or d'Hollywood : Des Premiers Studios aux Blockbusters Modernes (1910-2010)","","PENDING","2026-03-04T07:23:47.356346+00:00"
1269,"Première du film 'Psychose' d'Alfred Hitchcock à New York","Le film d'horreur psychologique, réalisé avec un budget modeste, choque le public et redéfinit les codes du genre. Il marque un tournant dans la carrière d'Hitchcock et influence durablement le cinéma.",1960,"L'Âge d'Or d'Hollywood : Des Premiers Studios aux Blockbusters Modernes (1910-2010)","","PENDING","2026-03-04T07:23:47.356346+00:00"
1270,"Sortie du film "Bonnie and Clyde" (Arthur Penn)","Ce film, considéré comme un des premiers du Nouvel Hollywood, révolutionne le cinéma américain par sa violence et son esthétique. Il contribue à briser les tabous et à attirer un public plus jeune.",1967,"L'Âge d'Or d'Hollywood : Des Premiers Studios aux Blockbusters Modernes (1910-2010)","","PENDING","2026-03-04T07:23:47.356346+00:00"
1271,"Sortie du film *Terminator 2 : Le Jugement dernier*","Ce film de James Cameron utilise des effets spéciaux numériques révolutionnaires, notamment pour le personnage du T-1000. Il démontre le potentiel des images de synthèse dans le cinéma d'action.",1991,"L'Âge d'Or d'Hollywood : Des Premiers Studios aux Blockbusters Modernes (1910-2010)","","PENDING","2026-03-04T07:23:47.356346+00:00"
1272,"Sortie du film *Avatar*","Le film de James Cameron utilise une technologie 3D immersive et des effets spéciaux avancés pour créer un monde extraterrestre. Il redéfinit l'expérience cinématographique et établit de nouvelles normes pour les effets visuels.",2009,"L'Âge d'Or d'Hollywood : Des Premiers Studios aux Blockbusters Modernes (1910-2010)","","PENDING","2026-03-04T07:23:47.356346+00:00"
1276,"Inauguration du Stèle 29 de Tikal, plus ancien monument maya daté avec précision","La stèle 29, découverte à Tikal, est le plus ancien monument maya daté avec précision selon le calendrier maya, marquant une étape importante dans le développement de l'écriture et de la chronologie maya. Elle témoigne de la sophistication de leur système de datation.",292,"L'essor et la chute des civilisations précolombiennes : des Olmèques à la conquête espagnole (1200 AEC - 1550)","","PENDING","2026-03-04T07:23:47.356346+00:00"
1277,"Consécration du Temple des Inscriptions à Palenque par K'inich Janaab' Pakal","K'inich Janaab' Pakal, roi de Palenque, consacre le Temple des Inscriptions, un monument funéraire majeur abritant son sarcophage. Ce temple est renommé pour ses hiéroglyphes détaillés relatant l'histoire de Palenque.",692,"L'essor et la chute des civilisations précolombiennes : des Olmèques à la conquête espagnole (1200 AEC - 1550)","","PENDING","2026-03-04T07:23:47.356346+00:00"
1278,"Achèvement de la Stèle H à Copán, commémorant le 15e K'atun","La Stèle H à Copán est achevée, marquant la fin du 15e K'atun (cycle de 20 ans) du calendrier maya. Elle illustre l'importance des cycles temporels et des commémorations dans la société maya.",731,"L'essor et la chute des civilisations précolombiennes : des Olmèques à la conquête espagnole (1200 AEC - 1550)","","PENDING","2026-03-04T07:23:47.356346+00:00"
1279,"Éruption du volcan Xitle qui force la migration et contribue à l'essor de Teotihuacan","L'éruption du Xitle dévaste les zones agricoles environnantes, provoquant un afflux de populations vers Teotihuacan et stimulant sa croissance démographique et économique. Cet événement marque un tournant dans l'ascension de la cité.",150,"L'essor et la chute des civilisations précolombiennes : des Olmèques à la conquête espagnole (1200 AEC - 1550)","","PENDING","2026-03-04T07:23:47.356346+00:00"
1280,"Construction de la Pyramide du Soleil à Teotihuacan","Achèvement de la construction de la Pyramide du Soleil, le plus grand édifice de Teotihuacan. Elle témoigne de la puissance politique et religieuse de la cité et de sa capacité à mobiliser d'importantes ressources humaines et matérielles.",225,"L'essor et la chute des civilisations précolombiennes : des Olmèques à la conquête espagnole (1200 AEC - 1550)","","PENDING","2026-03-04T07:23:47.356346+00:00"
1281,"Incendie de la Ciudadela et du Temple de Quetzalcoatl à Teotihuacan","Destruction par le feu de la Ciudadela et du Temple de Quetzalcoatl, suggérant un bouleversement politique ou social majeur à Teotihuacan. Cet événement marque le début du déclin de la cité.",550,"L'essor et la chute des civilisations précolombiennes : des Olmèques à la conquête espagnole (1200 AEC - 1550)","","PENDING","2026-03-04T07:23:47.356346+00:00"
1282,"Abandon progressif de Teotihuacan","Début de l'abandon progressif de Teotihuacan par sa population, marquant la fin de son hégémonie en Mésoamérique. Les causes de ce déclin restent débattues, incluant des facteurs environnementaux, sociaux et politiques.",650,"L'essor et la chute des civilisations précolombiennes : des Olmèques à la conquête espagnole (1200 AEC - 1550)","","PENDING","2026-03-04T07:23:47.356346+00:00"
1283,"Première bataille de Cochin","Le 1er mars 1503, la flotte de Duarte Pacheco Pereira repousse une attaque massive sur Cochin. Cet événement marque une étape importante dans l'établissement de la présence portugaise en Inde.",1503,"Les Grandes Découvertes Maritimes : De Christophe Colomb à Magellan (1492-1522)","","PENDING","2026-03-04T07:23:47.356346+00:00"
1284,"Raid français sur Port Royal (Jamaïque)","Une force navale française attaque Port Royal en Jamaïque, causant des dommages et perturbant le commerce. Cet événement souligne la vulnérabilité de la ville.",1703,"L'Âge d'or des Pirates : De la Flibuste à l'âge d'or (1650 - 1730)","","PENDING","2026-03-04T07:23:47.356346+00:00"
1285,"Construction du fort de San Miguel à Campeche ordonnée par le gouverneur Juan Caballero y Ocio","Suite au sac de Campeche en 1685, le gouverneur Juan Caballero y Ocio ordonne la construction du fort de San Miguel pour protéger la ville contre de futures attaques de pirates. Les travaux débutent en 1686.",1686,"L'Âge d'or des Pirates : De la Flibuste à l'âge d'or (1650 - 1730)","","PENDING","2026-03-04T07:23:47.356346+00:00"
1286,"Naissance d'Edward Teach, dit Barbe Noire","Date de naissance estimée d'Edward Teach, plus connu sous le nom de Barbe Noire, figure emblématique de la piraterie durant l'âge d'or. Sa vie antérieure reste largement méconnue.",1680,"L'Âge d'or des Pirates : De la Flibuste à l'âge d'or (1650 - 1730)","","PENDING","2026-03-04T07:23:47.356346+00:00"
1287,"Spirit s'enlise dans du sable (Troy)","Le rover Spirit s'enlise profondément dans du sable meuble dans une zone appelée "Troy". Les tentatives de libération échouent, marquant la fin de sa mobilité.",2009,"L'exploration de l'espace : De Spoutnik aux missions vers Mars (1957-2010)","","PENDING","2026-03-04T07:23:47.356346+00:00"
1288,"Publication de la RFC 1009 : exigences pour les passerelles Internet (Requirements for Internet Gateways)","La RFC 1009, co-écrite par David L. Mills, définit les exigences pour les passerelles Internet (routeurs), contribuant à la standardisation et à l'expansion du réseau Internet. Elle formalise les principes de routage et d'adressage.",1987,"La révolution numérique : De la création d'Internet aux réseaux sociaux (1969-2010)","","PENDING","2026-03-04T07:23:47.356346+00:00"
1289,"Éli Whitney brevète l'égreneuse à coton","L'égreneuse à coton simplifie et accélère le processus de séparation des fibres de coton des graines. Elle a un impact majeur sur la production de coton et l'économie du Sud des États-Unis.",1793,"La Révolution Industrielle : Inventions, innovations et bouleversements sociaux (1760-1880)","","PENDING","2026-03-04T07:23:47.356346+00:00"
1290,"Création de la National Labor Union (États-Unis)","Fondation de la première fédération ouvrière nationale américaine. Elle visait à obtenir la journée de huit heures, l'égalité salariale et la réforme monétaire.",1866,"La Révolution Industrielle : Inventions, innovations et bouleversements sociaux (1760-1880)","","PENDING","2026-03-04T07:23:47.356346+00:00"
1291,"Première édition des Jeux olympiques d'hiver en dehors d'Europe et d'Amérique du Nord à Sapporo","Les Jeux olympiques d'hiver se déroulent pour la première fois en Asie, à Sapporo, au Japon. C'est la première fois qu'ils ont lieu en dehors d'Europe et d'Amérique du Nord.",1972,"Les Jeux Olympiques : De la renaissance à l'ère moderne (1896-2016)","","PENDING","2026-03-04T07:23:47.356346+00:00"
1292,"Ouverture des premiers Jeux olympiques d'hiver de la jeunesse à Innsbruck, Autriche","Inauguration de la première édition des JOJ d'hiver, marquant une étape dans la promotion du sport chez les jeunes à l'échelle mondiale. L'événement a rassemblé des athlètes âgés de 15 à 18 ans.",2012,"Les Jeux Olympiques : De la renaissance à l'ère moderne (1896-2016)","","PENDING","2026-03-04T07:23:47.356346+00:00"
1294,"Achèvement de la construction de la Pagode du Grand Oie Sauvage à Chang'an (Xi'an)","La pagode est construite pour abriter les soutras et les reliques rapportés d'Inde par le moine bouddhiste Xuanzang. Elle devient un symbole important de la présence du bouddhisme en Chine.",652,"La route de la soie : Des caravanes aux comptoirs (130 AEC - 1453)","","PENDING","2026-03-04T07:23:47.356346+00:00"
1295,"Fondation du Bureau de la Navigation Maritime à Guangzhou","L'établissement de cette institution marque une étape importante dans la facilitation et la régulation du commerce maritime sous la dynastie Tang. Guangzhou devient un port central pour le commerce sur la Route de la Soie maritime.",714,"La route de la soie : Des caravanes aux comptoirs (130 AEC - 1453)","","PENDING","2026-03-04T07:23:47.356346+00:00"
1296,"Établissement du Bureau des Marchandises Étrangères à Yangzhou","Yangzhou devient un centre majeur pour le commerce étranger, rivalisant avec Guangzhou. L'établissement de ce bureau témoigne de l'importance croissante du commerce avec l'Asie de l'Est et du Sud-Est.",760,"La route de la soie : Des caravanes aux comptoirs (130 AEC - 1453)","","PENDING","2026-03-04T07:23:47.356346+00:00"
1297,"Interdiction du commerce privé du thé","L'empereur Wenzong interdit le commerce privé du thé, le monopolisant pour l'État. Cette mesure vise à augmenter les revenus de l'État mais affecte le commerce privé le long de la Route de la Soie.",835,"La route de la soie : Des caravanes aux comptoirs (130 AEC - 1453)","","PENDING","2026-03-04T07:23:47.356346+00:00"
1298,"Brevet américain pour le rotoscope accordé à Max Fleischer","Max Fleischer reçoit le brevet américain pour son invention, le rotoscope, une technique d'animation qui permet de tracer des images animées à partir de prises de vues réelles. Ce brevet marque une étape importante dans l'histoire de l'animation.",1917,"L'histoire du cinéma d'animation : Des premiers jouets optiques aux studios Pixar (1877-2010)","","PENDING","2026-03-04T07:23:47.356346+00:00"
1299,"Sortie du court métrage d'animation "The Clown" (première utilisation de la rotoscopie par Max Fleischer)","Max Fleischer utilise pour la première fois la rotoscopie dans son court métrage d'animation 'The Clown'. Ce film marque les débuts de l'utilisation de cette technique révolutionnaire dans l'industrie de l'animation.",1916,"L'histoire du cinéma d'animation : Des premiers jouets optiques aux studios Pixar (1877-2010)","","PENDING","2026-03-04T07:23:47.356346+00:00"
1300,"Fondation des studios d'animation Bray-Hurd Process Company (J.R. Bray et Max Fleischer)","J.R. Bray et Max Fleischer fondent la Bray-Hurd Process Company, un studio d'animation qui jouera un rôle important dans le développement des techniques d'animation. Cette collaboration marque le début de l'ascension de Fleischer dans l'industrie.",1914,"L'histoire du cinéma d'animation : Des premiers jouets optiques aux studios Pixar (1877-2010)","","PENDING","2026-03-04T07:23:47.368173+00:00"
1301,"Naissance de Esther Fleischer (sœur de Max Fleischer, collaboratrice sur les films)","Naissance de Esther Fleischer, sœur de Max Fleischer. Elle a collaboré sur plusieurs de ses films d'animation, notamment en tant qu'animatrice et coloriste.",1895,"L'histoire du cinéma d'animation : Des premiers jouets optiques aux studios Pixar (1877-2010)","","PENDING","2026-03-04T07:23:47.368173+00:00"
1302,"Sac de la Pierre Noire de La Mecque par les Qarmates","Les Qarmates, une secte ismaélienne, pillent La Mecque et emportent la Pierre Noire à Hajar, en Arabie orientale. Elle ne sera restituée qu'en 951.",930,"L'Âge d'Or de la Civilisation Islamique : De Bagdad à Cordoue (750-1258)","","PENDING","2026-03-04T07:23:47.368173+00:00"
1303,"Révolte du faubourg de Cordoue (Al-Ribad)","Une importante révolte éclate dans le faubourg (al-Ribad) de Cordoue contre le pouvoir de l'émir Al-Hakam Ier. La répression de cette révolte est sanglante et marque les esprits.",818,"L'Âge d'Or de la Civilisation Islamique : De Bagdad à Cordoue (750-1258)","","PENDING","2026-03-04T07:23:47.368173+00:00"
1304,"Abd al-Rahman II envoie une ambassade viking à la cour de Cordoue","Suite à des raids vikings sur les côtes d'Al-Andalus, l'émir Abd al-Rahman II envoie une ambassade auprès des Vikings pour établir des relations diplomatiques et commerciales.",844,"L'Âge d'Or de la Civilisation Islamique : De Bagdad à Cordoue (750-1258)","","PENDING","2026-03-04T07:23:47.368173+00:00"
1305,"Abd al-Rahman III se proclame calife de Cordoue","Abd al-Rahman III adopte le titre de calife, rompant ainsi symboliquement avec le califat abbasside de Bagdad. Cet acte marque l'apogée de la puissance omeyyade en Espagne.",929,"L'Âge d'Or de la Civilisation Islamique : De Bagdad à Cordoue (750-1258)","","PENDING","2026-03-04T07:23:47.368173+00:00"
1306,"Publication du Kitāb al-mukhtaṣar fī ḥisāb al-jabr wa-l-muqābala (Abrégé du calcul par la restauration et la comparaison) d'Al-Khwarizmi","Cet ouvrage est considéré comme le texte fondateur de l'algèbre. Il introduit des méthodes systématiques pour résoudre des équations linéaires et quadratiques.",830,"L'Âge d'Or de la Civilisation Islamique : De Bagdad à Cordoue (750-1258)","","PENDING","2026-03-04T07:23:47.368173+00:00"
1307,"Traduction en latin du Kitāb al-mukhtaṣar fī ḥisāb al-jabr wa-l-muqābala par Robert de Chester","Cette traduction a permis de diffuser les travaux d'Al-Khwarizmi en Europe. Elle a eu un impact significatif sur le développement des mathématiques occidentales.",1145,"L'Âge d'Or de la Civilisation Islamique : De Bagdad à Cordoue (750-1258)","","PENDING","2026-03-04T07:23:47.368173+00:00"
1308,"Traduction du traité 'Éléments' d'Euclide en arabe","Al-Hajjaj ibn Yusuf ibn Matar traduit 'Éléments' d'Euclide en arabe. Cette traduction est l'une des premières étapes importantes dans l'assimilation des connaissances mathématiques grecques par les savants arabes.",800,"L'Âge d'Or de la Civilisation Islamique : De Bagdad à Cordoue (750-1258)","","PENDING","2026-03-04T07:23:47.368173+00:00"
1309,"Début du règne d'Al-Ghazali comme professeur à l'école Nizamiyya de Bagdad","Al-Ghazali, éminent théologien et philosophe, commence à enseigner à l'école Nizamiyya, contribuant à la synthèse de la philosophie et de la théologie islamique.",1091,"L'Âge d'Or de la Civilisation Islamique : De Bagdad à Cordoue (750-1258)","","PENDING","2026-03-04T07:23:47.368173+00:00"
1310,"Transfert du Concile de Bâle à Ferrare par le pape Eugène IV","Le pape Eugène IV transfère le Concile de Bâle à Ferrare, en Italie, pour faciliter la venue de délégations byzantines et poursuivre les discussions sur l'union des Églises.",1438,"La Renaissance Italienne : De Florence à Rome, l'éclosion des arts et des sciences","","PENDING","2026-03-04T07:23:47.368173+00:00"
1311,"Nicolas V devient pape","Élection de Nicolas V, pape humaniste qui favorise les arts et les lettres et relance les travaux à Rome. Il est connu pour avoir fondé la Bibliothèque Vaticane.",1447,"La Renaissance Italienne : De Florence à Rome, l'éclosion des arts et des sciences","","PENDING","2026-03-04T07:23:47.368173+00:00"
1312,"Installation de la première presse à imprimer à Rome par Conrad Sweynheym et Arnold Pannartz","Introduit l'imprimerie dans la capitale pontificale, permettant la production de textes classiques et religieux. Cet événement marque un tournant dans la diffusion du savoir à Rome.",1467,"La Renaissance Italienne : De Florence à Rome, l'éclosion des arts et des sciences","","PENDING","2026-03-04T07:23:47.368173+00:00"
1313,"Impression du "Hypnerotomachia Poliphili" à Venise par Alde Manuce","Publication d'un roman allégorique illustré, célèbre pour sa typographie élégante et ses gravures sur bois. Cet événement est un chef-d'œuvre de l'imprimerie de la Renaissance.",1499,"La Renaissance Italienne : De Florence à Rome, l'éclosion des arts et des sciences","","PENDING","2026-03-04T07:23:47.368173+00:00"
1314,"Ouverture du premier magasin IKEA en Chine continentale (Shanghai)","Le premier magasin IKEA en Chine continentale ouvre ses portes à Shanghai, marquant une étape importante dans l'expansion commerciale de l'entreprise en Asie. Cela reflète l'essor du commerce international et l'intérêt croissant des entreprises occidentales pour le marché chinois.",1998,"La conquête du Mont Everest : Des premières tentatives aux ascensions record (1921-2010)","","PENDING","2026-03-04T07:23:47.368173+00:00"
1315,"Première ascension féminine de l'Annapurna I par une expédition américaine","Le 15 octobre 1978, Irene Miller et Vera Komarkova, membres d'une expédition américaine, réalisent la première ascension féminine de l'Annapurna I. Alison Chadwick-Onyszkiewicz et Vera Watson meurent lors de cette expédition.",1978,"La conquête du Mont Everest : Des premières tentatives aux ascensions record (1921-2010)","","PENDING","2026-03-04T07:23:47.368173+00:00"
1316,"Æthelflæd, Dame des Merciens, reprend Derby aux Vikings","Æthelflæd, Dame des Merciens, reprend la ville de Derby aux Vikings. Cette victoire marque une étape importante dans la reconquête des territoires du Danelaw par les Anglo-Saxons.",917,"L'Épopée Viking : Raids, explorations et royaumes (793-1066)","","PENDING","2026-03-04T07:23:47.368173+00:00"
1320,"Inauguration du Stèle 31 à Tikal, commémorant Siyaj Chan K'awiil II","La Stèle 31 est un monument important de Tikal, fournissant des informations sur l'histoire et la généalogie de la dynastie. Elle marque un moment clé de la période classique.",445,"L'essor et la chute des cités-États Mayas : Des origines à l'abandon (250-1697)","","PENDING","2026-03-04T07:23:47.368173+00:00"
1321,"Début du règne de Yuknoom Ch'een II, roi de Calakmul","Yuknoom Ch'een II, aussi connu sous le nom de Yuknoom le Grand, a mené Calakmul à son apogée en termes de puissance et d'influence. Son règne a marqué une période de prospérité et d'expansion.",636,"L'essor et la chute des cités-États Mayas : Des origines à l'abandon (250-1697)","","PENDING","2026-03-04T07:23:47.368173+00:00"
1322,"Victoire de Calakmul sur Tikal lors d'une bataille majeure","Cette victoire a temporairement affaibli Tikal et renforcé la domination de Calakmul dans la région. Elle a eu un impact significatif sur les relations politiques entre les deux cités.",672,"L'essor et la chute des cités-États Mayas : Des origines à l'abandon (250-1697)","","PENDING","2026-03-04T07:23:47.368173+00:00"
1323,"Début du règne de Jasaw Chan K'awiil I à Tikal","Jasaw Chan K'awiil I a restauré la puissance de Tikal après une période de déclin. Son règne est marqué par des constructions importantes et des victoires militaires.",682,"L'essor et la chute des cités-États Mayas : Des origines à l'abandon (250-1697)","","PENDING","2026-03-04T07:23:47.368173+00:00"
1324,"Victoire de Tikal sur Calakmul (bataille de 5-Eb)","Jasaw Chan K'awiil I de Tikal vainc Yuknoom Yich'aak K'ak' de Calakmul, marquant un tournant dans la rivalité entre les deux cités et le déclin de Calakmul.",695,"L'essor et la chute des cités-États Mayas : Des origines à l'abandon (250-1697)","","PENDING","2026-03-04T07:23:47.368173+00:00"
1325,"Première utilisation attestée des chiffres arabes dans le manuscrit "Codex Vigilanus"","Le Codex Vigilanus, compilé par le moine Vigila, contient la première utilisation documentée des chiffres arabes (y compris un zéro) en Europe occidentale. Il marque une étape importante dans l'adoption de ce système numérique.",976,"L'essor et la chute des cités-États Mayas : Des origines à l'abandon (250-1697)","","PENDING","2026-03-04T07:23:47.368173+00:00"
1326,"Publication du "Livre des étoiles fixes" d'Al-Sufi","L'astronome perse Al-Sufi publie son "Livre des étoiles fixes", une révision et un complément du catalogue d'étoiles de Ptolémée. Il inclut des descriptions et des illustrations détaillées des constellations et des étoiles.",964,"L'essor et la chute des cités-États Mayas : Des origines à l'abandon (250-1697)","","PENDING","2026-03-04T07:23:47.368173+00:00"
1327,"Consécration de l'église Saint-Michel de Hildesheim","L'église Saint-Michel, un chef-d'œuvre de l'architecture ottonienne, est consacrée le 29 septembre par l'évêque Bernward de Hildesheim. Elle témoigne de la prospérité relative de certaines régions malgré les défis climatiques et politiques de l'époque.",1022,"L'essor et la chute des cités-États Mayas : Des origines à l'abandon (250-1697)","","PENDING","2026-03-04T07:23:47.368173+00:00"
1328,"Destruction de Cholula par les Toltèques","La cité de Cholula, important centre religieux et commercial mésoaméricain, est détruite et pillée par les Toltèques. Cet événement marque un tournant dans l'histoire de la région et le déclin de l'influence de Cholula.",900,"L'essor et la chute des cités-États Mayas : Des origines à l'abandon (250-1697)","","PENDING","2026-03-04T07:23:47.368173+00:00"
1329,"Première mention du village de Bernburg (Saale)","Le village de Bernburg (Saale) est mentionné pour la première fois dans un document officiel. Cette mention témoigne de l'expansion et de l'organisation administrative du Saint-Empire romain germanique.",961,"L'essor et la chute des cités-États Mayas : Des origines à l'abandon (250-1697)","","PENDING","2026-03-04T07:23:47.368173+00:00"
1330,"Début du règne de Taksony en Hongrie","Taksony devient Grand Prince des Magyars (Hongrois). Son règne marque une période de transition et de consolidation du pouvoir magyar après les raids dévastateurs en Europe occidentale.",955,"L'essor et la chute des cités-États Mayas : Des origines à l'abandon (250-1697)","","PENDING","2026-03-04T07:23:47.368173+00:00"
1331,"Révolte Maya du Yucatán menée par Jacinto Canek","Jacinto Canek mène une importante révolte Maya contre la domination espagnole dans le Yucatán. Bien que la rébellion soit écrasée, elle symbolise la résistance continue.",1761,"L'essor et la chute des cités-États Mayas : Des origines à l'abandon (250-1697)","","PENDING","2026-03-04T07:23:47.368173+00:00"
1332,"Destruction de la statue de la Vierge de Izamal par les Mayas rebelles","Dans le contexte de la répression menée par Diego de Landa, des Mayas détruisent la statue de la Vierge à Izamal. Cet acte de rébellion marque une escalade de la résistance culturelle et religieuse.",1562,"L'essor et la chute des cités-États Mayas : Des origines à l'abandon (250-1697)","","PENDING","2026-03-04T07:23:47.368173+00:00"
1333,"Première session d'enregistrement de "Jackie Brenston and His Delta Cats" avec Ike Turner (Memphis)","Jackie Brenston and His Delta Cats, avec Ike Turner, enregistrent 'Rocket 88' aux studios Sun de Memphis. Considéré comme un des premiers enregistrements de rock and roll.",1951,"L'Histoire du Rock'n'Roll : De ses Racines au Phénomène Mondial","","PENDING","2026-03-04T07:23:47.368173+00:00"
1334,"Première diffusion de l'émission "Yo! MTV Raps"","Le 6 août 1988, MTV diffuse le premier épisode de "Yo! MTV Raps", une émission consacrée au hip-hop. Elle contribue à populariser le genre auprès d'un public plus large et diversifié.",1988,"L'Histoire du Rock'n'Roll : De ses Racines au Phénomène Mondial","","PENDING","2026-03-04T07:23:47.368173+00:00"
1335,"Assassinat du gouverneur Le Vasseur à l'île de la Tortue","Le gouverneur Le Vasseur est assassiné par ses propres hommes à la Tortue, plongeant l'île dans une période d'instabilité et de luttes de pouvoir entre les différentes factions de flibustiers.",1653,"L'Âge d'Or des Pirates Caribéens : Abordages, Trésors et Légendes (1650-1730)","","PENDING","2026-03-04T07:23:47.368173+00:00"
1336,"Publication du rapport NSC-68 aux États-Unis","Le Conseil national de sécurité américain (NSC) publie le rapport NSC-68, préconisant une augmentation massive des dépenses militaires et une politique de containment agressive contre le communisme. Ce rapport influence fortement la stratégie américaine pendant la Guerre froide.",1950,"La Guerre Froide : De la Bombe Atomique à la Chute du Mur de Berlin","","PENDING","2026-03-04T07:23:47.368173+00:00"
1337,"Sortie du film Superman","Le film Superman de Richard Donner sort en salles. Il est l'un des premiers films de super-héros à gros budget et contribue à populariser le genre.",1978,"L'histoire du Cinéma : Des premiers pas aux blockbusters numériques (1895-2010)","","PENDING","2026-03-04T07:23:47.368173+00:00"
1338,"Sortie du film Indiana Jones et les Aventuriers de l'arche perdue","Le film Indiana Jones et les Aventuriers de l'arche perdue (Raiders of the Lost Ark) sort en salles. Il consolide le statut de Steven Spielberg et George Lucas comme maîtres du blockbuster.",1981,"L'histoire du Cinéma : Des premiers pas aux blockbusters numériques (1895-2010)","","PENDING","2026-03-04T07:23:47.368173+00:00"
1339,"Début des travaux de construction du viaduc de Sankey","Les travaux de construction du viaduc de Sankey, un élément clé du chemin de fer Liverpool-Manchester, débutent en janvier 1828. Ce viaduc permettait de franchir la vallée de Sankey.",1828,"La Révolution Industrielle : De la Machine à Vapeur à la Production de Masse","","PENDING","2026-03-04T07:23:47.368173+00:00"
1340,"Établissement du comptoir commercial romain de Muziris (Kerala)","Muziris devient un port majeur pour le commerce des épices, des pierres précieuses et des textiles entre l'Inde et l'Empire romain. Le commerce caravanier s'intensifie vers l'Est.",45,"La Route de la Soie : Échanges, découvertes et conflits (Ier siècle - XIIIe siècle)","","PENDING","2026-03-04T07:23:47.368173+00:00"
1341,"Construction du caravansérail de Rabat-e Sharaf au Khorasan","Ce caravansérail, situé sur la route de la soie, offre un abri sécurisé et des services aux marchands et voyageurs. Il symbolise l'infrastructure croissante soutenant le commerce caravanier.",1114,"La Route de la Soie : Échanges, découvertes et conflits (Ier siècle - XIIIe siècle)","","PENDING","2026-03-04T07:23:47.368173+00:00"